Station Number,Station Name,CIMIS Region,Date,Jul,ETo (mm),Precip (mm),Avg Sol Rad (W/m²),Avg Vap Pres (kPa),Max Air Temp (°C),Min Air Temp (°C),Avg Air Temp (°C),Max Rel Hum (%),Min Rel Hum (%),Avg Rel Hum (%),Dew Point (°C),Avg Wind Speed (m/s)
2,FivePoints,San Joaquin Valley,2021-09-01,244,6.0,0.0,261.0,0.86,32.5,11.2,22.4,66.0,17.0,32.0,4.8,1.88
2,FivePoints,San Joaquin Valley,2021-09-02,245,5.39,0.0,260.0,1.04,32.0,11.7,21.1,71.0,21.0,41.0,7.5,2.25
2,FivePoints,San Joaquin Valley,2021-09-03,246,5.47,0.0,257.0,1.11,32.6,12.4,22.4,71.0,20.0,41.0,8.4,2.01
2,FivePoints,San Joaquin Valley,2021-09-04,247,6.01,0.0,247.0,1.04,34.4,13.5,23.8,60.0,18.0,35.0,7.6,1.99
2,FivePoints,San Joaquin Valley,2021-09-05,248,6.57,0.0,231.0,0.96,36.2,12.2,24.9,67.0,14.0,30.0,6.4,2.26
2,FivePoints,San Joaquin Valley,2021-09-06,249,6.46,0.0,237.0,0.96,38.1,14.3,26.9,58.0,13.0,27.0,6.3,1.9
2,FivePoints,San Joaquin Valley,2021-09-07,250,7.72,0.0,242.0,0.99,38.6,16.5,28.4,53.0,15.0,26.0,6.8,2.77
2,FivePoints,San Joaquin Valley,2021-09-08,251,6.79,0.0,238.0,1.16,38.6,17.3,28.0,47.0,18.0,31.0,9.2,2.13
2,FivePoints,San Joaquin Valley,2021-09-10,253,7.25,0.0,252.0,1.2,35.4,21.3,28.0,50.0,20.0,32.0,9.7,2.95
2,FivePoints,San Joaquin Valley,2021-09-11,254,6.4,0.0,266.0,1.19,34.6,16.9,25.9,58.0,23.0,36.0,9.6,2.23
2,FivePoints,San Joaquin Valley,2021-09-12,255,6.81,0.0,266.0,1.1,35.7,15.1,26.1,64.0,20.0,32.0,8.4,2.29
2,FivePoints,San Joaquin Valley,2021-09-13,256,5.89,0.0,261.0,1.12,35.8,15.0,25.5,59.0,19.0,34.0,8.7,1.58
2,FivePoints,San Joaquin Valley,2021-09-14,257,6.08,0.0,258.0,1.1,36.3,14.1,25.8,69.0,16.0,33.0,8.4,1.74
2,FivePoints,San Joaquin Valley,2021-09-15,258,5.56,0.0,213.0,1.11,34.1,16.0,25.2,54.0,21.0,34.0,8.4,2.07
2,FivePoints,San Joaquin Valley,2021-09-16,259,5.67,0.0,238.0,1.12,31.7,14.7,23.2,65.0,26.0,40.0,8.7,2.5
2,FivePoints,San Joaquin Valley,2021-09-17,260,4.95,0.0,246.0,1.23,33.5,13.3,22.9,69.0,21.0,44.0,10.0,1.73
2,FivePoints,San Joaquin Valley,2021-09-18,261,5.4,0.0,243.0,1.24,28.5,13.6,21.1,76.0,30.0,49.0,10.2,3.37
2,FivePoints,San Joaquin Valley,2021-09-19,262,5.54,0.0,242.0,1.32,27.7,14.7,21.0,83.0,29.0,53.0,11.1,4.06
2,FivePoints,San Joaquin Valley,2021-09-20,263,5.11,0.0,237.0,1.09,29.4,11.4,20.6,69.0,29.0,45.0,8.3,2.37
2,FivePoints,San Joaquin Valley,2021-09-21,264,4.78,0.0,216.0,1.25,32.9,12.3,22.5,72.0,25.0,46.0,10.2,1.64
2,FivePoints,San Joaquin Valley,2021-09-22,265,5.59,0.0,234.0,1.2,37.2,14.7,25.9,66.0,17.0,36.0,9.7,1.88
2,FivePoints,San Joaquin Valley,2021-09-23,266,6.07,0.0,236.0,1.16,33.4,14.7,24.5,66.0,22.0,38.0,9.2,2.44
2,FivePoints,San Joaquin Valley,2021-09-24,267,4.41,0.0,206.0,1.26,34.2,13.2,23.6,75.0,22.0,43.0,10.4,1.26
2,FivePoints,San Joaquin Valley,2021-09-25,268,4.85,0.0,210.0,1.22,33.0,13.7,23.6,76.0,24.0,42.0,9.9,1.75
2,FivePoints,San Joaquin Valley,2021-09-26,269,4.22,0.0,192.0,1.27,29.0,16.4,21.6,68.0,33.0,49.0,10.4,2.17
2,FivePoints,San Joaquin Valley,2021-09-27,270,4.5,0.0,183.0,1.25,28.5,12.6,20.8,79.0,27.0,51.0,10.2,3.35
2,FivePoints,San Joaquin Valley,2021-09-28,271,5.45,0.0,197.0,0.9,24.5,12.0,18.6,75.0,23.0,42.0,5.5,4.76
2,FivePoints,San Joaquin Valley,2021-09-29,272,5.28,0.0,218.0,0.69,26.5,6.8,17.0,68.0,16.0,35.0,1.6,2.8
2,FivePoints,San Joaquin Valley,2021-09-30,273,4.25,0.0,208.0,0.79,30.4,7.6,18.9,61.0,18.0,36.0,3.6,1.45
2,FivePoints,San Joaquin Valley,2021-10-01,274,4.3,0.0,203.0,0.83,32.6,8.8,19.8,68.0,14.0,36.0,4.2,1.31
2,FivePoints,San Joaquin Valley,2021-10-02,275,4.65,0.0,205.0,0.84,32.6,10.0,20.7,62.0,16.0,35.0,4.5,1.58
2,FivePoints,San Joaquin Valley,2021-10-03,276,4.49,0.0,187.0,0.88,31.2,10.2,19.7,61.0,19.0,38.0,5.1,1.72
2,FivePoints,San Joaquin Valley,2021-10-04,277,3.78,0.0,173.0,0.91,32.8,10.8,20.9,60.0,17.0,37.0,5.6,1.38
2,FivePoints,San Joaquin Valley,2021-10-05,278,4.33,0.0,175.0,0.9,30.6,13.1,21.2,61.0,21.0,36.0,5.4,1.85
2,FivePoints,San Joaquin Valley,2021-10-06,279,4.65,0.0,194.0,1.01,28.3,14.1,20.8,63.0,28.0,41.0,7.2,2.75
2,FivePoints,San Joaquin Valley,2021-10-07,280,4.06,0.0,188.0,0.9,26.8,12.7,19.1,60.0,29.0,41.0,5.4,2.08
2,FivePoints,San Joaquin Valley,2021-10-08,281,3.06,11.5,196.0,1.05,20.3,10.5,14.5,92.0,41.0,64.0,7.7,2.09
2,FivePoints,San Joaquin Valley,2021-10-09,282,3.44,0.0,211.0,0.94,21.7,5.2,13.3,93.0,35.0,62.0,6.1,1.93
2,FivePoints,San Joaquin Valley,2021-10-10,283,3.68,0.0,207.0,0.96,24.5,5.9,15.3,91.0,31.0,55.0,6.3,1.66
2,FivePoints,San Joaquin Valley,2021-10-11,284,6.18,0.0,204.0,0.58,20.1,8.2,15.2,82.0,20.0,33.0,-0.8,7.76
2,FivePoints,San Joaquin Valley,2021-10-12,285,5.38,0.0,216.0,0.44,19.9,5.3,13.3,58.0,19.0,29.0,-4.5,5.15
2,FivePoints,San Joaquin Valley,2021-10-13,286,3.88,0.0,207.0,0.48,23.7,2.1,12.9,67.0,14.0,32.0,-3.2,1.83
2,FivePoints,San Joaquin Valley,2021-10-14,287,4.4,0.0,207.0,0.69,23.8,6.1,14.3,67.0,23.0,43.0,1.7,2.66
2,FivePoints,San Joaquin Valley,2021-10-15,288,3.69,0.0,204.0,0.72,27.6,3.9,15.0,79.0,16.0,42.0,2.4,1.31
2,FivePoints,San Joaquin Valley,2021-10-16,289,4.09,0.0,203.0,0.69,29.7,6.1,17.0,72.0,12.0,36.0,1.7,1.59
2,FivePoints,San Joaquin Valley,2021-10-17,290,4.99,0.0,175.0,0.68,28.3,4.5,16.6,71.0,14.0,36.0,1.5,3.22
2,FivePoints,San Joaquin Valley,2021-10-18,291,3.4,0.2,191.0,0.79,19.0,4.6,12.4,83.0,36.0,54.0,3.5,2.85
2,FivePoints,San Joaquin Valley,2021-10-19,292,3.36,0.0,197.0,0.72,21.5,2.6,12.6,83.0,29.0,50.0,2.3,1.81
2,FivePoints,San Joaquin Valley,2021-10-20,293,3.82,0.0,151.0,0.77,25.5,12.1,18.2,54.0,24.0,37.0,3.2,2.32
2,FivePoints,San Joaquin Valley,2021-10-21,294,3.23,0.0,159.0,0.95,27.9,11.4,19.0,67.0,24.0,43.0,6.2,1.3
2,FivePoints,San Joaquin Valley,2021-10-22,295,2.13,0.0,104.0,1.31,21.8,9.9,15.7,86.0,52.0,73.0,10.9,3.04
2,FivePoints,San Joaquin Valley,2021-10-23,296,2.83,0.0,162.0,1.02,21.8,9.8,15.7,82.0,36.0,57.0,7.2,1.82
2,FivePoints,San Joaquin Valley,2021-10-24,297,2.28,0.0,44.0,1.2,20.6,12.3,17.4,63.0,56.0,61.0,9.7,4.59
2,FivePoints,San Joaquin Valley,2021-10-25,298,1.69,19.5,98.0,1.34,18.8,8.1,14.4,96.0,52.0,82.0,11.3,3.21
2,FivePoints,San Joaquin Valley,2021-10-26,299,1.84,0.2,101.0,1.06,19.3,5.6,11.9,99.0,44.0,76.0,7.8,1.79
2,FivePoints,San Joaquin Valley,2021-10-27,300,2.07,0.0,105.0,1.36,21.0,10.8,16.3,97.0,56.0,73.0,11.5,2.02
2,FivePoints,San Joaquin Valley,2021-10-28,301,2.17,0.0,135.0,1.47,24.7,9.4,16.5,99.0,49.0,78.0,12.7,1.16
2,FivePoints,San Joaquin Valley,2021-10-29,302,2.49,0.1,152.0,1.47,25.7,9.5,16.7,99.0,50.0,78.0,12.7,1.24
2,FivePoints,San Joaquin Valley,2021-10-30,303,1.7,0.1,93.0,1.54,23.7,10.4,16.7,98.0,60.0,81.0,13.4,1.69
2,FivePoints,San Joaquin Valley,2021-10-31,304,1.79,0.0,108.0,1.3,20.3,10.3,15.0,93.0,55.0,76.0,10.9,1.85
2,FivePoints,San Joaquin Valley,2021-11-01,305,1.94,0.0,91.0,1.32,22.1,10.6,16.1,95.0,50.0,72.0,11.1,2.07
2,FivePoints,San Joaquin Valley,2021-11-02,306,2.49,0.1,147.0,1.41,23.9,10.4,17.1,97.0,46.0,72.0,12.1,1.8
2,FivePoints,San Joaquin Valley,2021-11-03,307,2.11,0.0,126.0,1.42,23.7,10.1,16.1,97.0,53.0,78.0,12.2,1.53
2,FivePoints,San Joaquin Valley,2021-11-04,308,2.2,0.0,99.0,1.35,23.1,9.0,15.8,97.0,57.0,75.0,11.4,2.42
2,FivePoints,San Joaquin Valley,2021-11-05,309,2.06,0.0,124.0,1.12,22.9,4.9,13.7,96.0,47.0,71.0,8.6,1.46
2,FivePoints,San Joaquin Valley,2021-11-06,310,2.59,0.0,126.0,1.08,21.2,7.6,14.9,92.0,42.0,64.0,8.0,2.86
2,FivePoints,San Joaquin Valley,2021-11-07,311,2.8,0.0,107.0,0.83,18.4,4.4,12.7,75.0,35.0,57.0,4.3,4.1
2,FivePoints,San Joaquin Valley,2021-11-08,312,2.4,0.0,129.0,0.8,19.1,1.3,11.4,84.0,39.0,59.0,3.7,2.07
2,FivePoints,San Joaquin Valley,2021-11-09,313,1.6,1.2,88.0,1.18,19.2,8.4,13.5,93.0,64.0,76.0,9.4,2.63
2,FivePoints,San Joaquin Valley,2021-11-10,314,1.64,0.1,121.0,1.22,18.5,5.8,11.9,99.0,70.0,88.0,9.9,2.36
2,FivePoints,San Joaquin Valley,2021-11-11,315,1.44,0.0,98.0,1.25,18.6,7.7,12.8,97.0,64.0,84.0,10.2,1.61
2,FivePoints,San Joaquin Valley,2021-11-12,316,1.68,0.1,115.0,1.14,20.7,4.8,11.5,100.0,59.0,84.0,8.9,1.3
2,FivePoints,San Joaquin Valley,2021-11-13,317,1.09,0.3,93.0,1.25,17.0,5.7,10.9,100.0,79.0,96.0,10.3,1.65
2,FivePoints,San Joaquin Valley,2021-11-14,318,0.57,0.4,54.0,1.32,16.0,9.6,11.5,100.0,84.0,97.0,11.1,1.26
2,FivePoints,San Joaquin Valley,2021-11-15,319,0.33,0.3,39.0,1.32,14.4,9.3,11.2,99.0,95.0,99.0,11.1,1.56
2,FivePoints,San Joaquin Valley,2021-11-16,320,0.22,0.1,29.0,1.33,13.8,10.0,11.9,100.0,87.0,95.0,11.1,1.85
2,FivePoints,San Joaquin Valley,2021-11-17,321,0.98,0.0,66.0,1.19,17.9,5.6,12.5,98.0,62.0,82.0,9.5,1.14
2,FivePoints,San Joaquin Valley,2021-11-18,322,1.54,0.1,104.0,1.09,19.9,4.2,11.4,100.0,55.0,81.0,8.2,1.43
2,FivePoints,San Joaquin Valley,2021-11-19,323,1.77,0.1,120.0,1.15,20.1,7.1,12.7,99.0,48.0,78.0,9.0,1.56
2,FivePoints,San Joaquin Valley,2021-11-20,324,1.63,0.0,109.0,1.25,17.8,5.8,12.9,96.0,68.0,84.0,10.3,2.74
2,FivePoints,San Joaquin Valley,2021-11-21,325,1.65,0.0,125.0,0.99,19.5,2.5,9.7,100.0,53.0,83.0,6.9,1.16
2,FivePoints,San Joaquin Valley,2021-11-22,326,1.54,0.1,118.0,0.97,17.2,2.0,8.7,99.0,64.0,86.0,6.5,1.48
2,FivePoints,San Joaquin Valley,2021-11-23,327,1.7,0.3,117.0,0.91,17.9,1.1,9.0,100.0,46.0,79.0,5.7,2.34
2,FivePoints,San Joaquin Valley,2021-11-24,328,2.17,0.0,138.0,0.73,15.2,1.4,8.1,91.0,40.0,67.0,2.4,2.78
2,FivePoints,San Joaquin Valley,2021-11-25,329,2.0,0.0,140.0,0.64,19.3,-1.1,7.6,95.0,30.0,62.0,0.7,1.44
2,FivePoints,San Joaquin Valley,2021-11-26,330,1.62,0.0,117.0,0.71,18.0,-0.3,7.5,88.0,39.0,69.0,2.2,1.49
2,FivePoints,San Joaquin Valley,2021-11-27,331,1.84,0.0,129.0,0.72,19.9,0.5,9.4,92.0,33.0,61.0,2.2,1.16
2,FivePoints,San Joaquin Valley,2021-11-28,332,1.95,0.0,134.0,0.7,21.5,0.5,9.9,86.0,31.0,58.0,2.0,1.05
2,FivePoints,San Joaquin Valley,2021-11-29,333,1.84,0.0,130.0,0.8,21.6,1.4,10.0,88.0,38.0,65.0,3.8,1.1
2,FivePoints,San Joaquin Valley,2021-11-30,334,1.7,0.0,109.0,0.86,21.4,2.3,10.5,91.0,40.0,67.0,4.7,1.14
2,FivePoints,San Joaquin Valley,2021-12-01,335,1.87,0.0,128.0,0.84,22.4,2.1,10.9,91.0,35.0,65.0,4.5,1.14
2,FivePoints,San Joaquin Valley,2021-12-02,336,1.7,0.0,105.0,0.84,21.1,2.9,10.6,90.0,40.0,65.0,4.4,1.25
2,FivePoints,San Joaquin Valley,2021-12-03,337,1.64,0.0,117.0,0.94,20.3,3.1,10.7,90.0,49.0,73.0,6.1,1.31
2,FivePoints,San Joaquin Valley,2021-12-04,338,0.36,0.0,38.0,1.04,11.3,3.8,7.9,100.0,90.0,97.0,7.5,2.17
2,FivePoints,San Joaquin Valley,2021-12-05,339,0.21,0.0,27.0,1.09,10.1,7.8,9.1,99.0,85.0,95.0,8.3,1.78
2,FivePoints,San Joaquin Valley,2021-12-06,340,0.64,0.0,55.0,0.99,12.0,7.0,8.8,97.0,73.0,87.0,6.8,1.36
2,FivePoints,San Joaquin Valley,2021-12-07,341,0.27,0.0,31.0,0.98,11.1,4.2,8.1,100.0,81.0,91.0,6.6,1.37
2,FivePoints,San Joaquin Valley,2021-12-08,342,1.07,0.0,89.0,0.94,15.8,1.2,8.4,100.0,61.0,85.0,6.1,1.47
2,FivePoints,San Joaquin Valley,2021-12-09,343,0.83,5.8,60.0,1.05,13.5,2.9,9.8,99.0,72.0,87.0,7.7,2.04
2,FivePoints,San Joaquin Valley,2021-12-10,344,1.45,0.2,102.0,0.71,13.0,0.5,5.4,100.0,48.0,79.0,2.0,2.22
2,FivePoints,San Joaquin Valley,2021-12-11,345,1.5,0.0,114.0,0.71,14.4,-2.4,5.8,100.0,51.0,78.0,2.1,1.9
2,FivePoints,San Joaquin Valley,2021-12-12,346,1.24,0.1,79.0,0.77,15.1,-2.9,7.5,100.0,46.0,74.0,3.2,1.68
2,FivePoints,San Joaquin Valley,2021-12-13,347,1.01,3.9,24.0,0.96,14.3,9.7,11.6,97.0,56.0,70.0,6.4,4.53
2,FivePoints,San Joaquin Valley,2021-12-14,348,0.21,17.7,29.0,0.97,12.1,0.5,6.9,99.0,84.0,97.0,6.5,2.43
2,FivePoints,San Joaquin Valley,2021-12-15,349,0.3,4.0,8.0,0.74,11.3,-0.6,5.6,100.0,64.0,82.0,2.7,2.62
2,FivePoints,San Joaquin Valley,2021-12-16,350,0.22,2.9,17.0,0.92,10.2,4.7,7.2,99.0,70.0,90.0,5.7,3.95
2,FivePoints,San Joaquin Valley,2021-12-17,351,0.25,0.0,26.0,0.91,9.3,5.7,7.3,96.0,82.0,89.0,5.6,2.95
2,FivePoints,San Joaquin Valley,2021-12-18,352,0.38,0.0,33.0,0.81,10.4,0.2,6.5,100.0,70.0,84.0,3.9,1.39
2,FivePoints,San Joaquin Valley,2021-12-19,353,0.09,0.2,27.0,0.74,7.1,-1.7,2.5,100.0,100.0,100.0,2.6,1.99
2,FivePoints,San Joaquin Valley,2021-12-20,354,0.02,0.1,16.0,0.81,4.8,3.0,4.0,100.0,99.0,100.0,3.9,1.24
2,FivePoints,San Joaquin Valley,2021-12-21,355,0.07,0.0,24.0,0.83,5.4,3.6,4.6,100.0,95.0,99.0,4.4,1.5
2,FivePoints,San Joaquin Valley,2021-12-22,356,0.12,7.7,25.0,0.98,9.5,3.8,6.8,100.0,90.0,99.0,6.7,2.9
2,FivePoints,San Joaquin Valley,2021-12-23,357,0.14,8.2,19.0,1.28,13.7,9.3,11.4,99.0,83.0,95.0,10.6,3.59
2,FivePoints,San Joaquin Valley,2021-12-24,358,1.33,3.4,96.0,1.2,17.2,7.3,11.7,99.0,67.0,87.0,9.6,2.95
2,FivePoints,San Joaquin Valley,2021-12-25,359,1.33,0.6,79.0,0.91,14.1,4.8,9.0,99.0,58.0,79.0,5.7,3.18
2,FivePoints,San Joaquin Valley,2021-12-26,360,1.34,0.8,115.0,0.79,12.4,1.0,7.0,100.0,51.0,78.0,3.5,1.5
2,FivePoints,San Joaquin Valley,2021-12-27,361,0.79,0.3,61.0,0.91,12.3,3.5,7.7,97.0,76.0,87.0,5.6,2.83
2,FivePoints,San Joaquin Valley,2021-12-28,362,0.84,0.3,78.0,0.8,9.7,3.3,6.1,99.0,67.0,84.0,3.7,1.44
2,FivePoints,San Joaquin Valley,2021-12-29,363,0.52,0.4,58.0,0.97,11.1,4.7,7.3,100.0,79.0,95.0,6.6,2.44
2,FivePoints,San Joaquin Valley,2021-12-30,364,0.5,0.3,48.0,0.97,11.6,2.4,7.1,100.0,82.0,96.0,6.5,2.88
2,FivePoints,San Joaquin Valley,2021-12-31,365,0.59,0.2,46.0,0.85,11.3,1.9,6.2,100.0,70.0,90.0,4.7,2.95
2,FivePoints,San Joaquin Valley,2022-01-01,1,1.12,2.6,89.0,0.66,10.3,-0.6,4.1,98.0,55.0,80.0,1.0,2.49
2,FivePoints,San Joaquin Valley,2022-01-02,2,1.3,2.7,91.0,0.68,14.0,-1.9,4.8,99.0,50.0,80.0,1.5,1.92
2,FivePoints,San Joaquin Valley,2022-01-03,3,1.02,0.1,83.0,0.72,13.1,-2.2,5.1,100.0,54.0,83.0,2.4,1.23
2,FivePoints,San Joaquin Valley,2022-01-04,4,1.26,0.0,98.0,0.85,15.4,0.2,7.3,100.0,58.0,83.0,4.7,1.46
2,FivePoints,San Joaquin Valley,2022-01-05,5,0.97,0.0,76.0,1.16,15.9,7.5,11.4,98.0,69.0,86.0,9.2,1.28
2,FivePoints,San Joaquin Valley,2022-01-06,6,1.05,0.0,82.0,1.13,16.7,6.4,11.4,99.0,62.0,83.0,8.7,1.19
2,FivePoints,San Joaquin Valley,2022-01-07,7,0.83,0.2,69.0,1.05,14.8,2.2,9.0,100.0,75.0,91.0,7.7,1.35
2,FivePoints,San Joaquin Valley,2022-01-08,8,1.32,0.0,112.0,1.11,14.8,4.2,10.0,99.0,67.0,90.0,8.4,2.48
2,FivePoints,San Joaquin Valley,2022-01-09,9,1.1,0.2,90.0,0.93,15.4,2.2,7.6,100.0,58.0,88.0,5.8,1.65
2,FivePoints,San Joaquin Valley,2022-01-10,10,1.0,0.1,85.0,0.94,13.9,2.8,7.2,100.0,71.0,93.0,6.1,1.35
2,FivePoints,San Joaquin Valley,2022-01-11,11,1.43,0.2,128.0,0.87,16.2,0.7,7.4,100.0,51.0,85.0,5.0,1.42
2,FivePoints,San Joaquin Valley,2022-01-12,12,1.18,0.1,103.0,0.89,14.9,0.7,7.0,100.0,60.0,88.0,5.2,1.43
2,FivePoints,San Joaquin Valley,2022-01-13,13,1.1,0.0,80.0,1.01,16.2,5.1,9.4,99.0,56.0,85.0,7.1,1.48
2,FivePoints,San Joaquin Valley,2022-01-14,14,0.72,0.1,69.0,0.97,13.6,1.7,7.0,100.0,74.0,97.0,6.5,1.6
2,FivePoints,San Joaquin Valley,2022-01-15,15,0.39,0.2,46.0,0.98,11.0,3.8,6.9,100.0,86.0,98.0,6.7,1.61
2,FivePoints,San Joaquin Valley,2022-01-16,16,1.44,0.0,108.0,1.1,17.8,6.0,11.7,100.0,51.0,80.0,8.3,1.2
2,FivePoints,San Joaquin Valley,2022-01-17,17,1.03,0.2,74.0,1.18,15.9,7.4,11.4,99.0,65.0,87.0,9.4,1.51
2,FivePoints,San Joaquin Valley,2022-01-18,18,1.83,0.0,120.0,1.07,18.2,6.0,11.8,99.0,46.0,77.0,8.0,1.72
2,FivePoints,San Joaquin Valley,2022-01-19,19,1.71,0.0,134.0,0.95,17.0,2.4,9.2,100.0,57.0,82.0,6.2,1.74
2,FivePoints,San Joaquin Valley,2022-01-20,20,1.73,0.0,99.0,0.95,18.3,4.8,11.9,100.0,52.0,69.0,6.3,1.35
2,FivePoints,San Joaquin Valley,2022-01-21,21,2.14,0.0,139.0,0.88,17.9,2.5,8.6,99.0,40.0,79.0,5.1,2.55
2,FivePoints,San Joaquin Valley,2022-01-22,22,1.99,0.1,144.0,0.67,16.4,-1.7,6.9,100.0,36.0,68.0,1.4,1.59
2,FivePoints,San Joaquin Valley,2022-01-23,23,1.96,0.0,151.0,0.72,18.2,-1.1,7.8,94.0,40.0,68.0,2.3,1.48
2,FivePoints,San Joaquin Valley,2022-01-24,24,2.03,0.0,149.0,0.73,17.9,0.0,7.9,96.0,39.0,69.0,2.6,1.44
2,FivePoints,San Joaquin Valley,2022-01-25,25,1.88,0.0,146.0,0.77,16.5,0.0,7.6,92.0,49.0,73.0,3.2,1.66
2,FivePoints,San Joaquin Valley,2022-01-26,26,2.18,0.0,150.0,0.75,19.9,0.2,9.1,99.0,30.0,65.0,2.9,1.57
2,FivePoints,San Joaquin Valley,2022-01-27,27,1.99,0.0,150.0,0.76,18.9,1.4,8.8,94.0,38.0,67.0,3.0,1.26
2,FivePoints,San Joaquin Valley,2022-01-28,28,2.37,0.0,154.0,0.59,20.5,-0.1,8.4,94.0,17.0,54.0,-0.4,1.47
2,FivePoints,San Joaquin Valley,2022-01-29,29,1.8,0.0,123.0,0.71,16.9,0.8,7.5,84.0,44.0,68.0,2.0,1.68
2,FivePoints,San Joaquin Valley,2022-01-30,30,2.17,0.0,157.0,0.68,18.3,-1.1,7.7,97.0,37.0,64.0,1.4,1.54
2,FivePoints,San Joaquin Valley,2022-01-31,31,1.39,0.0,94.0,0.76,14.6,0.1,7.6,90.0,56.0,73.0,3.0,1.62
2,FivePoints,San Joaquin Valley,2022-02-01,32,2.84,0.0,164.0,0.57,13.7,1.3,7.4,93.0,33.0,56.0,-0.9,3.71
2,FivePoints,San Joaquin Valley,2022-02-02,33,3.09,0.0,169.0,0.43,14.8,0.7,7.4,55.0,28.0,42.0,-4.8,3.7
2,FivePoints,San Joaquin Valley,2022-02-03,34,2.45,0.0,161.0,0.48,16.3,-1.7,6.8,72.0,30.0,49.0,-3.2,1.74
2,FivePoints,San Joaquin Valley,2022-02-04,35,2.51,0.0,169.0,0.52,20.5,-1.9,8.4,80.0,21.0,47.0,-2.2,1.39
2,FivePoints,San Joaquin Valley,2022-02-05,36,2.46,0.0,157.0,0.6,18.1,-0.1,8.6,76.0,35.0,54.0,-0.2,1.72
2,FivePoints,San Joaquin Valley,2022-02-06,37,2.52,0.0,175.0,0.61,20.3,-0.6,9.0,86.0,25.0,53.0,-0.1,1.33
2,FivePoints,San Joaquin Valley,2022-02-07,38,2.74,0.0,176.0,0.65,20.8,0.4,9.7,78.0,31.0,54.0,0.8,1.5
2,FivePoints,San Joaquin Valley,2022-02-08,39,2.72,0.0,173.0,0.72,21.6,1.8,11.1,82.0,34.0,55.0,2.4,1.43
2,FivePoints,San Joaquin Valley,2022-02-09,40,2.91,0.0,178.0,0.71,23.3,1.1,11.7,84.0,27.0,52.0,2.1,1.44
2,FivePoints,San Joaquin Valley,2022-02-10,41,2.88,0.0,178.0,0.71,25.0,2.2,12.5,82.0,22.0,49.0,2.1,1.44
2,FivePoints,San Joaquin Valley,2022-02-11,42,3.11,0.0,177.0,0.76,25.1,3.6,13.7,77.0,25.0,48.0,3.0,1.67
2,FivePoints,San Joaquin Valley,2022-02-12,43,3.5,0.0,180.0,0.76,28.1,4.4,15.0,77.0,19.0,45.0,3.1,1.72
2,FivePoints,San Joaquin Valley,2022-02-13,44,3.11,0.0,180.0,0.89,26.5,5.9,15.3,73.0,30.0,52.0,5.3,1.36
2,FivePoints,San Joaquin Valley,2022-02-14,45,3.61,0.2,165.0,0.85,26.1,5.0,15.1,80.0,26.0,49.0,4.6,2.49
2,FivePoints,San Joaquin Valley,2022-02-15,46,3.28,0.0,134.0,0.59,15.6,4.6,10.7,75.0,28.0,46.0,-0.4,4.89
2,FivePoints,San Joaquin Valley,2022-02-16,47,3.63,0.0,191.0,0.53,18.2,2.0,9.4,64.0,27.0,45.0,-2.0,3.33
2,FivePoints,San Joaquin Valley,2022-02-17,48,3.22,0.0,192.0,0.54,21.8,-0.2,10.3,74.0,20.0,43.0,-1.8,1.59
2,FivePoints,San Joaquin Valley,2022-02-18,49,2.78,0.0,172.0,0.59,21.2,1.2,10.2,73.0,26.0,47.0,-0.5,1.43
2,FivePoints,San Joaquin Valley,2022-02-19,50,3.35,0.0,190.0,0.62,22.7,1.8,11.3,74.0,25.0,46.0,0.1,1.73
2,FivePoints,San Joaquin Valley,2022-02-20,51,3.19,0.0,163.0,0.64,23.5,1.9,12.7,69.0,22.0,43.0,0.5,1.84
2,FivePoints,San Joaquin Valley,2022-02-21,52,3.29,0.0,196.0,0.55,16.6,0.5,9.0,89.0,22.0,48.0,-1.4,2.65
2,FivePoints,San Joaquin Valley,2022-02-22,53,1.8,1.3,116.0,0.67,13.9,1.5,7.0,95.0,42.0,67.0,1.3,2.23
2,FivePoints,San Joaquin Valley,2022-02-23,54,3.02,0.0,201.0,0.46,12.8,-2.0,5.3,99.0,24.0,52.0,-3.7,3.61
2,FivePoints,San Joaquin Valley,2022-02-24,55,3.29,0.0,207.0,0.33,15.2,-4.4,5.8,66.0,17.0,35.0,-8.4,2.19
2,FivePoints,San Joaquin Valley,2022-02-25,56,3.23,0.0,209.0,0.37,16.5,-2.1,6.9,66.0,18.0,37.0,-6.8,1.85
2,FivePoints,San Joaquin Valley,2022-02-26,57,2.75,0.0,168.0,0.42,17.9,-2.2,7.9,65.0,21.0,39.0,-5.1,1.57
2,FivePoints,San Joaquin Valley,2022-02-27,58,3.2,0.0,184.0,0.51,20.8,3.2,11.3,58.0,21.0,38.0,-2.3,1.6
2,FivePoints,San Joaquin Valley,2022-02-28,59,3.94,0.0,216.0,0.62,24.1,1.2,12.3,75.0,25.0,43.0,0.1,1.87
2,FivePoints,San Joaquin Valley,2022-03-01,60,3.48,0.0,193.0,0.74,25.0,4.1,13.9,75.0,26.0,47.0,2.7,1.52
2,FivePoints,San Joaquin Valley,2022-03-02,61,3.86,0.0,213.0,0.83,25.9,6.2,15.4,71.0,27.0,47.0,4.2,1.61
2,FivePoints,San Joaquin Valley,2022-03-03,62,3.02,0.0,135.0,0.81,21.2,7.9,15.0,67.0,34.0,47.0,3.9,2.52
2,FivePoints,San Joaquin Valley,2022-03-04,63,1.56,5.3,98.0,1.18,16.6,5.5,12.5,94.0,59.0,81.0,9.4,3.46
2,FivePoints,San Joaquin Valley,2022-03-05,64,2.39,0.9,163.0,0.68,13.6,1.7,7.6,88.0,46.0,65.0,1.5,2.82
2,FivePoints,San Joaquin Valley,2022-03-06,65,3.2,0.0,230.0,0.65,16.7,0.0,8.1,94.0,34.0,60.0,0.9,1.99
2,FivePoints,San Joaquin Valley,2022-03-07,66,3.57,0.0,232.0,0.59,18.3,0.3,9.0,88.0,27.0,51.0,-0.6,2.05
2,FivePoints,San Joaquin Valley,2022-03-08,67,3.86,0.0,231.0,0.53,21.4,1.3,11.1,70.0,21.0,40.0,-1.9,1.93
2,FivePoints,San Joaquin Valley,2022-03-09,68,4.1,0.0,222.0,0.59,22.7,3.0,12.6,70.0,22.0,40.0,-0.6,2.13
2,FivePoints,San Joaquin Valley,2022-03-10,69,5.23,0.0,216.0,0.41,19.4,4.8,14.0,66.0,19.0,26.0,-5.4,4.45
2,FivePoints,San Joaquin Valley,2022-03-11,70,4.17,0.0,243.0,0.4,22.1,-0.1,11.4,55.0,16.0,30.0,-5.5,1.76
2,FivePoints,San Joaquin Valley,2022-03-12,71,4.44,0.0,241.0,0.49,24.9,0.7,13.3,61.0,17.0,32.0,-3.1,1.82
2,FivePoints,San Joaquin Valley,2022-03-13,72,4.46,0.0,216.0,0.79,22.1,6.5,14.3,64.0,32.0,48.0,3.6,3.65
2,FivePoints,San Joaquin Valley,2022-03-14,73,3.98,0.0,244.0,0.68,23.4,3.0,13.7,79.0,24.0,43.0,1.5,1.57
2,FivePoints,San Joaquin Valley,2022-03-15,74,3.42,0.0,157.0,0.98,20.7,5.1,14.2,75.0,45.0,60.0,6.6,3.21
2,FivePoints,San Joaquin Valley,2022-03-16,75,4.78,0.0,241.0,0.94,23.4,6.2,15.2,87.0,31.0,54.0,6.1,4.19
2,FivePoints,San Joaquin Valley,2022-03-17,76,3.87,0.0,187.0,0.7,23.3,4.7,14.2,71.0,24.0,43.0,1.9,2.13
2,FivePoints,San Joaquin Valley,2022-03-18,77,4.3,0.0,245.0,0.75,24.9,4.5,15.2,64.0,26.0,43.0,2.8,1.83
2,FivePoints,San Joaquin Valley,2022-03-19,78,2.49,8.0,121.0,0.99,18.8,9.6,12.9,98.0,46.0,66.0,6.8,3.52
2,FivePoints,San Joaquin Valley,2022-03-20,79,4.26,0.0,254.0,0.89,19.4,6.8,12.8,95.0,29.0,60.0,5.2,4.36
2,FivePoints,San Joaquin Valley,2022-03-21,80,4.81,0.0,252.0,0.78,22.2,3.8,13.3,89.0,28.0,51.0,3.3,3.29
2,FivePoints,San Joaquin Valley,2022-03-22,81,4.56,0.0,255.0,0.98,26.8,6.3,16.7,82.0,29.0,52.0,6.7,1.89
2,FivePoints,San Joaquin Valley,2022-03-23,82,5.04,0.0,259.0,1.06,30.7,8.3,19.8,83.0,23.0,46.0,7.8,1.62
2,FivePoints,San Joaquin Valley,2022-03-24,83,5.21,0.0,261.0,1.13,30.9,11.6,21.2,73.0,26.0,45.0,8.7,1.85
2,FivePoints,San Joaquin Valley,2022-03-25,84,5.28,0.0,241.0,1.09,30.2,11.6,20.7,71.0,28.0,45.0,8.2,2.45
2,FivePoints,San Joaquin Valley,2022-03-26,85,5.37,0.0,259.0,0.91,30.2,10.3,20.2,66.0,24.0,38.0,5.6,2.04
2,FivePoints,San Joaquin Valley,2022-03-27,86,6.12,0.0,264.0,0.87,27.6,9.5,17.7,76.0,12.0,43.0,4.9,4.51
2,FivePoints,San Joaquin Valley,2022-03-28,87,1.73,4.4,123.0,1.21,16.9,8.7,12.4,99.0,55.0,84.0,9.8,3.27
2,FivePoints,San Joaquin Valley,2022-03-29,88,3.0,1.6,207.0,1.23,19.8,7.9,13.7,99.0,57.0,78.0,10.0,2.29
2,FivePoints,San Joaquin Valley,2022-03-30,89,3.26,0.4,198.0,1.23,22.2,7.8,14.9,99.0,52.0,73.0,10.1,2.39
2,FivePoints,San Joaquin Valley,2022-03-31,90,3.1,0.2,207.0,1.17,19.9,6.9,13.7,90.0,59.0,75.0,9.3,2.8
2,FivePoints,San Joaquin Valley,2022-04-01,91,4.16,0.1,232.0,1.07,24.6,6.7,15.8,95.0,35.0,59.0,7.9,1.78
2,FivePoints,San Joaquin Valley,2022-04-02,92,4.81,0.1,232.0,0.99,25.8,7.3,17.7,85.0,33.0,49.0,6.8,2.34
2,FivePoints,San Joaquin Valley,2022-04-03,93,5.99,0.0,226.0,0.72,27.1,8.9,18.1,74.0,15.0,35.0,2.3,3.14
2,FivePoints,San Joaquin Valley,2022-04-04,94,5.5,0.7,251.0,0.87,24.7,7.8,16.8,64.0,30.0,45.0,4.9,3.69
2,FivePoints,San Joaquin Valley,2022-04-05,95,5.34,0.5,255.0,0.94,23.3,9.9,16.4,86.0,27.0,50.0,6.1,4.46
2,FivePoints,San Joaquin Valley,2022-04-06,96,5.61,0.0,268.0,0.76,26.4,9.5,17.3,59.0,29.0,38.0,3.1,2.92
2,FivePoints,San Joaquin Valley,2022-04-07,97,5.84,0.6,274.0,0.98,33.6,10.2,20.8,69.0,14.0,40.0,6.7,2.08
2,FivePoints,San Joaquin Valley,2022-04-08,98,6.91,0.5,271.0,1.05,33.0,11.5,23.2,73.0,18.0,37.0,7.6,2.74
2,FivePoints,San Joaquin Valley,2022-04-09,99,8.67,0.2,295.0,0.58,25.8,13.6,19.8,49.0,14.0,25.0,-0.6,6.49
2,FivePoints,San Joaquin Valley,2022-04-10,100,7.19,0.1,285.0,0.42,22.3,9.3,16.2,43.0,16.0,23.0,-5.2,5.33
2,FivePoints,San Joaquin Valley,2022-04-11,101,3.9,0.1,181.0,0.66,19.0,6.5,12.1,64.0,27.0,47.0,1.1,3.94
2,FivePoints,San Joaquin Valley,2022-04-12,102,5.53,0.0,308.0,0.46,17.5,5.3,10.9,55.0,19.0,35.0,-3.8,4.89
2,FivePoints,San Joaquin Valley,2022-04-13,103,4.84,0.0,300.0,0.54,19.2,2.7,11.7,64.0,22.0,39.0,-1.8,3.01
2,FivePoints,San Joaquin Valley,2022-04-14,104,4.42,0.0,255.0,0.84,20.7,5.3,13.2,70.0,41.0,55.0,4.4,2.98
2,FivePoints,San Joaquin Valley,2022-04-15,105,4.5,0.0,282.0,0.98,24.2,5.2,15.3,95.0,33.0,56.0,6.6,1.55
2,FivePoints,San Joaquin Valley,2022-04-16,106,4.25,0.1,218.0,1.03,23.2,11.0,16.9,72.0,38.0,53.0,7.3,2.89
2,FivePoints,San Joaquin Valley,2022-04-17,107,5.41,0.0,302.0,0.87,24.9,7.3,16.5,77.0,26.0,46.0,4.9,2.74
2,FivePoints,San Joaquin Valley,2022-04-18,108,5.35,0.0,282.0,0.85,24.9,8.0,16.6,74.0,29.0,45.0,4.6,3.24
2,FivePoints,San Joaquin Valley,2022-04-19,109,4.52,0.0,235.0,1.01,22.6,8.2,15.8,80.0,42.0,56.0,7.2,2.83
2,FivePoints,San Joaquin Valley,2022-04-20,110,5.14,0.0,299.0,0.83,24.2,6.1,15.9,76.0,25.0,46.0,4.2,2.39
2,FivePoints,San Joaquin Valley,2022-04-21,111,3.02,0.0,144.0,1.09,20.9,9.9,14.7,96.0,40.0,65.0,8.2,3.25
2,FivePoints,San Joaquin Valley,2022-04-22,112,4.21,0.0,254.0,0.96,19.6,7.7,13.2,99.0,38.0,63.0,6.4,2.9
2,FivePoints,San Joaquin Valley,2022-04-23,113,5.32,0.0,302.0,0.85,22.6,3.9,14.4,86.0,30.0,51.0,4.5,3.06
2,FivePoints,San Joaquin Valley,2022-04-24,114,5.65,0.0,298.0,0.79,26.4,5.6,16.7,75.0,25.0,42.0,3.5,1.94
2,FivePoints,San Joaquin Valley,2022-04-25,115,6.16,0.0,297.0,0.74,29.6,7.7,19.6,64.0,16.0,32.0,2.6,2.14
2,FivePoints,San Joaquin Valley,2022-04-26,116,5.88,0.0,230.0,0.8,24.5,12.1,18.9,54.0,25.0,37.0,3.7,3.82
2,FivePoints,San Joaquin Valley,2022-04-27,117,5.76,0.0,285.0,0.66,25.5,5.6,16.7,76.0,18.0,35.0,1.0,2.45
2,FivePoints,San Joaquin Valley,2022-04-28,118,6.46,0.0,310.0,0.68,22.1,8.7,15.7,53.0,26.0,38.0,1.5,4.92
2,FivePoints,San Joaquin Valley,2022-04-29,119,6.2,0.0,303.0,0.7,24.6,5.3,15.6,71.0,21.0,40.0,1.9,3.61
2,FivePoints,San Joaquin Valley,2022-04-30,120,6.76,0.0,298.0,0.88,28.0,5.7,18.5,66.0,25.0,41.0,5.1,3.55
2,FivePoints,San Joaquin Valley,2022-05-01,121,6.41,0.0,309.0,0.83,25.9,9.4,17.5,67.0,21.0,42.0,4.3,4.2
2,FivePoints,San Joaquin Valley,2022-05-02,122,6.72,0.0,296.0,0.8,27.0,7.9,18.3,67.0,20.0,38.0,3.8,3.6
2,FivePoints,San Joaquin Valley,2022-05-03,123,7.04,0.0,311.0,0.63,25.3,10.9,17.5,51.0,18.0,32.0,0.5,4.54
2,FivePoints,San Joaquin Valley,2022-05-04,124,6.0,0.0,312.0,0.85,30.9,7.7,20.3,60.0,20.0,36.0,4.6,1.5
2,FivePoints,San Joaquin Valley,2022-05-05,125,7.42,0.0,289.0,0.94,30.6,10.5,21.4,68.0,22.0,37.0,6.0,3.69
2,FivePoints,San Joaquin Valley,2022-05-06,126,6.4,0.0,312.0,1.23,28.7,11.5,20.7,73.0,33.0,50.0,10.0,3.89
2,FivePoints,San Joaquin Valley,2022-05-07,127,6.43,0.0,317.0,0.99,24.9,13.0,18.3,82.0,27.0,47.0,6.9,5.21
2,FivePoints,San Joaquin Valley,2022-05-08,128,7.02,0.0,334.0,0.59,21.6,8.3,14.7,52.0,24.0,35.0,-0.6,5.78
2,FivePoints,San Joaquin Valley,2022-05-09,129,4.87,0.0,296.0,0.59,18.2,3.1,12.1,68.0,28.0,42.0,-0.5,3.23
2,FivePoints,San Joaquin Valley,2022-05-10,130,5.19,0.0,226.0,0.56,18.6,8.7,14.7,71.0,26.0,33.0,-1.3,4.36
2,FivePoints,San Joaquin Valley,2022-05-11,131,6.15,0.0,340.0,0.58,21.3,3.2,13.2,58.0,22.0,38.0,-0.6,3.91
2,FivePoints,San Joaquin Valley,2022-05-12,132,6.19,0.0,304.0,0.58,23.9,4.2,15.6,63.0,16.0,33.0,-0.8,3.09
2,FivePoints,San Joaquin Valley,2022-05-13,133,6.91,0.0,334.0,0.93,27.7,8.5,19.1,62.0,29.0,42.0,6.0,3.74
2,FivePoints,San Joaquin Valley,2022-05-14,134,7.7,0.0,332.0,1.16,30.3,13.6,22.3,72.0,28.0,43.0,9.2,3.96
2,FivePoints,San Joaquin Valley,2022-05-15,135,8.33,0.0,325.0,1.07,33.4,11.7,23.8,65.0,23.0,36.0,8.0,3.49
2,FivePoints,San Joaquin Valley,2022-05-16,136,7.86,0.0,335.0,0.87,29.4,13.6,21.8,51.0,24.0,33.0,5.0,3.97
2,FivePoints,San Joaquin Valley,2022-05-17,137,7.41,0.0,340.0,0.91,30.4,8.1,20.4,63.0,24.0,38.0,5.6,2.95
2,FivePoints,San Joaquin Valley,2022-05-18,138,8.38,0.0,340.0,0.96,33.2,10.9,22.9,67.0,18.0,34.0,6.4,3.21
2,FivePoints,San Joaquin Valley,2022-05-19,139,10.25,0.0,341.0,1.05,34.0,15.1,26.3,50.0,22.0,31.0,7.7,5.01
2,FivePoints,San Joaquin Valley,2022-05-20,140,8.83,0.0,349.0,0.58,25.6,11.8,20.0,39.0,18.0,25.0,-0.8,5.85
2,FivePoints,San Joaquin Valley,2022-05-21,141,7.29,0.0,349.0,0.59,29.2,7.2,19.7,62.0,13.0,26.0,-0.5,2.19
2,FivePoints,San Joaquin Valley,2022-05-22,142,7.94,0.0,339.0,0.74,31.5,10.1,22.5,54.0,17.0,27.0,2.6,2.69
2,FivePoints,San Joaquin Valley,2022-05-23,143,8.86,0.0,345.0,0.84,32.1,12.0,23.4,48.0,17.0,29.0,4.5,3.52
2,FivePoints,San Joaquin Valley,2022-05-24,144,8.29,0.0,343.0,1.02,34.4,12.5,24.4,63.0,21.0,33.0,7.3,2.77
2,FivePoints,San Joaquin Valley,2022-05-25,145,7.51,0.0,338.0,1.07,36.8,13.8,26.5,59.0,17.0,31.0,7.9,1.66
2,FivePoints,San Joaquin Valley,2022-05-26,146,7.78,0.0,319.0,1.19,35.3,15.2,25.4,62.0,23.0,37.0,9.5,2.64
2,FivePoints,San Joaquin Valley,2022-05-27,147,6.44,0.0,310.0,1.22,29.0,13.4,21.6,73.0,32.0,47.0,9.9,3.07
2,FivePoints,San Joaquin Valley,2022-05-28,148,7.48,0.0,323.0,1.08,27.5,16.0,21.1,61.0,29.0,43.0,8.0,4.75
2,FivePoints,San Joaquin Valley,2022-05-29,149,7.84,0.0,358.0,0.88,25.9,12.7,19.3,77.0,18.0,39.0,5.2,5.13
2,FivePoints,San Joaquin Valley,2022-05-30,150,7.92,0.0,356.0,0.74,27.3,8.2,18.9,62.0,18.0,34.0,2.6,3.86
2,FivePoints,San Joaquin Valley,2022-05-31,151,7.81,0.0,350.0,0.74,28.3,8.0,19.6,58.0,18.0,32.0,2.7,3.38
2,FivePoints,San Joaquin Valley,2022-06-01,152,8.02,0.0,351.0,0.81,33.0,9.6,22.9,62.0,17.0,29.0,3.9,2.38
2,FivePoints,San Joaquin Valley,2022-06-02,153,8.58,0.0,329.0,0.92,33.8,13.3,25.0,44.0,19.0,29.0,5.8,3.09
2,FivePoints,San Joaquin Valley,2022-06-03,154,7.74,0.0,316.0,1.25,30.9,17.6,23.9,60.0,32.0,42.0,10.3,4.12
2,FivePoints,San Joaquin Valley,2022-06-04,155,7.2,0.0,319.0,1.11,28.9,14.4,22.5,80.0,26.0,41.0,8.5,3.29
2,FivePoints,San Joaquin Valley,2022-06-05,156,7.13,0.0,321.0,1.42,30.4,13.7,23.4,60.0,37.0,49.0,12.2,3.06
2,FivePoints,San Joaquin Valley,2022-06-06,157,8.28,0.0,348.0,1.38,31.1,17.8,24.3,82.0,19.0,45.0,11.7,4.9
2,FivePoints,San Joaquin Valley,2022-06-07,158,8.33,0.0,354.0,1.05,33.0,11.0,23.9,64.0,22.0,35.0,7.7,2.9
2,FivePoints,San Joaquin Valley,2022-06-08,159,8.12,0.0,337.0,1.22,33.5,10.9,24.6,49.0,28.0,40.0,9.9,3.24
2,FivePoints,San Joaquin Valley,2022-06-09,160,7.64,0.0,299.0,1.29,33.8,15.4,25.4,58.0,25.0,40.0,10.8,3.08
2,FivePoints,San Joaquin Valley,2022-06-10,161,9.19,0.0,349.0,1.38,36.5,16.5,27.9,63.0,25.0,37.0,11.8,3.23
2,FivePoints,San Joaquin Valley,2022-06-11,162,10.03,0.0,354.0,1.24,37.3,17.7,28.7,60.0,14.0,32.0,10.2,3.8
2,FivePoints,San Joaquin Valley,2022-06-12,163,7.99,0.0,313.0,1.6,34.0,17.4,26.3,67.0,31.0,47.0,14.1,3.91
2,FivePoints,San Joaquin Valley,2022-06-13,164,9.21,0.0,363.0,0.86,28.7,14.8,22.0,64.0,17.0,32.0,4.8,5.27
2,FivePoints,San Joaquin Valley,2022-06-14,165,9.14,0.0,359.0,0.7,30.3,12.3,22.5,46.0,15.0,26.0,1.9,4.11
2,FivePoints,San Joaquin Valley,2022-06-15,166,9.25,0.0,359.0,0.81,33.8,11.3,24.8,55.0,16.0,26.0,4.0,3.2
2,FivePoints,San Joaquin Valley,2022-06-16,167,8.74,0.0,354.0,0.91,32.6,15.6,24.3,45.0,25.0,30.0,5.6,3.61
2,FivePoints,San Joaquin Valley,2022-06-17,168,5.73,0.0,276.0,0.87,23.6,13.0,17.8,59.0,30.0,43.0,4.9,3.52
2,FivePoints,San Joaquin Valley,2022-06-18,169,6.97,0.0,346.0,0.91,25.6,11.3,18.8,71.0,26.0,42.0,5.7,3.7
2,FivePoints,San Joaquin Valley,2022-06-19,170,8.09,0.0,358.0,0.85,29.1,9.8,20.6,60.0,20.0,35.0,4.6,3.57
2,FivePoints,San Joaquin Valley,2022-06-20,171,8.33,0.0,354.0,0.94,32.5,11.3,23.1,63.0,20.0,33.0,6.1,2.96
2,FivePoints,San Joaquin Valley,2022-06-21,172,8.79,0.0,352.0,1.0,35.9,12.4,25.8,63.0,17.0,30.0,7.0,2.63
2,FivePoints,San Joaquin Valley,2022-06-22,173,6.96,0.0,263.0,1.26,35.1,16.7,26.4,55.0,24.0,36.0,10.4,2.58
2,FivePoints,San Joaquin Valley,2022-06-23,174,8.08,0.0,337.0,1.3,36.4,18.3,28.1,59.0,22.0,34.0,10.8,2.14
2,FivePoints,San Joaquin Valley,2022-06-24,175,8.66,0.0,346.0,1.18,37.6,17.7,28.9,59.0,20.0,30.0,9.4,2.29
2,FivePoints,San Joaquin Valley,2022-06-25,176,9.31,0.0,349.0,0.98,38.1,17.3,29.0,47.0,16.0,24.0,6.7,2.71
2,FivePoints,San Joaquin Valley,2022-06-26,177,9.71,0.0,353.0,0.93,38.0,17.8,29.2,40.0,14.0,23.0,5.9,2.92
2,FivePoints,San Joaquin Valley,2022-06-27,178,10.26,0.0,350.0,1.02,39.3,17.8,29.9,52.0,13.0,24.0,7.3,3.31
2,FivePoints,San Joaquin Valley,2022-06-28,179,9.89,0.0,350.0,0.94,37.0,16.7,28.4,51.0,15.0,24.0,6.0,3.33
2,FivePoints,San Joaquin Valley,2022-06-29,180,8.89,0.0,342.0,0.77,36.9,16.9,27.6,42.0,14.0,21.0,3.2,2.53
2,FivePoints,San Joaquin Valley,2022-06-30,181,8.15,0.0,359.0,0.91,34.9,13.6,24.7,57.0,14.0,29.0,5.6,2.37
2,FivePoints,San Joaquin Valley,2022-07-01,182,7.74,0.0,331.0,1.04,34.2,13.1,24.6,61.0,20.0,34.0,7.6,2.45
2,FivePoints,San Joaquin Valley,2022-07-02,183,8.29,0.0,352.0,1.03,31.9,13.1,23.3,65.0,17.0,36.0,7.4,3.27
2,FivePoints,San Joaquin Valley,2022-07-03,184,7.29,0.0,347.0,1.09,28.9,12.9,21.3,69.0,29.0,43.0,8.2,3.31
2,FivePoints,San Joaquin Valley,2022-07-04,185,7.23,0.0,343.0,1.15,31.0,14.3,23.0,58.0,26.0,41.0,9.0,2.85
2,FivePoints,San Joaquin Valley,2022-07-05,186,7.19,0.0,325.0,1.61,32.5,18.8,25.6,72.0,34.0,49.0,14.1,3.31
2,FivePoints,San Joaquin Valley,2022-07-06,187,7.19,0.0,340.0,1.59,30.5,17.1,24.0,75.0,42.0,53.0,13.9,3.68
2,FivePoints,San Joaquin Valley,2022-07-07,188,7.64,0.0,433.0,1.52,32.5,23.1,28.6,71.0,34.0,39.0,13.2,3.24
2,FivePoints,San Joaquin Valley,2022-07-08,189,7.68,0.0,326.0,1.34,34.9,16.6,26.9,59.0,26.0,38.0,11.3,2.58
2,FivePoints,San Joaquin Valley,2022-07-09,190,8.76,0.0,344.0,1.34,34.2,19.6,27.0,54.0,26.0,37.0,11.3,3.61
2,FivePoints,San Joaquin Valley,2022-07-10,191,7.82,0.0,346.0,1.28,35.4,15.2,26.5,70.0,23.0,37.0,10.6,2.16
2,FivePoints,San Joaquin Valley,2022-07-11,192,7.8,0.0,343.0,1.3,38.0,16.6,28.6,61.0,19.0,33.0,10.8,1.68
2,FivePoints,San Joaquin Valley,2022-07-12,193,8.66,0.1,336.0,1.3,37.8,19.2,29.3,53.0,21.0,32.0,10.8,2.63
2,FivePoints,San Joaquin Valley,2022-07-13,194,7.99,0.0,341.0,1.44,35.5,17.3,27.0,63.0,26.0,40.0,12.4,2.79
2,FivePoints,San Joaquin Valley,2022-07-14,195,8.66,0.0,339.0,1.46,37.2,16.8,28.4,72.0,23.0,38.0,12.6,2.89
2,FivePoints,San Joaquin Valley,2022-07-15,196,9.37,0.0,337.0,1.11,37.7,19.0,29.1,45.0,19.0,28.0,8.5,3.17
2,FivePoints,San Joaquin Valley,2022-07-16,197,8.53,0.0,336.0,1.25,38.9,18.1,29.6,55.0,18.0,30.0,10.2,2.18
2,FivePoints,San Joaquin Valley,2022-07-17,198,8.75,0.0,327.0,1.24,41.7,20.2,31.5,52.0,17.0,27.0,10.2,2.32
2,FivePoints,San Joaquin Valley,2022-07-18,199,5.69,0.0,223.0,1.34,36.8,20.7,29.2,53.0,20.0,33.0,11.3,1.58
2,FivePoints,San Joaquin Valley,2022-07-19,200,9.02,0.0,326.0,1.13,38.0,20.3,29.9,48.0,17.0,27.0,8.8,2.83
2,FivePoints,San Joaquin Valley,2022-07-20,201,8.74,0.0,331.0,1.08,38.3,18.0,29.5,45.0,18.0,26.0,8.1,2.53
2,FivePoints,San Joaquin Valley,2022-07-21,202,9.05,0.0,334.0,0.97,37.6,18.4,28.9,43.0,15.0,24.0,6.6,2.75
2,FivePoints,San Joaquin Valley,2022-07-22,203,9.25,0.0,333.0,0.88,37.7,17.3,28.5,41.0,13.0,23.0,5.2,2.83
2,FivePoints,San Joaquin Valley,2022-07-23,204,7.91,0.0,336.0,0.92,36.6,15.6,27.4,47.0,15.0,25.0,5.8,2.0
2,FivePoints,San Joaquin Valley,2022-07-24,205,7.9,0.0,335.0,1.11,37.2,15.6,27.5,58.0,16.0,30.0,8.4,1.95
2,FivePoints,San Joaquin Valley,2022-07-25,206,7.69,0.0,331.0,1.25,37.9,16.5,27.7,58.0,18.0,34.0,10.3,2.02
2,FivePoints,San Joaquin Valley,2022-07-26,207,7.92,0.0,322.0,1.27,36.7,18.4,28.0,55.0,19.0,34.0,10.6,2.4
2,FivePoints,San Joaquin Valley,2022-07-27,208,8.1,0.0,316.0,1.29,35.4,18.0,27.8,59.0,22.0,35.0,10.7,2.79
2,FivePoints,San Joaquin Valley,2022-07-28,209,7.5,0.0,304.0,1.23,37.3,20.8,28.7,44.0,17.0,31.0,10.0,2.14
2,FivePoints,San Joaquin Valley,2022-07-29,210,7.27,0.0,315.0,1.41,38.8,20.0,29.0,54.0,15.0,35.0,12.1,1.99
2,FivePoints,San Joaquin Valley,2022-07-30,211,7.2,0.0,294.0,1.71,36.3,22.2,28.7,59.0,31.0,43.0,15.0,2.41
2,FivePoints,San Joaquin Valley,2022-07-31,212,7.03,0.0,272.0,1.6,37.4,23.1,29.4,58.0,23.0,39.0,14.1,2.45
2,FivePoints,San Joaquin Valley,2022-08-01,213,6.53,0.0,211.0,1.56,34.6,23.3,28.2,51.0,32.0,41.0,13.6,3.13
2,FivePoints,San Joaquin Valley,2022-08-02,214,7.44,0.1,293.0,1.64,36.9,20.8,29.3,57.0,27.0,40.0,14.4,2.53
2,FivePoints,San Joaquin Valley,2022-08-03,215,8.09,0.0,303.0,1.53,38.1,21.3,30.4,53.0,25.0,35.0,13.3,2.71
2,FivePoints,San Joaquin Valley,2022-08-04,216,7.69,0.0,266.0,1.52,39.8,23.0,31.5,52.0,23.0,33.0,13.2,2.54
2,FivePoints,San Joaquin Valley,2022-08-05,217,6.41,0.0,226.0,1.53,32.5,22.9,27.0,55.0,32.0,43.0,13.3,3.05
2,FivePoints,San Joaquin Valley,2022-08-06,218,7.15,0.0,308.0,1.72,33.5,18.3,26.1,74.0,35.0,51.0,15.2,3.5
2,FivePoints,San Joaquin Valley,2022-08-07,219,7.71,0.0,310.0,1.52,34.9,18.0,26.8,69.0,30.0,43.0,13.2,3.44
2,FivePoints,San Joaquin Valley,2022-08-08,220,7.65,0.0,293.0,1.35,34.1,18.3,26.4,65.0,27.0,39.0,11.5,3.56
2,FivePoints,San Joaquin Valley,2022-08-09,221,7.69,0.0,306.0,1.32,35.0,19.0,27.0,59.0,25.0,37.0,11.1,3.11
2,FivePoints,San Joaquin Valley,2022-08-10,222,7.04,0.0,305.0,1.41,33.1,17.3,25.2,70.0,29.0,44.0,12.0,3.32
2,FivePoints,San Joaquin Valley,2022-08-11,223,7.75,0.0,308.0,1.35,35.0,17.3,26.9,71.0,24.0,38.0,11.5,3.06
2,FivePoints,San Joaquin Valley,2022-08-12,224,7.94,0.0,306.0,1.19,35.2,16.4,26.8,62.0,21.0,34.0,9.5,3.03
2,FivePoints,San Joaquin Valley,2022-08-13,225,7.69,0.0,302.0,1.0,35.9,15.8,26.8,64.0,15.0,28.0,6.9,2.52
2,FivePoints,San Joaquin Valley,2022-08-14,226,7.93,0.0,313.0,0.94,36.3,14.8,26.8,60.0,15.0,27.0,6.1,2.35
2,FivePoints,San Joaquin Valley,2022-08-15,227,7.65,0.0,307.0,1.0,37.7,14.9,27.4,57.0,14.0,27.0,7.0,2.04
2,FivePoints,San Joaquin Valley,2022-08-16,228,7.54,0.0,303.0,1.14,39.1,17.0,29.2,57.0,14.0,28.0,8.9,1.85
2,FivePoints,San Joaquin Valley,2022-08-17,229,7.35,0.0,261.0,1.26,39.6,21.1,30.5,54.0,16.0,29.0,10.4,2.19
2,FivePoints,San Joaquin Valley,2022-08-18,230,8.25,0.0,299.0,1.24,38.9,18.7,29.6,58.0,19.0,30.0,10.2,2.64
2,FivePoints,San Joaquin Valley,2022-08-19,231,7.45,0.0,243.0,1.04,38.8,17.4,29.0,59.0,13.0,26.0,7.5,2.51
2,FivePoints,San Joaquin Valley,2022-08-20,232,6.36,0.0,247.0,1.13,40.3,15.6,28.5,59.0,15.0,29.0,8.7,1.61
2,FivePoints,San Joaquin Valley,2022-08-21,233,6.88,0.0,249.0,1.15,39.5,17.4,28.7,62.0,13.0,29.0,9.0,2.14
2,FivePoints,San Joaquin Valley,2022-08-22,234,7.15,0.0,248.0,1.3,36.0,16.9,27.3,65.0,21.0,36.0,10.8,2.72
2,FivePoints,San Joaquin Valley,2022-08-23,235,6.44,0.0,248.0,1.42,37.2,16.7,27.6,67.0,21.0,38.0,12.1,1.97
2,FivePoints,San Joaquin Valley,2022-08-24,236,6.06,0.0,245.0,1.43,41.4,18.1,29.7,72.0,17.0,34.0,12.2,1.55
2,FivePoints,San Joaquin Valley,2022-08-25,237,6.77,0.0,258.0,1.23,39.0,18.3,28.6,63.0,18.0,31.0,10.0,1.97
2,FivePoints,San Joaquin Valley,2022-08-26,238,6.1,0.0,233.0,1.16,38.4,18.1,27.8,57.0,15.0,31.0,9.2,2.11
2,FivePoints,San Joaquin Valley,2022-08-27,239,6.26,0.0,242.0,1.18,38.1,17.9,27.9,60.0,14.0,31.0,9.4,1.93
2,FivePoints,San Joaquin Valley,2022-08-28,240,6.08,0.0,247.0,1.25,36.0,16.6,26.2,63.0,20.0,37.0,10.3,2.03
2,FivePoints,San Joaquin Valley,2022-08-29,241,6.35,0.0,244.0,1.36,36.6,18.2,27.1,63.0,23.0,38.0,11.5,2.43
2,FivePoints,San Joaquin Valley,2022-08-30,242,6.72,0.0,260.0,1.36,37.3,17.2,28.0,67.0,21.0,36.0,11.5,2.24
2,FivePoints,San Joaquin Valley,2022-08-31,243,7.07,0.0,262.0,1.34,37.4,18.0,27.8,64.0,20.0,36.0,11.3,2.57
2,FivePoints,San Joaquin Valley,2022-09-01,244,7.54,0.0,264.0,1.15,39.2,17.8,28.4,55.0,15.0,30.0,9.1,2.34
2,FivePoints,San Joaquin Valley,2022-09-02,245,8.27,0.0,260.0,1.21,40.8,18.9,30.5,58.0,16.0,28.0,9.7,2.79
2,FivePoints,San Joaquin Valley,2022-09-03,246,8.28,0.0,264.0,1.0,38.2,21.2,29.5,40.0,15.0,24.0,7.0,3.08
2,FivePoints,San Joaquin Valley,2022-09-04,247,6.11,0.0,189.0,1.15,39.4,18.9,30.0,48.0,16.0,27.0,9.0,2.04
2,FivePoints,San Joaquin Valley,2022-09-05,248,5.91,0.0,183.0,1.22,40.8,19.6,30.1,58.0,12.0,29.0,9.9,1.86
2,FivePoints,San Joaquin Valley,2022-09-06,249,5.63,0.0,199.0,1.31,45.3,20.6,32.8,51.0,12.0,26.0,11.0,1.44
2,FivePoints,San Joaquin Valley,2022-09-07,250,6.82,0.0,199.0,1.34,42.5,21.6,32.6,50.0,15.0,27.0,11.4,2.38
2,FivePoints,San Joaquin Valley,2022-09-08,251,6.15,0.0,160.0,1.21,40.1,21.0,30.7,46.0,16.0,27.0,9.8,2.19
2,FivePoints,San Joaquin Valley,2022-09-09,252,6.78,0.0,208.0,1.31,41.0,20.4,32.0,51.0,16.0,27.0,10.9,2.53
2,FivePoints,San Joaquin Valley,2022-09-10,253,4.62,1.0,123.0,1.53,35.4,24.6,29.4,54.0,29.0,37.0,13.3,2.64
2,FivePoints,San Joaquin Valley,2022-09-11,254,6.54,0.0,224.0,1.53,34.4,22.3,28.3,63.0,25.0,40.0,13.3,2.89
2,FivePoints,San Joaquin Valley,2022-09-12,255,6.08,0.0,224.0,1.06,35.1,20.8,27.7,39.0,21.0,28.0,7.8,2.07
2,FivePoints,San Joaquin Valley,2022-09-13,256,6.11,0.0,240.0,1.13,31.9,18.2,24.5,54.0,24.0,37.0,8.8,3.03
2,FivePoints,San Joaquin Valley,2022-09-14,257,4.76,0.0,280.0,1.19,27.8,18.3,23.9,73.0,33.0,40.0,9.6,3.17
2,FivePoints,San Joaquin Valley,2022-09-15,258,5.35,0.0,248.0,1.23,28.0,14.8,21.3,73.0,34.0,49.0,10.0,3.37
2,FivePoints,San Joaquin Valley,2022-09-16,259,4.88,0.0,248.0,1.18,29.0,12.5,20.7,71.0,33.0,48.0,9.3,2.02
2,FivePoints,San Joaquin Valley,2022-09-17,260,5.02,0.0,239.0,1.15,30.3,11.6,20.9,76.0,27.0,47.0,9.0,2.11
2,FivePoints,San Joaquin Valley,2022-09-18,261,4.12,4.0,160.0,1.29,26.8,14.1,19.1,91.0,35.0,58.0,10.7,3.28
2,FivePoints,San Joaquin Valley,2022-09-19,262,1.68,10.2,100.0,1.79,21.6,15.8,18.2,96.0,71.0,86.0,15.8,2.51
2,FivePoints,San Joaquin Valley,2022-09-20,263,3.84,1.3,205.0,1.61,27.0,15.7,20.4,99.0,34.0,67.0,14.1,2.2
2,FivePoints,San Joaquin Valley,2022-09-21,264,3.76,0.0,210.0,1.33,26.6,12.1,19.7,88.0,38.0,58.0,11.2,1.32
2,FivePoints,San Joaquin Valley,2022-09-22,265,4.86,0.0,216.0,1.28,27.6,12.7,20.2,84.0,35.0,54.0,10.6,3.05
2,FivePoints,San Joaquin Valley,2022-09-23,266,4.54,0.0,217.0,1.28,30.9,11.3,21.3,88.0,29.0,51.0,10.7,1.65
2,FivePoints,San Joaquin Valley,2022-09-24,267,4.9,0.0,209.0,1.25,33.7,12.8,23.3,85.0,23.0,44.0,10.3,1.69
2,FivePoints,San Joaquin Valley,2022-09-25,268,5.02,0.0,204.0,1.23,34.9,14.8,25.1,68.0,21.0,38.0,10.0,1.69
2,FivePoints,San Joaquin Valley,2022-09-26,269,5.15,0.0,211.0,1.34,35.5,16.0,25.8,68.0,24.0,40.0,11.4,1.93
2,FivePoints,San Joaquin Valley,2022-09-27,270,5.61,0.0,216.0,1.27,34.4,15.9,24.4,68.0,23.0,41.0,10.4,2.56
2,FivePoints,San Joaquin Valley,2022-09-28,271,5.93,0.0,220.0,1.05,33.1,14.2,24.1,69.0,19.0,35.0,7.7,2.83
2,FivePoints,San Joaquin Valley,2022-09-29,272,3.92,0.0,95.0,1.27,31.1,14.2,23.1,67.0,31.0,45.0,10.5,2.75
2,FivePoints,San Joaquin Valley,2022-09-30,273,3.16,0.0,98.0,1.23,31.8,12.8,22.6,73.0,28.0,45.0,10.0,1.61
2,FivePoints,San Joaquin Valley,2022-10-01,274,3.48,0.0,95.0,1.14,33.0,12.4,23.2,72.0,22.0,40.0,8.9,2.0
2,FivePoints,San Joaquin Valley,2022-10-02,275,3.27,0.0,95.0,1.38,29.1,13.3,20.7,82.0,37.0,56.0,11.7,2.96
2,FivePoints,San Joaquin Valley,2022-10-03,276,3.1,0.0,96.0,1.29,30.7,12.8,21.0,84.0,29.0,52.0,10.7,2.12
2,FivePoints,San Joaquin Valley,2022-10-04,277,3.45,0.0,102.0,1.23,31.6,12.6,21.7,74.0,27.0,47.0,10.0,1.84
2,FivePoints,San Joaquin Valley,2022-10-05,278,3.01,0.0,102.0,1.17,32.8,11.6,22.1,75.0,24.0,44.0,9.3,1.31
2,FivePoints,San Joaquin Valley,2022-10-06,279,3.16,0.0,100.0,1.19,34.4,12.5,23.4,73.0,21.0,41.0,9.5,1.44
2,FivePoints,San Joaquin Valley,2022-10-07,280,3.51,0.0,103.0,1.2,34.2,12.9,23.2,70.0,21.0,42.0,9.6,1.67
2,FivePoints,San Joaquin Valley,2022-10-08,281,3.53,0.0,103.0,1.11,34.3,11.8,23.0,68.0,21.0,40.0,8.5,1.62
2,FivePoints,San Joaquin Valley,2022-10-09,282,4.06,0.0,100.0,1.08,34.0,12.9,23.1,65.0,19.0,38.0,8.1,2.13
2,FivePoints,San Joaquin Valley,2022-10-10,283,4.75,0.0,105.0,1.02,33.8,13.3,22.6,64.0,18.0,37.0,7.3,2.7
2,FivePoints,San Joaquin Valley,2022-10-11,284,4.3,0.0,104.0,0.85,33.7,13.0,22.7,50.0,15.0,31.0,4.6,2.2
2,FivePoints,San Joaquin Valley,2022-10-12,285,4.27,0.0,235.0,1.01,32.3,14.7,24.5,59.0,20.0,33.0,7.1,2.22
2,FivePoints,San Joaquin Valley,2022-10-13,286,4.44,0.0,190.0,1.09,30.1,11.1,20.0,66.0,28.0,47.0,8.2,2.26
2,FivePoints,San Joaquin Valley,2022-10-14,287,3.79,0.0,192.0,1.14,30.9,10.7,20.0,74.0,27.0,49.0,8.9,1.46
2,FivePoints,San Joaquin Valley,2022-10-15,288,4.37,0.0,188.0,1.18,30.2,11.1,20.3,71.0,29.0,49.0,9.3,2.42
2,FivePoints,San Joaquin Valley,2022-10-16,289,3.27,0.0,183.0,1.27,24.9,11.3,17.6,89.0,44.0,63.0,10.5,2.09
2,FivePoints,San Joaquin Valley,2022-10-17,290,3.26,0.0,181.0,1.23,26.0,10.4,17.6,83.0,40.0,61.0,10.0,1.95
2,FivePoints,San Joaquin Valley,2022-10-18,291,3.07,0.0,156.0,1.3,28.3,11.6,19.2,79.0,39.0,59.0,10.9,1.39
2,FivePoints,San Joaquin Valley,2022-10-19,292,3.9,0.0,176.0,1.06,31.3,11.0,20.3,81.0,18.0,44.0,7.8,1.54
2,FivePoints,San Joaquin Valley,2022-10-20,293,3.79,0.0,259.0,1.04,34.0,14.8,25.4,68.0,18.0,32.0,7.6,1.49
2,FivePoints,San Joaquin Valley,2022-10-21,294,3.52,0.0,178.0,0.97,32.8,10.5,20.3,71.0,18.0,41.0,6.6,1.09
2,FivePoints,San Joaquin Valley,2022-10-22,295,3.48,0.0,125.0,0.98,25.7,10.4,17.3,67.0,33.0,50.0,6.7,2.79
2,FivePoints,San Joaquin Valley,2022-10-23,296,5.05,0.0,175.0,0.56,21.5,7.6,14.4,55.0,18.0,34.0,-1.3,4.5
2,FivePoints,San Joaquin Valley,2022-10-24,297,3.41,0.0,174.0,0.52,22.5,3.3,12.5,62.0,17.0,36.0,-2.2,1.79
2,FivePoints,San Joaquin Valley,2022-10-25,298,3.42,0.0,168.0,0.65,25.1,3.7,14.5,66.0,20.0,39.0,0.8,1.66
2,FivePoints,San Joaquin Valley,2022-10-26,299,3.69,0.0,169.0,0.78,22.0,6.1,13.8,78.0,30.0,49.0,3.4,2.88
2,FivePoints,San Joaquin Valley,2022-10-27,300,3.07,0.0,170.0,0.58,23.1,1.9,12.4,76.0,20.0,40.0,-0.7,1.58
2,FivePoints,San Joaquin Valley,2022-10-28,301,3.18,0.1,149.0,0.61,25.6,4.0,14.2,69.0,17.0,38.0,0.0,1.89
2,FivePoints,San Joaquin Valley,2022-10-29,302,3.64,0.0,157.0,0.66,23.9,4.3,13.9,73.0,24.0,42.0,1.1,2.27
2,FivePoints,San Joaquin Valley,2022-10-30,303,3.13,0.0,161.0,0.73,24.3,3.6,13.2,74.0,25.0,48.0,2.4,1.57
2,FivePoints,San Joaquin Valley,2022-10-31,304,1.41,0.0,79.0,0.82,20.9,5.0,12.5,76.0,34.0,56.0,4.0,1.04
2,FivePoints,San Joaquin Valley,2022-11-01,305,2.38,0.5,127.0,0.98,22.2,4.2,11.9,93.0,37.0,71.0,6.7,2.65
2,FivePoints,San Joaquin Valley,2022-11-02,306,1.72,0.1,120.0,0.89,16.9,1.7,9.2,96.0,41.0,77.0,5.4,1.58
2,FivePoints,San Joaquin Valley,2022-11-03,307,2.25,0.1,132.0,0.7,15.6,2.0,7.9,97.0,35.0,66.0,2.0,3.18
2,FivePoints,San Joaquin Valley,2022-11-04,308,2.15,0.0,122.0,0.54,17.8,0.1,8.5,77.0,27.0,49.0,-1.6,1.31
2,FivePoints,San Joaquin Valley,2022-11-05,309,2.26,0.0,131.0,0.78,20.2,0.6,10.6,80.0,37.0,61.0,3.4,1.33
2,FivePoints,San Joaquin Valley,2022-11-06,310,1.81,0.0,79.0,1.04,20.7,10.0,14.9,77.0,48.0,61.0,7.5,1.96
2,FivePoints,San Joaquin Valley,2022-11-07,311,0.57,2.7,48.0,1.16,13.3,5.9,11.0,99.0,75.0,89.0,9.1,2.02
2,FivePoints,San Joaquin Valley,2022-11-08,312,1.13,5.1,65.0,0.94,14.7,4.7,9.7,95.0,62.0,79.0,6.1,3.27
2,FivePoints,San Joaquin Valley,2022-11-09,313,1.79,2.7,136.0,0.83,15.1,2.2,7.6,100.0,48.0,79.0,4.3,1.45
2,FivePoints,San Joaquin Valley,2022-11-10,314,1.88,0.2,148.0,0.83,14.9,1.4,7.6,99.0,54.0,79.0,4.3,2.52
2,FivePoints,San Joaquin Valley,2022-11-11,315,1.53,0.0,118.0,0.78,15.6,-1.2,7.0,99.0,50.0,77.0,3.3,0.86
2,FivePoints,San Joaquin Valley,2022-11-12,316,1.94,0.1,123.0,0.8,17.1,-0.3,8.6,99.0,44.0,72.0,3.8,1.83
2,FivePoints,San Joaquin Valley,2022-11-13,317,2.25,0.0,135.0,0.73,15.8,2.2,8.2,90.0,38.0,67.0,2.5,2.85
2,FivePoints,San Joaquin Valley,2022-11-14,318,1.8,0.1,137.0,0.65,17.1,-1.7,6.6,95.0,35.0,67.0,0.9,1.18
2,FivePoints,San Joaquin Valley,2022-11-15,319,2.24,0.0,140.0,0.68,18.2,-0.6,7.8,93.0,36.0,64.0,1.4,2.02
2,FivePoints,San Joaquin Valley,2022-11-16,320,1.89,0.0,138.0,0.63,19.2,-1.3,7.4,92.0,30.0,61.0,0.5,0.9
2,FivePoints,San Joaquin Valley,2022-11-17,321,2.14,0.0,137.0,0.64,19.6,-1.7,8.5,91.0,30.0,58.0,0.7,1.33
2,FivePoints,San Joaquin Valley,2022-11-18,322,2.05,0.0,127.0,0.63,17.9,-0.6,7.8,89.0,34.0,60.0,0.4,1.4
2,FivePoints,San Joaquin Valley,2022-11-19,323,2.06,0.0,136.0,0.52,18.3,-0.6,7.0,83.0,27.0,52.0,-2.1,1.48
2,FivePoints,San Joaquin Valley,2022-11-20,324,2.04,0.0,137.0,0.56,18.1,-2.6,6.3,86.0,32.0,59.0,-1.1,1.25
2,FivePoints,San Joaquin Valley,2022-11-21,325,1.62,0.0,112.0,0.56,17.7,-2.4,6.3,89.0,33.0,59.0,-1.1,1.02
2,FivePoints,San Joaquin Valley,2022-11-22,326,1.86,0.0,131.0,0.55,18.8,-2.9,6.7,88.0,27.0,56.0,-1.4,1.07
2,FivePoints,San Joaquin Valley,2022-11-23,327,1.85,0.0,123.0,0.59,18.1,-1.1,7.5,82.0,33.0,57.0,-0.5,1.31
2,FivePoints,San Joaquin Valley,2022-11-24,328,2.1,0.0,129.0,0.61,20.7,-0.5,8.6,87.0,26.0,54.0,-0.1,1.39
2,FivePoints,San Joaquin Valley,2022-11-25,329,1.87,0.0,121.0,0.61,22.1,-0.5,9.2,82.0,24.0,52.0,-0.1,1.14
2,FivePoints,San Joaquin Valley,2022-11-26,330,2.31,0.0,121.0,0.58,19.9,0.7,8.9,79.0,25.0,51.0,-0.8,1.77
2,FivePoints,San Joaquin Valley,2022-11-27,331,1.82,0.0,109.0,0.57,19.2,-1.0,8.3,80.0,30.0,52.0,-0.9,1.27
2,FivePoints,San Joaquin Valley,2022-11-28,332,2.48,0.0,120.0,0.63,18.4,0.0,8.8,80.0,34.0,55.0,0.3,2.65
2,FivePoints,San Joaquin Valley,2022-11-29,333,1.76,0.0,125.0,0.61,14.7,-0.5,6.4,88.0,41.0,63.0,-0.1,1.8
2,FivePoints,San Joaquin Valley,2022-11-30,334,2.15,0.0,120.0,0.65,17.8,-2.4,8.2,86.0,39.0,60.0,0.9,2.07
2,FivePoints,San Joaquin Valley,2022-12-01,335,0.81,7.5,27.0,0.93,14.6,5.4,10.1,98.0,57.0,75.0,5.9,3.27
2,FivePoints,San Joaquin Valley,2022-12-02,336,1.0,1.6,95.0,0.86,11.1,0.2,7.3,100.0,66.0,84.0,4.8,1.02
2,FivePoints,San Joaquin Valley,2022-12-03,337,0.84,0.9,78.0,1.25,16.0,7.4,11.1,99.0,83.0,94.0,10.2,2.81
2,FivePoints,San Joaquin Valley,2022-12-04,338,1.29,0.4,101.0,1.34,17.7,9.5,13.2,99.0,65.0,88.0,11.3,2.22
2,FivePoints,San Joaquin Valley,2022-12-05,339,1.32,0.2,104.0,1.11,16.6,7.2,11.2,99.0,51.0,84.0,8.5,0.79
2,FivePoints,San Joaquin Valley,2022-12-06,340,1.06,0.2,83.0,1.02,14.9,5.0,9.4,100.0,65.0,87.0,7.3,1.59
2,FivePoints,San Joaquin Valley,2022-12-07,341,1.18,0.2,100.0,0.96,14.1,3.4,8.3,100.0,64.0,88.0,6.4,0.88
2,FivePoints,San Joaquin Valley,2022-12-08,342,1.14,0.1,93.0,0.87,13.6,0.7,6.8,100.0,61.0,87.0,4.9,1.26
2,FivePoints,San Joaquin Valley,2022-12-09,343,1.21,0.2,92.0,0.88,15.0,2.9,8.5,100.0,56.0,80.0,5.2,1.63
2,FivePoints,San Joaquin Valley,2022-12-10,344,1.53,0.1,60.0,1.13,17.7,7.5,12.6,98.0,63.0,78.0,8.8,4.88
2,FivePoints,San Joaquin Valley,2022-12-11,345,1.18,0.2,81.0,0.91,12.9,6.8,9.9,87.0,60.0,75.0,5.6,2.49
2,FivePoints,San Joaquin Valley,2022-12-12,346,0.84,0.1,69.0,0.86,11.8,2.4,6.8,98.0,71.0,88.0,4.9,2.91
2,FivePoints,San Joaquin Valley,2022-12-13,347,1.13,0.1,95.0,0.72,11.7,-0.5,4.8,99.0,58.0,84.0,2.3,1.45
2,FivePoints,San Joaquin Valley,2022-12-14,348,1.07,17.8,91.0,0.72,11.8,-1.7,4.6,100.0,59.0,85.0,2.2,1.2
2,FivePoints,San Joaquin Valley,2022-12-15,349,0.91,0.1,81.0,0.74,12.3,-0.8,4.5,100.0,61.0,88.0,2.7,0.94
2,FivePoints,San Joaquin Valley,2022-12-16,350,0.84,0.1,82.0,0.74,12.3,-2.1,3.7,100.0,67.0,93.0,2.7,0.87
2,FivePoints,San Joaquin Valley,2022-12-17,351,0.28,0.2,39.0,0.77,6.3,-1.7,3.1,100.0,100.0,100.0,3.2,0.91
2,FivePoints,San Joaquin Valley,2022-12-18,352,0.02,0.1,17.0,0.78,4.2,2.7,3.4,100.0,99.0,100.0,3.4,1.22
2,FivePoints,San Joaquin Valley,2022-12-19,353,0.21,0.0,31.0,0.75,6.6,0.6,3.3,100.0,84.0,97.0,2.9,1.28
2,FivePoints,San Joaquin Valley,2022-12-20,354,0.24,0.0,34.0,0.79,6.6,0.5,3.9,100.0,91.0,99.0,3.7,1.18
2,FivePoints,San Joaquin Valley,2022-12-21,355,0.01,0.0,16.0,0.81,4.6,3.3,4.0,100.0,99.0,100.0,4.0,0.94
2,FivePoints,San Joaquin Valley,2022-12-22,356,0.11,0.0,26.0,0.84,6.0,3.5,4.6,100.0,93.0,99.0,4.4,1.0
2,FivePoints,San Joaquin Valley,2022-12-23,357,0.05,0.0,21.0,0.87,7.2,3.3,4.9,100.0,99.0,100.0,4.9,0.94
2,FivePoints,San Joaquin Valley,2022-12-24,358,0.31,0.1,40.0,0.87,10.5,2.8,5.2,100.0,86.0,99.0,5.0,1.47
2,FivePoints,San Joaquin Valley,2022-12-25,359,0.06,0.1,22.0,0.85,6.6,3.0,4.7,100.0,100.0,100.0,4.7,1.34
2,FivePoints,San Joaquin Valley,2022-12-26,360,0.19,0.3,32.0,0.93,7.8,3.9,5.9,100.0,100.0,100.0,5.9,1.86
2,FivePoints,San Joaquin Valley,2022-12-27,361,0.02,29.2,12.0,1.17,11.3,7.2,9.2,100.0,100.0,100.0,9.2,3.24
2,FivePoints,San Joaquin Valley,2022-12-28,362,1.03,0.4,93.0,1.04,12.9,2.9,8.5,100.0,73.0,93.0,7.5,1.38
2,FivePoints,San Joaquin Valley,2022-12-29,363,0.06,6.2,21.0,1.18,11.1,7.7,9.4,100.0,99.0,100.0,9.4,2.33
2,FivePoints,San Joaquin Valley,2022-12-30,364,0.48,0.0,46.0,1.49,16.8,9.5,13.4,100.0,85.0,97.0,13.0,3.23
2,FivePoints,San Joaquin Valley,2022-12-31,365,0.36,2.3,17.0,1.47,16.7,10.1,14.4,98.0,76.0,90.0,12.7,4.85
2,FivePoints,San Joaquin Valley,2023-01-01,1,1.98,0.4,106.0,0.87,14.4,3.8,10.2,90.0,47.0,70.0,5.0,4.1
2,FivePoints,San Joaquin Valley,2023-01-02,2,0.27,5.7,22.0,0.84,9.2,2.1,6.2,100.0,70.0,88.0,4.4,2.68
2,FivePoints,San Joaquin Valley,2023-01-03,3,0.83,0.8,52.0,1.03,15.7,3.1,8.9,100.0,64.0,90.0,7.4,1.93
2,FivePoints,San Joaquin Valley,2023-01-04,4,1.05,1.6,58.0,1.21,18.1,6.7,12.1,100.0,65.0,85.0,9.8,3.65
2,FivePoints,San Joaquin Valley,2023-01-05,5,0.94,8.3,50.0,1.18,17.1,5.4,11.8,100.0,67.0,85.0,9.4,3.01
2,FivePoints,San Joaquin Valley,2023-01-06,6,1.15,2.1,101.0,0.97,14.0,2.3,7.7,100.0,70.0,92.0,6.5,1.59
2,FivePoints,San Joaquin Valley,2023-01-07,7,0.99,1.1,62.0,1.07,16.4,5.8,10.7,99.0,61.0,83.0,7.9,2.63
2,FivePoints,San Joaquin Valley,2023-01-08,8,1.01,0.9,62.0,1.22,15.6,10.8,12.8,99.0,57.0,82.0,9.9,2.88
2,FivePoints,San Joaquin Valley,2023-01-09,9,0.06,1.4,11.0,1.53,16.2,12.1,13.9,99.0,79.0,97.0,13.4,4.52
2,FivePoints,San Joaquin Valley,2023-01-10,10,1.81,1.3,93.0,1.07,16.1,7.3,12.5,97.0,51.0,74.0,8.0,3.98
2,FivePoints,San Joaquin Valley,2023-01-11,11,0.35,1.0,30.0,1.12,12.7,6.9,10.1,100.0,76.0,90.0,8.6,2.44
2,FivePoints,San Joaquin Valley,2023-01-12,12,1.5,19.4,93.0,1.11,18.4,6.5,11.6,99.0,51.0,81.0,8.5,2.36
2,FivePoints,San Joaquin Valley,2023-01-13,13,1.32,1.4,76.0,1.17,18.6,7.6,12.6,96.0,60.0,80.0,9.3,2.61
2,FivePoints,San Joaquin Valley,2023-01-14,14,0.11,19.3,17.0,1.26,13.4,8.4,11.7,99.0,81.0,92.0,10.4,3.36
2,FivePoints,San Joaquin Valley,2023-01-15,15,0.29,6.1,29.0,1.07,12.7,5.7,8.9,100.0,77.0,94.0,7.9,2.13
2,FivePoints,San Joaquin Valley,2023-01-16,16,0.83,5.5,56.0,0.99,13.4,3.5,9.0,100.0,66.0,87.0,6.9,2.76
2,FivePoints,San Joaquin Valley,2023-01-17,17,0.98,0.1,86.0,0.88,12.1,1.9,6.3,100.0,74.0,92.0,5.1,2.04
2,FivePoints,San Joaquin Valley,2023-01-18,18,1.08,0.1,91.0,0.84,12.7,0.3,6.3,100.0,64.0,88.0,4.5,1.27
2,FivePoints,San Joaquin Valley,2023-01-19,19,0.94,0.0,79.0,0.92,11.7,3.6,7.3,100.0,67.0,89.0,5.7,3.43
2,FivePoints,San Joaquin Valley,2023-01-20,20,1.22,0.0,102.0,0.71,10.6,-0.3,4.8,100.0,62.0,82.0,2.0,1.92
2,FivePoints,San Joaquin Valley,2023-01-21,21,1.25,0.1,109.0,0.76,12.7,-1.5,5.0,100.0,62.0,87.0,3.0,0.99
2,FivePoints,San Joaquin Valley,2023-01-22,22,1.69,0.1,117.0,0.69,12.5,-0.8,5.7,100.0,49.0,75.0,1.7,2.97
2,FivePoints,San Joaquin Valley,2023-01-23,23,1.77,0.0,127.0,0.64,11.9,0.2,5.8,99.0,50.0,70.0,0.7,2.78
2,FivePoints,San Joaquin Valley,2023-01-24,24,1.44,0.0,124.0,0.71,14.1,-2.0,5.2,100.0,52.0,80.0,2.1,0.76
2,FivePoints,San Joaquin Valley,2023-01-25,25,1.56,0.0,114.0,0.8,15.0,2.9,9.1,100.0,47.0,69.0,3.8,1.1
2,FivePoints,San Joaquin Valley,2023-01-26,26,1.61,0.0,124.0,0.82,16.4,-0.4,7.2,100.0,50.0,80.0,4.1,1.09
2,FivePoints,San Joaquin Valley,2023-01-27,27,1.32,0.0,90.0,0.82,17.4,0.2,8.1,100.0,44.0,76.0,4.2,0.92
2,FivePoints,San Joaquin Valley,2023-01-28,28,1.44,0.0,110.0,0.87,15.6,2.1,8.2,100.0,50.0,80.0,4.9,1.32
2,FivePoints,San Joaquin Valley,2023-01-29,29,0.88,2.6,59.0,0.87,13.5,1.3,7.2,100.0,53.0,85.0,4.9,2.27
2,FivePoints,San Joaquin Valley,2023-01-30,30,1.83,0.0,115.0,0.63,10.9,0.1,5.6,100.0,43.0,69.0,0.4,4.24
2,FivePoints,San Joaquin Valley,2023-01-31,31,1.53,0.0,126.0,0.5,12.5,-2.7,4.1,98.0,33.0,61.0,-2.6,1.19
2,FivePoints,San Joaquin Valley,2023-02-01,32,1.68,0.0,124.0,0.69,15.8,-2.4,6.0,100.0,42.0,74.0,1.7,1.26
2,FivePoints,San Joaquin Valley,2023-02-02,33,1.37,0.1,78.0,0.79,16.2,-1.0,8.2,100.0,47.0,73.0,3.6,1.77
2,FivePoints,San Joaquin Valley,2023-02-03,34,2.21,0.0,100.0,0.83,19.4,4.9,11.3,94.0,33.0,62.0,4.3,2.28
2,FivePoints,San Joaquin Valley,2023-02-04,35,1.99,0.0,113.0,0.97,18.6,2.0,11.1,100.0,44.0,73.0,6.5,2.29
2,FivePoints,San Joaquin Valley,2023-02-05,36,1.82,0.5,127.0,1.0,16.3,4.4,10.5,100.0,50.0,79.0,7.0,2.69
2,FivePoints,San Joaquin Valley,2023-02-06,37,1.56,0.2,136.0,0.83,12.9,0.6,6.3,100.0,68.0,87.0,4.2,2.25
2,FivePoints,San Joaquin Valley,2023-02-07,38,1.72,0.0,140.0,0.77,14.6,-1.5,6.6,100.0,50.0,80.0,3.3,0.93
2,FivePoints,San Joaquin Valley,2023-02-08,39,1.9,0.0,149.0,0.83,16.9,0.9,8.4,100.0,43.0,75.0,4.2,0.81
2,FivePoints,San Joaquin Valley,2023-02-09,40,2.01,0.0,146.0,0.87,19.1,2.0,9.8,100.0,45.0,72.0,5.0,0.88
2,FivePoints,San Joaquin Valley,2023-02-10,41,2.52,0.0,135.0,0.95,20.6,3.5,11.7,100.0,38.0,69.0,6.2,2.94
2,FivePoints,San Joaquin Valley,2023-02-11,42,1.97,0.0,124.0,0.72,13.8,2.2,8.6,90.0,42.0,65.0,2.3,2.7
2,FivePoints,San Joaquin Valley,2023-02-12,43,2.42,0.0,160.0,0.77,17.3,1.6,9.6,93.0,42.0,65.0,3.3,2.04
2,FivePoints,San Joaquin Valley,2023-02-13,44,2.2,0.0,158.0,0.78,18.9,0.4,9.6,100.0,35.0,66.0,3.5,1.09
2,FivePoints,San Joaquin Valley,2023-02-14,45,3.17,0.2,145.0,0.58,13.9,3.9,8.3,88.0,25.0,53.0,-0.8,5.49
2,FivePoints,San Joaquin Valley,2023-02-15,46,2.72,0.0,174.0,0.46,12.3,-0.4,6.0,72.0,31.0,49.0,-3.9,3.61
2,FivePoints,San Joaquin Valley,2023-02-16,47,2.45,0.0,144.0,0.44,16.5,-3.4,6.0,81.0,18.0,47.0,-4.4,1.94
2,FivePoints,San Joaquin Valley,2023-02-17,48,2.19,0.0,144.0,0.52,15.1,-1.5,6.2,79.0,29.0,54.0,-2.3,1.89
2,FivePoints,San Joaquin Valley,2023-02-18,49,2.63,0.0,179.0,0.44,17.8,-2.7,7.2,83.0,17.0,43.0,-4.6,1.06
2,FivePoints,San Joaquin Valley,2023-02-19,50,2.65,0.0,180.0,0.54,18.9,-0.7,8.8,77.0,24.0,48.0,-1.7,1.1
2,FivePoints,San Joaquin Valley,2023-02-20,51,2.63,0.0,167.0,0.64,20.1,0.2,10.2,86.0,28.0,52.0,0.7,1.17
2,FivePoints,San Joaquin Valley,2023-02-21,52,3.25,0.0,149.0,0.66,20.6,2.7,10.2,85.0,29.0,53.0,1.0,3.71
2,FivePoints,San Joaquin Valley,2023-02-22,53,1.85,0.4,115.0,0.55,10.7,-0.1,6.2,94.0,45.0,58.0,-1.5,2.91
2,FivePoints,San Joaquin Valley,2023-02-23,54,1.99,0.2,144.0,0.6,11.6,-2.1,4.9,100.0,43.0,69.0,-0.2,2.49
2,FivePoints,San Joaquin Valley,2023-02-24,55,0.31,28.3,40.0,0.92,9.3,4.2,6.6,99.0,78.0,94.0,5.8,4.0
2,FivePoints,San Joaquin Valley,2023-02-25,56,0.78,25.3,82.0,0.79,8.9,2.1,4.5,100.0,79.0,94.0,3.6,1.21
2,FivePoints,San Joaquin Valley,2023-02-26,57,1.56,0.3,118.0,0.86,12.7,2.6,7.9,100.0,54.0,80.0,4.7,2.33
2,FivePoints,San Joaquin Valley,2023-02-27,58,1.59,1.3,103.0,0.91,14.3,3.0,8.5,99.0,54.0,82.0,5.6,3.31
2,FivePoints,San Joaquin Valley,2023-02-28,59,1.21,0.3,80.0,0.87,12.6,2.7,7.9,99.0,64.0,81.0,4.9,2.66
2,FivePoints,San Joaquin Valley,2023-03-01,60,2.49,1.7,189.0,0.64,10.7,1.9,6.2,100.0,45.0,68.0,0.7,5.39
2,FivePoints,San Joaquin Valley,2023-03-02,61,2.48,0.0,196.0,0.62,13.7,-1.3,6.3,94.0,42.0,65.0,0.1,1.85
2,FivePoints,San Joaquin Valley,2023-03-03,62,2.29,0.0,183.0,0.76,15.7,-0.8,7.8,100.0,45.0,71.0,3.0,1.16
2,FivePoints,San Joaquin Valley,2023-03-04,63,2.21,0.0,150.0,0.86,15.5,5.0,9.2,96.0,43.0,74.0,4.8,3.27
2,FivePoints,San Joaquin Valley,2023-03-05,64,1.53,3.9,125.0,0.93,13.5,4.0,8.2,100.0,66.0,85.0,5.9,2.77
2,FivePoints,San Joaquin Valley,2023-03-06,65,1.93,2.6,149.0,0.83,13.6,2.3,7.9,100.0,50.0,78.0,4.4,1.5
2,FivePoints,San Joaquin Valley,2023-03-07,66,2.15,0.9,173.0,0.75,14.4,-0.2,7.5,100.0,42.0,73.0,2.9,0.94
2,FivePoints,San Joaquin Valley,2023-03-08,67,2.17,0.0,162.0,0.75,15.1,2.9,8.1,99.0,39.0,70.0,2.8,0.98
2,FivePoints,San Joaquin Valley,2023-03-09,68,1.44,2.0,91.0,0.93,15.2,2.4,8.6,99.0,50.0,83.0,6.0,3.01
2,FivePoints,San Joaquin Valley,2023-03-10,69,0.69,3.3,54.0,1.52,18.2,10.5,14.3,99.0,78.0,94.0,13.3,3.41
2,FivePoints,San Joaquin Valley,2023-03-11,70,2.54,1.1,159.0,1.44,22.1,10.4,15.0,100.0,55.0,84.0,12.4,2.2
2,FivePoints,San Joaquin Valley,2023-03-12,71,2.87,0.4,161.0,1.31,21.2,10.1,14.9,99.0,49.0,77.0,11.0,2.42
2,FivePoints,San Joaquin Valley,2023-03-13,72,2.78,0.3,166.0,1.26,22.1,7.7,15.3,100.0,44.0,73.0,10.4,1.56
2,FivePoints,San Joaquin Valley,2023-03-14,73,0.66,0.5,49.0,1.55,18.2,12.9,14.9,99.0,77.0,91.0,13.6,4.2
2,FivePoints,San Joaquin Valley,2023-03-15,74,2.68,7.5,225.0,1.14,15.7,7.3,11.4,99.0,64.0,85.0,8.9,3.82
2,FivePoints,San Joaquin Valley,2023-03-16,75,2.94,0.1,226.0,0.96,17.8,4.3,11.1,100.0,44.0,72.0,6.3,1.15
2,FivePoints,San Joaquin Valley,2023-03-17,76,3.09,0.0,213.0,1.06,20.2,5.7,12.5,98.0,47.0,73.0,7.8,1.47
2,FivePoints,San Joaquin Valley,2023-03-18,77,3.05,0.0,159.0,1.07,21.4,5.4,14.4,99.0,33.0,65.0,7.9,1.73
2,FivePoints,San Joaquin Valley,2023-03-19,78,1.52,6.6,97.0,1.25,17.4,10.8,13.6,97.0,55.0,80.0,10.3,3.47
2,FivePoints,San Joaquin Valley,2023-03-20,79,2.51,0.0,166.0,1.17,18.3,10.0,13.5,99.0,52.0,76.0,9.2,2.36
2,FivePoints,San Joaquin Valley,2023-03-21,80,1.89,12.4,143.0,1.06,16.0,7.1,10.8,99.0,59.0,82.0,7.8,4.73
2,FivePoints,San Joaquin Valley,2023-03-22,81,1.3,3.4,107.0,1.09,13.3,6.9,9.8,99.0,74.0,90.0,8.2,3.71
2,FivePoints,San Joaquin Valley,2023-03-23,82,1.96,0.4,133.0,1.04,15.0,5.8,10.4,100.0,54.0,82.0,7.5,2.43
2,FivePoints,San Joaquin Valley,2023-03-24,83,3.62,0.0,245.0,0.69,14.2,3.4,9.0,92.0,34.0,60.0,1.6,4.37
2,FivePoints,San Joaquin Valley,2023-03-25,84,3.57,0.0,230.0,0.63,14.8,0.5,7.8,98.0,29.0,59.0,0.3,3.51
2,FivePoints,San Joaquin Valley,2023-03-26,85,3.65,0.0,247.0,0.57,14.6,1.0,7.4,89.0,25.0,55.0,-1.0,3.04
2,FivePoints,San Joaquin Valley,2023-03-27,86,3.63,0.0,230.0,0.63,18.2,-0.6,9.5,95.0,27.0,53.0,0.3,1.83
2,FivePoints,San Joaquin Valley,2023-03-28,87,2.4,2.2,78.0,0.76,17.8,5.3,11.7,99.0,21.0,55.0,2.9,3.4
2,FivePoints,San Joaquin Valley,2023-03-29,88,2.18,1.1,161.0,0.93,14.2,4.9,9.3,100.0,51.0,80.0,5.9,2.74
2,FivePoints,San Joaquin Valley,2023-03-30,89,1.89,0.0,131.0,0.88,15.0,3.5,8.9,99.0,48.0,77.0,5.1,2.49
2,FivePoints,San Joaquin Valley,2023-03-31,90,2.7,0.0,187.0,0.85,18.1,1.2,10.0,100.0,39.0,69.0,4.6,1.27
2,FivePoints,San Joaquin Valley,2023-04-01,91,3.54,0.0,244.0,0.9,19.3,4.5,11.9,93.0,41.0,64.0,5.4,2.37
2,FivePoints,San Joaquin Valley,2023-04-02,92,3.32,0.0,212.0,1.05,19.8,5.8,12.8,99.0,54.0,71.0,7.7,2.94
2,FivePoints,San Joaquin Valley,2023-04-03,93,4.4,0.0,262.0,0.56,14.4,3.4,9.1,77.0,24.0,49.0,-1.1,5.28
2,FivePoints,San Joaquin Valley,2023-04-04,94,4.03,0.0,262.0,0.54,15.5,1.4,8.5,78.0,24.0,49.0,-1.6,2.89
2,FivePoints,San Joaquin Valley,2023-04-05,95,3.68,0.0,248.0,0.62,17.3,0.2,9.0,87.0,33.0,54.0,0.2,1.67
2,FivePoints,San Joaquin Valley,2023-04-06,96,4.04,0.0,249.0,0.73,21.6,1.5,12.8,87.0,27.0,50.0,2.5,1.44
2,FivePoints,San Joaquin Valley,2023-04-07,97,2.76,0.0,163.0,1.0,20.3,9.1,14.1,84.0,43.0,62.0,6.9,1.9
2,FivePoints,San Joaquin Valley,2023-04-08,98,3.49,0.0,226.0,1.2,22.4,8.0,15.1,99.0,45.0,70.0,9.6,2.1
2,FivePoints,San Joaquin Valley,2023-04-09,99,4.67,0.0,259.0,1.09,25.4,7.8,16.7,95.0,37.0,57.0,8.3,1.93
2,FivePoints,San Joaquin Valley,2023-04-10,100,5.26,0.0,261.0,1.24,31.7,9.2,19.9,87.0,27.0,53.0,10.1,1.9
2,FivePoints,San Joaquin Valley,2023-04-11,101,4.44,0.0,249.0,1.33,23.7,11.3,17.5,94.0,49.0,67.0,11.2,3.58
2,FivePoints,San Joaquin Valley,2023-04-12,102,4.54,0.0,229.0,0.81,19.9,8.3,15.3,71.0,34.0,47.0,3.9,3.46
2,FivePoints,San Joaquin Valley,2023-04-13,103,5.26,0.0,282.0,0.57,19.1,5.9,12.2,74.0,25.0,40.0,-1.1,3.96
2,FivePoints,San Joaquin Valley,2023-04-14,104,4.31,0.0,275.0,0.65,22.2,1.3,12.8,78.0,27.0,44.0,0.8,1.06
2,FivePoints,San Joaquin Valley,2023-04-15,105,4.87,0.0,279.0,0.83,24.8,4.9,15.2,77.0,28.0,48.0,4.3,1.7
2,FivePoints,San Joaquin Valley,2023-04-16,106,4.94,0.0,261.0,1.04,23.8,7.6,15.8,86.0,38.0,58.0,7.5,3.45
2,FivePoints,San Joaquin Valley,2023-04-17,107,4.39,0.0,245.0,0.88,20.9,5.7,13.9,86.0,36.0,55.0,5.1,2.94
2,FivePoints,San Joaquin Valley,2023-04-18,108,3.75,0.0,201.0,0.74,17.9,4.5,11.4,86.0,29.0,55.0,2.7,3.23
2,FivePoints,San Joaquin Valley,2023-04-19,109,4.93,0.0,281.0,0.63,19.3,2.3,11.6,77.0,25.0,46.0,0.4,3.89
2,FivePoints,San Joaquin Valley,2023-04-20,110,5.74,0.0,282.0,0.61,22.5,4.4,14.2,69.0,22.0,37.0,-0.1,3.18
2,FivePoints,San Joaquin Valley,2023-04-21,111,5.67,0.0,277.0,0.93,26.3,5.7,17.1,73.0,30.0,48.0,5.9,2.69
2,FivePoints,San Joaquin Valley,2023-04-22,112,6.16,0.0,275.0,1.07,28.2,8.6,19.2,83.0,31.0,48.0,8.0,2.96
2,FivePoints,San Joaquin Valley,2023-04-23,113,5.81,0.0,279.0,1.18,28.2,10.3,19.7,75.0,34.0,51.0,9.4,2.42
2,FivePoints,San Joaquin Valley,2023-04-24,114,6.21,0.0,284.0,0.9,28.4,9.2,19.0,77.0,22.0,41.0,5.5,2.54
2,FivePoints,San Joaquin Valley,2023-04-25,115,6.24,0.0,288.0,0.81,28.3,7.8,18.3,67.0,21.0,38.0,3.9,2.62
2,FivePoints,San Joaquin Valley,2023-04-26,116,6.11,0.0,285.0,0.89,30.8,8.6,20.8,68.0,21.0,36.0,5.3,1.76
2,FivePoints,San Joaquin Valley,2023-04-27,117,5.8,0.0,285.0,1.03,32.5,9.8,22.2,74.0,21.0,38.0,7.4,1.19
2,FivePoints,San Joaquin Valley,2023-04-28,118,6.3,0.0,283.0,1.17,33.9,11.3,23.9,78.0,23.0,39.0,9.2,1.66
2,FivePoints,San Joaquin Valley,2023-04-29,119,6.37,0.0,239.0,1.25,32.6,15.1,24.5,67.0,25.0,41.0,10.2,2.77
2,FivePoints,San Joaquin Valley,2023-04-30,120,7.24,0.0,287.0,0.99,28.5,12.7,20.9,60.0,24.0,40.0,6.9,4.34
2,FivePoints,San Joaquin Valley,2023-05-01,121,3.83,0.0,216.0,0.81,19.7,6.2,13.2,76.0,40.0,53.0,3.9,2.19
2,FivePoints,San Joaquin Valley,2023-05-02,122,3.67,0.0,213.0,0.84,17.7,8.2,12.6,72.0,43.0,58.0,4.5,3.13
2,FivePoints,San Joaquin Valley,2023-05-03,123,2.54,0.0,142.0,0.9,17.0,5.6,11.9,92.0,44.0,64.0,5.4,2.33
2,FivePoints,San Joaquin Valley,2023-05-04,124,2.2,0.0,153.0,1.18,18.4,9.5,12.5,99.0,50.0,82.0,9.4,1.32
2,FivePoints,San Joaquin Valley,2023-05-05,125,1.96,0.0,107.0,1.16,19.7,8.0,14.1,99.0,48.0,72.0,9.2,1.43
2,FivePoints,San Joaquin Valley,2023-05-06,126,2.37,0.0,122.0,1.09,20.3,9.1,14.8,98.0,40.0,65.0,8.2,2.2
2,FivePoints,San Joaquin Valley,2023-05-07,127,2.97,0.0,156.0,1.11,23.6,8.4,16.1,93.0,36.0,61.0,8.6,2.03
2,FivePoints,San Joaquin Valley,2023-05-08,128,3.44,0.0,129.0,1.02,23.9,9.3,16.4,87.0,34.0,55.0,7.2,3.49
2,FivePoints,San Joaquin Valley,2023-05-09,129,2.68,0.0,102.0,1.06,22.4,9.5,15.8,80.0,44.0,59.0,7.8,3.04
2,FivePoints,San Joaquin Valley,2023-05-10,130,2.99,0.0,133.0,0.99,23.5,6.7,15.9,96.0,32.0,55.0,6.8,1.84
2,FivePoints,San Joaquin Valley,2023-05-11,131,3.47,0.0,120.0,0.92,25.3,8.3,17.0,85.0,25.0,48.0,5.8,2.77
2,FivePoints,San Joaquin Valley,2023-05-12,132,3.76,0.0,118.0,1.1,29.2,8.6,19.9,83.0,31.0,48.0,8.4,2.01
2,FivePoints,San Joaquin Valley,2023-05-13,133,3.28,0.0,113.0,1.37,32.9,12.4,23.8,81.0,29.0,46.0,11.6,1.3
2,FivePoints,San Joaquin Valley,2023-05-14,134,5.23,0.0,105.0,1.17,34.9,14.8,25.2,77.0,16.0,36.0,9.2,2.55
2,FivePoints,San Joaquin Valley,2023-05-15,135,6.72,0.0,411.0,1.34,34.3,22.5,28.9,73.0,22.0,34.0,11.3,3.47
2,FivePoints,San Joaquin Valley,2023-05-16,136,8.72,0.0,326.0,1.28,34.3,15.0,25.8,79.0,23.0,39.0,10.7,4.02
2,FivePoints,San Joaquin Valley,2023-05-17,137,8.67,0.0,301.0,1.03,35.5,14.4,26.3,67.0,14.0,30.0,7.4,3.39
2,FivePoints,San Joaquin Valley,2023-05-18,138,8.18,0.0,317.0,1.0,34.6,13.2,25.2,68.0,17.0,31.0,7.0,3.06
2,FivePoints,San Joaquin Valley,2023-05-19,139,7.26,0.0,314.0,1.03,33.2,13.4,24.3,58.0,23.0,34.0,7.4,2.25
2,FivePoints,San Joaquin Valley,2023-05-20,140,7.19,0.0,317.0,1.08,32.3,13.5,23.9,62.0,22.0,36.0,8.1,2.35
2,FivePoints,San Joaquin Valley,2023-05-21,141,6.69,0.0,314.0,1.16,33.6,15.2,24.1,69.0,23.0,39.0,9.1,2.09
2,FivePoints,San Joaquin Valley,2023-05-22,142,6.85,0.0,338.0,1.17,35.0,19.0,29.2,64.0,24.0,29.0,9.3,2.02
2,FivePoints,San Joaquin Valley,2023-05-23,143,6.53,0.0,318.0,1.05,31.5,14.2,21.9,60.0,17.0,40.0,7.6,1.93
2,FivePoints,San Joaquin Valley,2023-05-24,144,5.71,0.0,347.0,1.09,26.8,10.2,18.2,77.0,30.0,52.0,8.3,1.39
2,FivePoints,San Joaquin Valley,2023-05-25,145,5.72,0.0,342.0,1.14,27.3,8.9,18.7,83.0,31.0,53.0,8.8,1.47
2,FivePoints,San Joaquin Valley,2023-05-26,146,5.82,0.0,338.0,1.19,26.8,11.4,19.2,77.0,37.0,54.0,9.5,1.8
2,FivePoints,San Joaquin Valley,2023-05-27,147,6.62,0.0,343.0,1.15,29.5,12.8,21.2,76.0,27.0,46.0,9.0,2.33
2,FivePoints,San Joaquin Valley,2023-05-28,148,6.52,0.0,317.0,1.15,28.9,12.8,20.6,75.0,31.0,47.0,9.0,2.74
2,FivePoints,San Joaquin Valley,2023-05-29,149,5.83,0.0,317.0,1.13,27.4,14.5,19.9,65.0,33.0,49.0,8.7,1.82
2,FivePoints,San Joaquin Valley,2023-05-30,150,5.47,0.0,302.0,1.14,26.5,13.4,19.4,71.0,35.0,51.0,8.9,1.89
2,FivePoints,San Joaquin Valley,2023-05-31,151,6.05,0.0,344.0,1.12,28.2,11.5,19.8,75.0,32.0,49.0,8.7,1.81
2,FivePoints,San Joaquin Valley,2023-06-01,152,6.32,0.0,339.0,0.92,29.2,10.3,19.7,75.0,23.0,40.0,5.7,1.47
2,FivePoints,San Joaquin Valley,2023-06-02,153,6.6,0.0,343.0,1.0,29.9,9.1,20.4,78.0,21.0,42.0,6.9,1.65
2,FivePoints,San Joaquin Valley,2023-06-03,154,6.59,0.0,317.0,1.03,32.5,10.9,23.0,76.0,21.0,37.0,7.3,1.51
2,FivePoints,San Joaquin Valley,2023-06-04,155,7.52,0.0,326.0,1.03,34.4,13.8,25.3,65.0,19.0,32.0,7.3,1.97
2,FivePoints,San Joaquin Valley,2023-06-05,156,5.4,0.0,238.0,1.23,30.0,16.5,23.3,60.0,29.0,43.0,10.0,1.89
2,FivePoints,San Joaquin Valley,2023-06-06,157,5.33,0.0,284.0,1.3,27.2,15.0,20.6,74.0,37.0,53.0,10.8,2.35
2,FivePoints,San Joaquin Valley,2023-06-07,158,4.1,0.0,229.0,1.45,24.7,15.3,19.8,76.0,49.0,63.0,12.5,1.94
2,FivePoints,San Joaquin Valley,2023-06-08,159,4.35,0.0,216.0,1.43,27.6,16.8,21.6,70.0,41.0,55.0,12.2,2.16
2,FivePoints,San Joaquin Valley,2023-06-09,160,6.3,0.0,292.0,1.41,29.5,15.0,22.7,77.0,36.0,51.0,12.0,3.14
2,FivePoints,San Joaquin Valley,2023-06-10,161,5.63,0.0,264.0,1.18,28.0,14.0,20.6,73.0,26.0,49.0,9.4,2.83
2,FivePoints,San Joaquin Valley,2023-06-11,162,4.5,0.0,222.0,1.16,28.1,13.2,19.8,68.0,33.0,50.0,9.2,1.69
2,FivePoints,San Joaquin Valley,2023-06-12,163,5.28,0.0,306.0,1.36,28.1,12.9,20.6,79.0,38.0,56.0,11.5,1.13
2,FivePoints,San Joaquin Valley,2023-06-13,164,6.24,0.0,315.0,1.39,30.4,14.4,22.6,76.0,35.0,51.0,11.9,2.25
2,FivePoints,San Joaquin Valley,2023-06-14,165,6.51,0.0,316.0,1.46,32.3,17.9,24.8,67.0,33.0,47.0,12.6,2.05
2,FivePoints,San Joaquin Valley,2023-06-15,166,6.76,0.0,324.0,1.48,32.4,15.8,24.5,69.0,32.0,48.0,12.8,1.94
2,FivePoints,San Joaquin Valley,2023-06-16,167,6.88,0.0,325.0,1.44,32.6,15.6,24.5,80.0,31.0,47.0,12.4,1.9
2,FivePoints,San Joaquin Valley,2023-06-17,168,6.79,0.0,309.0,1.29,34.6,16.0,26.0,71.0,24.0,38.0,10.7,1.56
2,FivePoints,San Joaquin Valley,2023-06-18,169,7.33,0.0,306.0,1.21,32.5,14.8,24.3,67.0,28.0,40.0,9.8,2.55
2,FivePoints,San Joaquin Valley,2023-06-19,170,7.06,0.0,332.0,0.86,26.3,10.1,18.8,74.0,23.0,40.0,4.8,3.21
2,FivePoints,San Joaquin Valley,2023-06-20,171,7.24,0.0,333.0,0.73,26.8,8.1,18.4,61.0,18.0,35.0,2.5,3.51
2,FivePoints,San Joaquin Valley,2023-06-21,172,6.49,0.0,395.0,0.82,28.5,14.0,23.5,65.0,19.0,29.0,4.2,1.66
2,FivePoints,San Joaquin Valley,2023-06-22,173,6.03,0.0,313.0,1.02,28.3,10.6,19.9,67.0,27.0,44.0,7.2,1.79
2,FivePoints,San Joaquin Valley,2023-06-23,174,5.54,0.0,332.0,1.15,26.6,10.6,18.9,79.0,34.0,53.0,9.1,1.36
2,FivePoints,San Joaquin Valley,2023-06-24,175,5.62,0.0,298.0,1.22,28.6,13.3,21.0,76.0,30.0,49.0,9.9,2.23
2,FivePoints,San Joaquin Valley,2023-06-25,176,6.77,0.0,330.0,1.24,28.8,13.5,21.4,76.0,33.0,48.0,10.1,3.21
2,FivePoints,San Joaquin Valley,2023-06-26,177,6.22,0.0,328.0,1.19,29.5,11.1,21.0,80.0,29.0,48.0,9.5,1.93
2,FivePoints,San Joaquin Valley,2023-06-27,178,6.31,0.0,320.0,1.21,29.8,11.8,21.6,79.0,28.0,47.0,9.8,1.85
2,FivePoints,San Joaquin Valley,2023-06-28,179,6.48,0.0,322.0,1.31,32.2,13.8,23.3,65.0,31.0,46.0,11.0,1.58
2,FivePoints,San Joaquin Valley,2023-06-29,180,6.46,0.0,325.0,1.42,33.4,15.3,25.0,69.0,30.0,45.0,12.2,1.21
2,FivePoints,San Joaquin Valley,2023-06-30,181,7.19,0.0,335.0,1.63,37.6,17.6,28.6,69.0,26.0,42.0,14.3,1.27
2,FivePoints,San Joaquin Valley,2023-07-01,182,8.54,0.0,337.0,1.48,39.9,18.5,30.5,75.0,16.0,34.0,12.8,2.03
2,FivePoints,San Joaquin Valley,2023-07-02,183,9.07,0.0,338.0,1.39,40.5,19.3,30.8,66.0,17.0,31.0,11.8,2.37
2,FivePoints,San Joaquin Valley,2023-07-03,184,7.53,0.0,345.0,1.23,36.8,17.7,27.8,64.0,19.0,33.0,10.0,1.38
2,FivePoints,San Joaquin Valley,2023-07-04,185,7.07,0.0,348.0,1.09,35.5,15.3,26.0,51.0,21.0,32.0,8.2,1.26
2,FivePoints,San Joaquin Valley,2023-07-05,186,7.48,0.0,350.0,1.1,34.9,14.2,25.3,58.0,20.0,34.0,8.3,1.84
2,FivePoints,San Joaquin Valley,2023-07-06,187,7.4,0.0,353.0,1.22,32.3,14.3,23.6,69.0,26.0,42.0,9.9,2.34
2,FivePoints,San Joaquin Valley,2023-07-07,188,6.95,0.0,352.0,1.3,32.6,12.1,22.8,77.0,27.0,47.0,10.9,1.95
2,FivePoints,San Joaquin Valley,2023-07-08,189,7.57,0.0,355.0,1.07,30.9,12.3,22.4,63.0,26.0,39.0,7.9,2.62
2,FivePoints,San Joaquin Valley,2023-07-09,190,6.99,0.0,354.0,1.06,30.2,11.6,21.3,67.0,26.0,42.0,7.8,2.28
2,FivePoints,San Joaquin Valley,2023-07-10,191,6.56,0.0,344.0,1.18,31.1,12.3,21.9,77.0,26.0,45.0,9.4,1.84
2,FivePoints,San Joaquin Valley,2023-07-11,192,6.93,0.0,348.0,1.19,34.6,13.2,25.1,80.0,18.0,37.0,9.5,1.08
2,FivePoints,San Joaquin Valley,2023-07-12,193,7.68,0.0,347.0,1.18,36.1,15.4,26.6,75.0,19.0,34.0,9.3,1.67
2,FivePoints,San Joaquin Valley,2023-07-13,194,7.86,0.0,348.0,1.22,35.8,15.7,26.7,56.0,22.0,35.0,9.9,1.87
2,FivePoints,San Joaquin Valley,2023-07-14,195,7.8,0.0,351.0,1.38,36.4,15.6,27.0,70.0,22.0,39.0,11.7,1.79
2,FivePoints,San Joaquin Valley,2023-07-15,196,7.57,0.0,345.0,1.52,38.6,17.7,28.8,65.0,23.0,38.0,13.2,1.31
2,FivePoints,San Joaquin Valley,2023-07-16,197,6.43,0.0,302.0,1.84,39.8,19.9,30.8,68.0,24.0,42.0,16.2,0.9
2,FivePoints,San Joaquin Valley,2023-07-17,198,7.13,0.0,314.0,1.93,40.4,21.6,31.1,72.0,27.0,43.0,16.9,1.32
2,FivePoints,San Joaquin Valley,2023-07-18,199,6.33,0.0,279.0,1.51,36.1,20.3,28.7,69.0,24.0,38.0,13.1,1.36
2,FivePoints,San Joaquin Valley,2023-07-19,200,7.51,0.0,331.0,1.34,36.8,19.6,28.2,52.0,21.0,35.0,11.3,1.86
2,FivePoints,San Joaquin Valley,2023-07-20,201,7.79,0.0,342.0,1.36,36.9,17.4,27.6,54.0,24.0,37.0,11.5,1.93
2,FivePoints,San Joaquin Valley,2023-07-21,202,7.15,0.0,337.0,1.55,37.4,16.5,27.8,77.0,24.0,41.0,13.5,1.24
2,FivePoints,San Joaquin Valley,2023-07-22,203,7.18,0.0,335.0,1.57,39.1,18.9,29.1,71.0,21.0,39.0,13.7,1.16
2,FivePoints,San Joaquin Valley,2023-07-23,204,7.29,0.0,306.0,1.67,39.7,21.7,30.8,64.0,24.0,38.0,14.6,1.51
2,FivePoints,San Joaquin Valley,2023-07-24,205,7.8,0.0,321.0,1.29,35.3,18.0,27.4,69.0,19.0,35.0,10.7,2.34
2,FivePoints,San Joaquin Valley,2023-07-25,206,7.11,0.0,324.0,1.32,35.5,16.2,26.7,62.0,24.0,38.0,11.1,1.76
2,FivePoints,San Joaquin Valley,2023-07-26,207,7.15,0.0,330.0,1.35,37.6,17.4,28.5,64.0,20.0,35.0,11.4,1.46
2,FivePoints,San Joaquin Valley,2023-07-27,208,7.13,0.0,332.0,1.3,36.5,18.5,27.5,51.0,22.0,35.0,10.8,1.61
2,FivePoints,San Joaquin Valley,2023-07-28,209,7.18,0.0,335.0,1.23,35.1,15.9,26.2,59.0,20.0,36.0,10.0,1.66
2,FivePoints,San Joaquin Valley,2023-07-29,210,7.35,0.0,323.0,1.13,35.7,17.4,27.6,54.0,21.0,31.0,8.8,2.03
2,FivePoints,San Joaquin Valley,2023-07-30,211,6.76,0.0,312.0,1.15,36.0,15.4,27.1,54.0,19.0,32.0,9.0,1.55
2,FivePoints,San Joaquin Valley,2023-07-31,212,6.48,0.0,315.0,1.19,36.4,16.6,27.1,52.0,21.0,33.0,9.6,1.24
2,FivePoints,San Joaquin Valley,2023-08-01,213,6.67,0.0,341.0,1.2,36.4,18.8,29.6,70.0,19.0,29.0,9.7,1.83
2,FivePoints,San Joaquin Valley,2023-08-02,214,6.47,0.0,338.0,1.19,31.9,13.5,23.0,70.0,26.0,42.0,9.6,1.53
2,FivePoints,San Joaquin Valley,2023-08-03,215,6.46,0.0,337.0,1.23,31.0,12.7,22.6,80.0,29.0,45.0,10.0,1.46
2,FivePoints,San Joaquin Valley,2023-08-04,216,6.3,0.0,334.0,1.42,32.7,12.8,23.2,79.0,26.0,50.0,12.2,1.33
2,FivePoints,San Joaquin Valley,2023-08-05,217,7.56,0.0,336.0,1.38,34.9,14.8,25.5,80.0,21.0,42.0,11.8,2.03
2,FivePoints,San Joaquin Valley,2023-08-06,218,7.53,0.0,328.0,1.56,36.4,15.7,26.4,79.0,23.0,45.0,13.6,2.03
2,FivePoints,San Joaquin Valley,2023-08-07,219,6.97,0.0,325.0,1.49,37.8,16.1,27.6,74.0,22.0,40.0,12.9,1.26
2,FivePoints,San Joaquin Valley,2023-08-08,220,7.17,0.0,334.0,1.22,35.5,17.4,26.5,68.0,18.0,35.0,9.9,1.5
2,FivePoints,San Joaquin Valley,2023-08-09,221,6.23,0.0,329.0,1.32,35.3,14.0,24.3,71.0,21.0,44.0,11.1,1.22
2,FivePoints,San Joaquin Valley,2023-08-10,222,5.05,0.0,242.0,1.56,31.7,16.6,24.5,85.0,33.0,51.0,13.7,1.47
2,FivePoints,San Joaquin Valley,2023-08-11,223,5.45,0.0,282.0,1.86,32.1,20.2,25.2,96.0,36.0,58.0,16.3,1.18
2,FivePoints,San Joaquin Valley,2023-08-12,224,5.08,0.0,275.0,1.59,34.4,18.1,26.9,68.0,31.0,45.0,14.0,0.72
2,FivePoints,San Joaquin Valley,2023-08-13,225,5.94,0.0,275.0,1.66,34.9,19.0,27.9,69.0,32.0,44.0,14.6,1.42
2,FivePoints,San Joaquin Valley,2023-08-14,226,6.11,0.0,298.0,1.73,39.3,20.2,29.9,73.0,21.0,41.0,15.3,1.07
2,FivePoints,San Joaquin Valley,2023-08-15,227,5.64,0.0,299.0,1.88,38.7,21.0,30.0,71.0,29.0,44.0,16.5,0.6
2,FivePoints,San Joaquin Valley,2023-08-16,228,4.74,0.0,230.0,1.97,36.7,19.4,28.3,81.0,35.0,51.0,17.3,0.76
2,FivePoints,San Joaquin Valley,2023-08-17,229,6.23,0.0,291.0,1.81,39.6,20.1,29.7,81.0,24.0,43.0,15.9,1.03
2,FivePoints,San Joaquin Valley,2023-08-18,230,6.1,0.0,304.0,1.48,37.0,17.4,27.5,76.0,18.0,40.0,12.8,1.23
2,FivePoints,San Joaquin Valley,2023-08-19,231,5.19,0.0,271.0,1.66,35.7,17.5,26.0,82.0,26.0,50.0,14.6,1.12
2,FivePoints,San Joaquin Valley,2023-08-21,233,6.01,0.0,283.0,2.03,31.9,18.8,24.2,99.0,42.0,67.0,17.7,3.54
2,FivePoints,San Joaquin Valley,2023-08-22,234,5.24,0.0,283.0,1.92,31.5,17.8,23.9,93.0,41.0,65.0,16.9,1.74
2,FivePoints,San Joaquin Valley,2023-08-23,235,5.71,0.0,292.0,1.77,34.9,18.4,26.4,81.0,29.0,51.0,15.6,1.26
2,FivePoints,San Joaquin Valley,2023-08-24,236,6.14,0.0,292.0,1.43,36.9,18.3,27.1,79.0,16.0,40.0,12.3,1.2
2,FivePoints,San Joaquin Valley,2023-08-25,237,5.29,0.0,292.0,1.52,33.2,17.3,25.2,71.0,28.0,47.0,13.2,0.98
2,FivePoints,San Joaquin Valley,2023-08-26,238,5.84,0.0,284.0,1.51,34.2,15.8,25.6,83.0,24.0,46.0,13.2,1.44
2,FivePoints,San Joaquin Valley,2023-08-27,239,6.98,0.0,297.0,1.24,34.5,15.4,25.1,77.0,20.0,39.0,10.2,2.29
2,FivePoints,San Joaquin Valley,2023-08-28,240,7.05,0.0,299.0,1.1,35.4,12.9,25.0,68.0,18.0,35.0,8.4,2.05
2,FivePoints,San Joaquin Valley,2023-08-29,241,7.67,0.0,301.0,0.95,35.3,14.5,24.9,58.0,14.0,30.0,6.2,2.48
2,FivePoints,San Joaquin Valley,2023-08-30,242,6.35,0.0,287.0,1.18,34.3,12.6,24.1,72.0,21.0,39.0,9.4,1.98
2,FivePoints,San Joaquin Valley,2023-08-31,243,7.52,0.0,291.0,1.0,37.1,14.6,25.9,71.0,11.0,30.0,6.9,2.2
2,FivePoints,San Joaquin Valley,2023-09-01,244,5.66,0.0,264.0,1.39,32.9,13.0,22.5,70.0,29.0,51.0,11.8,1.81
2,FivePoints,San Joaquin Valley,2023-09-02,245,2.72,0.0,135.0,1.58,26.9,14.6,20.7,84.0,51.0,65.0,13.8,1.47
2,FivePoints,San Joaquin Valley,2023-09-03,246,3.01,0.0,154.0,1.57,26.0,16.0,20.9,77.0,53.0,64.0,13.7,1.47
2,FivePoints,San Joaquin Valley,2023-09-04,247,4.86,0.0,281.0,1.37,28.4,12.2,20.6,89.0,34.0,56.0,11.7,1.04
2,FivePoints,San Joaquin Valley,2023-09-05,248,4.62,0.0,276.0,1.38,31.9,14.0,22.9,77.0,28.0,49.0,11.8,0.52
2,FivePoints,San Joaquin Valley,2023-09-06,249,4.87,0.0,275.0,1.37,32.2,15.7,23.8,73.0,29.0,46.0,11.6,0.85
2,FivePoints,San Joaquin Valley,2023-09-07,250,5.25,0.0,275.0,1.42,33.0,14.5,24.1,75.0,28.0,47.0,12.2,1.4
2,FivePoints,San Joaquin Valley,2023-09-08,251,5.34,0.0,274.0,1.32,35.5,15.0,25.5,73.0,21.0,40.0,11.1,1.03
2,FivePoints,San Joaquin Valley,2023-09-09,252,6.35,0.0,260.0,1.27,34.4,19.0,26.8,56.0,25.0,36.0,10.5,2.26
2,FivePoints,San Joaquin Valley,2023-09-10,253,5.83,0.0,237.0,1.16,33.5,19.9,25.9,53.0,24.0,35.0,9.2,1.92
2,FivePoints,San Joaquin Valley,2023-09-11,254,4.78,0.0,219.0,1.06,32.5,14.4,23.6,61.0,19.0,36.0,7.8,1.28
2,FivePoints,San Joaquin Valley,2023-09-12,255,5.41,0.0,268.0,1.18,33.0,13.1,23.2,68.0,22.0,41.0,9.4,1.44
2,FivePoints,San Joaquin Valley,2023-09-13,256,5.13,0.0,263.0,1.25,32.9,14.2,23.7,70.0,26.0,43.0,10.3,1.05
2,FivePoints,San Joaquin Valley,2023-09-14,257,4.55,0.0,261.0,1.3,33.9,14.9,24.5,68.0,23.0,42.0,10.8,0.61
2,FivePoints,San Joaquin Valley,2023-09-15,258,5.35,0.0,252.0,1.48,33.4,15.7,24.7,69.0,30.0,47.0,12.8,1.54
2,FivePoints,San Joaquin Valley,2023-09-16,259,5.27,0.0,252.0,1.58,31.8,16.3,23.7,79.0,35.0,54.0,13.8,2.13
2,FivePoints,San Joaquin Valley,2023-09-17,260,4.04,0.0,240.0,1.58,28.8,15.9,21.8,82.0,45.0,60.0,13.8,1.18
2,FivePoints,San Joaquin Valley,2023-09-18,261,2.98,0.0,172.0,1.42,27.0,14.5,20.8,80.0,43.0,58.0,12.2,1.17
2,FivePoints,San Joaquin Valley,2023-09-19,262,3.91,0.0,233.0,1.41,28.9,15.1,21.5,72.0,39.0,55.0,12.0,0.9
2,FivePoints,San Joaquin Valley,2023-09-20,263,4.17,0.0,242.0,1.43,30.7,13.9,22.3,79.0,34.0,53.0,12.3,0.76
2,FivePoints,San Joaquin Valley,2023-09-21,264,3.65,0.0,242.0,1.27,26.1,12.1,18.9,82.0,38.0,58.0,10.4,0.54
2,FivePoints,San Joaquin Valley,2023-09-22,265,3.86,0.0,242.0,1.27,27.3,10.8,19.4,85.0,35.0,56.0,10.5,0.76
2,FivePoints,San Joaquin Valley,2023-09-23,266,3.93,0.0,237.0,1.28,29.3,14.1,21.1,73.0,31.0,51.0,10.6,0.98
2,FivePoints,San Joaquin Valley,2023-09-24,267,3.96,0.0,241.0,1.23,30.5,13.4,21.2,74.0,25.0,49.0,10.0,0.81
2,FivePoints,San Joaquin Valley,2023-09-25,268,4.2,0.0,243.0,1.24,28.7,13.2,20.2,79.0,29.0,52.0,10.1,2.09
2,FivePoints,San Joaquin Valley,2023-09-26,269,4.7,0.0,238.0,1.31,28.1,11.3,20.6,75.0,38.0,54.0,11.0,2.08
2,FivePoints,San Joaquin Valley,2023-09-27,270,4.8,0.0,238.0,1.2,28.3,12.3,19.8,82.0,30.0,52.0,9.6,2.33
2,FivePoints,San Joaquin Valley,2023-09-28,271,4.99,0.0,235.0,1.18,28.6,12.5,19.9,78.0,31.0,51.0,9.4,2.55
2,FivePoints,San Joaquin Valley,2023-09-29,272,4.63,0.0,228.0,1.19,29.4,9.6,20.3,80.0,28.0,50.0,9.6,1.94
2,FivePoints,San Joaquin Valley,2023-09-30,273,2.76,0.0,155.0,1.29,23.3,11.7,17.1,87.0,45.0,66.0,10.7,1.34
2,FivePoints,San Joaquin Valley,2023-10-01,274,2.44,0.0,155.0,1.23,22.8,11.9,16.7,78.0,47.0,65.0,10.0,0.94
2,FivePoints,San Joaquin Valley,2023-10-02,275,3.96,0.0,224.0,1.03,25.6,8.4,17.1,87.0,32.0,53.0,7.4,1.15
2,FivePoints,San Joaquin Valley,2023-10-03,276,3.7,0.0,222.0,1.0,28.0,9.4,18.5,73.0,28.0,47.0,6.9,0.7
2,FivePoints,San Joaquin Valley,2023-10-04,277,3.59,0.0,222.0,1.1,31.8,10.5,20.6,73.0,25.0,45.0,8.4,0.52
2,FivePoints,San Joaquin Valley,2023-10-05,278,3.86,0.0,220.0,1.24,33.3,12.3,22.5,74.0,25.0,45.0,10.1,0.61
2,FivePoints,San Joaquin Valley,2023-10-06,279,3.95,0.0,221.0,1.19,33.9,12.4,22.8,73.0,22.0,43.0,9.5,0.71
2,FivePoints,San Joaquin Valley,2023-10-07,280,3.73,0.0,211.0,1.27,35.4,12.9,24.0,71.0,22.0,43.0,10.5,0.56
2,FivePoints,San Joaquin Valley,2023-10-08,281,3.71,0.0,209.0,1.26,36.1,15.0,24.5,69.0,20.0,41.0,10.3,0.59
2,FivePoints,San Joaquin Valley,2023-10-09,282,3.61,0.0,153.0,1.21,24.6,12.9,19.1,72.0,44.0,55.0,9.8,2.38
2,FivePoints,San Joaquin Valley,2023-10-10,283,3.4,0.0,183.0,1.35,26.0,12.9,19.2,85.0,40.0,61.0,11.4,1.68
2,FivePoints,San Joaquin Valley,2023-10-11,284,5.33,0.0,196.0,0.82,23.3,12.7,18.5,68.0,31.0,38.0,4.1,5.03
2,FivePoints,San Joaquin Valley,2023-10-12,285,4.0,0.0,216.0,0.9,23.9,7.0,15.5,75.0,35.0,51.0,5.5,2.28
2,FivePoints,San Joaquin Valley,2023-10-13,286,4.48,0.0,201.0,0.85,28.7,7.6,17.9,76.0,19.0,41.0,4.6,2.0
2,FivePoints,San Joaquin Valley,2023-10-14,287,3.76,0.0,191.0,0.91,28.8,8.9,18.2,69.0,24.0,43.0,5.5,1.67
2,FivePoints,San Joaquin Valley,2023-10-15,288,3.67,0.0,204.0,1.1,29.6,9.5,18.9,76.0,27.0,51.0,8.4,1.36
2,FivePoints,San Joaquin Valley,2023-10-16,289,4.22,0.0,192.0,1.16,29.1,10.9,19.6,72.0,33.0,51.0,9.2,2.27
2,FivePoints,San Joaquin Valley,2023-10-17,290,4.22,0.0,201.0,1.25,27.9,10.5,18.7,85.0,34.0,58.0,10.3,2.4
2,FivePoints,San Joaquin Valley,2023-10-18,291,3.56,0.0,198.0,1.29,30.6,9.7,19.6,82.0,34.0,56.0,10.7,1.07
2,FivePoints,San Joaquin Valley,2023-10-19,292,3.69,0.0,192.0,1.33,32.3,11.3,20.9,83.0,29.0,54.0,11.2,1.15
2,FivePoints,San Joaquin Valley,2023-10-20,293,3.82,0.0,187.0,1.3,33.9,13.3,22.3,77.0,25.0,48.0,10.9,1.4
2,FivePoints,San Joaquin Valley,2023-10-21,294,4.03,0.0,186.0,1.31,25.9,13.1,19.3,80.0,43.0,59.0,11.0,3.32
2,FivePoints,San Joaquin Valley,2023-10-22,295,2.87,0.0,156.0,1.36,25.2,10.0,17.7,87.0,44.0,67.0,11.5,2.23
2,FivePoints,San Joaquin Valley,2023-10-23,296,2.87,0.0,185.0,1.54,23.0,12.3,17.0,98.0,55.0,79.0,13.4,2.88
2,FivePoints,San Joaquin Valley,2023-10-24,297,2.92,0.0,186.0,1.45,25.2,10.0,16.8,100.0,47.0,76.0,12.5,1.46
2,FivePoints,San Joaquin Valley,2023-10-25,298,3.84,0.0,185.0,1.17,25.1,8.9,16.8,99.0,29.0,61.0,9.2,2.97
2,FivePoints,San Joaquin Valley,2023-10-26,299,3.14,0.0,186.0,0.94,19.8,7.1,13.8,85.0,33.0,60.0,6.1,3.04
2,FivePoints,San Joaquin Valley,2023-10-27,300,2.93,0.0,173.0,0.68,21.4,3.0,11.4,89.0,24.0,51.0,1.5,1.53
2,FivePoints,San Joaquin Valley,2023-10-28,301,3.65,0.0,188.0,0.64,20.0,3.6,11.0,72.0,26.0,49.0,0.6,2.95
2,FivePoints,San Joaquin Valley,2023-10-29,302,3.27,0.0,189.0,0.47,21.5,2.8,10.7,72.0,18.0,37.0,-3.5,1.86
2,FivePoints,San Joaquin Valley,2023-10-30,303,2.94,0.0,188.0,0.54,24.4,0.8,11.1,76.0,15.0,41.0,-1.7,1.03
2,FivePoints,San Joaquin Valley,2023-10-31,304,2.77,0.0,180.0,0.62,25.3,0.7,11.6,82.0,16.0,46.0,0.2,1.07
2,FivePoints,San Joaquin Valley,2023-11-01,305,2.9,0.0,180.0,0.67,24.9,1.7,12.4,84.0,20.0,46.0,1.2,1.15
2,FivePoints,San Joaquin Valley,2023-11-02,306,2.88,0.0,172.0,0.68,26.5,3.5,13.7,79.0,19.0,43.0,1.5,1.13
2,FivePoints,San Joaquin Valley,2023-11-03,307,2.81,0.0,167.0,0.8,26.0,6.3,15.1,73.0,26.0,47.0,3.8,1.15
2,FivePoints,San Joaquin Valley,2023-11-04,308,2.73,0.0,159.0,0.88,27.0,4.8,15.2,82.0,25.0,51.0,5.1,1.13
2,FivePoints,San Joaquin Valley,2023-11-05,309,2.87,0.0,163.0,1.06,25.7,7.7,15.9,86.0,36.0,59.0,7.8,1.59
2,FivePoints,San Joaquin Valley,2023-11-06,310,2.91,0.0,143.0,1.27,24.0,10.2,17.1,92.0,43.0,65.0,10.4,2.9
2,FivePoints,San Joaquin Valley,2023-11-07,311,2.87,0.0,167.0,1.16,19.8,9.0,14.2,98.0,44.0,71.0,9.1,3.52
2,FivePoints,San Joaquin Valley,2023-11-08,312,2.85,0.0,165.0,0.79,19.1,4.0,11.1,81.0,38.0,60.0,3.6,2.89
2,FivePoints,San Joaquin Valley,2023-11-09,313,2.42,0.0,156.0,0.68,20.4,-0.4,9.9,88.0,29.0,56.0,1.5,1.24
2,FivePoints,San Joaquin Valley,2023-11-10,314,2.41,0.0,159.0,0.68,20.6,1.3,9.7,88.0,29.0,57.0,1.5,1.33
2,FivePoints,San Joaquin Valley,2023-11-11,315,2.37,0.0,156.0,0.71,21.3,0.9,10.5,84.0,30.0,56.0,2.0,1.18
2,FivePoints,San Joaquin Valley,2023-11-12,316,2.93,0.0,159.0,0.74,23.5,1.5,12.1,85.0,28.0,52.0,2.6,1.89
2,FivePoints,San Joaquin Valley,2023-11-13,317,2.67,0.0,144.0,0.73,24.2,6.6,14.1,67.0,19.0,46.0,2.5,1.75
2,FivePoints,San Joaquin Valley,2023-11-14,318,2.84,0.0,140.0,0.7,24.0,6.7,14.1,71.0,20.0,43.0,1.8,1.9
2,FivePoints,San Joaquin Valley,2023-11-15,319,1.08,0.0,62.0,0.97,19.1,2.2,11.6,92.0,45.0,71.0,6.5,1.32
2,FivePoints,San Joaquin Valley,2023-11-16,320,2.43,0.0,137.0,1.29,23.7,10.6,16.1,93.0,43.0,71.0,10.8,1.85
2,FivePoints,San Joaquin Valley,2023-11-17,321,2.09,0.0,116.0,1.24,22.4,7.5,15.1,99.0,49.0,72.0,10.1,1.94
2,FivePoints,San Joaquin Valley,2023-11-18,322,1.51,0.0,80.0,1.34,19.3,8.4,14.8,99.0,65.0,80.0,11.3,2.69
2,FivePoints,San Joaquin Valley,2023-11-19,323,3.38,0.0,150.0,0.81,18.0,4.1,12.5,94.0,36.0,56.0,4.0,5.25
2,FivePoints,San Joaquin Valley,2023-11-20,324,2.25,0.0,149.0,0.62,17.5,2.8,9.3,76.0,33.0,53.0,0.3,1.94
2,FivePoints,San Joaquin Valley,2023-11-21,325,2.0,0.0,141.0,0.66,21.6,-1.6,9.3,87.0,26.0,57.0,1.2,1.15
2,FivePoints,San Joaquin Valley,2023-11-22,326,2.11,0.0,141.0,0.74,20.5,2.2,10.8,88.0,30.0,57.0,2.6,1.16
2,FivePoints,San Joaquin Valley,2023-11-23,327,2.87,0.0,141.0,0.75,20.7,3.4,12.5,83.0,26.0,52.0,2.9,2.38
2,FivePoints,San Joaquin Valley,2023-11-24,328,2.88,0.0,145.0,0.5,16.0,0.7,8.4,71.0,29.0,45.0,-2.8,3.05
2,FivePoints,San Joaquin Valley,2023-11-25,329,2.07,0.0,142.0,0.5,16.4,-3.2,6.1,81.0,32.0,54.0,-2.6,1.6
2,FivePoints,San Joaquin Valley,2023-11-26,330,1.4,0.0,92.0,0.56,16.2,-2.4,6.3,84.0,36.0,58.0,-1.2,1.13
2,FivePoints,San Joaquin Valley,2023-11-27,331,1.92,0.0,139.0,0.54,18.9,-0.1,7.3,80.0,25.0,53.0,-1.8,1.04
2,FivePoints,San Joaquin Valley,2023-11-28,332,2.35,0.0,138.0,0.49,20.3,-1.2,8.8,77.0,19.0,44.0,-2.9,1.49
2,FivePoints,San Joaquin Valley,2023-11-29,333,1.93,0.0,102.0,0.74,17.0,6.6,11.8,78.0,40.0,53.0,2.6,2.01
2,FivePoints,San Joaquin Valley,2023-11-30,334,1.99,0.0,116.0,0.77,18.6,3.1,10.4,88.0,42.0,61.0,3.3,1.62
2,FivePoints,San Joaquin Valley,2023-12-01,335,2.24,0.0,134.0,0.67,16.8,2.3,8.7,84.0,37.0,59.0,1.2,2.37
2,FivePoints,San Joaquin Valley,2023-12-02,336,1.73,0.0,122.0,0.74,17.9,0.9,8.6,83.0,45.0,66.0,2.6,1.42
2,FivePoints,San Joaquin Valley,2023-12-03,337,1.28,0.0,84.0,0.84,17.4,1.7,9.3,88.0,55.0,72.0,4.5,1.21
2,FivePoints,San Joaquin Valley,2023-12-04,338,1.56,0.0,100.0,0.92,18.4,5.0,10.2,92.0,55.0,74.0,5.8,1.57
2,FivePoints,San Joaquin Valley,2023-12-05,339,1.7,0.0,125.0,0.9,20.1,1.4,9.7,98.0,49.0,75.0,5.5,1.09
2,FivePoints,San Joaquin Valley,2023-12-06,340,2.74,0.0,124.0,0.9,25.6,3.1,12.5,92.0,30.0,62.0,5.5,2.87
2,FivePoints,San Joaquin Valley,2023-12-07,341,2.43,0.0,128.0,0.86,18.0,5.1,11.5,93.0,39.0,63.0,4.7,3.7
2,FivePoints,San Joaquin Valley,2023-12-08,342,1.9,0.0,118.0,0.78,15.0,1.4,8.3,91.0,51.0,72.0,3.5,3.86
2,FivePoints,San Joaquin Valley,2023-12-09,343,1.74,0.0,126.0,0.53,15.3,-2.3,5.9,82.0,35.0,58.0,-1.9,1.58
2,FivePoints,San Joaquin Valley,2023-12-10,344,1.56,0.0,113.0,0.57,16.0,-1.6,6.3,85.0,36.0,59.0,-1.0,1.26
2,FivePoints,San Joaquin Valley,2023-12-11,345,1.63,0.0,119.0,0.63,15.8,-1.0,6.8,90.0,39.0,64.0,0.4,1.44
2,FivePoints,San Joaquin Valley,2023-12-12,346,1.77,0.0,125.0,0.63,16.7,-1.1,6.9,89.0,37.0,63.0,0.3,1.37
2,FivePoints,San Joaquin Valley,2023-12-13,347,1.57,0.0,124.0,0.65,17.2,-2.0,6.6,91.0,40.0,67.0,0.9,1.18
2,FivePoints,San Joaquin Valley,2023-12-14,348,1.73,0.0,114.0,0.67,18.2,-0.3,7.9,92.0,36.0,63.0,1.3,1.37
2,FivePoints,San Joaquin Valley,2023-12-15,349,1.5,0.0,111.0,0.7,18.5,0.1,8.1,91.0,36.0,65.0,1.8,1.17
2,FivePoints,San Joaquin Valley,2023-12-16,350,1.86,0.4,124.0,0.66,20.4,-1.0,8.8,91.0,29.0,58.0,1.0,1.34
2,FivePoints,San Joaquin Valley,2023-12-17,351,1.13,0.0,61.0,0.71,16.0,2.9,8.8,81.0,44.0,62.0,2.0,1.32
2,FivePoints,San Joaquin Valley,2023-12-18,352,0.59,1.0,34.0,1.13,16.7,8.7,11.9,99.0,61.0,81.0,8.7,1.93
2,FivePoints,San Joaquin Valley,2023-12-19,353,1.07,2.4,70.0,1.52,19.1,11.2,14.5,99.0,75.0,92.0,13.2,2.86
2,FivePoints,San Joaquin Valley,2023-12-20,354,0.21,21.7,24.0,1.43,16.6,9.8,12.7,100.0,86.0,97.0,12.2,2.02
2,FivePoints,San Joaquin Valley,2023-12-21,355,0.05,0.4,19.0,1.23,12.4,7.1,10.0,100.0,99.0,100.0,10.0,1.71
2,FivePoints,San Joaquin Valley,2023-12-22,356,0.45,0.2,49.0,1.28,15.4,6.9,10.7,100.0,89.0,99.0,10.6,1.62
2,FivePoints,San Joaquin Valley,2023-12-23,357,0.65,0.2,62.0,1.08,14.0,3.6,8.5,100.0,80.0,97.0,8.0,1.84
2,FivePoints,San Joaquin Valley,2023-12-24,358,1.14,0.2,95.0,0.94,15.5,2.2,7.6,100.0,60.0,90.0,6.1,1.3
2,FivePoints,San Joaquin Valley,2023-12-25,359,1.18,0.2,99.0,1.01,15.8,3.2,8.4,100.0,63.0,92.0,7.1,1.2
2,FivePoints,San Joaquin Valley,2023-12-26,360,0.98,0.1,76.0,1.11,15.7,4.6,9.6,100.0,71.0,93.0,8.5,1.64
2,FivePoints,San Joaquin Valley,2023-12-27,361,1.89,0.0,70.0,1.08,19.3,6.5,13.1,99.0,44.0,72.0,8.1,3.35
2,FivePoints,San Joaquin Valley,2023-12-28,362,1.58,0.0,105.0,1.14,19.6,7.5,12.6,100.0,51.0,79.0,8.9,1.98
2,FivePoints,San Joaquin Valley,2023-12-29,363,2.22,1.3,100.0,1.14,21.1,7.8,14.0,99.0,47.0,72.0,8.9,3.25
2,FivePoints,San Joaquin Valley,2023-12-30,364,0.89,16.7,74.0,1.32,15.7,8.7,12.0,100.0,72.0,94.0,11.0,1.53
2,FivePoints,San Joaquin Valley,2023-12-31,365,0.55,0.0,49.0,1.24,13.3,8.3,10.7,100.0,86.0,96.0,10.1,1.58
2,FivePoints,San Joaquin Valley,2024-01-01,1,0.62,0.1,60.0,1.14,14.0,6.2,9.2,100.0,83.0,98.0,8.9,1.99
2,FivePoints,San Joaquin Valley,2024-01-02,2,0.08,0.8,24.0,1.09,11.4,6.8,8.3,100.0,94.0,99.0,8.2,2.86
2,FivePoints,San Joaquin Valley,2024-01-03,3,1.22,2.3,106.0,1.08,14.2,5.7,9.4,100.0,62.0,91.0,8.0,2.29
2,FivePoints,San Joaquin Valley,2024-01-04,4,1.09,0.0,122.0,1.02,12.0,3.0,8.0,100.0,79.0,95.0,7.2,2.81
2,FivePoints,San Joaquin Valley,2024-01-05,5,0.97,0.1,84.0,0.91,13.4,2.5,6.5,100.0,70.0,94.0,5.6,1.59
2,FivePoints,San Joaquin Valley,2024-01-06,6,0.46,1.3,52.0,0.92,10.2,0.9,5.9,100.0,85.0,99.0,5.7,2.11
2,FivePoints,San Joaquin Valley,2024-01-07,7,1.79,0.1,137.0,0.68,11.3,0.5,5.7,100.0,50.0,74.0,1.4,3.82
2,FivePoints,San Joaquin Valley,2024-01-08,8,1.51,0.0,133.0,0.64,11.7,-1.4,4.2,97.0,53.0,78.0,0.7,2.09
2,FivePoints,San Joaquin Valley,2024-01-09,9,1.52,0.0,129.0,0.69,13.5,-2.2,5.6,100.0,50.0,76.0,1.6,1.34
2,FivePoints,San Joaquin Valley,2024-01-10,10,1.68,1.1,69.0,0.9,22.6,9.1,11.7,100.0,45.0,66.0,5.4,2.09
2,FivePoints,San Joaquin Valley,2024-01-11,11,2.02,0.0,142.0,0.63,12.0,-0.7,6.0,90.0,38.0,67.0,0.3,3.51
2,FivePoints,San Joaquin Valley,2024-01-12,12,1.35,0.0,109.0,0.62,11.9,-3.2,4.6,100.0,49.0,73.0,0.2,1.46
2,FivePoints,San Joaquin Valley,2024-01-13,13,0.58,0.1,56.0,0.81,10.7,1.1,5.7,99.0,67.0,88.0,3.9,1.88
2,FivePoints,San Joaquin Valley,2024-01-14,14,1.44,0.0,111.0,1.04,16.8,4.5,10.4,100.0,60.0,83.0,7.6,1.69
2,FivePoints,San Joaquin Valley,2024-01-15,15,0.56,0.0,63.0,1.14,13.3,7.7,9.3,100.0,86.0,97.0,8.9,2.35
2,FivePoints,San Joaquin Valley,2024-01-16,16,0.25,0.1,36.0,1.12,10.5,7.3,8.6,100.0,99.0,100.0,8.6,1.72
2,FivePoints,San Joaquin Valley,2024-01-17,17,0.53,1.4,57.0,1.21,13.6,5.5,9.8,100.0,97.0,100.0,9.8,1.74
2,FivePoints,San Joaquin Valley,2024-01-18,18,0.53,0.1,51.0,1.14,15.1,3.1,9.1,100.0,82.0,99.0,8.9,1.73
2,FivePoints,San Joaquin Valley,2024-01-19,19,0.59,1.1,43.0,1.29,16.8,6.5,11.6,100.0,78.0,94.0,10.7,2.18
2,FivePoints,San Joaquin Valley,2024-01-20,20,0.81,7.9,62.0,1.43,17.2,11.1,13.3,100.0,79.0,94.0,12.3,2.15
2,FivePoints,San Joaquin Valley,2024-01-21,21,0.11,1.9,6.0,1.4,17.0,10.9,13.1,100.0,79.0,93.0,12.0,2.88
2,FivePoints,San Joaquin Valley,2024-01-22,22,0.02,3.8,8.0,1.4,15.3,9.7,12.4,100.0,87.0,97.0,12.0,2.23
2,FivePoints,San Joaquin Valley,2024-01-23,23,0.15,0.1,13.0,1.35,16.4,8.7,12.2,100.0,78.0,95.0,11.4,2.29
2,FivePoints,San Joaquin Valley,2024-01-24,24,0.2,5.7,28.0,1.35,13.7,9.0,11.5,100.0,97.0,99.0,11.4,2.31
2,FivePoints,San Joaquin Valley,2024-01-25,25,1.37,0.0,110.0,1.26,16.7,5.9,11.6,100.0,67.0,92.0,10.4,2.42
2,FivePoints,San Joaquin Valley,2024-01-26,26,1.27,0.1,99.0,1.14,17.2,4.2,10.5,100.0,67.0,90.0,8.9,1.21
2,FivePoints,San Joaquin Valley,2024-01-27,27,1.02,0.0,80.0,1.21,16.9,5.9,10.9,100.0,67.0,93.0,9.8,1.36
2,FivePoints,San Joaquin Valley,2024-01-28,28,1.57,0.2,119.0,1.23,20.0,5.3,12.0,100.0,58.0,88.0,10.0,1.23
2,FivePoints,San Joaquin Valley,2024-01-29,29,1.92,0.0,120.0,1.28,23.3,5.9,13.7,100.0,47.0,81.0,10.6,1.6
2,FivePoints,San Joaquin Valley,2024-01-30,30,2.11,0.0,107.0,1.23,23.3,7.1,15.1,100.0,40.0,72.0,10.0,1.85
2,FivePoints,San Joaquin Valley,2024-01-31,31,2.18,3.6,51.0,0.87,22.5,10.7,15.4,86.0,26.0,50.0,5.0,3.15
2,FivePoints,San Joaquin Valley,2024-02-01,32,1.07,28.5,85.0,1.28,16.6,8.4,11.8,100.0,70.0,92.0,10.6,2.4
2,FivePoints,San Joaquin Valley,2024-02-02,33,1.64,1.7,130.0,1.11,15.7,6.4,10.4,100.0,60.0,88.0,8.5,1.7
2,FivePoints,San Joaquin Valley,2024-02-03,34,1.18,5.9,90.0,1.02,13.0,4.1,9.2,100.0,66.0,87.0,7.2,1.64
2,FivePoints,San Joaquin Valley,2024-02-04,35,0.74,17.4,43.0,1.22,15.0,8.5,11.2,99.0,76.0,91.0,9.9,5.29
2,FivePoints,San Joaquin Valley,2024-02-05,36,1.55,2.5,116.0,1.2,17.0,7.4,11.9,99.0,64.0,86.0,9.6,2.69
2,FivePoints,San Joaquin Valley,2024-02-06,37,1.19,4.9,110.0,1.19,14.6,7.3,10.4,99.0,77.0,94.0,9.5,2.28
2,FivePoints,San Joaquin Valley,2024-02-07,38,0.79,11.5,64.0,0.97,13.1,4.7,8.3,99.0,61.0,88.0,6.5,2.1
2,FivePoints,San Joaquin Valley,2024-02-08,39,1.11,0.0,89.0,0.88,11.4,3.9,7.3,100.0,69.0,86.0,5.1,1.4
2,FivePoints,San Joaquin Valley,2024-02-09,40,1.51,0.1,143.0,0.9,12.9,1.6,6.9,100.0,63.0,91.0,5.4,2.23
2,FivePoints,San Joaquin Valley,2024-02-10,41,1.72,0.0,155.0,0.88,13.1,2.0,7.4,99.0,60.0,85.0,5.1,2.04
2,FivePoints,San Joaquin Valley,2024-02-11,42,1.78,0.1,145.0,0.81,15.2,0.0,7.2,100.0,50.0,79.0,3.9,1.12
2,FivePoints,San Joaquin Valley,2024-02-12,43,1.92,0.0,145.0,0.86,16.8,1.0,8.6,100.0,50.0,77.0,4.8,1.11
2,FivePoints,San Joaquin Valley,2024-02-13,44,1.91,0.0,147.0,0.95,17.2,2.0,9.2,100.0,52.0,81.0,6.2,1.12
2,FivePoints,San Joaquin Valley,2024-02-14,45,2.24,0.5,135.0,1.0,18.1,3.7,11.3,100.0,49.0,75.0,7.0,2.39
2,FivePoints,San Joaquin Valley,2024-02-15,46,1.52,5.2,142.0,1.25,15.3,6.8,11.0,100.0,78.0,96.0,10.3,1.83
2,FivePoints,San Joaquin Valley,2024-02-16,47,1.57,0.1,121.0,1.2,16.7,6.1,11.2,100.0,71.0,90.0,9.6,1.05
2,FivePoints,San Joaquin Valley,2024-02-17,48,0.63,5.9,42.0,1.26,16.1,9.0,11.6,100.0,65.0,92.0,10.4,2.77
2,FivePoints,San Joaquin Valley,2024-02-18,49,2.11,1.3,150.0,1.38,19.3,9.1,14.1,99.0,63.0,86.0,11.8,3.49
2,FivePoints,San Joaquin Valley,2024-02-19,50,2.61,13.6,154.0,1.3,19.7,9.7,14.7,99.0,46.0,77.0,10.8,3.83
2,FivePoints,San Joaquin Valley,2024-02-20,51,2.09,1.5,157.0,1.24,18.6,8.1,12.6,99.0,64.0,85.0,10.1,2.47
2,FivePoints,San Joaquin Valley,2024-02-21,52,2.05,1.2,166.0,1.21,17.5,6.3,11.4,100.0,61.0,89.0,9.7,1.68
2,FivePoints,San Joaquin Valley,2024-02-22,53,2.48,0.1,199.0,1.08,18.0,4.8,11.1,100.0,48.0,81.0,8.0,1.3
2,FivePoints,San Joaquin Valley,2024-02-23,54,1.9,0.1,147.0,1.1,18.0,5.7,10.8,100.0,56.0,85.0,8.4,1.53
2,FivePoints,San Joaquin Valley,2024-02-24,55,2.64,0.0,184.0,1.13,21.4,5.3,12.6,100.0,49.0,77.0,8.7,1.15
2,FivePoints,San Joaquin Valley,2024-02-25,56,2.54,0.0,162.0,1.16,22.2,4.5,13.3,100.0,43.0,76.0,9.1,1.34
2,FivePoints,San Joaquin Valley,2024-02-26,57,1.23,0.0,79.0,1.18,16.3,6.8,11.9,100.0,65.0,85.0,9.4,1.77
2,FivePoints,San Joaquin Valley,2024-02-27,58,2.54,0.0,180.0,1.04,16.7,6.8,11.6,99.0,47.0,76.0,7.5,3.13
2,FivePoints,San Joaquin Valley,2024-02-28,59,2.63,0.0,180.0,0.97,20.5,3.3,11.8,100.0,44.0,70.0,6.5,1.18
2,FivePoints,San Joaquin Valley,2024-02-29,60,3.03,0.0,170.0,1.05,19.1,5.1,12.4,99.0,47.0,73.0,7.6,3.59
2,FivePoints,San Joaquin Valley,2024-03-01,61,1.89,4.9,123.0,1.23,17.5,9.7,12.9,99.0,62.0,82.0,10.0,4.67
2,FivePoints,San Joaquin Valley,2024-03-02,62,1.25,5.0,101.0,1.09,13.2,8.8,10.7,98.0,69.0,84.0,8.2,3.21
2,FivePoints,San Joaquin Valley,2024-03-03,63,2.26,1.0,183.0,1.02,15.5,6.0,10.5,100.0,53.0,80.0,7.2,1.36
2,FivePoints,San Joaquin Valley,2024-03-04,64,2.43,0.1,194.0,0.94,15.5,3.4,9.9,100.0,52.0,77.0,6.1,1.56
2,FivePoints,San Joaquin Valley,2024-03-05,65,2.87,0.0,164.0,0.99,18.9,7.8,13.4,100.0,46.0,64.0,6.8,1.4
2,FivePoints,San Joaquin Valley,2024-03-06,66,2.07,3.2,154.0,1.12,18.7,6.0,11.3,99.0,54.0,84.0,8.6,1.86
2,FivePoints,San Joaquin Valley,2024-03-07,67,2.72,0.0,212.0,1.15,17.4,8.1,11.9,99.0,62.0,83.0,9.0,2.85
2,FivePoints,San Joaquin Valley,2024-03-08,68,3.18,0.0,236.0,0.91,19.3,3.9,11.7,99.0,39.0,66.0,5.6,1.54
2,FivePoints,San Joaquin Valley,2024-03-09,69,3.14,0.0,230.0,1.1,20.0,5.2,12.1,99.0,51.0,78.0,8.3,2.39
2,FivePoints,San Joaquin Valley,2024-03-10,70,2.8,0.0,198.0,1.17,20.2,7.0,12.8,99.0,52.0,79.0,9.2,2.07
2,FivePoints,San Joaquin Valley,2024-03-11,71,3.52,0.0,237.0,0.97,20.1,5.4,13.2,97.0,40.0,64.0,6.6,2.04
2,FivePoints,San Joaquin Valley,2024-03-12,72,2.61,0.5,171.0,1.18,19.5,8.7,13.4,99.0,59.0,77.0,9.4,2.82
2,FivePoints,San Joaquin Valley,2024-03-13,73,3.44,0.0,226.0,0.9,18.1,5.5,11.4,99.0,46.0,67.0,5.5,4.2
2,FivePoints,San Joaquin Valley,2024-03-14,74,4.89,0.2,254.0,0.68,19.9,4.7,12.5,81.0,23.0,47.0,1.4,4.58
2,FivePoints,San Joaquin Valley,2024-03-15,75,4.22,0.0,253.0,0.68,21.4,5.3,13.0,71.0,27.0,46.0,1.5,2.25
2,FivePoints,San Joaquin Valley,2024-03-16,76,4.3,0.0,257.0,0.77,22.6,2.9,13.1,84.0,26.0,51.0,3.1,1.9
2,FivePoints,San Joaquin Valley,2024-03-17,77,4.29,0.0,253.0,0.82,23.2,5.3,14.4,82.0,29.0,50.0,4.1,1.7
2,FivePoints,San Joaquin Valley,2024-03-18,78,4.29,0.0,251.0,0.99,25.0,5.5,15.7,87.0,33.0,56.0,6.9,1.62
2,FivePoints,San Joaquin Valley,2024-03-19,79,4.76,0.0,257.0,1.07,26.3,7.5,16.8,91.0,28.0,56.0,8.0,2.01
2,FivePoints,San Joaquin Valley,2024-03-20,80,5.41,0.0,262.0,0.77,26.0,7.9,16.8,74.0,19.0,40.0,3.2,2.67
2,FivePoints,San Joaquin Valley,2024-03-21,81,4.24,0.0,250.0,0.93,23.3,7.6,15.3,79.0,34.0,54.0,6.0,2.59
2,FivePoints,San Joaquin Valley,2024-03-22,82,5.04,0.0,257.0,1.06,26.1,8.8,16.9,83.0,24.0,55.0,7.8,3.34
2,FivePoints,San Joaquin Valley,2024-03-23,83,2.21,1.1,146.0,1.1,17.7,6.1,11.8,99.0,50.0,80.0,8.4,2.69
2,FivePoints,San Joaquin Valley,2024-03-24,84,2.25,1.2,164.0,1.0,16.6,4.2,9.9,100.0,57.0,82.0,6.9,2.37
2,FivePoints,San Joaquin Valley,2024-03-25,85,3.25,0.0,217.0,0.95,19.3,3.5,11.2,99.0,46.0,71.0,6.2,1.87
2,FivePoints,San Joaquin Valley,2024-03-26,86,3.99,0.0,266.0,0.9,20.2,3.3,12.0,98.0,40.0,64.0,5.5,2.05
2,FivePoints,San Joaquin Valley,2024-03-27,87,4.05,0.0,228.0,1.0,22.6,4.4,14.1,93.0,34.0,62.0,6.9,2.42
2,FivePoints,San Joaquin Valley,2024-03-28,88,2.94,0.0,174.0,1.04,18.2,10.3,14.0,91.0,46.0,65.0,7.5,3.13
2,FivePoints,San Joaquin Valley,2024-03-29,89,1.92,2.4,88.0,0.94,17.4,7.7,11.8,99.0,34.0,68.0,6.0,3.04
2,FivePoints,San Joaquin Valley,2024-03-30,90,1.45,2.7,73.0,1.12,17.6,7.3,11.7,99.0,50.0,82.0,8.6,3.12
2,FivePoints,San Joaquin Valley,2024-03-31,91,2.42,0.6,146.0,1.1,19.1,6.0,12.7,100.0,46.0,75.0,8.3,2.11
2,FivePoints,San Joaquin Valley,2024-04-01,92,3.6,0.4,240.0,1.1,21.4,4.8,13.3,100.0,42.0,72.0,8.4,1.6
2,FivePoints,San Joaquin Valley,2024-04-02,93,4.15,0.2,240.0,1.09,25.0,6.4,16.0,99.0,34.0,60.0,8.2,1.83
2,FivePoints,San Joaquin Valley,2024-04-03,94,4.76,0.0,241.0,1.15,27.5,8.0,17.4,97.0,26.0,58.0,9.0,2.3
2,FivePoints,San Joaquin Valley,2024-04-04,95,2.57,0.7,149.0,0.84,15.0,7.2,10.5,89.0,42.0,66.0,4.5,4.25
2,FivePoints,San Joaquin Valley,2024-04-05,96,1.91,3.0,145.0,0.82,13.4,3.4,7.7,98.0,56.0,78.0,4.1,2.59
2,FivePoints,San Joaquin Valley,2024-04-06,97,3.3,0.0,247.0,0.77,16.8,0.6,9.3,100.0,39.0,66.0,3.3,1.51
2,FivePoints,San Joaquin Valley,2024-04-07,98,4.35,0.0,257.0,0.73,18.5,4.7,11.4,90.0,29.0,54.0,2.5,3.54
2,FivePoints,San Joaquin Valley,2024-04-08,99,4.53,0.0,250.0,0.74,21.2,3.6,12.5,84.0,26.0,51.0,2.7,3.08
2,FivePoints,San Joaquin Valley,2024-04-09,100,4.79,0.0,263.0,0.81,25.2,4.7,15.4,84.0,26.0,46.0,4.0,1.98
2,FivePoints,San Joaquin Valley,2024-04-10,101,4.96,0.0,260.0,1.02,27.6,7.0,18.0,85.0,26.0,50.0,7.3,1.63
2,FivePoints,San Joaquin Valley,2024-04-11,102,4.99,0.0,261.0,1.19,30.2,9.0,20.3,87.0,27.0,50.0,9.5,1.46
2,FivePoints,San Joaquin Valley,2024-04-12,103,6.54,0.0,266.0,1.07,27.9,11.3,18.6,92.0,24.0,50.0,8.0,4.54
2,FivePoints,San Joaquin Valley,2024-04-13,104,1.05,6.1,51.0,1.02,17.7,6.0,10.3,99.0,57.0,82.0,7.3,3.95
2,FivePoints,San Joaquin Valley,2024-04-14,105,2.55,4.0,209.0,1.1,15.9,6.2,10.2,100.0,66.0,88.0,8.3,2.41
2,FivePoints,San Joaquin Valley,2024-04-15,106,3.45,1.2,249.0,1.14,19.2,6.4,12.8,99.0,51.0,77.0,8.9,1.98
2,FivePoints,San Joaquin Valley,2024-04-16,107,3.63,0.4,218.0,1.33,23.3,8.0,15.6,100.0,49.0,75.0,11.2,1.75
2,FivePoints,San Joaquin Valley,2024-04-17,108,4.67,0.0,278.0,1.46,28.8,14.9,22.3,99.0,40.0,54.0,12.6,1.69
2,FivePoints,San Joaquin Valley,2024-04-18,109,5.01,0.0,275.0,1.53,29.3,11.2,20.5,91.0,42.0,63.0,13.3,1.61
2,FivePoints,San Joaquin Valley,2024-04-19,110,5.88,0.0,300.0,1.26,28.5,12.6,20.1,79.0,29.0,53.0,10.3,2.47
2,FivePoints,San Joaquin Valley,2024-04-20,111,6.7,0.0,311.0,1.11,29.8,10.6,20.3,86.0,23.0,47.0,8.5,2.73
2,FivePoints,San Joaquin Valley,2024-04-21,112,6.3,0.0,303.0,1.08,30.0,8.8,20.1,69.0,28.0,46.0,8.0,2.34
2,FivePoints,San Joaquin Valley,2024-04-22,113,6.05,0.0,302.0,1.29,31.9,11.8,21.8,80.0,26.0,49.0,10.7,1.85
2,FivePoints,San Joaquin Valley,2024-04-23,114,5.11,0.0,303.0,1.08,25.0,10.8,17.4,79.0,32.0,54.0,8.2,2.15
2,FivePoints,San Joaquin Valley,2024-04-24,115,3.59,0.0,207.0,1.12,21.8,9.3,15.3,82.0,48.0,64.0,8.6,2.19
2,FivePoints,San Joaquin Valley,2024-04-25,116,4.36,0.0,208.0,1.08,23.4,12.4,17.1,77.0,38.0,56.0,8.2,3.36
2,FivePoints,San Joaquin Valley,2024-04-26,117,5.13,0.0,233.0,0.97,23.6,9.9,16.2,79.0,31.0,53.0,6.5,4.12
2,FivePoints,San Joaquin Valley,2024-04-27,118,5.1,0.0,286.0,0.94,24.3,5.9,15.6,85.0,33.0,53.0,6.1,2.33
2,FivePoints,San Joaquin Valley,2024-04-28,119,5.8,0.0,275.0,1.0,26.4,7.8,17.5,78.0,33.0,50.0,7.0,3.22
2,FivePoints,San Joaquin Valley,2024-04-29,120,6.68,0.0,290.0,0.85,26.6,6.9,17.5,76.0,24.0,43.0,4.7,4.32
2,FivePoints,San Joaquin Valley,2024-04-30,121,6.86,0.0,262.0,0.75,27.1,7.0,18.2,62.0,21.0,36.0,2.8,4.24
2,FivePoints,San Joaquin Valley,2024-05-01,122,7.48,0.0,275.0,0.61,26.7,9.7,17.7,57.0,18.0,30.0,0.0,5.09
2,FivePoints,San Joaquin Valley,2024-05-02,123,6.91,0.0,276.0,0.8,28.3,6.3,18.7,62.0,22.0,37.0,3.8,3.58
2,FivePoints,San Joaquin Valley,2024-05-03,124,6.23,0.0,288.0,1.06,28.8,9.2,19.7,72.0,30.0,46.0,7.8,2.81
2,FivePoints,San Joaquin Valley,2024-05-04,125,1.83,4.1,84.0,1.05,20.0,6.0,13.1,95.0,49.0,69.0,7.6,2.8
2,FivePoints,San Joaquin Valley,2024-05-05,126,3.95,0.2,222.0,0.81,19.0,2.8,11.1,96.0,33.0,61.0,3.9,3.13
2,FivePoints,San Joaquin Valley,2024-05-06,127,4.84,0.0,277.0,0.74,22.2,4.6,13.6,80.0,27.0,48.0,2.6,2.49
2,FivePoints,San Joaquin Valley,2024-05-07,128,5.97,0.0,294.0,0.88,25.2,6.6,16.0,80.0,28.0,49.0,5.2,3.78
2,FivePoints,San Joaquin Valley,2024-05-08,129,7.23,0.0,304.0,0.72,26.0,9.3,17.8,57.0,21.0,36.0,2.4,4.42
2,FivePoints,San Joaquin Valley,2024-05-09,130,6.35,0.0,299.0,0.79,30.8,6.7,20.1,68.0,15.0,33.0,3.5,2.12
2,FivePoints,San Joaquin Valley,2024-05-10,131,6.47,0.0,301.0,1.02,32.5,9.9,21.7,70.0,21.0,39.0,7.2,2.03
2,FivePoints,San Joaquin Valley,2024-05-11,132,7.1,0.0,302.0,1.03,34.0,11.8,23.0,76.0,14.0,37.0,7.4,2.14
2,FivePoints,San Joaquin Valley,2024-05-12,133,7.52,0.0,304.0,1.02,34.7,12.0,23.8,73.0,16.0,34.0,7.2,2.43
2,FivePoints,San Joaquin Valley,2024-05-13,134,7.8,0.0,312.0,0.96,33.0,11.8,23.1,67.0,19.0,34.0,6.4,2.96
2,FivePoints,San Joaquin Valley,2024-05-14,135,7.22,0.0,289.0,1.09,33.3,11.8,22.7,64.0,21.0,39.0,8.2,2.84
2,FivePoints,San Joaquin Valley,2024-05-15,136,6.89,0.0,298.0,1.33,33.4,13.3,23.8,75.0,28.0,45.0,11.2,2.39
2,FivePoints,San Joaquin Valley,2024-05-16,137,6.75,0.0,301.0,1.22,34.1,13.9,23.7,75.0,21.0,42.0,9.9,2.23
2,FivePoints,San Joaquin Valley,2024-05-17,138,6.39,0.0,318.0,1.26,31.2,12.0,21.5,72.0,32.0,49.0,10.4,2.55
2,FivePoints,San Joaquin Valley,2024-05-18,139,6.23,0.0,318.0,1.31,31.4,12.8,22.3,73.0,32.0,49.0,10.9,1.88
2,FivePoints,San Joaquin Valley,2024-05-19,140,6.47,0.0,331.0,1.13,29.8,11.3,20.4,77.0,28.0,47.0,8.8,2.34
2,FivePoints,San Joaquin Valley,2024-05-20,141,7.32,0.0,341.0,0.88,29.4,8.0,19.6,70.0,19.0,39.0,5.2,3.22
2,FivePoints,San Joaquin Valley,2024-05-21,142,7.3,0.0,342.0,0.85,30.5,9.5,21.1,76.0,14.0,34.0,4.6,2.41
2,FivePoints,San Joaquin Valley,2024-05-22,143,7.41,0.0,332.0,0.93,32.2,10.0,22.2,67.0,20.0,34.0,5.8,2.34
2,FivePoints,San Joaquin Valley,2024-05-23,144,7.65,0.0,334.0,0.87,29.4,11.9,20.8,68.0,19.0,35.0,4.9,3.25
2,FivePoints,San Joaquin Valley,2024-05-24,145,6.36,0.0,298.0,0.81,29.2,9.0,18.9,71.0,18.0,37.0,4.0,2.52
2,FivePoints,San Joaquin Valley,2024-05-25,146,6.04,0.0,324.0,1.02,26.7,8.3,18.1,74.0,34.0,49.0,7.3,2.43
2,FivePoints,San Joaquin Valley,2024-05-26,147,6.37,0.0,329.0,1.04,28.8,9.3,19.6,77.0,29.0,46.0,7.6,2.39
2,FivePoints,San Joaquin Valley,2024-05-27,148,6.7,0.0,331.0,1.09,32.5,11.3,22.5,70.0,24.0,40.0,8.2,1.75
2,FivePoints,San Joaquin Valley,2024-05-28,149,7.83,0.0,335.0,1.08,33.8,13.1,23.3,68.0,21.0,38.0,8.1,2.89
2,FivePoints,San Joaquin Valley,2024-05-29,150,8.13,0.0,342.0,1.03,31.5,11.2,22.3,64.0,28.0,38.0,7.4,3.43
2,FivePoints,San Joaquin Valley,2024-05-30,151,8.53,0.0,336.0,0.94,33.7,11.1,24.1,70.0,17.0,31.0,6.0,3.17
2,FivePoints,San Joaquin Valley,2024-05-31,152,7.67,0.0,326.0,1.1,35.1,13.0,25.2,60.0,20.0,34.0,8.4,2.12
2,FivePoints,San Joaquin Valley,2024-06-01,153,8.72,0.0,327.0,1.04,35.3,13.4,25.0,68.0,17.0,33.0,7.5,3.24
2,FivePoints,San Joaquin Valley,2024-06-02,154,7.34,0.0,332.0,1.2,31.1,12.8,22.8,66.0,31.0,43.0,9.6,2.89
2,FivePoints,San Joaquin Valley,2024-06-03,155,6.34,0.0,253.0,1.5,29.7,14.9,23.0,70.0,41.0,54.0,13.0,3.92
2,FivePoints,San Joaquin Valley,2024-06-04,156,7.54,0.0,329.0,1.55,33.3,13.9,24.4,67.0,35.0,51.0,13.6,3.23
2,FivePoints,San Joaquin Valley,2024-06-05,157,7.92,0.0,313.0,1.81,37.6,18.1,28.7,76.0,29.0,46.0,15.9,2.45
2,FivePoints,San Joaquin Valley,2024-06-06,158,8.27,0.0,313.0,1.67,40.1,19.7,30.3,72.0,24.0,39.0,14.7,2.24
2,FivePoints,San Joaquin Valley,2024-06-07,159,8.09,0.0,328.0,1.26,38.7,16.1,27.8,69.0,20.0,34.0,10.4,2.12
2,FivePoints,San Joaquin Valley,2024-06-08,160,7.01,0.0,310.0,1.29,33.7,14.2,24.3,67.0,27.0,42.0,10.7,2.22
2,FivePoints,San Joaquin Valley,2024-06-09,161,7.51,0.0,327.0,1.18,34.4,13.4,24.3,70.0,22.0,39.0,9.4,2.25
2,FivePoints,San Joaquin Valley,2024-06-10,162,7.2,0.0,325.0,1.31,34.9,13.8,24.8,68.0,24.0,42.0,10.9,2.19
2,FivePoints,San Joaquin Valley,2024-06-11,163,7.82,0.0,324.0,1.64,38.1,17.3,28.0,75.0,27.0,44.0,14.4,2.08
2,FivePoints,San Joaquin Valley,2024-06-12,164,7.86,0.0,319.0,1.62,40.3,18.7,29.0,71.0,22.0,40.0,14.2,2.0
2,FivePoints,San Joaquin Valley,2024-06-13,165,6.87,0.0,297.0,1.41,35.5,16.4,25.7,69.0,27.0,43.0,12.0,2.05
2,FivePoints,San Joaquin Valley,2024-06-14,166,7.85,0.0,312.0,1.06,34.9,14.1,25.1,60.0,18.0,33.0,7.8,2.56
2,FivePoints,San Joaquin Valley,2024-06-15,167,9.17,0.0,336.0,0.84,32.0,16.1,24.0,42.0,19.0,28.0,4.4,4.03
2,FivePoints,San Joaquin Valley,2024-06-16,168,9.75,0.0,330.0,0.85,32.8,12.4,24.0,55.0,16.0,28.0,4.6,4.42
2,FivePoints,San Joaquin Valley,2024-06-17,169,9.41,0.0,344.0,0.84,29.0,16.2,22.4,52.0,14.0,31.0,4.4,5.49
2,FivePoints,San Joaquin Valley,2024-06-18,170,7.1,0.0,295.0,0.82,30.7,10.1,21.7,54.0,19.0,32.0,4.2,2.7
2,FivePoints,San Joaquin Valley,2024-06-19,171,8.05,0.0,337.0,0.78,33.1,10.8,23.1,62.0,16.0,28.0,3.5,2.55
2,FivePoints,San Joaquin Valley,2024-06-20,172,7.53,0.0,336.0,0.98,33.2,12.0,23.1,71.0,18.0,35.0,6.7,2.32
2,FivePoints,San Joaquin Valley,2024-06-21,173,7.6,0.0,337.0,1.17,35.5,13.4,24.7,66.0,20.0,38.0,9.3,2.12
2,FivePoints,San Joaquin Valley,2024-06-22,174,7.1,0.0,312.0,1.54,39.1,15.7,28.3,73.0,21.0,40.0,13.4,1.53
2,FivePoints,San Joaquin Valley,2024-06-23,175,7.42,0.0,301.0,1.52,40.8,18.5,29.9,72.0,20.0,36.0,13.2,1.69
2,FivePoints,San Joaquin Valley,2024-06-24,176,6.15,0.8,242.0,1.59,35.9,20.7,28.8,54.0,25.0,40.0,13.9,1.96
2,FivePoints,San Joaquin Valley,2024-06-25,177,8.43,0.0,306.0,1.28,39.1,21.5,30.2,52.0,20.0,30.0,10.6,2.47
2,FivePoints,San Joaquin Valley,2024-06-26,178,8.74,0.0,311.0,1.08,36.4,18.7,28.0,47.0,19.0,29.0,8.1,3.05
2,FivePoints,San Joaquin Valley,2024-06-27,179,8.39,0.0,329.0,1.13,34.2,17.5,26.2,46.0,23.0,33.0,8.7,2.98
2,FivePoints,San Joaquin Valley,2024-06-28,180,7.47,0.0,328.0,1.21,34.9,13.6,25.5,73.0,23.0,37.0,9.7,2.05
2,FivePoints,San Joaquin Valley,2024-06-29,181,7.56,0.0,328.0,1.31,37.7,15.3,27.1,73.0,21.0,36.0,10.9,1.82
2,FivePoints,San Joaquin Valley,2024-06-30,182,8.34,0.0,324.0,1.43,35.6,16.3,27.3,66.0,28.0,40.0,12.3,2.92
2,FivePoints,San Joaquin Valley,2024-07-01,183,8.75,0.0,328.0,1.4,37.3,17.0,27.8,66.0,21.0,38.0,12.0,2.82
2,FivePoints,San Joaquin Valley,2024-07-02,184,8.9,0.0,380.0,1.52,38.8,22.5,33.7,68.0,22.0,29.0,13.2,3.27
2,FivePoints,San Joaquin Valley,2024-07-03,185,8.87,0.0,341.0,1.56,40.2,18.6,30.3,69.0,20.0,36.0,13.6,2.35
2,FivePoints,San Joaquin Valley,2024-07-04,186,9.37,0.0,340.0,1.67,42.0,19.8,31.7,68.0,22.0,36.0,14.6,2.63
2,FivePoints,San Joaquin Valley,2024-07-05,187,9.22,0.0,346.0,1.51,40.6,19.3,30.8,56.0,20.0,34.0,13.1,2.59
2,FivePoints,San Joaquin Valley,2024-07-06,188,8.43,0.0,341.0,1.72,43.1,19.4,31.7,67.0,18.0,37.0,15.2,1.8
2,FivePoints,San Joaquin Valley,2024-07-07,189,8.84,0.0,336.0,1.84,43.7,21.6,33.0,66.0,20.0,37.0,16.2,2.13
2,FivePoints,San Joaquin Valley,2024-07-08,190,8.57,0.0,333.0,1.48,42.8,19.3,31.4,64.0,14.0,32.0,12.8,2.08
2,FivePoints,San Joaquin Valley,2024-07-09,191,8.23,0.0,318.0,1.49,40.0,18.3,29.7,63.0,18.0,36.0,13.0,2.25
2,FivePoints,San Joaquin Valley,2024-07-10,192,7.46,0.0,315.0,1.74,41.1,18.0,30.0,69.0,24.0,41.0,15.3,1.97
2,FivePoints,San Joaquin Valley,2024-07-11,193,7.38,0.0,309.0,1.92,42.9,20.0,31.6,70.0,21.0,41.0,16.8,1.47
2,FivePoints,San Joaquin Valley,2024-07-12,194,6.47,0.0,270.0,1.86,42.8,20.2,31.0,72.0,19.0,41.0,16.3,1.48
2,FivePoints,San Joaquin Valley,2024-07-13,195,7.23,0.0,232.0,1.82,40.5,24.8,32.2,57.0,25.0,38.0,16.0,2.71
2,FivePoints,San Joaquin Valley,2024-07-14,196,7.92,0.0,294.0,1.71,39.7,21.4,31.1,65.0,24.0,38.0,15.0,2.52
2,FivePoints,San Joaquin Valley,2024-07-15,197,7.72,0.0,310.0,1.67,37.7,20.7,29.1,63.0,26.0,42.0,14.7,2.57
2,FivePoints,San Joaquin Valley,2024-07-16,198,7.88,0.0,319.0,1.62,35.8,18.9,27.1,64.0,33.0,45.0,14.2,3.34
2,FivePoints,San Joaquin Valley,2024-07-17,199,8.18,0.0,330.0,1.31,34.8,15.3,25.4,73.0,21.0,40.0,10.9,3.34
2,FivePoints,San Joaquin Valley,2024-07-18,200,7.88,0.0,318.0,1.36,37.0,15.7,27.3,73.0,21.0,38.0,11.5,2.3
2,FivePoints,San Joaquin Valley,2024-07-19,201,7.92,0.0,318.0,1.53,37.8,17.2,28.3,73.0,23.0,40.0,13.3,2.17
2,FivePoints,San Joaquin Valley,2024-07-20,202,7.75,0.0,310.0,1.48,40.4,19.3,30.3,66.0,19.0,34.0,12.8,1.96
2,FivePoints,San Joaquin Valley,2024-07-21,203,7.92,0.0,310.0,1.46,37.3,18.5,28.9,62.0,23.0,37.0,12.6,2.33
2,FivePoints,San Joaquin Valley,2024-07-22,204,7.15,0.0,306.0,1.72,41.6,19.4,30.3,73.0,20.0,40.0,15.1,1.55
2,FivePoints,San Joaquin Valley,2024-07-23,205,7.44,0.0,297.0,1.81,42.9,21.0,32.3,69.0,21.0,37.0,15.9,1.69
2,FivePoints,San Joaquin Valley,2024-07-24,206,8.51,0.0,294.0,1.54,41.4,24.4,32.6,41.0,20.0,31.0,13.4,2.55
2,FivePoints,San Joaquin Valley,2024-07-25,207,8.74,0.0,301.0,1.49,39.4,23.3,31.6,44.0,24.0,32.0,12.9,2.86
2,FivePoints,San Joaquin Valley,2024-07-26,208,8.05,0.0,311.0,1.31,40.2,19.3,30.1,62.0,21.0,31.0,11.0,2.28
2,FivePoints,San Joaquin Valley,2024-07-27,209,7.32,0.0,321.0,1.21,32.8,14.5,23.7,63.0,26.0,42.0,9.8,3.0
2,FivePoints,San Joaquin Valley,2024-07-28,210,6.24,0.0,317.0,1.36,33.8,13.4,23.2,80.0,24.0,48.0,11.5,1.92
2,FivePoints,San Joaquin Valley,2024-07-29,211,7.09,0.0,314.0,1.41,34.7,15.5,25.4,71.0,25.0,44.0,12.0,2.47
2,FivePoints,San Joaquin Valley,2024-07-30,212,7.1,0.0,314.0,1.47,34.9,15.5,25.7,75.0,27.0,44.0,12.7,2.31
2,FivePoints,San Joaquin Valley,2024-07-31,213,6.89,0.0,313.0,1.58,36.0,16.6,26.7,76.0,27.0,45.0,13.8,1.93
2,FivePoints,San Joaquin Valley,2024-08-01,214,7.5,0.0,309.0,1.53,39.2,18.5,29.3,63.0,21.0,38.0,13.4,2.12
2,FivePoints,San Joaquin Valley,2024-08-02,215,3.98,0.0,145.0,1.7,34.2,20.6,26.7,68.0,32.0,49.0,14.9,1.71
2,FivePoints,San Joaquin Valley,2024-08-03,216,6.74,0.0,284.0,1.74,39.0,20.2,29.7,73.0,24.0,42.0,15.3,1.67
2,FivePoints,San Joaquin Valley,2024-08-04,217,7.9,0.0,302.0,1.64,40.2,20.2,30.6,64.0,23.0,37.0,14.4,2.48
2,FivePoints,San Joaquin Valley,2024-08-05,218,7.93,0.0,299.0,1.58,38.9,19.1,29.5,66.0,25.0,38.0,13.9,2.69
2,FivePoints,San Joaquin Valley,2024-08-06,219,7.03,0.0,294.0,1.56,39.9,18.3,29.4,66.0,22.0,38.0,13.6,1.75
2,FivePoints,San Joaquin Valley,2024-08-07,220,7.43,0.0,286.0,1.47,41.7,19.5,30.8,70.0,19.0,33.0,12.7,1.92
2,FivePoints,San Joaquin Valley,2024-08-08,221,6.8,0.0,241.0,1.27,38.3,18.3,28.7,59.0,18.0,32.0,10.5,2.16
2,FivePoints,San Joaquin Valley,2024-08-09,222,6.6,0.0,234.0,1.31,39.2,17.7,29.0,62.0,18.0,33.0,11.0,2.12
2,FivePoints,San Joaquin Valley,2024-08-10,223,6.8,0.0,239.0,1.15,38.3,18.3,28.6,46.0,16.0,29.0,9.0,2.07
2,FivePoints,San Joaquin Valley,2024-08-11,224,6.3,0.0,233.0,1.37,38.5,18.3,28.4,57.0,21.0,35.0,11.6,1.93
2,FivePoints,San Joaquin Valley,2024-08-12,225,6.55,0.0,235.0,1.39,36.0,16.7,27.1,70.0,22.0,39.0,11.8,2.49
2,FivePoints,San Joaquin Valley,2024-08-13,226,6.08,0.0,244.0,1.28,34.8,14.3,25.6,74.0,25.0,39.0,10.7,2.03
2,FivePoints,San Joaquin Valley,2024-08-14,227,6.79,0.0,257.0,1.25,34.6,13.9,25.5,68.0,24.0,38.0,10.3,2.44
2,FivePoints,San Joaquin Valley,2024-08-15,228,7.25,0.0,269.0,1.27,35.2,15.1,25.6,58.0,22.0,39.0,10.5,2.78
2,FivePoints,San Joaquin Valley,2024-08-16,229,6.15,0.0,276.0,1.37,35.5,13.5,25.3,75.0,26.0,42.0,11.6,1.73
2,FivePoints,San Joaquin Valley,2024-08-17,230,6.96,0.0,278.0,1.46,33.3,15.3,25.2,69.0,33.0,45.0,12.6,3.27
2,FivePoints,San Joaquin Valley,2024-08-18,231,5.99,0.0,285.0,1.62,32.0,17.0,24.3,83.0,36.0,53.0,14.2,3.0
2,FivePoints,San Joaquin Valley,2024-08-19,232,6.65,0.0,289.0,1.4,33.5,15.0,24.9,70.0,32.0,44.0,11.9,2.61
2,FivePoints,San Joaquin Valley,2024-08-20,233,7.53,0.0,291.0,1.12,34.4,14.0,25.2,66.0,21.0,35.0,8.6,2.81
2,FivePoints,San Joaquin Valley,2024-08-21,234,6.96,0.0,287.0,1.26,34.3,15.9,25.9,60.0,26.0,38.0,10.4,2.61
2,FivePoints,San Joaquin Valley,2024-08-22,235,6.61,0.0,287.0,1.28,31.9,14.5,23.4,73.0,28.0,44.0,10.6,2.95
2,FivePoints,San Joaquin Valley,2024-08-23,236,5.46,0.0,264.0,1.26,26.4,13.5,20.1,81.0,39.0,54.0,10.4,3.15
2,FivePoints,San Joaquin Valley,2024-08-24,237,6.04,0.0,262.0,1.27,27.9,17.3,22.0,61.0,34.0,48.0,10.5,3.57
2,FivePoints,San Joaquin Valley,2024-08-25,238,6.05,0.0,284.0,1.21,29.1,13.0,21.4,74.0,31.0,47.0,9.8,2.74
2,FivePoints,San Joaquin Valley,2024-08-26,239,6.15,0.0,283.0,1.21,33.4,11.8,23.2,74.0,26.0,43.0,9.8,1.93
2,FivePoints,San Joaquin Valley,2024-08-27,240,7.01,0.0,282.0,1.27,35.7,13.8,25.5,74.0,22.0,39.0,10.5,2.36
2,FivePoints,San Joaquin Valley,2024-08-28,241,7.33,0.0,282.0,1.23,36.8,15.2,26.5,65.0,20.0,35.0,10.0,2.44
2,FivePoints,San Joaquin Valley,2024-08-29,242,7.22,0.0,274.0,1.14,35.7,14.7,25.7,62.0,20.0,35.0,8.9,2.53
2,FivePoints,San Joaquin Valley,2024-08-30,243,6.86,0.0,273.0,1.36,35.7,14.9,25.7,69.0,25.0,41.0,11.6,2.56
2,FivePoints,San Joaquin Valley,2024-08-31,244,6.35,0.0,269.0,1.4,35.7,15.4,25.7,70.0,26.0,42.0,12.0,2.1
2,FivePoints,San Joaquin Valley,2024-09-01,245,6.51,0.0,268.0,1.52,36.7,16.7,26.7,71.0,28.0,43.0,13.2,2.49
2,FivePoints,San Joaquin Valley,2024-09-02,246,6.29,0.0,263.0,1.39,33.7,16.9,24.9,68.0,29.0,44.0,11.8,2.76
2,FivePoints,San Joaquin Valley,2024-09-03,247,5.91,0.0,265.0,1.41,36.3,15.7,25.8,69.0,26.0,42.0,12.1,1.87
2,FivePoints,San Joaquin Valley,2024-09-04,248,5.97,0.0,266.0,1.45,40.3,15.6,27.8,68.0,19.0,39.0,12.5,1.44
2,FivePoints,San Joaquin Valley,2024-09-05,249,7.24,0.0,257.0,1.32,38.6,19.1,28.5,53.0,22.0,34.0,11.1,2.53
2,FivePoints,San Joaquin Valley,2024-09-06,250,7.8,0.0,251.0,1.18,38.7,19.3,28.6,47.0,17.0,30.0,9.4,2.86
2,FivePoints,San Joaquin Valley,2024-09-07,251,7.34,0.0,255.0,1.33,38.2,18.0,28.6,57.0,21.0,34.0,11.2,2.51
2,FivePoints,San Joaquin Valley,2024-09-08,252,6.73,0.0,259.0,1.28,38.6,18.9,28.5,55.0,19.0,33.0,10.6,2.12
2,FivePoints,San Joaquin Valley,2024-09-09,253,6.33,0.0,260.0,1.37,40.2,16.9,27.5,64.0,21.0,37.0,11.7,1.81
2,FivePoints,San Joaquin Valley,2024-09-10,254,4.48,0.0,140.0,1.31,33.8,14.1,23.6,75.0,26.0,45.0,11.0,2.49
2,FivePoints,San Joaquin Valley,2024-09-11,255,5.21,0.0,159.0,1.17,31.7,10.9,21.9,75.0,24.0,44.0,9.2,3.21
2,FivePoints,San Joaquin Valley,2024-09-12,256,4.36,0.0,168.0,1.3,28.8,13.8,21.0,74.0,33.0,52.0,10.8,2.88
2,FivePoints,San Joaquin Valley,2024-09-13,257,4.24,0.0,177.0,1.23,32.4,11.4,21.8,77.0,25.0,47.0,10.0,1.69
2,FivePoints,San Joaquin Valley,2024-09-14,258,5.15,0.0,226.0,1.22,34.0,12.4,23.4,77.0,25.0,42.0,9.9,1.58
2,FivePoints,San Joaquin Valley,2024-09-15,259,5.4,0.0,222.0,1.07,30.9,12.1,21.4,72.0,23.0,42.0,7.9,2.56
2,FivePoints,San Joaquin Valley,2024-09-16,260,3.91,0.0,199.0,1.04,23.8,10.3,17.2,75.0,35.0,53.0,7.6,2.25
2,FivePoints,San Joaquin Valley,2024-09-17,261,4.2,0.0,233.0,1.1,26.7,8.4,17.8,85.0,31.0,54.0,8.3,1.51
2,FivePoints,San Joaquin Valley,2024-09-18,262,3.77,0.0,177.0,1.21,27.2,12.2,19.5,78.0,35.0,53.0,9.8,2.11
2,FivePoints,San Joaquin Valley,2024-09-19,263,4.07,2.1,197.0,1.42,28.7,14.2,20.5,83.0,35.0,59.0,12.1,1.95
2,FivePoints,San Joaquin Valley,2024-09-20,264,4.39,0.0,228.0,1.41,30.5,11.8,20.7,85.0,35.0,58.0,12.1,1.67
2,FivePoints,San Joaquin Valley,2024-09-21,265,4.64,0.0,223.0,1.45,32.8,13.2,22.8,82.0,32.0,52.0,12.5,1.51
2,FivePoints,San Joaquin Valley,2024-09-22,266,5.28,0.0,224.0,1.39,33.9,14.9,23.9,73.0,28.0,47.0,11.8,2.06
2,FivePoints,San Joaquin Valley,2024-09-23,267,5.02,0.0,225.0,1.41,35.7,14.7,24.5,72.0,25.0,46.0,12.0,1.58
2,FivePoints,San Joaquin Valley,2024-09-24,268,4.76,0.0,219.0,1.54,39.2,14.9,26.1,73.0,24.0,46.0,13.4,1.28
2,FivePoints,San Joaquin Valley,2024-09-25,269,5.38,0.0,216.0,1.45,33.3,15.0,23.9,76.0,31.0,49.0,12.5,2.48
2,FivePoints,San Joaquin Valley,2024-09-26,270,4.93,0.0,221.0,1.29,32.3,12.4,21.9,79.0,26.0,49.0,10.7,2.4
2,FivePoints,San Joaquin Valley,2024-09-27,271,5.08,0.0,221.0,1.25,33.8,11.6,22.0,76.0,23.0,47.0,10.3,1.95
2,FivePoints,San Joaquin Valley,2024-09-28,272,4.96,0.0,216.0,1.16,34.4,12.4,22.9,74.0,23.0,42.0,9.2,1.65
2,FivePoints,San Joaquin Valley,2024-09-29,273,5.08,0.0,221.0,1.23,33.1,13.6,22.4,72.0,21.0,45.0,10.0,2.2
2,FivePoints,San Joaquin Valley,2024-09-30,274,4.92,0.0,214.0,1.27,33.8,11.8,22.1,77.0,23.0,48.0,10.4,1.84
2,FivePoints,San Joaquin Valley,2024-10-01,275,4.95,0.0,210.0,1.3,36.5,13.4,24.3,68.0,22.0,43.0,10.8,1.63
2,FivePoints,San Joaquin Valley,2024-10-02,276,5.47,0.0,207.0,1.34,38.1,15.0,25.8,67.0,21.0,40.0,11.3,1.9
2,FivePoints,San Joaquin Valley,2024-10-03,277,5.1,0.0,206.0,1.28,38.8,14.5,26.2,67.0,19.0,38.0,10.7,1.57
2,FivePoints,San Joaquin Valley,2024-10-04,278,5.68,0.0,192.0,1.16,37.9,16.1,26.6,65.0,19.0,33.0,9.1,2.15
2,FivePoints,San Joaquin Valley,2024-10-05,279,6.23,0.0,199.0,1.19,36.4,17.9,27.2,51.0,24.0,33.0,9.5,2.6
2,FivePoints,San Joaquin Valley,2024-10-06,280,5.0,0.0,187.0,1.32,36.6,15.5,26.3,67.0,23.0,38.0,11.0,1.78
2,FivePoints,San Joaquin Valley,2024-10-07,281,5.69,0.0,198.0,1.17,36.9,15.3,25.5,62.0,20.0,36.0,9.3,2.17
2,FivePoints,San Joaquin Valley,2024-10-08,282,6.01,0.0,194.0,1.14,35.0,14.1,24.8,64.0,22.0,36.0,8.9,2.81
2,FivePoints,San Joaquin Valley,2024-10-09,283,5.61,0.0,195.0,1.0,34.6,14.3,24.0,56.0,16.0,34.0,7.0,2.47
2,FivePoints,San Joaquin Valley,2024-10-10,284,4.14,0.0,165.0,1.17,30.7,13.0,21.8,67.0,29.0,45.0,9.3,1.84
2,FivePoints,San Joaquin Valley,2024-10-11,285,4.0,0.0,185.0,1.18,32.8,12.3,22.2,73.0,26.0,44.0,9.4,1.54
2,FivePoints,San Joaquin Valley,2024-10-12,286,5.03,0.0,191.0,1.15,28.8,13.4,21.0,69.0,28.0,46.0,9.1,3.41
2,FivePoints,San Joaquin Valley,2024-10-13,287,3.81,0.0,189.0,1.65,28.0,16.1,21.3,86.0,45.0,65.0,14.5,2.88
2,FivePoints,San Joaquin Valley,2024-10-14,288,3.81,0.0,186.0,1.48,29.0,12.8,20.9,84.0,41.0,60.0,12.9,1.95
2,FivePoints,San Joaquin Valley,2024-10-15,289,3.66,0.0,155.0,1.4,29.8,12.0,20.5,85.0,34.0,58.0,11.9,2.02
2,FivePoints,San Joaquin Valley,2024-10-16,290,3.4,0.0,121.0,1.36,26.7,11.5,19.6,80.0,44.0,60.0,11.5,2.7
2,FivePoints,San Joaquin Valley,2024-10-17,291,4.16,0.0,159.0,1.09,26.2,9.9,18.2,84.0,30.0,52.0,8.2,3.29
2,FivePoints,San Joaquin Valley,2024-10-18,292,5.17,0.0,156.0,0.55,22.3,8.2,15.9,54.0,22.0,31.0,-1.3,5.45
2,FivePoints,San Joaquin Valley,2024-10-19,293,3.23,0.0,166.0,0.63,25.8,3.4,14.1,64.0,19.0,39.0,0.4,1.51
2,FivePoints,San Joaquin Valley,2024-10-20,294,3.35,0.0,163.0,0.69,29.9,4.8,16.1,69.0,15.0,38.0,1.7,1.36
2,FivePoints,San Joaquin Valley,2024-10-21,295,3.38,0.0,156.0,0.72,29.6,6.4,17.3,65.0,19.0,36.0,2.2,1.47
2,FivePoints,San Joaquin Valley,2024-10-22,296,3.45,0.0,154.0,0.91,28.3,8.1,18.0,69.0,25.0,44.0,5.6,1.82
2,FivePoints,San Joaquin Valley,2024-10-23,297,3.54,0.0,155.0,0.88,27.5,6.7,16.6,79.0,26.0,47.0,5.2,1.8
2,FivePoints,San Joaquin Valley,2024-10-24,298,3.31,0.0,156.0,0.75,25.5,7.4,15.1,71.0,27.0,44.0,2.8,2.09
2,FivePoints,San Joaquin Valley,2024-10-25,299,2.81,0.0,145.0,0.85,26.7,4.8,15.2,76.0,30.0,49.0,4.6,1.38
2,FivePoints,San Joaquin Valley,2024-10-26,300,3.19,0.0,142.0,0.82,26.9,7.1,15.8,75.0,21.0,46.0,4.1,1.66
2,FivePoints,San Joaquin Valley,2024-10-27,301,2.03,0.0,93.0,1.23,24.7,10.3,17.7,71.0,47.0,60.0,10.0,1.78
2,FivePoints,San Joaquin Valley,2024-10-28,302,3.94,0.0,159.0,1.01,21.3,7.5,16.2,73.0,39.0,55.0,7.2,4.59
2,FivePoints,San Joaquin Valley,2024-10-29,303,3.23,0.0,166.0,0.73,20.2,3.6,11.3,80.0,31.0,54.0,2.5,2.53
2,FivePoints,San Joaquin Valley,2024-10-30,304,2.53,0.0,155.0,0.69,21.8,1.9,10.9,80.0,29.0,53.0,1.7,1.29
2,FivePoints,San Joaquin Valley,2024-10-31,305,2.64,0.0,107.0,0.77,20.6,3.6,11.8,73.0,36.0,55.0,3.2,2.65
2,FivePoints,San Joaquin Valley,2024-11-01,306,2.43,0.0,144.0,0.81,20.1,3.1,11.0,83.0,39.0,62.0,3.9,1.84
2,FivePoints,San Joaquin Valley,2024-11-02,307,2.59,0.3,130.0,1.02,20.2,7.5,14.0,91.0,46.0,64.0,7.2,2.87
2,FivePoints,San Joaquin Valley,2024-11-03,308,3.55,0.0,155.0,0.87,20.4,6.8,13.5,77.0,37.0,56.0,4.9,4.21
2,FivePoints,San Joaquin Valley,2024-11-04,309,2.93,0.0,152.0,0.75,20.2,4.7,11.8,79.0,33.0,54.0,2.8,2.98
2,FivePoints,San Joaquin Valley,2024-11-05,310,2.86,0.0,127.0,0.69,21.3,3.0,11.7,79.0,31.0,50.0,1.6,2.39
2,FivePoints,San Joaquin Valley,2024-11-06,311,2.89,0.0,145.0,0.58,20.9,4.3,11.8,66.0,26.0,42.0,-0.7,2.48
2,FivePoints,San Joaquin Valley,2024-11-07,312,2.48,0.0,145.0,0.56,22.2,1.1,10.1,76.0,21.0,46.0,-1.1,1.25
2,FivePoints,San Joaquin Valley,2024-11-08,313,2.48,0.0,146.0,0.56,23.4,1.2,10.5,73.0,20.0,44.0,-1.2,1.22
2,FivePoints,San Joaquin Valley,2024-11-09,314,2.33,0.0,143.0,0.63,22.7,1.8,10.9,74.0,26.0,49.0,0.5,1.15
2,FivePoints,San Joaquin Valley,2024-11-10,315,2.34,0.0,138.0,0.67,23.1,1.7,11.5,79.0,27.0,50.0,1.3,1.24
2,FivePoints,San Joaquin Valley,2024-11-11,316,1.36,4.3,86.0,0.85,20.2,1.9,9.1,95.0,42.0,74.0,4.6,2.35
2,FivePoints,San Joaquin Valley,2024-11-12,317,0.85,0.1,53.0,0.9,15.4,1.3,7.7,97.0,61.0,85.0,5.4,1.49
2,FivePoints,San Joaquin Valley,2024-11-13,318,1.72,0.1,136.0,0.87,18.6,-0.4,8.2,96.0,52.0,80.0,5.0,1.58
2,FivePoints,San Joaquin Valley,2024-11-14,319,2.04,0.0,118.0,0.98,18.7,3.0,11.3,94.0,52.0,73.0,6.6,2.36
2,FivePoints,San Joaquin Valley,2024-11-15,320,2.13,0.0,135.0,0.75,16.2,1.1,8.5,92.0,44.0,68.0,2.9,2.18
2,FivePoints,San Joaquin Valley,2024-11-16,321,2.22,0.0,138.0,0.57,15.1,-1.9,5.6,89.0,38.0,62.0,-1.1,2.5
2,FivePoints,San Joaquin Valley,2024-11-17,322,1.87,0.0,130.0,0.58,16.9,-2.4,7.7,83.0,33.0,55.0,-0.8,1.2
2,FivePoints,San Joaquin Valley,2024-11-18,323,2.7,0.0,137.0,0.69,15.9,4.6,10.3,78.0,36.0,55.0,1.7,3.43
2,FivePoints,San Joaquin Valley,2024-11-19,324,1.84,0.0,116.0,0.57,15.5,-1.5,7.9,81.0,34.0,53.0,-0.9,1.59
2,FivePoints,San Joaquin Valley,2024-11-20,325,3.22,0.0,136.0,0.56,23.4,5.5,12.8,69.0,16.0,38.0,-1.3,2.6
2,FivePoints,San Joaquin Valley,2024-11-21,326,3.67,0.0,135.0,0.51,26.6,4.2,14.7,66.0,11.0,30.0,-2.5,2.89
2,FivePoints,San Joaquin Valley,2024-11-22,327,3.7,0.0,106.0,0.75,26.5,6.3,16.0,64.0,18.0,41.0,2.9,3.67
2,FivePoints,San Joaquin Valley,2024-11-23,328,1.4,1.0,69.0,1.26,18.4,11.1,14.6,91.0,57.0,76.0,10.4,2.61
2,FivePoints,San Joaquin Valley,2024-11-24,329,1.76,0.0,115.0,0.99,18.4,4.6,11.7,94.0,48.0,72.0,6.8,1.66
2,FivePoints,San Joaquin Valley,2024-11-25,330,0.57,3.5,36.0,1.19,14.4,9.6,12.0,94.0,73.0,85.0,9.5,2.69
2,FivePoints,San Joaquin Valley,2024-11-26,331,0.2,6.4,27.0,1.33,13.9,10.5,12.2,97.0,84.0,93.0,11.2,1.88
2,FivePoints,San Joaquin Valley,2024-11-27,332,1.3,2.6,86.0,1.0,14.3,4.2,9.9,92.0,60.0,82.0,6.9,2.92
2,FivePoints,San Joaquin Valley,2024-11-28,333,0.98,1.5,71.0,0.83,13.6,0.6,6.5,96.0,63.0,85.0,4.2,1.2
2,FivePoints,San Joaquin Valley,2024-11-29,334,0.27,0.8,29.0,0.86,10.5,-0.1,5.9,98.0,80.0,93.0,4.8,1.11
2,FivePoints,San Joaquin Valley,2024-11-30,335,0.81,0.6,73.0,0.95,12.3,1.3,7.5,98.0,78.0,92.0,6.3,1.22
2,FivePoints,San Joaquin Valley,2024-12-01,336,1.12,0.4,83.0,1.11,17.6,6.1,10.4,98.0,64.0,87.0,8.4,1.51
2,FivePoints,San Joaquin Valley,2024-12-02,337,1.25,0.4,93.0,1.02,18.1,3.0,9.5,98.0,59.0,86.0,7.2,1.16
2,FivePoints,San Joaquin Valley,2024-12-03,338,1.23,0.2,97.0,0.97,18.0,1.7,8.6,97.0,60.0,86.0,6.5,0.97
2,FivePoints,San Joaquin Valley,2024-12-04,339,1.29,0.2,99.0,0.95,18.2,1.9,8.8,97.0,54.0,83.0,6.2,0.92
2,FivePoints,San Joaquin Valley,2024-12-05,340,1.32,0.0,97.0,0.96,18.9,2.9,9.4,96.0,57.0,82.0,6.4,1.03
2,FivePoints,San Joaquin Valley,2024-12-06,341,1.4,0.1,103.0,0.96,18.9,1.4,9.0,96.0,57.0,83.0,6.3,1.24
2,FivePoints,San Joaquin Valley,2024-12-07,342,1.43,0.0,116.0,0.92,16.7,0.9,8.1,96.0,62.0,85.0,5.7,1.29
2,FivePoints,San Joaquin Valley,2024-12-08,343,1.14,0.1,82.0,1.01,16.8,5.0,9.2,99.0,66.0,87.0,7.1,1.49
2,FivePoints,San Joaquin Valley,2024-12-09,344,0.75,0.4,80.0,0.94,11.3,2.1,6.8,99.0,78.0,95.0,6.0,1.82
2,FivePoints,San Joaquin Valley,2024-12-10,345,1.01,0.1,85.0,0.8,14.6,0.7,6.2,99.0,55.0,84.0,3.7,1.54
2,FivePoints,San Joaquin Valley,2024-12-11,346,1.08,0.0,90.0,0.76,14.8,-1.5,5.6,97.0,57.0,84.0,3.1,1.6
2,FivePoints,San Joaquin Valley,2024-12-12,347,0.84,1.2,76.0,0.9,13.8,2.7,7.3,96.0,68.0,88.0,5.5,1.37
2,FivePoints,San Joaquin Valley,2024-12-13,348,1.2,0.0,79.0,0.95,15.7,1.9,9.3,97.0,58.0,81.0,6.2,2.2
2,FivePoints,San Joaquin Valley,2024-12-14,349,2.36,0.1,98.0,0.9,19.9,4.2,12.0,85.0,41.0,64.0,5.4,3.8
2,FivePoints,San Joaquin Valley,2024-12-15,350,1.5,0.0,114.0,0.78,15.2,2.0,7.6,89.0,52.0,75.0,3.4,1.9
2,FivePoints,San Joaquin Valley,2024-12-16,351,0.97,0.0,72.0,0.86,14.9,2.3,8.3,90.0,60.0,79.0,4.9,1.99
2,FivePoints,San Joaquin Valley,2024-12-17,352,0.53,0.0,47.0,1.03,11.7,5.1,9.1,97.0,82.0,89.0,7.4,3.11
2,FivePoints,San Joaquin Valley,2024-12-18,353,0.99,0.0,78.0,1.02,14.1,8.8,10.4,90.0,67.0,81.0,7.3,1.21
2,FivePoints,San Joaquin Valley,2024-12-19,354,0.69,0.0,56.0,0.98,14.0,3.8,9.1,95.0,70.0,84.0,6.6,1.64
2,FivePoints,San Joaquin Valley,2024-12-20,355,0.45,0.1,46.0,0.96,11.2,3.3,6.6,99.0,95.0,99.0,6.4,1.66
2,FivePoints,San Joaquin Valley,2024-12-21,356,0.68,0.1,59.0,1.03,13.1,5.2,8.7,99.0,72.0,91.0,7.3,2.03
2,FivePoints,San Joaquin Valley,2024-12-22,357,0.64,1.3,47.0,1.25,18.2,9.4,12.2,97.0,72.0,88.0,10.3,2.09
2,FivePoints,San Joaquin Valley,2024-12-23,358,1.12,0.0,74.0,1.23,20.4,7.0,12.8,97.0,61.0,83.0,10.0,1.56
2,FivePoints,San Joaquin Valley,2024-12-24,359,0.55,9.9,41.0,1.16,15.0,6.3,10.9,94.0,71.0,88.0,9.1,2.93
2,FivePoints,San Joaquin Valley,2024-12-25,360,0.82,0.0,61.0,0.89,12.4,2.9,7.5,96.0,74.0,86.0,5.3,1.77
2,FivePoints,San Joaquin Valley,2024-12-26,361,0.83,6.7,74.0,1.02,14.2,3.5,8.9,99.0,68.0,90.0,7.2,1.9
2,FivePoints,San Joaquin Valley,2024-12-27,362,1.0,0.2,71.0,1.24,19.7,8.5,12.2,97.0,66.0,87.0,10.1,2.37
2,FivePoints,San Joaquin Valley,2024-12-28,363,1.08,0.1,84.0,1.24,17.6,5.6,11.4,99.0,73.0,92.0,10.1,1.42
2,FivePoints,San Joaquin Valley,2024-12-29,364,0.78,0.2,63.0,1.26,17.0,7.1,11.3,99.0,81.0,94.0,10.3,2.37
2,FivePoints,San Joaquin Valley,2024-12-30,365,1.18,0.0,90.0,0.97,14.1,4.3,9.1,97.0,64.0,84.0,6.5,3.56
2,FivePoints,San Joaquin Valley,2024-12-31,366,1.51,0.0,101.0,0.73,13.7,0.4,7.2,88.0,51.0,71.0,2.4,2.23
2,FivePoints,San Joaquin Valley,2025-01-01,1,1.22,0.0,88.0,0.8,15.7,0.6,7.5,91.0,57.0,77.0,3.7,1.56
2,FivePoints,San Joaquin Valley,2025-01-02,2,1.31,0.0,98.0,0.82,16.8,0.9,8.2,94.0,49.0,76.0,4.2,1.37
2,FivePoints,San Joaquin Valley,2025-01-03,3,0.68,0.0,49.0,1.03,15.6,6.0,9.8,94.0,61.0,85.0,7.3,2.69
2,FivePoints,San Joaquin Valley,2025-01-04,4,1.5,0.0,98.0,0.86,15.3,3.1,8.5,92.0,60.0,78.0,4.8,2.86
2,FivePoints,San Joaquin Valley,2025-01-05,5,1.35,0.0,98.0,0.86,15.2,1.3,7.8,95.0,59.0,81.0,4.7,2.0
2,FivePoints,San Joaquin Valley,2025-01-06,6,1.33,0.0,102.0,0.9,16.0,0.2,8.6,96.0,60.0,81.0,5.4,1.71
2,FivePoints,San Joaquin Valley,2025-01-07,7,2.03,0.0,105.0,0.91,17.4,5.9,10.9,98.0,40.0,70.0,5.7,3.45
2,FivePoints,San Joaquin Valley,2025-01-08,8,1.12,0.0,74.0,0.69,17.2,1.5,7.0,87.0,43.0,68.0,1.6,1.44
2,FivePoints,San Joaquin Valley,2025-01-09,9,1.47,0.0,109.0,0.71,16.9,-1.1,7.0,90.0,45.0,71.0,2.0,1.43
2,FivePoints,San Joaquin Valley,2025-01-10,10,1.72,0.0,112.0,0.7,20.6,-0.7,8.9,89.0,34.0,62.0,1.9,1.63
2,FivePoints,San Joaquin Valley,2025-01-11,11,2.74,0.0,117.0,0.64,16.7,2.6,9.4,78.0,33.0,55.0,0.7,4.25
2,FivePoints,San Joaquin Valley,2025-01-12,12,2.3,0.0,119.0,0.54,14.4,-0.3,6.9,74.0,37.0,54.0,-1.7,3.34
2,FivePoints,San Joaquin Valley,2025-01-13,13,1.67,0.0,120.0,0.55,15.7,-3.4,5.3,80.0,39.0,61.0,-1.5,2.06
2,FivePoints,San Joaquin Valley,2025-01-14,14,1.79,0.0,121.0,0.56,17.0,-2.4,6.6,82.0,33.0,57.0,-1.3,1.52
2,FivePoints,San Joaquin Valley,2025-01-15,15,2.04,0.0,123.0,0.58,19.3,-2.2,7.7,79.0,30.0,55.0,-0.8,1.72
2,FivePoints,San Joaquin Valley,2025-01-16,16,1.85,0.0,122.0,0.56,19.0,-1.6,7.9,77.0,29.0,53.0,-1.2,1.36
2,FivePoints,San Joaquin Valley,2025-01-17,17,1.93,3.4,123.0,0.59,18.6,0.2,8.1,79.0,34.0,54.0,-0.5,1.47
2,FivePoints,San Joaquin Valley,2025-01-18,18,1.6,0.0,122.0,0.73,15.8,-0.8,7.0,91.0,51.0,72.0,2.4,1.78
2,FivePoints,San Joaquin Valley,2025-01-19,19,1.69,0.0,120.0,0.67,16.6,-2.1,6.4,92.0,44.0,70.0,1.3,1.5
2,FivePoints,San Joaquin Valley,2025-01-20,20,1.78,0.0,122.0,0.69,15.2,-1.1,6.6,90.0,48.0,71.0,1.7,2.28
2,FivePoints,San Joaquin Valley,2025-01-21,21,1.92,0.0,124.0,0.63,18.0,-2.1,7.4,87.0,37.0,61.0,0.3,1.75
2,FivePoints,San Joaquin Valley,2025-01-22,22,1.87,0.0,131.0,0.56,17.2,-2.9,6.9,85.0,33.0,56.0,-1.2,1.33
2,FivePoints,San Joaquin Valley,2025-01-23,23,1.92,0.0,131.0,0.58,19.3,-2.9,7.3,78.0,33.0,56.0,-0.8,1.28
2,FivePoints,San Joaquin Valley,2025-01-24,24,1.92,0.0,124.0,0.58,20.0,-1.9,8.1,83.0,30.0,54.0,-0.7,1.39
2,FivePoints,San Joaquin Valley,2025-01-25,25,1.69,0.0,88.0,0.72,15.4,4.5,8.7,84.0,43.0,64.0,2.3,2.74
2,FivePoints,San Joaquin Valley,2025-01-26,26,0.65,2.7,53.0,0.87,10.7,1.5,6.7,97.0,74.0,88.0,4.9,2.21
2,FivePoints,San Joaquin Valley,2025-01-27,27,1.67,0.1,134.0,0.67,14.3,-0.1,6.4,96.0,41.0,70.0,1.3,1.52
2,FivePoints,San Joaquin Valley,2025-01-28,28,1.86,0.0,134.0,0.63,15.7,-2.6,6.0,94.0,41.0,67.0,0.3,1.58
2,FivePoints,San Joaquin Valley,2025-01-29,29,1.79,0.0,135.0,0.63,16.4,-1.3,6.6,88.0,42.0,65.0,0.5,1.58
2,FivePoints,San Joaquin Valley,2025-01-30,30,1.68,0.0,133.0,0.72,15.6,0.2,7.1,89.0,51.0,71.0,2.2,1.72
2,FivePoints,San Joaquin Valley,2025-01-31,31,1.37,0.0,91.0,0.8,16.4,1.5,9.3,84.0,49.0,68.0,3.7,1.33
2,FivePoints,San Joaquin Valley,2025-02-01,32,1.8,0.0,80.0,0.95,19.4,7.3,13.5,83.0,45.0,61.0,6.2,2.23
2,FivePoints,San Joaquin Valley,2025-02-02,33,2.18,0.0,139.0,0.99,22.1,4.2,12.6,86.0,47.0,68.0,6.8,1.52
2,FivePoints,San Joaquin Valley,2025-02-03,34,2.15,0.0,104.0,0.9,20.6,4.2,12.2,93.0,40.0,63.0,5.5,2.61
2,FivePoints,San Joaquin Valley,2025-02-04,35,2.21,0.3,83.0,1.09,20.8,8.7,14.4,78.0,47.0,67.0,8.3,4.61
2,FivePoints,San Joaquin Valley,2025-02-05,36,2.47,0.0,139.0,0.71,16.2,4.6,10.7,78.0,36.0,55.0,2.1,3.58
2,FivePoints,San Joaquin Valley,2025-02-06,37,0.83,3.8,44.0,1.08,16.3,4.8,10.9,88.0,61.0,83.0,8.1,4.07
2,FivePoints,San Joaquin Valley,2025-02-07,38,1.67,0.0,103.0,1.03,16.1,4.6,11.5,89.0,56.0,76.0,7.4,2.82
2,FivePoints,San Joaquin Valley,2025-02-08,39,2.37,0.0,161.0,0.75,15.3,2.7,8.0,90.0,48.0,70.0,2.9,4.11
2,FivePoints,San Joaquin Valley,2025-02-09,40,2.63,0.0,163.0,0.55,14.7,-1.2,6.6,74.0,40.0,57.0,-1.3,3.51
2,FivePoints,San Joaquin Valley,2025-02-10,41,2.7,0.0,164.0,0.46,14.7,-2.2,6.4,68.0,34.0,48.0,-3.7,2.68
2,FivePoints,San Joaquin Valley,2025-02-11,42,2.61,0.0,157.0,0.5,16.1,-2.5,8.1,76.0,25.0,46.0,-2.7,2.09
2,FivePoints,San Joaquin Valley,2025-02-12,43,1.6,2.3,103.0,0.9,14.5,6.4,10.1,91.0,53.0,73.0,5.4,2.54
2,FivePoints,San Joaquin Valley,2025-02-13,44,1.28,13.5,64.0,1.24,19.1,9.9,13.5,91.0,59.0,80.0,10.2,4.82
2,FivePoints,San Joaquin Valley,2025-02-14,45,2.17,0.2,145.0,1.03,16.4,6.1,11.3,92.0,55.0,77.0,7.4,3.3
2,FivePoints,San Joaquin Valley,2025-02-15,46,1.96,0.0,142.0,0.84,15.5,1.6,8.4,93.0,57.0,76.0,4.5,2.02
2,FivePoints,San Joaquin Valley,2025-02-16,47,2.44,0.0,169.0,0.9,19.3,2.2,10.4,95.0,44.0,71.0,5.4,1.72
2,FivePoints,San Joaquin Valley,2025-02-17,48,2.46,0.0,153.0,0.92,17.4,5.4,10.7,93.0,50.0,71.0,5.7,3.12
2,FivePoints,San Joaquin Valley,2025-02-18,49,2.54,0.0,162.0,0.89,18.3,3.5,10.4,90.0,48.0,70.0,5.2,2.57
2,FivePoints,San Joaquin Valley,2025-02-19,50,3.01,2.4,87.0,1.09,25.5,11.6,16.0,85.0,42.0,60.0,8.3,4.33
2,FivePoints,San Joaquin Valley,2025-02-20,51,2.53,0.0,169.0,1.03,17.6,6.6,11.9,89.0,54.0,74.0,7.4,4.45
2,FivePoints,San Joaquin Valley,2025-02-21,52,2.42,0.0,167.0,0.89,19.9,1.5,10.7,92.0,46.0,70.0,5.4,1.69
2,FivePoints,San Joaquin Valley,2025-02-22,53,2.85,0.0,179.0,0.87,23.1,3.6,13.1,85.0,32.0,58.0,5.0,1.39
2,FivePoints,San Joaquin Valley,2025-02-23,54,3.24,0.0,169.0,0.94,25.1,5.7,15.3,83.0,29.0,54.0,6.0,1.73
2,FivePoints,San Joaquin Valley,2025-02-24,55,3.64,0.0,154.0,1.09,25.4,8.7,16.5,78.0,31.0,58.0,8.3,3.31
2,FivePoints,San Joaquin Valley,2025-02-25,56,3.16,0.0,176.0,1.09,20.7,8.6,14.0,95.0,41.0,68.0,8.2,3.89
2,FivePoints,San Joaquin Valley,2025-02-26,57,2.96,0.0,181.0,0.8,23.0,2.9,12.9,82.0,31.0,53.0,3.7,1.36
2,FivePoints,San Joaquin Valley,2025-02-27,58,2.98,0.0,138.0,0.84,26.0,5.0,14.2,75.0,26.0,52.0,4.5,1.93
2,FivePoints,San Joaquin Valley,2025-02-28,59,2.93,0.0,91.0,0.89,23.9,8.2,15.9,81.0,31.0,49.0,5.3,2.71
2,FivePoints,San Joaquin Valley,2025-03-01,60,3.87,0.0,158.0,0.8,26.0,6.4,15.9,67.0,29.0,45.0,3.8,2.54
2,FivePoints,San Joaquin Valley,2025-03-02,61,1.96,2.1,121.0,0.87,15.3,3.5,10.6,89.0,51.0,68.0,4.9,2.21
2,FivePoints,San Joaquin Valley,2025-03-03,62,2.63,0.0,155.0,0.83,17.8,4.1,10.7,84.0,42.0,65.0,4.3,2.41
2,FivePoints,San Joaquin Valley,2025-03-04,63,2.42,0.0,157.0,0.8,19.2,2.7,11.1,84.0,39.0,61.0,3.8,1.5
2,FivePoints,San Joaquin Valley,2025-03-05,64,0.43,14.6,40.0,1.08,12.1,5.0,10.3,96.0,57.0,86.0,8.1,1.98
2,FivePoints,San Joaquin Valley,2025-03-06,65,1.06,2.7,69.0,0.88,13.2,4.2,8.2,92.0,62.0,81.0,5.1,1.99
2,FivePoints,San Joaquin Valley,2025-03-07,66,1.74,0.1,84.0,0.87,16.4,3.1,9.3,95.0,44.0,74.0,4.9,3.02
2,FivePoints,San Joaquin Valley,2025-03-08,67,2.09,0.0,92.0,0.82,20.3,2.1,10.8,91.0,34.0,64.0,4.2,2.15
2,FivePoints,San Joaquin Valley,2025-03-09,68,2.74,0.0,97.0,0.75,23.6,2.1,13.0,93.0,20.0,50.0,2.9,2.01
2,FivePoints,San Joaquin Valley,2025-03-10,69,2.93,0.0,143.0,0.86,21.3,5.0,13.3,85.0,36.0,56.0,4.7,2.57
2,FivePoints,San Joaquin Valley,2025-03-11,70,2.7,0.0,137.0,0.81,21.1,6.1,13.5,73.0,34.0,52.0,3.9,1.9
2,FivePoints,San Joaquin Valley,2025-03-12,71,2.15,3.3,67.0,0.98,19.3,8.2,12.5,89.0,46.0,68.0,6.6,4.18
2,FivePoints,San Joaquin Valley,2025-03-13,72,1.62,6.1,131.0,0.92,13.5,4.3,8.4,95.0,62.0,84.0,5.8,2.76
2,FivePoints,San Joaquin Valley,2025-03-14,73,1.27,4.6,121.0,0.9,12.6,3.6,7.5,97.0,75.0,87.0,5.5,2.77
2,FivePoints,San Joaquin Valley,2025-03-15,74,2.62,0.1,187.0,0.86,17.6,1.9,10.0,97.0,41.0,70.0,4.8,1.55
2,FivePoints,San Joaquin Valley,2025-03-16,75,3.08,0.0,166.0,0.97,20.7,3.1,12.6,93.0,46.0,66.0,6.5,3.5
2,FivePoints,San Joaquin Valley,2025-03-17,76,1.64,6.2,101.0,1.08,16.2,8.9,12.4,92.0,58.0,75.0,8.1,3.44
2,FivePoints,San Joaquin Valley,2025-03-18,77,3.13,0.0,226.0,0.9,16.8,5.2,10.5,96.0,47.0,71.0,5.4,3.57
2,FivePoints,San Joaquin Valley,2025-03-19,78,3.0,0.0,183.0,0.87,19.3,1.8,11.5,88.0,41.0,64.0,4.9,2.2
2,FivePoints,San Joaquin Valley,2025-03-20,79,3.94,0.0,219.0,0.85,19.5,7.4,12.8,85.0,35.0,58.0,4.6,4.17
2,FivePoints,San Joaquin Valley,2025-03-21,80,3.92,0.0,213.0,0.82,21.0,4.0,12.9,86.0,34.0,56.0,4.2,2.98
2,FivePoints,San Joaquin Valley,2025-03-22,81,3.2,0.0,163.0,1.0,20.5,6.6,13.6,82.0,47.0,65.0,7.0,3.24
2,FivePoints,San Joaquin Valley,2025-03-23,82,4.01,0.0,230.0,1.11,23.5,6.3,15.4,90.0,43.0,64.0,8.5,2.47
2,FivePoints,San Joaquin Valley,2025-03-24,83,4.26,0.0,231.0,1.27,28.5,8.0,18.3,86.0,40.0,61.0,10.6,1.67
2,FivePoints,San Joaquin Valley,2025-03-25,84,4.46,0.0,233.0,1.46,31.8,10.4,21.2,86.0,33.0,58.0,12.7,1.59
2,FivePoints,San Joaquin Valley,2025-03-26,85,5.24,0.0,233.0,1.3,29.3,12.4,19.8,77.0,24.0,56.0,10.9,2.76
2,FivePoints,San Joaquin Valley,2025-03-27,86,4.4,0.0,218.0,1.15,25.8,9.7,16.7,82.0,33.0,60.0,9.0,3.37
2,FivePoints,San Joaquin Valley,2025-03-28,87,3.58,0.0,178.0,0.95,20.5,8.5,14.3,77.0,40.0,58.0,6.2,3.71
2,FivePoints,San Joaquin Valley,2025-03-29,88,3.74,0.0,230.0,0.78,19.9,5.9,13.3,77.0,31.0,51.0,3.4,2.64
2,FivePoints,San Joaquin Valley,2025-03-30,89,2.58,0.3,124.0,1.15,20.4,10.0,14.8,75.0,56.0,69.0,9.0,4.25
2,FivePoints,San Joaquin Valley,2025-03-31,90,3.56,0.6,164.0,1.12,22.0,9.1,15.8,92.0,35.0,62.0,8.6,4.27
2,FivePoints,San Joaquin Valley,2025-04-01,91,2.42,3.7,161.0,0.87,16.2,3.6,10.5,84.0,46.0,68.0,4.9,2.17
2,FivePoints,San Joaquin Valley,2025-04-02,92,2.96,0.0,201.0,0.86,17.0,3.1,10.7,93.0,47.0,66.0,4.7,2.54
2,FivePoints,San Joaquin Valley,2025-04-03,93,3.72,0.0,224.0,0.75,19.3,1.7,11.3,84.0,37.0,56.0,2.8,2.23
2,FivePoints,San Joaquin Valley,2025-04-04,94,4.78,0.0,245.0,0.71,22.5,3.5,13.6,78.0,24.0,46.0,2.1,2.76
2,FivePoints,San Joaquin Valley,2025-04-05,95,4.6,0.0,241.0,0.71,24.8,4.9,15.5,67.0,26.0,40.0,2.1,1.73
2,FivePoints,San Joaquin Valley,2025-04-06,96,4.76,0.0,244.0,0.83,26.8,5.9,17.4,69.0,26.0,42.0,4.3,1.68
2,FivePoints,San Joaquin Valley,2025-04-07,97,4.98,0.0,224.0,1.07,25.8,9.3,18.3,67.0,39.0,51.0,8.0,3.31
2,FivePoints,San Joaquin Valley,2025-04-08,98,4.97,0.0,245.0,1.11,24.8,11.6,17.6,76.0,40.0,55.0,8.5,3.94
2,FivePoints,San Joaquin Valley,2025-04-09,99,5.17,0.0,247.0,1.07,28.3,8.3,18.5,73.0,31.0,50.0,7.9,2.32
2,FivePoints,San Joaquin Valley,2025-04-10,100,5.58,0.0,245.0,1.23,30.1,9.5,20.9,79.0,33.0,50.0,10.0,2.51
2,FivePoints,San Joaquin Valley,2025-04-11,101,5.27,0.0,236.0,1.15,28.4,10.9,20.4,73.0,31.0,48.0,9.0,2.54
2,FivePoints,San Joaquin Valley,2025-04-12,102,6.06,0.0,258.0,0.84,26.9,11.3,19.0,60.0,25.0,38.0,4.5,3.27
2,FivePoints,San Joaquin Valley,2025-04-13,103,5.22,0.0,251.0,0.9,27.5,7.4,18.0,74.0,26.0,44.0,5.5,2.36
2,FivePoints,San Joaquin Valley,2025-04-14,104,5.2,0.0,239.0,0.99,30.8,8.5,20.6,69.0,22.0,41.0,6.8,1.76
2,FivePoints,San Joaquin Valley,2025-04-15,105,4.47,0.0,154.0,1.21,28.5,14.2,21.1,68.0,37.0,48.0,9.8,2.69
2,FivePoints,San Joaquin Valley,2025-04-16,106,4.36,0.0,241.0,1.08,23.2,9.1,16.9,77.0,42.0,56.0,8.1,2.72
2,FivePoints,San Joaquin Valley,2025-04-17,107,3.22,0.0,160.0,1.12,21.2,12.1,16.0,75.0,51.0,62.0,8.7,2.95
2,FivePoints,San Joaquin Valley,2025-04-18,108,4.35,0.0,220.0,1.06,22.8,10.3,15.9,79.0,36.0,59.0,7.8,3.21
2,FivePoints,San Joaquin Valley,2025-04-19,109,4.95,0.0,243.0,0.95,27.1,7.8,17.9,76.0,30.0,46.0,6.3,2.04
2,FivePoints,San Joaquin Valley,2025-04-20,110,5.22,0.0,249.0,0.94,28.1,8.6,18.6,77.0,24.0,44.0,6.1,2.2
2,FivePoints,San Joaquin Valley,2025-04-21,111,5.67,0.0,254.0,0.91,29.3,10.0,20.0,62.0,25.0,39.0,5.5,2.1
2,FivePoints,San Joaquin Valley,2025-04-22,112,5.46,0.0,239.0,0.92,29.4,10.1,20.4,59.0,25.0,38.0,5.7,1.99
2,FivePoints,San Joaquin Valley,2025-04-23,113,5.8,0.0,254.0,0.76,26.0,8.6,17.4,61.0,25.0,38.0,3.0,2.92
2,FivePoints,San Joaquin Valley,2025-04-24,114,4.12,0.0,218.0,0.94,22.7,5.9,15.1,79.0,34.0,55.0,6.1,2.64
2,FivePoints,San Joaquin Valley,2025-04-25,115,3.11,0.0,169.0,0.92,19.3,9.6,13.7,74.0,41.0,59.0,5.8,2.82
2,FivePoints,San Joaquin Valley,2025-04-26,116,1.84,7.2,140.0,1.05,15.9,9.3,11.4,90.0,57.0,78.0,7.7,2.17
2,FivePoints,San Joaquin Valley,2025-04-27,117,2.43,0.0,137.0,1.09,18.4,9.0,13.3,95.0,52.0,71.0,8.2,1.88
2,FivePoints,San Joaquin Valley,2025-04-28,118,3.96,0.0,231.0,1.12,22.2,7.1,14.8,90.0,46.0,66.0,8.6,2.77
2,FivePoints,San Joaquin Valley,2025-04-29,119,4.71,0.0,247.0,1.22,27.9,8.2,18.7,91.0,36.0,56.0,9.9,1.63
2,FivePoints,San Joaquin Valley,2025-04-30,120,4.98,0.0,226.0,1.24,29.3,10.9,20.7,83.0,32.0,51.0,10.2,2.02
2,FivePoints,San Joaquin Valley,2025-05-01,121,5.5,0.0,245.0,1.26,30.6,12.8,21.5,75.0,32.0,49.0,10.4,2.38
2,FivePoints,San Joaquin Valley,2025-05-02,122,6.45,0.0,254.0,1.1,30.1,12.9,21.4,69.0,24.0,43.0,8.4,3.68
2,FivePoints,San Joaquin Valley,2025-05-03,123,3.9,0.0,171.0,1.11,24.0,11.8,17.7,63.0,45.0,55.0,8.5,2.93
2,FivePoints,San Joaquin Valley,2025-05-04,124,4.65,0.0,246.0,1.06,24.0,8.4,16.4,74.0,41.0,57.0,7.8,2.52
2,FivePoints,San Joaquin Valley,2025-05-05,125,6.1,0.0,271.0,1.05,27.3,9.5,19.1,80.0,35.0,48.0,7.7,3.38
2,FivePoints,San Joaquin Valley,2025-05-06,126,7.26,0.0,288.0,0.88,30.0,9.7,20.4,70.0,17.0,37.0,5.2,3.29
2,FivePoints,San Joaquin Valley,2025-05-07,127,5.8,0.0,287.0,1.08,29.2,9.3,19.9,69.0,31.0,47.0,8.2,2.17
2,FivePoints,San Joaquin Valley,2025-05-08,128,6.45,0.0,246.0,1.2,32.1,19.0,26.4,67.0,26.0,35.0,9.6,2.74
2,FivePoints,San Joaquin Valley,2025-05-09,129,7.57,0.0,324.0,1.24,34.1,13.4,24.8,67.0,25.0,40.0,10.1,2.71
2,FivePoints,San Joaquin Valley,2025-05-10,130,8.2,0.0,323.0,1.17,34.9,15.1,26.0,64.0,22.0,35.0,9.3,2.93
2,FivePoints,San Joaquin Valley,2025-05-11,131,7.98,0.0,327.0,0.93,30.4,13.4,22.2,51.0,25.0,35.0,5.9,4.01
2,FivePoints,San Joaquin Valley,2025-05-12,132,5.63,0.0,292.0,0.92,23.9,9.9,16.3,73.0,36.0,50.0,5.7,3.98
2,FivePoints,San Joaquin Valley,2025-05-13,133,5.14,0.0,291.0,0.92,22.1,6.5,14.9,83.0,37.0,54.0,5.7,2.96
2,FivePoints,San Joaquin Valley,2025-05-14,134,6.09,0.0,322.0,0.95,25.8,7.6,17.3,77.0,30.0,48.0,6.2,2.55
2,FivePoints,San Joaquin Valley,2025-05-15,135,6.56,0.0,322.0,1.01,28.8,9.5,20.2,72.0,28.0,43.0,7.1,2.49
2,FivePoints,San Joaquin Valley,2025-05-16,136,6.25,0.0,306.0,1.07,29.8,12.0,21.3,68.0,27.0,42.0,8.0,1.97
2,FivePoints,San Joaquin Valley,2025-05-17,137,6.35,0.0,273.0,1.04,26.0,12.6,19.0,72.0,34.0,48.0,7.6,4.03
2,FivePoints,San Joaquin Valley,2025-05-18,138,6.74,0.0,283.0,0.89,27.9,8.4,18.7,77.0,21.0,41.0,5.3,3.7
2,FivePoints,San Joaquin Valley,2025-05-19,139,7.56,0.0,292.0,1.07,30.8,10.9,21.8,60.0,28.0,41.0,8.0,4.09
2,FivePoints,San Joaquin Valley,2025-05-20,140,7.64,0.0,284.0,1.0,30.9,13.2,22.2,60.0,23.0,37.0,7.0,3.91
2,FivePoints,San Joaquin Valley,2025-05-21,141,7.18,0.0,293.0,0.89,32.5,10.1,22.2,58.0,20.0,33.0,5.3,2.59
2,FivePoints,San Joaquin Valley,2025-05-22,142,7.82,0.0,277.0,0.99,31.5,11.3,22.9,55.0,23.0,35.0,6.8,4.16
2,FivePoints,San Joaquin Valley,2025-05-23,143,6.09,0.0,278.0,0.91,27.9,10.1,19.8,59.0,28.0,39.0,5.6,2.89
2,FivePoints,San Joaquin Valley,2025-05-24,144,6.0,0.0,301.0,1.04,29.4,9.2,20.3,73.0,29.0,44.0,7.6,1.99
2,FivePoints,San Joaquin Valley,2025-05-25,145,6.71,0.0,299.0,1.1,30.1,11.9,21.1,67.0,30.0,44.0,8.4,3.25
2,FivePoints,San Joaquin Valley,2025-05-26,146,6.22,0.0,299.0,1.07,27.3,12.1,19.7,73.0,31.0,47.0,8.0,3.66
2,FivePoints,San Joaquin Valley,2025-05-27,147,6.12,0.0,311.0,1.1,31.1,9.6,21.2,76.0,28.0,44.0,8.4,1.76
2,FivePoints,San Joaquin Valley,2025-05-28,148,7.8,0.0,306.0,1.19,32.0,14.2,23.5,61.0,30.0,41.0,9.5,3.82
2,FivePoints,San Joaquin Valley,2025-05-29,149,7.01,0.1,311.0,1.09,31.2,11.2,21.9,60.0,29.0,42.0,8.2,2.85
2,FivePoints,San Joaquin Valley,2025-05-30,150,7.07,0.0,303.0,1.49,35.3,13.6,26.0,72.0,30.0,44.0,12.9,2.02
2,FivePoints,San Joaquin Valley,2025-05-31,151,7.39,0.0,294.0,1.6,38.5,18.5,28.8,67.0,25.0,40.0,14.0,2.08
2,FivePoints,San Joaquin Valley,2025-06-01,152,7.83,0.0,316.0,1.2,36.2,16.7,26.7,65.0,20.0,34.0,9.6,2.31
2,FivePoints,San Joaquin Valley,2025-06-02,153,6.62,0.0,314.0,1.14,32.4,12.5,22.7,63.0,23.0,41.0,8.8,2.28
2,FivePoints,San Joaquin Valley,2025-06-03,154,6.52,0.0,315.0,1.27,31.9,13.9,23.2,71.0,27.0,45.0,10.5,2.11
2,FivePoints,San Joaquin Valley,2025-06-04,155,7.18,0.0,320.0,1.35,33.5,14.5,24.9,68.0,26.0,43.0,11.4,2.19
2,FivePoints,San Joaquin Valley,2025-06-05,156,6.97,0.1,316.0,1.41,33.6,15.3,24.6,68.0,30.0,46.0,12.1,2.34
2,FivePoints,San Joaquin Valley,2025-06-06,157,7.47,0.0,324.0,1.45,33.4,15.0,24.9,70.0,29.0,46.0,12.5,3.16
2,FivePoints,San Joaquin Valley,2025-06-07,158,8.38,0.0,324.0,1.48,35.1,17.1,26.4,69.0,26.0,43.0,12.8,3.4
2,FivePoints,San Joaquin Valley,2025-06-08,159,7.6,0.0,323.0,1.51,34.3,16.8,25.8,63.0,30.0,46.0,13.2,2.83
2,FivePoints,San Joaquin Valley,2025-06-09,160,7.47,0.0,326.0,1.67,35.3,17.0,26.6,65.0,34.0,48.0,14.6,2.44
2,FivePoints,San Joaquin Valley,2025-06-10,161,8.34,0.0,326.0,1.57,36.3,17.5,27.1,62.0,30.0,44.0,13.7,3.48
2,FivePoints,San Joaquin Valley,2025-06-11,162,8.3,0.0,339.0,1.16,33.5,15.0,24.8,62.0,24.0,37.0,9.2,3.3
2,FivePoints,San Joaquin Valley,2025-06-12,163,7.64,0.0,343.0,1.04,32.6,11.1,23.0,57.0,23.0,37.0,7.5,2.68
2,FivePoints,San Joaquin Valley,2025-06-13,164,7.93,0.0,341.0,1.01,33.0,12.4,23.8,50.0,23.0,34.0,7.2,2.84
2,FivePoints,San Joaquin Valley,2025-06-14,165,7.86,0.0,340.0,1.04,32.9,13.6,24.4,60.0,24.0,34.0,7.6,2.73
2,FivePoints,San Joaquin Valley,2025-06-15,166,7.74,0.0,339.0,1.12,34.3,14.3,25.1,60.0,24.0,35.0,8.7,2.39
2,FivePoints,San Joaquin Valley,2025-06-16,167,8.74,0.0,340.0,0.9,33.4,15.8,25.1,50.0,19.0,28.0,5.4,3.22
2,FivePoints,San Joaquin Valley,2025-06-17,168,7.91,0.0,340.0,1.06,32.6,12.0,23.7,48.0,26.0,36.0,7.8,2.67
2,FivePoints,San Joaquin Valley,2025-06-18,169,8.74,0.0,341.0,1.29,36.1,13.3,26.0,65.0,23.0,38.0,10.7,3.0
2,FivePoints,San Joaquin Valley,2025-06-19,170,9.68,0.0,344.0,1.03,36.0,15.9,26.7,67.0,15.0,29.0,7.3,3.48
2,FivePoints,San Joaquin Valley,2025-06-20,171,7.86,0.0,344.0,0.89,29.9,9.3,20.9,66.0,22.0,36.0,5.2,3.11
2,FivePoints,San Joaquin Valley,2025-06-21,172,8.57,0.0,349.0,0.78,26.7,11.9,19.6,54.0,21.0,34.0,3.4,5.43
2,FivePoints,San Joaquin Valley,2025-06-22,173,7.7,0.0,343.0,0.91,28.8,10.1,20.9,57.0,25.0,37.0,5.6,3.47
2,FivePoints,San Joaquin Valley,2025-06-23,174,7.09,0.0,335.0,1.04,31.2,12.3,22.4,57.0,25.0,39.0,7.6,2.18
2,FivePoints,San Joaquin Valley,2025-06-24,175,8.02,0.0,323.0,1.09,33.6,14.2,24.6,62.0,22.0,35.0,8.2,2.84
2,FivePoints,San Joaquin Valley,2025-06-25,176,7.61,0.0,338.0,1.24,34.5,14.0,24.8,67.0,24.0,39.0,10.1,2.6
2,FivePoints,San Joaquin Valley,2025-06-26,177,8.03,0.0,339.0,1.25,34.6,13.5,25.4,72.0,24.0,39.0,10.2,2.55
2,FivePoints,San Joaquin Valley,2025-06-27,178,7.44,0.0,334.0,1.4,36.1,15.0,26.7,71.0,26.0,40.0,12.0,1.94
2,FivePoints,San Joaquin Valley,2025-06-28,179,7.74,0.0,335.0,1.49,37.7,17.8,28.5,66.0,23.0,38.0,13.0,1.81
2,FivePoints,San Joaquin Valley,2025-06-29,180,7.88,0.0,327.0,1.37,37.2,18.0,28.7,58.0,23.0,35.0,11.6,2.09
2,FivePoints,San Joaquin Valley,2025-06-30,181,7.83,0.0,336.0,1.24,37.0,16.5,27.5,59.0,22.0,34.0,10.2,1.95
2,FivePoints,San Joaquin Valley,2025-07-01,182,8.37,0.0,334.0,1.3,36.4,16.0,27.4,63.0,23.0,36.0,10.9,2.52
2,FivePoints,San Joaquin Valley,2025-07-02,183,7.69,0.0,329.0,1.54,37.4,17.1,27.9,57.0,27.0,41.0,13.4,2.27
2,FivePoints,San Joaquin Valley,2025-07-03,184,8.59,0.0,305.0,1.38,37.2,18.8,27.5,66.0,19.0,37.0,11.7,3.15
2,FivePoints,San Joaquin Valley,2025-07-04,185,8.1,0.0,339.0,1.15,32.8,13.0,24.4,63.0,26.0,38.0,9.0,3.03
2,FivePoints,San Joaquin Valley,2025-07-05,186,7.59,0.0,338.0,1.06,32.0,12.6,23.5,62.0,25.0,37.0,7.9,2.6
2,FivePoints,San Joaquin Valley,2025-07-06,187,7.43,0.0,340.0,1.09,34.6,13.2,24.9,66.0,21.0,35.0,8.2,1.97
2,FivePoints,San Joaquin Valley,2025-07-07,188,8.17,0.0,323.0,1.12,36.6,15.1,26.6,53.0,15.0,32.0,8.6,2.43
2,FivePoints,San Joaquin Valley,2025-07-08,189,7.59,0.0,328.0,1.31,36.0,15.7,25.6,65.0,23.0,40.0,11.0,2.66
2,FivePoints,San Joaquin Valley,2025-07-09,190,8.09,0.0,328.0,1.4,34.7,15.5,25.5,72.0,24.0,43.0,12.0,3.47
2,FivePoints,San Joaquin Valley,2025-07-10,191,7.72,0.0,321.0,1.32,36.1,14.7,26.7,72.0,20.0,38.0,11.1,2.19
2,FivePoints,San Joaquin Valley,2025-07-11,192,7.61,0.0,324.0,1.5,38.7,17.1,28.9,69.0,22.0,38.0,13.1,1.71
2,FivePoints,San Joaquin Valley,2025-07-12,193,8.13,0.0,324.0,1.51,39.8,19.1,29.7,58.0,21.0,36.0,13.1,2.17
2,FivePoints,San Joaquin Valley,2025-07-13,194,8.24,0.0,322.0,1.55,37.5,19.0,28.7,61.0,25.0,39.0,13.5,2.76
2,FivePoints,San Joaquin Valley,2025-07-14,195,8.22,0.0,316.0,1.5,38.1,19.2,29.1,58.0,24.0,37.0,13.0,2.69
2,FivePoints,San Joaquin Valley,2025-07-15,196,8.16,0.0,325.0,1.47,36.9,19.0,28.4,62.0,28.0,38.0,12.7,2.54
2,FivePoints,San Joaquin Valley,2025-07-16,197,7.28,0.0,328.0,1.46,33.8,16.1,25.0,66.0,30.0,46.0,12.6,2.65
2,FivePoints,San Joaquin Valley,2025-07-17,198,7.01,0.0,323.0,1.58,34.8,15.8,25.4,75.0,31.0,49.0,13.8,2.65
2,FivePoints,San Joaquin Valley,2025-07-18,199,7.36,0.0,321.0,1.6,35.0,16.1,26.3,77.0,30.0,47.0,14.0,2.64
2,FivePoints,San Joaquin Valley,2025-07-19,200,7.78,0.0,329.0,1.52,35.2,17.2,26.4,70.0,29.0,44.0,13.2,2.85
2,FivePoints,San Joaquin Valley,2025-07-20,201,7.71,0.0,335.0,1.38,36.0,14.9,26.2,72.0,24.0,41.0,11.8,2.38
2,FivePoints,San Joaquin Valley,2025-07-21,202,7.22,0.0,316.0,1.51,33.3,15.2,24.6,73.0,34.0,49.0,13.1,2.87
2,FivePoints,San Joaquin Valley,2025-07-22,203,6.8,0.0,322.0,1.39,31.2,14.3,22.7,75.0,34.0,50.0,11.9,3.24
2,FivePoints,San Joaquin Valley,2025-07-23,204,6.42,0.0,323.0,1.44,33.0,13.8,22.8,81.0,30.0,52.0,12.4,2.4
2,FivePoints,San Joaquin Valley,2025-07-24,205,6.69,0.0,320.0,1.52,32.1,15.0,23.8,78.0,34.0,52.0,13.3,2.91
2,FivePoints,San Joaquin Valley,2025-07-25,206,6.74,0.0,319.0,1.48,31.3,15.1,23.7,79.0,33.0,51.0,12.8,2.67
2,FivePoints,San Joaquin Valley,2025-07-26,207,6.8,0.0,315.0,1.5,31.5,15.3,23.9,76.0,36.0,50.0,13.0,2.99
2,FivePoints,San Joaquin Valley,2025-07-27,208,7.04,0.0,322.0,1.49,32.9,15.7,24.5,74.0,32.0,48.0,12.9,2.87
2,FivePoints,San Joaquin Valley,2025-07-28,209,7.07,0.0,305.0,1.42,33.4,15.1,25.2,71.0,29.0,44.0,12.2,2.71
2,FivePoints,San Joaquin Valley,2025-07-29,210,7.58,0.0,324.0,1.34,35.2,15.3,26.2,71.0,28.0,39.0,11.3,2.23
2,FivePoints,San Joaquin Valley,2025-07-30,211,7.62,0.0,327.0,1.23,34.9,16.3,25.6,55.0,24.0,38.0,10.1,2.47
2,FivePoints,San Joaquin Valley,2025-07-31,212,7.02,0.0,325.0,1.4,35.3,14.4,25.4,74.0,25.0,43.0,12.0,2.06
2,FivePoints,San Joaquin Valley,2025-08-01,213,7.55,0.0,318.0,1.43,36.7,16.1,26.8,71.0,27.0,40.0,12.3,2.42
2,FivePoints,San Joaquin Valley,2025-08-02,214,7.47,0.0,319.0,1.42,35.5,15.8,25.9,70.0,26.0,42.0,12.2,2.49
2,FivePoints,San Joaquin Valley,2025-08-03,215,8.06,0.0,323.0,1.29,35.9,15.1,26.1,69.0,20.0,38.0,10.7,2.61
2,FivePoints,San Joaquin Valley,2025-08-04,216,7.4,0.0,314.0,1.13,33.1,14.2,24.2,54.0,26.0,37.0,8.8,2.6
2,FivePoints,San Joaquin Valley,2025-08-05,217,6.8,0.0,318.0,1.19,34.1,13.0,24.3,72.0,23.0,39.0,9.5,1.9
2,FivePoints,San Joaquin Valley,2025-08-06,218,6.94,1.9,310.0,1.3,36.3,15.0,26.5,69.0,24.0,38.0,10.9,1.78
2,FivePoints,San Joaquin Valley,2025-08-07,219,7.47,0.0,313.0,1.39,38.1,16.9,27.9,64.0,23.0,37.0,11.8,2.06
2,FivePoints,San Joaquin Valley,2025-08-08,220,7.08,0.0,304.0,1.49,38.8,17.0,28.6,62.0,22.0,38.0,12.9,1.75
2,FivePoints,San Joaquin Valley,2025-08-09,221,6.89,0.0,293.0,1.64,39.6,18.7,29.4,69.0,23.0,40.0,14.4,1.69
2,FivePoints,San Joaquin Valley,2025-08-10,222,7.5,0.0,291.0,1.56,39.2,19.3,29.7,59.0,23.0,38.0,13.7,2.25
2,FivePoints,San Joaquin Valley,2025-08-11,223,7.56,0.0,292.0,1.5,38.7,20.3,29.2,56.0,22.0,37.0,13.1,2.48
2,FivePoints,San Joaquin Valley,2025-08-12,224,7.28,0.0,276.0,1.42,37.7,18.1,28.2,57.0,24.0,37.0,12.2,2.47
2,FivePoints,San Joaquin Valley,2025-08-13,225,7.39,0.0,288.0,1.42,36.6,17.5,27.2,62.0,23.0,39.0,12.2,2.76
2,FivePoints,San Joaquin Valley,2025-08-14,226,6.75,0.0,296.0,1.6,34.5,16.3,25.6,77.0,32.0,49.0,14.0,2.47
2,FivePoints,San Joaquin Valley,2025-08-15,227,6.32,0.0,279.0,1.44,35.3,15.0,25.5,75.0,25.0,44.0,12.4,2.0
2,FivePoints,San Joaquin Valley,2025-08-16,228,6.53,0.0,283.0,1.65,34.3,16.7,25.9,72.0,34.0,49.0,14.4,2.52
2,FivePoints,San Joaquin Valley,2025-08-17,229,6.15,0.0,257.0,1.6,32.7,17.8,25.6,75.0,34.0,49.0,14.1,2.72
2,FivePoints,San Joaquin Valley,2025-08-18,230,6.31,0.0,256.0,1.3,32.0,14.5,23.9,76.0,28.0,44.0,10.8,3.09
2,FivePoints,San Joaquin Valley,2025-08-19,231,6.39,0.0,244.0,1.38,34.2,14.9,25.4,71.0,27.0,42.0,11.7,2.74
2,FivePoints,San Joaquin Valley,2025-08-20,232,6.8,0.0,250.0,1.19,35.5,14.3,25.0,70.0,18.0,38.0,9.6,2.55
2,FivePoints,San Joaquin Valley,2025-08-21,233,6.86,0.0,253.0,1.38,37.8,15.4,27.2,65.0,22.0,38.0,11.8,2.13
2,FivePoints,San Joaquin Valley,2025-08-22,234,7.21,0.0,175.0,1.37,39.6,24.3,33.2,62.0,20.0,27.0,11.6,2.6
2,FivePoints,San Joaquin Valley,2025-08-23,235,5.27,0.0,186.0,1.61,39.3,19.2,28.9,63.0,22.0,41.0,14.1,1.72
2,FivePoints,San Joaquin Valley,2025-08-24,236,6.94,0.0,257.0,1.72,40.3,21.2,30.1,64.0,24.0,41.0,15.2,2.46
2,FivePoints,San Joaquin Valley,2025-08-25,237,6.39,0.0,239.0,1.66,37.4,19.5,28.7,67.0,28.0,42.0,14.6,2.3
2,FivePoints,San Joaquin Valley,2025-08-26,238,6.16,0.0,237.0,1.66,37.5,19.1,28.7,70.0,28.0,42.0,14.6,2.1
2,FivePoints,San Joaquin Valley,2025-08-27,239,6.15,0.0,261.0,1.53,36.9,17.4,27.2,76.0,22.0,42.0,13.3,1.97
2,FivePoints,San Joaquin Valley,2025-08-28,240,6.59,0.0,254.0,1.51,35.5,17.5,26.2,71.0,24.0,44.0,13.2,3.01
2,FivePoints,San Joaquin Valley,2025-08-29,241,7.0,0.0,246.0,1.31,35.3,15.7,25.9,69.0,22.0,39.0,11.0,2.9
2,FivePoints,San Joaquin Valley,2025-08-30,242,8.07,0.0,254.0,1.29,37.6,15.6,27.3,63.0,19.0,35.0,10.7,3.4
2,FivePoints,San Joaquin Valley,2025-08-31,243,8.74,0.0,254.0,1.2,38.2,18.7,28.8,52.0,20.0,30.0,9.7,3.69
2,FivePoints,San Joaquin Valley,2025-09-01,244,7.08,0.0,263.0,1.29,39.6,17.5,29.0,50.0,20.0,32.0,10.7,2.22
2,FivePoints,San Joaquin Valley,2025-09-02,245,7.51,0.0,247.0,1.43,39.4,21.6,29.7,58.0,18.0,34.0,12.3,2.67
2,FivePoints,San Joaquin Valley,2025-09-03,246,6.31,0.6,256.0,1.4,38.0,18.0,27.7,57.0,24.0,38.0,12.0,2.07
2,FivePoints,San Joaquin Valley,2025-09-04,247,6.93,0.0,257.0,1.45,36.2,17.1,26.9,61.0,28.0,41.0,12.5,2.75
2,FivePoints,San Joaquin Valley,2025-09-05,248,5.85,0.0,268.0,1.59,33.8,15.6,24.7,80.0,33.0,51.0,14.0,2.5
2,FivePoints,San Joaquin Valley,2025-09-06,249,6.25,0.0,270.0,1.44,35.8,16.1,25.3,79.0,23.0,45.0,12.4,2.76
2,FivePoints,San Joaquin Valley,2025-09-07,250,5.98,0.0,275.0,1.31,32.5,14.8,23.6,77.0,27.0,45.0,11.0,2.35
2,FivePoints,San Joaquin Valley,2025-09-08,251,5.99,0.0,264.0,1.45,33.0,16.3,24.3,75.0,30.0,48.0,12.5,2.55
2,FivePoints,San Joaquin Valley,2025-09-09,252,5.78,0.0,259.0,1.55,30.1,16.6,23.5,77.0,40.0,54.0,13.5,3.0
2,FivePoints,San Joaquin Valley,2025-09-10,253,5.09,0.0,250.0,1.52,28.8,14.9,22.1,85.0,40.0,57.0,13.2,2.84
2,FivePoints,San Joaquin Valley,2025-09-11,254,4.99,0.0,243.0,1.49,28.8,15.1,21.9,83.0,39.0,57.0,12.9,2.65
2,FivePoints,San Joaquin Valley,2025-09-12,255,5.1,0.0,251.0,1.46,30.8,13.0,22.3,86.0,35.0,54.0,12.6,1.81
2,FivePoints,San Joaquin Valley,2025-09-13,256,5.55,0.0,245.0,1.48,33.1,15.1,24.2,78.0,33.0,49.0,12.9,2.07
2,FivePoints,San Joaquin Valley,2025-09-14,257,5.85,0.0,244.0,1.3,32.6,15.1,23.5,73.0,28.0,45.0,10.8,2.59
2,FivePoints,San Joaquin Valley,2025-09-15,258,5.36,0.0,255.0,1.39,34.8,13.8,24.2,78.0,23.0,46.0,11.9,1.6
2,FivePoints,San Joaquin Valley,2025-09-16,259,6.03,0.0,252.0,1.39,37.1,15.7,26.4,72.0,23.0,40.0,11.8,1.88
2,FivePoints,San Joaquin Valley,2025-09-17,260,6.67,0.0,245.0,1.35,36.9,15.9,27.5,65.0,23.0,37.0,11.5,2.48
2,FivePoints,San Joaquin Valley,2025-09-18,261,2.32,0.0,65.0,1.64,29.3,19.5,23.3,82.0,39.0,57.0,14.4,2.61
2,FivePoints,San Joaquin Valley,2025-09-20,263,5.04,0.0,222.0,1.79,32.4,18.3,25.2,75.0,40.0,56.0,15.8,2.38
2,FivePoints,San Joaquin Valley,2025-09-21,264,5.51,0.0,241.0,1.58,33.2,16.1,24.9,75.0,32.0,50.0,13.8,2.21
2,FivePoints,San Joaquin Valley,2025-09-22,265,5.35,0.0,212.0,1.5,34.4,15.9,25.0,77.0,28.0,47.0,13.1,2.09
2,FivePoints,San Joaquin Valley,2025-09-23,266,5.56,0.0,227.0,1.51,37.2,15.9,26.7,71.0,25.0,43.0,13.2,1.89
2,FivePoints,San Joaquin Valley,2025-09-24,267,3.01,1.3,111.0,1.82,28.1,18.0,23.7,84.0,45.0,62.0,16.1,2.53
2,FivePoints,San Joaquin Valley,2025-09-25,268,4.94,0.0,211.0,1.72,31.5,16.3,24.4,91.0,39.0,56.0,15.1,2.24
2,FivePoints,San Joaquin Valley,2025-09-26,269,4.66,0.0,213.0,1.51,31.4,14.9,22.9,78.0,35.0,54.0,13.2,2.1
2,FivePoints,San Joaquin Valley,2025-09-27,270,4.65,0.0,193.0,1.61,34.4,14.8,24.2,77.0,33.0,53.0,14.1,2.06
2,FivePoints,San Joaquin Valley,2025-09-28,271,3.99,0.0,208.0,1.71,29.5,16.1,22.1,83.0,46.0,64.0,15.0,2.18
2,FivePoints,San Joaquin Valley,2025-09-29,272,3.41,0.0,146.0,1.67,28.4,16.7,21.5,83.0,47.0,65.0,14.7,2.71
2,FivePoints,San Joaquin Valley,2025-09-30,273,3.86,1.0,182.0,1.51,28.9,15.7,21.9,77.0,35.0,57.0,13.1,1.96
2,FivePoints,San Joaquin Valley,2025-10-01,274,4.19,0.0,207.0,1.39,28.8,13.9,21.5,80.0,37.0,54.0,11.8,1.93
2,FivePoints,San Joaquin Valley,2025-10-02,275,3.44,0.6,157.0,1.58,30.2,15.3,21.3,79.0,39.0,63.0,13.9,2.91
2,FivePoints,San Joaquin Valley,2025-10-03,276,4.1,0.0,180.0,1.18,24.5,11.7,18.0,85.0,36.0,57.0,9.4,2.95
2,FivePoints,San Joaquin Valley,2025-10-04,277,3.8,0.0,208.0,1.24,25.3,9.8,17.7,82.0,43.0,61.0,10.1,1.99
2,FivePoints,San Joaquin Valley,2025-10-05,278,3.8,0.0,211.0,1.22,28.0,9.7,19.1,85.0,35.0,55.0,9.9,1.35
2,FivePoints,San Joaquin Valley,2025-10-06,279,4.61,0.0,211.0,1.19,30.7,10.9,20.9,79.0,27.0,48.0,9.5,1.97
2,FivePoints,San Joaquin Valley,2025-10-07,280,4.92,0.0,206.0,1.15,32.8,10.8,22.1,81.0,23.0,43.0,9.0,2.14
2,FivePoints,San Joaquin Valley,2025-10-08,281,4.64,0.0,180.0,1.16,29.8,11.5,20.6,71.0,29.0,48.0,9.1,2.68
2,FivePoints,San Joaquin Valley,2025-10-09,282,3.46,0.0,190.0,1.16,27.3,10.5,18.0,81.0,36.0,56.0,9.1,1.66
2,FivePoints,San Joaquin Valley,2025-10-10,283,4.03,0.0,197.0,1.26,26.1,11.2,18.3,87.0,42.0,60.0,10.4,3.02
2,FivePoints,San Joaquin Valley,2025-10-11,284,4.25,0.0,137.0,1.08,24.5,12.6,17.8,81.0,26.0,53.0,8.0,4.91
2,FivePoints,San Joaquin Valley,2025-10-12,285,4.58,0.0,204.0,0.87,24.3,8.4,16.4,65.0,30.0,47.0,5.0,3.44
2,FivePoints,San Joaquin Valley,2025-10-13,286,2.18,14.8,79.0,1.01,21.1,7.1,14.3,90.0,43.0,62.0,7.2,2.75
2,FivePoints,San Joaquin Valley,2025-10-14,287,1.06,17.5,82.0,1.2,15.7,7.7,11.6,96.0,68.0,88.0,9.6,2.73
2,FivePoints,San Joaquin Valley,2025-10-15,288,2.33,0.0,167.0,1.19,18.8,7.1,12.8,96.0,58.0,80.0,9.5,1.64
2,FivePoints,San Joaquin Valley,2025-10-16,289,2.78,0.0,192.0,1.19,20.6,7.9,13.4,93.0,52.0,77.0,9.5,2.47
2,FivePoints,San Joaquin Valley,2025-10-17,290,2.8,0.1,181.0,1.25,24.7,7.0,15.1,95.0,46.0,73.0,10.3,1.25
2,FivePoints,San Joaquin Valley,2025-10-18,291,2.91,0.1,177.0,1.31,27.2,7.4,16.6,96.0,36.0,69.0,11.0,1.16
2,FivePoints,San Joaquin Valley,2025-10-19,292,3.17,0.0,186.0,1.36,28.7,9.1,17.9,93.0,34.0,66.0,11.6,1.27
2,FivePoints,San Joaquin Valley,2025-10-20,293,3.16,0.0,174.0,1.37,27.1,11.2,18.0,89.0,40.0,66.0,11.6,1.78
2,FivePoints,San Joaquin Valley,2025-10-21,294,2.95,0.0,174.0,1.44,29.0,10.3,19.1,92.0,36.0,65.0,12.4,1.19
2,FivePoints,San Joaquin Valley,2025-10-22,295,1.46,0.5,89.0,1.44,20.9,11.6,15.9,92.0,59.0,80.0,12.4,2.29
2,FivePoints,San Joaquin Valley,2025-10-23,296,2.7,0.0,173.0,1.34,22.6,9.5,15.5,94.0,55.0,76.0,11.3,1.82
2,FivePoints,San Joaquin Valley,2025-10-24,297,2.86,0.0,179.0,1.33,25.5,8.1,16.1,94.0,47.0,72.0,11.2,1.3
2,FivePoints,San Joaquin Valley,2025-10-25,298,2.43,0.0,129.0,1.35,24.0,9.5,16.4,93.0,48.0,73.0,11.4,1.77
2,FivePoints,San Joaquin Valley,2025-10-26,299,2.83,0.0,168.0,1.36,24.7,10.3,17.1,93.0,47.0,70.0,11.5,1.72
2,FivePoints,San Joaquin Valley,2025-10-27,300,2.23,0.0,154.0,1.24,18.3,9.1,13.3,92.0,68.0,81.0,10.1,3.43
2,FivePoints,San Joaquin Valley,2025-10-28,301,2.44,0.0,167.0,1.25,23.9,7.5,14.4,95.0,52.0,76.0,10.3,1.24
2,FivePoints,San Joaquin Valley,2025-10-29,302,2.88,0.0,172.0,1.16,25.2,7.1,15.3,90.0,42.0,67.0,9.2,1.35
2,FivePoints,San Joaquin Valley,2025-10-30,303,2.85,0.0,153.0,1.23,27.6,8.2,16.8,90.0,39.0,65.0,10.1,1.46
2,FivePoints,San Joaquin Valley,2025-10-31,304,3.01,0.0,160.0,1.3,26.1,10.3,17.0,89.0,43.0,67.0,10.9,2.16
2,FivePoints,San Joaquin Valley,2025-11-01,305,2.92,0.0,164.0,1.17,27.3,8.1,16.3,90.0,34.0,63.0,9.3,1.36
2,FivePoints,San Joaquin Valley,2025-11-02,306,2.75,0.0,160.0,1.18,26.7,8.5,16.2,88.0,38.0,64.0,9.4,1.46
2,FivePoints,San Joaquin Valley,2025-11-03,307,2.82,0.0,138.0,1.15,27.7,6.3,16.9,90.0,40.0,60.0,9.0,1.67
2,FivePoints,San Joaquin Valley,2025-11-04,308,2.91,0.0,148.0,1.13,25.8,8.8,17.1,79.0,39.0,58.0,8.8,1.93
2,FivePoints,San Joaquin Valley,2025-11-05,309,2.26,0.0,69.0,1.2,22.2,10.1,16.9,88.0,44.0,62.0,9.7,2.82
2,FivePoints,San Joaquin Valley,2025-11-06,310,2.6,0.0,147.0,1.29,21.7,8.9,15.7,93.0,53.0,72.0,10.7,2.61
2,FivePoints,San Joaquin Valley,2025-11-07,311,2.89,0.0,142.0,1.3,23.6,8.5,16.3,89.0,51.0,70.0,10.8,2.79
2,FivePoints,San Joaquin Valley,2025-11-08,312,2.29,0.0,152.0,1.34,25.2,8.9,16.1,93.0,50.0,73.0,11.3,1.1
2,FivePoints,San Joaquin Valley,2025-11-09,313,2.49,0.0,151.0,1.3,28.1,7.8,16.7,93.0,41.0,68.0,10.8,1.18
2,FivePoints,San Joaquin Valley,2025-11-10,314,2.47,0.0,139.0,1.31,30.0,8.1,17.8,88.0,31.0,64.0,10.9,1.26
2,FivePoints,San Joaquin Valley,2025-11-11,315,1.74,0.0,93.0,1.33,25.4,9.0,16.4,89.0,49.0,72.0,11.2,1.09
2,FivePoints,San Joaquin Valley,2025-11-12,316,2.39,0.0,108.0,1.31,24.1,11.7,18.2,87.0,47.0,63.0,10.9,2.35
2,FivePoints,San Joaquin Valley,2025-11-13,317,2.43,2.3,76.0,1.44,26.4,13.2,19.4,90.0,41.0,64.0,12.4,3.0
2,FivePoints,San Joaquin Valley,2025-11-14,318,0.71,7.7,51.0,1.58,18.0,14.0,15.1,97.0,76.0,92.0,13.8,1.81
2,FivePoints,San Joaquin Valley,2025-11-15,319,0.39,4.5,31.0,1.51,16.5,13.0,14.2,98.0,80.0,93.0,13.1,3.04
2,FivePoints,San Joaquin Valley,2025-11-16,320,0.56,1.6,48.0,1.43,16.6,11.6,13.4,97.0,88.0,93.0,12.3,3.45
2,FivePoints,San Joaquin Valley,2025-11-17,321,0.31,0.4,32.0,1.29,14.0,9.6,12.0,97.0,82.0,91.0,10.7,2.44
2,FivePoints,San Joaquin Valley,2025-11-18,322,1.26,0.2,104.0,1.15,15.4,6.2,10.7,98.0,71.0,89.0,9.0,1.73
2,FivePoints,San Joaquin Valley,2025-11-19,323,1.65,1.2,203.0,1.13,16.4,7.5,11.8,97.0,61.0,81.0,8.7,1.43
2,FivePoints,San Joaquin Valley,2025-11-20,324,0.36,1.8,37.0,1.18,12.8,7.6,10.3,98.0,88.0,94.0,9.4,1.47
2,FivePoints,San Joaquin Valley,2025-11-21,325,1.25,0.0,100.0,1.2,16.1,6.7,11.1,98.0,71.0,91.0,9.7,1.68
2,FivePoints,San Joaquin Valley,2025-11-22,326,1.16,0.1,95.0,1.1,17.2,4.6,9.8,99.0,69.0,91.0,8.3,1.19
2,FivePoints,San Joaquin Valley,2025-11-23,327,1.31,0.1,100.0,1.09,17.9,3.1,10.0,99.0,66.0,89.0,8.2,1.13
2,FivePoints,San Joaquin Valley,2025-11-24,328,0.03,0.2,18.0,1.09,10.1,6.1,8.4,100.0,97.0,99.0,8.3,2.18
2,FivePoints,San Joaquin Valley,2025-11-25,329,0.07,0.0,14.0,1.08,11.1,8.6,9.6,97.0,86.0,90.0,8.1,1.51
2,FivePoints,San Joaquin Valley,2025-11-26,330,0.63,0.0,48.0,0.98,12.9,3.9,8.8,98.0,73.0,87.0,6.7,1.13
2,FivePoints,San Joaquin Valley,2025-11-27,331,0.71,0.0,64.0,1.0,13.4,3.5,8.8,98.0,75.0,88.0,7.0,1.1
2,FivePoints,San Joaquin Valley,2025-11-28,332,0.0,0.1,14.0,0.95,8.7,2.0,6.9,99.0,88.0,95.0,6.2,1.13
2,FivePoints,San Joaquin Valley,2025-11-29,333,0.16,0.1,25.0,0.94,9.2,7.3,8.0,93.0,84.0,87.0,6.0,1.25
2,FivePoints,San Joaquin Valley,2025-11-30,334,0.06,0.0,18.0,0.93,8.7,6.9,7.6,90.0,86.0,89.0,5.9,1.19
2,FivePoints,San Joaquin Valley,2025-12-01,335,0.36,0.0,36.0,0.89,10.8,1.2,6.8,98.0,78.0,90.0,5.3,1.11
2,FivePoints,San Joaquin Valley,2025-12-02,336,0.01,0.0,17.0,0.89,7.5,0.7,5.5,99.0,95.0,99.0,5.3,1.35
2,FivePoints,San Joaquin Valley,2025-12-03,337,0.15,0.0,24.0,0.93,9.0,5.5,7.1,99.0,85.0,93.0,6.0,2.39
2,FivePoints,San Joaquin Valley,2025-12-04,338,0.12,0.0,23.0,0.85,7.5,2.7,5.9,98.0,87.0,91.0,4.6,1.49
2,FivePoints,San Joaquin Valley,2025-12-05,339,0.32,0.0,35.0,0.87,8.7,4.4,6.1,98.0,83.0,92.0,4.9,1.59
2,FivePoints,San Joaquin Valley,2025-12-06,340,0.18,0.0,28.0,0.87,8.0,5.9,6.7,93.0,84.0,89.0,5.0,1.47
2,FivePoints,San Joaquin Valley,2025-12-07,341,0.09,0.0,22.0,0.89,7.3,5.0,6.2,99.0,89.0,94.0,5.3,1.62
2,FivePoints,San Joaquin Valley,2025-12-08,342,0.08,0.0,21.0,0.89,7.0,5.3,6.2,98.0,90.0,94.0,5.3,1.56
2,FivePoints,San Joaquin Valley,2025-12-09,343,0.08,0.0,21.0,0.88,7.1,5.4,5.9,99.0,88.0,94.0,5.0,1.65
2,FivePoints,San Joaquin Valley,2025-12-10,344,0.23,0.0,32.0,0.87,7.4,4.7,5.9,99.0,89.0,93.0,4.9,1.6
2,FivePoints,San Joaquin Valley,2025-12-11,345,0.2,0.0,31.0,0.87,7.0,4.4,5.6,99.0,90.0,96.0,5.0,1.29
2,FivePoints,San Joaquin Valley,2025-12-12,346,0.37,0.0,39.0,0.88,7.5,3.9,5.6,100.0,90.0,97.0,5.1,1.41
2,FivePoints,San Joaquin Valley,2025-12-13,347,0.24,0.0,33.0,0.91,7.7,4.4,5.9,100.0,91.0,98.0,5.6,1.12
2,FivePoints,San Joaquin Valley,2025-12-14,348,0.11,0.2,27.0,0.94,7.7,5.5,6.4,100.0,93.0,98.0,6.1,1.18
2,FivePoints,San Joaquin Valley,2025-12-15,349,0.25,0.0,33.0,0.93,7.7,5.3,6.5,100.0,92.0,96.0,5.9,1.43
2,FivePoints,San Joaquin Valley,2025-12-16,350,0.16,0.0,28.0,0.93,8.0,5.3,6.5,99.0,89.0,96.0,5.9,1.65
2,FivePoints,San Joaquin Valley,2025-12-17,351,0.6,0.0,64.0,0.99,13.5,5.4,7.4,100.0,76.0,96.0,6.8,1.84
2,FivePoints,San Joaquin Valley,2025-12-18,352,0.2,0.1,30.0,1.19,13.0,7.1,10.4,100.0,88.0,94.0,9.5,1.29
2,FivePoints,San Joaquin Valley,2025-12-19,353,0.96,0.0,76.0,1.16,15.9,7.4,11.3,96.0,73.0,87.0,9.2,1.43
2,FivePoints,San Joaquin Valley,2025-12-20,354,1.38,0.0,103.0,1.18,18.4,7.2,11.9,97.0,65.0,85.0,9.4,2.01
2,FivePoints,San Joaquin Valley,2025-12-21,355,1.99,0.0,93.0,1.32,22.9,9.2,15.4,97.0,54.0,76.0,11.1,3.08
2,FivePoints,San Joaquin Valley,2025-12-22,356,1.59,0.0,107.0,1.22,19.9,7.2,13.4,94.0,62.0,79.0,9.9,1.84
2,FivePoints,San Joaquin Valley,2025-12-23,357,2.01,0.0,76.0,1.25,21.8,9.2,15.5,97.0,50.0,71.0,10.3,3.24
2,FivePoints,San Joaquin Valley,2025-12-24,358,0.57,27.5,18.0,1.44,17.2,13.5,14.9,96.0,67.0,85.0,12.4,5.67
2,FivePoints,San Joaquin Valley,2025-12-25,359,0.9,3.1,46.0,1.29,15.7,11.3,13.4,94.0,68.0,84.0,10.7,5.61
2,FivePoints,San Joaquin Valley,2025-12-26,360,1.04,1.3,58.0,1.11,17.6,6.2,12.1,95.0,55.0,79.0,8.5,2.27
2,FivePoints,San Joaquin Valley,2025-12-27,361,1.34,0.4,114.0,0.99,14.7,5.0,9.1,97.0,68.0,86.0,6.9,2.46
2,FivePoints,San Joaquin Valley,2025-12-28,362,1.26,0.3,116.0,0.9,13.5,2.8,7.5,98.0,64.0,87.0,5.5,1.46
2,FivePoints,San Joaquin Valley,2025-12-29,363,1.12,0.2,101.0,0.82,12.8,0.2,5.7,98.0,73.0,90.0,4.1,1.24
2,FivePoints,San Joaquin Valley,2025-12-30,364,0.47,0.2,50.0,0.83,9.3,0.3,4.7,99.0,87.0,97.0,4.2,1.87
2,FivePoints,San Joaquin Valley,2025-12-31,365,0.12,0.1,27.0,1.07,10.3,5.9,8.1,100.0,95.0,99.0,8.0,1.72
2,FivePoints,San Joaquin Valley,2026-01-01,1,1.15,0.2,81.0,1.28,18.9,9.3,12.7,99.0,73.0,87.0,10.6,2.38
2,FivePoints,San Joaquin Valley,2026-01-02,2,1.81,0.2,113.0,1.19,20.6,6.4,12.6,97.0,54.0,81.0,9.5,3.07
2,FivePoints,San Joaquin Valley,2026-01-03,3,0.84,0.2,68.0,1.4,17.1,11.2,13.5,98.0,78.0,90.0,12.0,3.35
2,FivePoints,San Joaquin Valley,2026-01-04,4,0.6,0.2,41.0,1.23,14.9,9.2,12.3,92.0,77.0,86.0,10.0,3.0
2,FivePoints,San Joaquin Valley,2026-01-05,5,1.19,0.1,72.0,1.13,16.4,7.3,11.7,94.0,64.0,82.0,8.8,2.64
2,FivePoints,San Joaquin Valley,2026-01-06,6,1.48,0.2,105.0,1.12,18.8,6.5,12.0,96.0,54.0,80.0,8.7,1.53
2,FivePoints,San Joaquin Valley,2026-01-07,7,1.19,0.1,92.0,1.04,15.6,4.9,9.3,96.0,74.0,88.0,7.5,2.17
2,FivePoints,San Joaquin Valley,2026-01-08,8,1.9,0.0,112.0,0.76,12.9,4.0,7.8,94.0,51.0,72.0,3.0,3.74
2,FivePoints,San Joaquin Valley,2026-01-09,9,1.35,2.4,111.0,0.66,13.2,-0.8,5.4,90.0,52.0,74.0,1.1,1.71
2,FivePoints,San Joaquin Valley,2026-01-10,10,1.15,9.1,105.0,0.72,13.9,-1.8,5.0,95.0,57.0,82.0,2.2,1.32
2,FivePoints,San Joaquin Valley,2026-01-11,11,1.4,0.1,120.0,0.78,16.3,-0.6,6.6,97.0,50.0,80.0,3.4,1.13
2,FivePoints,San Joaquin Valley,2026-01-12,12,1.51,0.0,122.0,0.81,17.5,-0.2,7.5,96.0,50.0,78.0,3.9,1.26
2,FivePoints,San Joaquin Valley,2026-01-13,13,1.38,0.0,118.0,0.87,17.7,-0.3,7.7,96.0,56.0,83.0,4.9,1.51
2,FivePoints,San Joaquin Valley,2026-01-14,14,1.44,0.0,117.0,1.08,17.2,5.0,11.3,97.0,66.0,80.0,8.1,1.3
2,FivePoints,San Joaquin Valley,2026-01-15,15,1.54,0.1,133.0,0.94,15.6,0.5,7.8,99.0,71.0,89.0,6.1,1.65
2,FivePoints,San Joaquin Valley,2026-01-16,16,1.07,0.2,109.0,0.95,15.1,1.4,6.8,100.0,77.0,96.0,6.2,1.83
2,FivePoints,San Joaquin Valley,2026-01-17,17,0.57,0.4,60.0,0.95,11.0,3.2,6.2,100.0,99.0,100.0,6.2,1.37
2,FivePoints,San Joaquin Valley,2026-01-18,18,0.35,0.3,41.0,1.0,9.8,4.9,7.0,100.0,100.0,100.0,7.0,1.19
2,FivePoints,San Joaquin Valley,2026-01-19,19,0.6,0.4,62.0,1.01,11.0,5.4,7.2,100.0,89.0,99.0,7.1,1.41
2,FivePoints,San Joaquin Valley,2026-01-20,20,0.2,0.2,33.0,0.96,7.5,4.6,6.3,100.0,100.0,100.0,6.3,1.22
2,FivePoints,San Joaquin Valley,2026-01-21,21,0.19,0.1,34.0,1.03,10.1,5.9,7.7,100.0,92.0,98.0,7.5,1.49
2,FivePoints,San Joaquin Valley,2026-01-22,22,1.0,0.0,83.0,1.04,16.2,5.0,8.8,100.0,62.0,92.0,7.5,1.75
2,FivePoints,San Joaquin Valley,2026-01-23,23,0.78,0.4,82.0,0.96,11.4,3.8,6.5,100.0,89.0,99.0,6.4,2.27
2,FivePoints,San Joaquin Valley,2026-01-24,24,0.02,0.1,17.0,0.98,9.0,3.5,7.1,100.0,90.0,97.0,6.6,2.22
2,FivePoints,San Joaquin Valley,2026-01-25,25,0.62,0.0,59.0,0.9,11.9,1.5,6.5,100.0,78.0,93.0,5.4,1.24
2,FivePoints,San Joaquin Valley,2026-01-26,26,0.92,0.1,74.0,0.93,15.7,1.7,7.0,100.0,68.0,92.0,5.9,1.26
2,FivePoints,San Joaquin Valley,2026-01-27,27,1.35,0.2,121.0,0.87,16.5,0.5,7.2,100.0,52.0,86.0,5.0,1.73
2,FivePoints,San Joaquin Valley,2026-01-28,28,1.68,0.0,112.0,1.0,18.5,2.4,9.6,100.0,58.0,84.0,6.9,1.96
2,FivePoints,San Joaquin Valley,2026-01-29,29,1.38,0.0,97.0,0.98,18.2,2.1,9.4,97.0,59.0,83.0,6.6,1.38
2,FivePoints,San Joaquin Valley,2026-01-30,30,1.32,0.0,86.0,0.97,18.2,1.5,9.1,99.0,60.0,84.0,6.6,1.4
2,FivePoints,San Joaquin Valley,2026-01-31,31,1.43,0.0,99.0,1.09,19.3,3.3,10.1,100.0,63.0,88.0,8.3,1.57
2,FivePoints,San Joaquin Valley,2026-02-01,32,1.2,0.2,90.0,1.13,17.4,3.8,9.9,100.0,74.0,93.0,8.8,1.72
2,FivePoints,San Joaquin Valley,2026-02-02,33,1.48,0.1,93.0,1.0,18.2,1.8,10.0,98.0,61.0,81.0,6.9,1.48
2,FivePoints,San Joaquin Valley,2026-02-03,34,1.8,0.0,127.0,0.99,18.4,2.7,9.7,96.0,60.0,82.0,6.8,1.73
2,FivePoints,San Joaquin Valley,2026-02-04,35,1.93,0.1,145.0,1.02,19.8,0.8,9.9,99.0,59.0,84.0,7.3,1.39
2,FivePoints,San Joaquin Valley,2026-02-05,36,1.83,0.0,122.0,1.11,21.7,2.4,11.6,97.0,53.0,81.0,8.5,1.57
2,FivePoints,San Joaquin Valley,2026-02-06,37,2.31,0.0,140.0,1.23,24.6,8.8,15.1,93.0,41.0,72.0,10.1,1.63
2,FivePoints,San Joaquin Valley,2026-02-07,38,2.28,0.0,124.0,1.05,21.5,5.9,12.8,92.0,47.0,71.0,7.7,2.2
2,FivePoints,San Joaquin Valley,2026-02-08,39,2.14,0.0,131.0,1.04,22.2,3.2,12.7,89.0,47.0,71.0,7.5,1.55
2,FivePoints,San Joaquin Valley,2026-02-09,40,1.28,0.0,77.0,1.15,15.5,8.2,11.9,93.0,66.0,82.0,9.0,3.0
2,FivePoints,San Joaquin Valley,2026-02-10,41,1.05,0.0,49.0,1.19,19.1,8.3,12.9,96.0,59.0,80.0,9.6,3.19
2,FivePoints,San Joaquin Valley,2026-02-11,42,2.12,0.3,82.0,1.04,18.5,6.5,13.5,80.0,50.0,67.0,7.6,4.27
2,FivePoints,San Joaquin Valley,2026-02-12,43,2.11,0.1,125.0,0.91,18.2,3.1,10.3,89.0,52.0,72.0,5.5,2.43
2,FivePoints,San Joaquin Valley,2026-02-13,44,2.12,0.0,127.0,0.91,19.5,2.9,10.9,88.0,52.0,70.0,5.7,1.97
2,FivePoints,San Joaquin Valley,2026-02-14,45,2.53,0.0,109.0,0.96,20.6,4.1,12.1,91.0,45.0,68.0,6.3,3.4
2,FivePoints,San Joaquin Valley,2026-02-15,46,2.65,0.9,122.0,1.02,19.5,7.6,14.0,88.0,48.0,64.0,7.3,3.39
2,FivePoints,San Joaquin Valley,2026-02-16,47,0.54,16.2,37.0,1.1,13.6,7.8,10.6,94.0,69.0,86.0,8.4,3.03
2,FivePoints,San Joaquin Valley,2026-02-17,48,0.46,8.8,18.0,0.96,12.9,5.6,9.2,95.0,67.0,83.0,6.4,3.6
2,FivePoints,San Joaquin Valley,2026-02-18,49,1.0,0.3,71.0,0.79,11.7,2.1,7.4,92.0,56.0,77.0,3.6,1.69
2,FivePoints,San Joaquin Valley,2026-02-19,50,1.31,5.6,89.0,0.85,12.7,2.4,7.6,92.0,63.0,82.0,4.6,3.75
2,FivePoints,San Joaquin Valley,2026-02-20,51,1.48,0.0,117.0,0.73,12.9,-0.6,5.9,96.0,53.0,78.0,2.4,1.48
2,FivePoints,San Joaquin Valley,2026-02-21,52,2.28,0.0,142.0,0.82,18.0,1.1,9.0,95.0,45.0,72.0,4.1,2.52
2,FivePoints,San Joaquin Valley,2026-02-22,53,2.49,0.0,147.0,0.86,20.6,1.4,10.7,95.0,36.0,67.0,4.8,1.78
2,FivePoints,San Joaquin Valley,2026-02-23,54,2.17,0.0,127.0,1.01,21.2,3.8,12.3,93.0,43.0,71.0,7.1,1.62
2,FivePoints,San Joaquin Valley,2026-02-24,55,1.95,0.0,100.0,1.33,22.9,10.1,16.3,92.0,50.0,72.0,11.2,1.66
2,FivePoints,San Joaquin Valley,2026-02-25,56,2.33,0.0,117.0,1.56,25.1,12.1,18.0,91.0,55.0,75.0,13.6,2.12
2,FivePoints,San Joaquin Valley,2026-02-26,57,2.58,0.0,141.0,1.57,24.1,11.9,17.6,96.0,53.0,78.0,13.7,2.73
2,FivePoints,San Joaquin Valley,2026-02-27,58,2.61,0.0,140.0,1.47,24.2,11.3,17.6,87.0,57.0,73.0,12.7,1.87
2,FivePoints,San Joaquin Valley,2026-02-28,59,2.8,0.0,147.0,1.64,27.3,12.2,19.5,91.0,52.0,72.0,14.4,1.6
2,FivePoints,San Joaquin Valley,2026-03-01,60,2.37,0.0,128.0,1.48,23.1,11.7,17.1,95.0,60.0,76.0,12.8,2.23
2,FivePoints,San Joaquin Valley,2026-03-02,61,2.87,0.0,168.0,1.16,20.8,8.7,14.6,93.0,49.0,70.0,9.1,2.63
2,FivePoints,San Joaquin Valley,2026-03-03,62,2.46,0.0,152.0,1.16,21.4,6.3,13.9,92.0,52.0,73.0,9.2,2.08
2,FivePoints,San Joaquin Valley,2026-03-04,63,3.31,0.0,158.0,1.07,21.6,7.5,14.0,91.0,46.0,67.0,7.9,4.06
2,FivePoints,San Joaquin Valley,2026-03-05,64,4.55,0.0,177.0,0.74,19.4,7.0,13.4,68.0,34.0,48.0,2.7,6.19
2,FivePoints,San Joaquin Valley,2026-03-06,65,3.41,0.0,177.0,0.76,19.9,4.4,11.8,74.0,36.0,55.0,3.0,3.38
2,FivePoints,San Joaquin Valley,2026-03-07,66,2.99,0.0,167.0,0.8,21.3,3.5,12.8,81.0,36.0,54.0,3.8,1.77
2,FivePoints,San Joaquin Valley,2026-03-08,67,3.53,0.0,188.0,0.87,26.6,4.8,15.6,82.0,23.0,49.0,5.0,1.57
2,FivePoints,San Joaquin Valley,2026-03-09,68,3.6,0.0,186.0,1.06,27.1,7.0,16.5,80.0,32.0,56.0,7.8,1.84
2,FivePoints,San Joaquin Valley,2026-03-10,69,3.9,0.0,187.0,1.13,24.6,8.2,16.2,86.0,39.0,61.0,8.8,2.95
2,FivePoints,San Joaquin Valley,2026-03-11,70,4.18,0.0,194.0,0.96,25.0,5.9,15.6,86.0,34.0,54.0,6.4,2.67
2,FivePoints,San Joaquin Valley,2026-03-12,71,4.22,0.0,197.0,0.95,26.9,6.3,16.9,80.0,34.0,50.0,6.3,2.11
2,FivePoints,San Joaquin Valley,2026-03-13,72,3.87,0.0,177.0,0.96,26.2,7.0,16.4,79.0,32.0,52.0,6.4,2.01
2,FivePoints,San Joaquin Valley,2026-03-14,73,4.89,0.0,204.0,1.02,27.2,7.3,17.7,79.0,28.0,50.0,7.3,2.8
2,FivePoints,San Joaquin Valley,2026-03-15,74,4.54,0.0,197.0,1.08,26.4,8.8,17.8,77.0,38.0,53.0,8.1,3.13
2,FivePoints,San Joaquin Valley,2026-03-16,75,4.32,0.0,203.0,1.12,29.6,9.8,19.6,70.0,35.0,49.0,8.7,1.76
2,FivePoints,San Joaquin Valley,2026-03-17,76,4.48,0.0,215.0,1.23,33.2,9.2,21.3,79.0,28.0,49.0,10.0,1.6
2,FivePoints,San Joaquin Valley,2026-03-18,77,4.54,0.0,213.0,1.5,34.8,13.3,23.3,78.0,31.0,52.0,13.0,1.48
2,FivePoints,San Joaquin Valley,2026-03-19,78,5.3,0.0,218.0,1.55,33.4,14.5,23.3,83.0,33.0,54.0,13.5,2.43
2,FivePoints,San Joaquin Valley,2026-03-20,79,4.53,0.0,212.0,1.39,34.7,11.9,23.4,81.0,28.0,48.0,11.9,1.47
2,FivePoints,San Joaquin Valley,2026-03-21,80,5.16,0.0,201.0,1.51,31.6,12.1,22.3,80.0,36.0,56.0,13.1,2.93
2,FivePoints,San Joaquin Valley,2026-03-22,81,4.99,0.0,216.0,1.33,29.4,11.3,20.6,79.0,39.0,55.0,11.2,2.68
2,FivePoints,San Joaquin Valley,2026-03-23,82,6.36,0.0,217.0,1.03,31.3,12.5,21.6,71.0,24.0,40.0,7.4,3.43
2,FivePoints,San Joaquin Valley,2026-03-24,83,6.18,0.0,222.0,0.95,30.3,11.7,21.0,62.0,23.0,38.0,6.2,3.22
2,FivePoints,San Joaquin Valley,2026-03-25,84,6.18,0.0,242.0,0.91,30.0,10.3,20.1,58.0,21.0,39.0,5.6,3.06
2,FivePoints,San Joaquin Valley,2026-03-26,85,5.43,0.0,223.0,1.11,26.5,10.6,19.0,68.0,38.0,51.0,8.6,4.09
2,FivePoints,San Joaquin Valley,2026-03-27,86,4.93,0.0,213.0,0.91,28.9,9.4,19.0,73.0,26.0,41.0,5.7,2.13
2,FivePoints,San Joaquin Valley,2026-03-28,87,5.18,0.0,222.0,1.04,30.8,10.1,20.6,70.0,28.0,43.0,7.5,2.13
2,FivePoints,San Joaquin Valley,2026-03-29,88,4.94,0.0,194.0,1.03,30.7,10.7,21.0,69.0,27.0,41.0,7.4,2.2
2,FivePoints,San Joaquin Valley,2026-03-30,89,4.12,0.0,132.0,0.99,29.7,11.6,21.3,65.0,28.0,39.0,6.9,2.37
2,FivePoints,San Joaquin Valley,2026-03-31,90,2.13,0.6,69.0,1.18,22.0,12.0,17.7,88.0,40.0,58.0,9.4,2.54
2,FivePoints,San Joaquin Valley,2026-04-01,91,3.6,0.0,194.0,1.17,23.9,7.8,16.1,90.0,42.0,64.0,9.3,2.29
2,FivePoints,San Joaquin Valley,2026-04-02,92,4.7,0.0,218.0,0.92,21.0,9.6,15.0,83.0,31.0,54.0,5.8,4.82
2,FivePoints,San Joaquin Valley,2026-04-03,93,4.36,0.0,233.0,0.72,24.8,3.9,14.7,66.0,28.0,43.0,2.3,2.27
2,FivePoints,San Joaquin Valley,2026-04-04,94,4.34,0.0,220.0,0.8,29.2,6.3,17.4,75.0,20.0,40.0,3.7,1.35
2,FivePoints,San Joaquin Valley,2026-04-05,95,5.18,0.0,254.0,0.79,31.0,6.7,19.4,66.0,16.0,35.0,3.6,1.58
2,FivePoints,San Joaquin Valley,2026-04-06,96,6.36,0.0,259.0,0.91,30.2,11.8,20.7,55.0,22.0,38.0,5.7,2.84
2,FivePoints,San Joaquin Valley,2026-04-07,97,5.94,0.0,275.0,0.91,28.6,8.1,18.6,72.0,23.0,43.0,5.6,2.99
2,FivePoints,San Joaquin Valley,2026-04-08,98,5.61,0.0,345.0,1.12,29.5,18.5,24.4,58.0,25.0,36.0,8.6,2.49
2,FivePoints,San Joaquin Valley,2026-04-09,99,5.1,0.0,225.0,1.31,29.1,15.1,21.7,75.0,33.0,50.0,11.0,2.64
2,FivePoints,San Joaquin Valley,2026-04-10,100,5.06,0.0,246.0,1.18,24.8,10.9,17.8,84.0,43.0,58.0,9.5,3.84
2,FivePoints,San Joaquin Valley,2026-04-11,101,4.5,1.9,218.0,1.17,23.3,10.9,16.9,88.0,43.0,61.0,9.3,4.02
2,FivePoints,San Joaquin Valley,2026-04-12,102,3.83,0.2,228.0,1.08,20.6,8.3,14.1,95.0,42.0,67.0,8.1,3.07
2,FivePoints,San Joaquin Valley,2026-04-13,103,4.12,0.0,244.0,0.98,20.7,6.3,13.5,89.0,43.0,63.0,6.7,3.21
2,FivePoints,San Joaquin Valley,2026-04-14,104,4.72,0.0,272.0,0.92,23.3,4.9,15.0,85.0,34.0,54.0,5.8,2.39
2,FivePoints,San Joaquin Valley,2026-04-15,105,4.94,0.0,278.0,1.02,24.6,7.3,16.2,85.0,35.0,56.0,7.3,2.72
2,FivePoints,San Joaquin Valley,2026-04-16,106,5.93,0.0,277.0,0.86,22.7,9.4,16.1,79.0,29.0,47.0,4.8,5.71
2,FivePoints,San Joaquin Valley,2026-04-17,107,5.77,0.0,287.0,0.61,24.3,6.1,15.4,47.0,26.0,35.0,-0.1,3.26
2,FivePoints,San Joaquin Valley,2026-04-18,108,5.72,0.0,276.0,0.69,28.3,5.7,17.8,70.0,16.0,34.0,1.6,1.96
2,FivePoints,San Joaquin Valley,2026-04-19,109,6.5,0.0,271.0,0.76,30.2,9.5,20.3,68.0,18.0,32.0,3.1,2.62
2,FivePoints,San Joaquin Valley,2026-04-20,110,7.43,0.0,289.0,0.63,28.6,7.3,19.1,59.0,17.0,29.0,0.5,4.24
2,FivePoints,San Joaquin Valley,2026-04-21,111,3.06,2.2,158.0,1.15,20.8,8.2,15.3,88.0,42.0,66.0,9.1,3.16
2,FivePoints,San Joaquin Valley,2026-04-22,112,5.03,0.0,289.0,0.96,22.4,5.1,14.4,88.0,34.0,58.0,6.3,3.12
2,FivePoints,San Joaquin Valley,2026-04-23,113,5.5,0.0,286.0,0.93,23.7,7.9,16.5,78.0,31.0,50.0,6.0,3.78
2,FivePoints,San Joaquin Valley,2026-04-24,114,4.82,0.0,243.0,0.94,26.1,8.8,17.5,70.0,30.0,47.0,6.1,2.0
2,FivePoints,San Joaquin Valley,2026-04-25,115,2.82,3.8,162.0,1.06,19.4,8.6,13.6,94.0,46.0,68.0,7.8,2.28
2,FivePoints,San Joaquin Valley,2026-04-26,116,2.27,0.0,128.0,1.2,18.2,10.9,14.0,96.0,54.0,75.0,9.7,2.08
2,FivePoints,San Joaquin Valley,2026-04-27,117,3.92,0.0,229.0,0.93,21.2,8.2,14.5,83.0,38.0,56.0,5.9,2.42
2,FivePoints,San Joaquin Valley,2026-04-28,118,4.97,0.0,266.0,0.94,23.9,6.4,15.7,82.0,34.0,52.0,6.0,2.73
2,FivePoints,San Joaquin Valley,2026-04-29,119,5.53,0.0,268.0,1.0,27.4,8.2,18.4,78.0,30.0,47.0,7.0,2.48
2,FivePoints,San Joaquin Valley,2026-04-30,120,6.19,0.0,267.0,1.13,30.0,9.9,20.7,76.0,29.0,46.0,8.7,2.92
2,FivePoints,San Joaquin Valley,2026-05-01,121,5.98,0.0,269.0,1.16,31.6,11.7,22.3,73.0,25.0,43.0,9.1,2.13
2,FivePoints,San Joaquin Valley,2026-05-02,122,6.31,0.0,234.0,1.2,32.6,13.1,22.6,69.0,19.0,44.0,9.6,3.15
2,FivePoints,San Joaquin Valley,2026-05-03,123,4.9,0.0,236.0,1.11,24.6,12.5,18.0,78.0,35.0,54.0,8.5,2.69
2,FivePoints,San Joaquin Valley,2026-05-04,124,3.39,0.0,160.0,1.08,21.2,13.3,16.2,69.0,47.0,59.0,8.1,2.73
2,FivePoints,San Joaquin Valley,2026-05-05,125,3.35,0.0,163.0,1.12,21.0,11.8,16.1,78.0,47.0,61.0,8.7,3.14
2,FivePoints,San Joaquin Valley,2026-05-06,126,4.82,0.0,267.0,1.24,26.2,9.2,18.2,81.0,42.0,60.0,10.2,2.09
2,FivePoints,San Joaquin Valley,2026-05-07,127,5.28,0.0,208.0,1.47,31.7,11.9,22.2,80.0,34.0,55.0,12.8,2.67
2,FivePoints,San Joaquin Valley,2026-05-08,128,6.79,0.0,244.0,1.12,32.6,13.1,22.7,77.0,19.0,41.0,8.6,3.42
2,FivePoints,San Joaquin Valley,2026-05-09,129,6.2,0.0,258.0,1.2,32.5,9.9,22.3,71.0,29.0,44.0,9.6,2.38
2,FivePoints,San Joaquin Valley,2026-05-10,130,6.73,0.0,276.0,1.33,34.1,13.6,24.3,72.0,27.0,44.0,11.2,2.57
2,FivePoints,San Joaquin Valley,2026-05-11,131,6.26,0.0,272.0,1.4,36.5,14.9,26.1,69.0,26.0,41.0,12.0,1.68
2,FivePoints,San Joaquin Valley,2026-05-12,132,7.47,0.0,266.0,1.3,36.3,15.6,25.7,68.0,28.0,39.0,10.8,2.8
2,FivePoints,San Joaquin Valley,2026-05-13,133,6.33,0.0,286.0,1.07,29.4,11.5,21.2,67.0,27.0,43.0,7.9,2.61
2,FivePoints,San Joaquin Valley,2026-05-14,134,6.84,0.0,109.0,1.11,31.0,15.4,24.2,62.0,27.0,37.0,8.5,3.04
2,FivePoints,San Joaquin Valley,2026-05-15,135,7.66,0.0,236.0,1.04,32.5,11.7,22.6,72.0,21.0,38.0,7.6,4.24
2,FivePoints,San Joaquin Valley,2026-05-16,136,7.95,0.0,244.0,0.84,29.0,10.9,21.1,55.0,22.0,33.0,4.4,4.8
2,FivePoints,San Joaquin Valley,2026-05-17,137,8.21,0.0,245.0,0.74,27.3,10.1,19.6,60.0,21.0,33.0,2.7,6.08
2,FivePoints,San Joaquin Valley,2026-05-18,138,6.81,0.0,251.0,0.68,27.8,11.9,20.1,38.0,20.0,29.0,1.5,3.53
2,FivePoints,San Joaquin Valley,2026-05-19,139,6.33,0.0,258.0,0.7,31.2,8.9,21.4,59.0,16.0,27.0,1.9,2.17
2,FivePoints,San Joaquin Valley,2026-05-20,140,6.33,0.0,274.0,0.86,32.6,10.6,22.7,57.0,18.0,31.0,4.8,1.82
2,FivePoints,San Joaquin Valley,2026-05-21,141,7.59,0.0,284.0,0.97,34.5,12.4,24.6,59.0,20.0,31.0,6.5,2.53
2,FivePoints,San Joaquin Valley,2026-05-22,142,7.61,0.0,297.0,0.93,34.5,13.9,24.9,53.0,19.0,29.0,5.8,2.36
2,FivePoints,San Joaquin Valley,2026-05-23,143,7.24,0.0,290.0,1.01,32.8,12.0,22.8,56.0,21.0,36.0,7.1,2.77
2,FivePoints,San Joaquin Valley,2026-05-24,144,6.49,0.0,291.0,1.16,30.5,12.0,21.8,70.0,28.0,45.0,9.2,2.65
2,FivePoints,San Joaquin Valley,2026-05-25,145,6.36,0.0,289.0,1.28,29.5,12.7,21.2,70.0,37.0,51.0,10.6,3.48
2,FivePoints,San Joaquin Valley,2026-05-26,146,4.4,0.0,223.0,1.05,23.5,10.4,16.4,77.0,37.0,56.0,7.7,2.66
2,FivePoints,San Joaquin Valley,2026-05-27,147,4.95,0.0,276.0,0.99,23.9,9.8,16.8,75.0,32.0,52.0,6.8,2.17
2,FivePoints,San Joaquin Valley,2026-05-28,148,1.4,2.9,92.0,1.24,17.0,9.6,13.7,96.0,65.0,79.0,10.1,1.93
2,FivePoints,San Joaquin Valley,2026-05-29,149,3.76,0.1,203.0,1.26,24.3,8.0,16.4,98.0,44.0,68.0,10.4,2.0
2,FivePoints,San Joaquin Valley,2026-05-30,150,5.91,0.0,256.0,1.3,29.1,12.0,20.6,82.0,31.0,53.0,10.8,3.14
2,FivePoints,San Joaquin Valley,2026-05-31,151,7.3,0.0,279.0,1.09,31.3,10.7,22.2,77.0,23.0,41.0,8.3,3.35
2,FivePoints,San Joaquin Valley,2026-06-01,152,6.84,0.0,285.0,1.13,34.0,12.5,24.3,69.0,24.0,37.0,8.8,2.23
2,FivePoints,San Joaquin Valley,2026-06-02,153,8.05,0.0,282.0,1.08,34.7,14.8,25.4,62.0,19.0,33.0,8.1,3.27
2,FivePoints,San Joaquin Valley,2026-06-03,154,7.68,0.0,280.0,1.11,35.0,14.5,25.0,59.0,18.0,35.0,8.5,2.88
2,FivePoints,San Joaquin Valley,2026-06-04,155,7.11,0.0,293.0,1.26,34.3,12.6,24.9,70.0,27.0,40.0,10.4,2.47
2,FivePoints,San Joaquin Valley,2026-06-05,156,7.39,0.0,297.0,1.33,36.4,15.0,27.0,64.0,24.0,37.0,11.2,2.22
2,FivePoints,San Joaquin Valley,2026-06-06,157,8.23,0.0,300.0,1.02,33.6,14.7,24.6,65.0,20.0,33.0,7.3,3.35
2,FivePoints,San Joaquin Valley,2026-06-07,158,6.71,0.0,309.0,0.95,29.8,9.8,21.0,67.0,25.0,38.0,6.2,2.36
2,FivePoints,San Joaquin Valley,2026-06-08,159,7.79,0.0,298.0,1.06,32.2,11.9,23.1,70.0,21.0,38.0,7.9,3.72
2,FivePoints,San Joaquin Valley,2026-06-09,160,6.93,0.0,285.0,1.53,30.2,16.4,23.4,74.0,42.0,53.0,13.3,4.68
2,FivePoints,San Joaquin Valley,2026-06-10,161,8.3,0.0,292.0,1.25,34.2,14.2,25.3,77.0,23.0,39.0,10.3,3.47
2,FivePoints,San Joaquin Valley,2026-06-11,162,9.24,0.0,321.0,1.21,36.9,15.6,27.5,61.0,20.0,33.0,9.8,3.31
2,FivePoints,San Joaquin Valley,2026-06-12,163,7.73,0.0,303.0,1.45,38.3,17.0,28.6,63.0,23.0,37.0,12.5,2.02
2,FivePoints,San Joaquin Valley,2026-06-13,164,7.38,0.0,296.0,1.49,39.0,18.3,29.3,59.0,23.0,37.0,12.9,1.97
2,FivePoints,San Joaquin Valley,2026-06-14,165,8.18,0.0,341.0,1.42,38.3,17.7,28.3,63.0,19.0,37.0,12.2,2.34
2,FivePoints,San Joaquin Valley,2026-06-15,166,8.47,0.0,346.0,1.51,37.4,17.0,28.3,70.0,23.0,39.0,13.1,2.66
2,FivePoints,San Joaquin Valley,2026-06-16,167,9.04,0.0,351.0,1.42,38.3,19.0,28.5,56.0,24.0,36.0,12.1,2.89
2,FivePoints,San Joaquin Valley,2026-06-17,168,7.71,0.0,317.0,1.36,35.7,16.6,26.6,62.0,25.0,39.0,11.5,2.54
2,FivePoints,San Joaquin Valley,2026-06-18,169,6.91,0.0,313.0,1.52,34.2,17.2,25.1,68.0,32.0,48.0,13.3,2.77
2,FivePoints,San Joaquin Valley,2026-06-19,170,6.81,0.0,325.0,1.52,30.9,15.5,23.2,75.0,38.0,54.0,13.2,3.37
2,FivePoints,San Joaquin Valley,2026-06-20,171,6.79,0.0,334.0,1.49,31.0,14.7,22.9,79.0,36.0,53.0,12.9,3.49
2,FivePoints,San Joaquin Valley,2026-06-21,172,7.56,0.0,340.0,1.36,33.2,14.5,24.6,77.0,28.0,44.0,11.6,2.99
2,FivePoints,San Joaquin Valley,2026-06-22,173,7.68,0.0,340.0,1.34,35.3,15.9,26.2,68.0,25.0,40.0,11.3,2.19
2,FivePoints,San Joaquin Valley,2026-06-23,174,8.61,0.0,341.0,1.44,36.3,17.1,27.7,67.0,24.0,39.0,12.4,3.03
2,FivePoints,San Joaquin Valley,2026-06-24,175,8.41,0.0,348.0,1.45,35.9,17.7,27.5,64.0,26.0,39.0,12.5,2.73
2,FivePoints,San Joaquin Valley,2026-06-25,176,8.04,0.0,348.0,1.37,35.0,16.3,25.8,67.0,29.0,41.0,11.6,2.7
2,FivePoints,San Joaquin Valley,2026-06-26,177,7.97,0.0,336.0,1.32,32.5,14.5,24.2,60.0,32.0,44.0,11.1,3.6
2,FivePoints,San Joaquin Valley,2026-06-27,178,6.97,0.0,326.0,1.44,29.4,16.5,22.4,78.0,35.0,53.0,12.4,3.88
2,FivePoints,San Joaquin Valley,2026-06-28,179,7.8,0.0,345.0,1.07,30.1,10.3,21.1,80.0,25.0,43.0,8.0,3.4
2,FivePoints,San Joaquin Valley,2026-06-29,180,7.9,0.0,346.0,1.06,31.3,11.4,23.0,69.0,20.0,38.0,7.9,2.67
2,FivePoints,San Joaquin Valley,2026-06-30,181,7.63,0.0,358.0,1.16,33.6,13.1,24.6,70.0,25.0,37.0,9.1,1.9
2,FivePoints,San Joaquin Valley,2026-07-01,182,7.23,0.0,361.0,1.19,32.4,12.4,22.8,66.0,26.0,43.0,9.5,2.06
2,FivePoints,San Joaquin Valley,2026-07-02,183,6.94,0.0,356.0,1.25,33.6,12.4,23.1,78.0,24.0,44.0,10.3,1.74
2,FivePoints,San Joaquin Valley,2026-07-03,184,7.59,0.0,355.0,1.29,34.9,14.6,25.3,67.0,21.0,40.0,10.7,2.08
2,FivePoints,San Joaquin Valley,2026-07-04,185,7.56,0.0,327.0,1.33,36.4,17.0,27.4,63.0,22.0,37.0,11.2,2.0
2,FivePoints,San Joaquin Valley,2026-07-05,186,7.51,0.2,309.0,1.46,35.6,20.3,27.3,66.0,29.0,40.0,12.6,2.44
2,FivePoints,San Joaquin Valley,2026-07-06,187,8.44,0.0,350.0,1.37,35.0,17.6,26.3,64.0,29.0,40.0,11.7,3.37
2,FivePoints,San Joaquin Valley,2026-07-07,188,8.46,0.0,354.0,1.37,34.5,15.7,25.3,68.0,28.0,42.0,11.6,3.76
2,FivePoints,San Joaquin Valley,2026-07-08,189,8.13,0.0,359.0,1.26,34.1,13.9,24.3,74.0,22.0,41.0,10.4,3.18
2,FivePoints,San Joaquin Valley,2026-07-09,190,8.09,0.0,362.0,1.22,36.6,14.6,26.3,65.0,20.0,36.0,9.9,2.13
2,FivePoints,San Joaquin Valley,2026-07-10,191,9.04,0.0,356.0,1.45,38.7,17.2,28.8,71.0,22.0,37.0,12.5,2.57
2,FivePoints,San Joaquin Valley,2026-07-11,192,8.42,0.0,344.0,1.22,37.5,15.6,27.9,58.0,21.0,33.0,10.0,2.37
2,FivePoints,San Joaquin Valley,2026-07-12,193,6.37,0.0,209.0,1.39,35.9,22.5,28.6,52.0,26.0,35.0,11.8,2.48
2,FivePoints,San Joaquin Valley,2026-07-13,194,6.17,0.0,226.0,1.64,36.1,20.3,29.0,64.0,29.0,41.0,14.4,1.94
2,FivePoints,San Joaquin Valley,2026-07-14,195,8.89,0.0,343.0,1.59,39.8,20.3,30.8,64.0,23.0,36.0,13.9,2.42
2,FivePoints,San Joaquin Valley,2026-07-15,196,10.5,0.0,346.0,1.39,40.2,20.3,31.3,50.0,22.0,30.0,11.8,3.57
2,FivePoints,San Joaquin Valley,2026-07-16,197,9.55,0.0,345.0,1.12,37.8,19.1,29.2,43.0,18.0,28.0,8.7,3.26
2,FivePoints,San Joaquin Valley,2026-07-17,198,8.71,0.0,347.0,1.11,37.4,16.1,27.7,56.0,19.0,30.0,8.6,2.54
2,FivePoints,San Joaquin Valley,2026-07-18,199,8.31,0.0,341.0,1.36,36.6,18.2,27.7,58.0,24.0,37.0,11.5,2.66
2,FivePoints,San Joaquin Valley,2026-07-19,200,8.1,0.0,331.0,1.41,37.7,18.9,28.8,56.0,24.0,36.0,12.1,2.35
2,FivePoints,San Joaquin Valley,2026-07-20,201,8.98,0.0,327.0,1.19,37.9,19.0,29.3,48.0,20.0,29.0,9.6,3.06
2,FivePoints,San Joaquin Valley,2026-07-21,202,8.56,0.0,304.0,1.49,39.0,21.2,30.5,52.0,23.0,34.0,13.0,2.96
2,FivePoints,San Joaquin Valley,2026-07-22,203,9.14,0.0,320.0,1.74,35.2,22.6,28.9,58.0,26.0,44.0,15.3,4.65
2,FivePoints,San Joaquin Valley,2026-07-23,204,7.93,0.0,312.0,1.51,35.5,16.3,26.3,79.0,26.0,44.0,13.2,3.49
2,FivePoints,San Joaquin Valley,2026-07-24,205,8.89,0.0,304.0,1.26,37.2,17.6,28.2,62.0,19.0,33.0,10.4,3.63
2,FivePoints,San Joaquin Valley,2026-07-25,206,8.73,0.0,282.0,1.25,36.6,19.1,28.3,52.0,20.0,33.0,10.3,3.74
2,FivePoints,San Joaquin Valley,2026-07-26,207,8.5,0.0,312.0,1.18,36.8,17.4,28.1,53.0,21.0,31.0,9.4,3.06
2,FivePoints,San Joaquin Valley,2026-07-27,208,8.58,0.0,308.0,1.12,36.6,16.8,27.5,60.0,18.0,30.0,8.6,3.28
2,FivePoints,San Joaquin Valley,2026-07-28,209,8.05,0.0,332.0,1.12,35.9,14.1,26.2,62.0,21.0,33.0,8.6,2.51
2,FivePoints,San Joaquin Valley,2026-07-29,210,7.61,0.0,324.0,1.31,37.6,15.9,27.8,71.0,22.0,35.0,10.9,1.87
2,FivePoints,San Joaquin Valley,2026-07-30,211,8.55,0.0,330.0,1.22,38.6,16.6,28.8,57.0,19.0,31.0,9.9,2.54
2,FivePoints,San Joaquin Valley,2026-07-31,212,8.11,0.0,334.0,1.12,38.7,16.4,28.1,62.0,15.0,29.0,8.6,2.13
2,FivePoints,San Joaquin Valley,2026-08-01,213,8.37,0.0,328.0,1.21,39.3,16.8,28.8,56.0,18.0,30.0,9.7,2.35
2,FivePoints,San Joaquin Valley,2026-08-02,214,8.05,0.0,328.0,1.41,40.7,17.8,30.2,65.0,19.0,33.0,12.0,1.8
2,FivePoints,San Joaquin Valley,2026-08-03,215,8.42,0.0,327.0,1.37,40.9,18.5,30.8,57.0,18.0,31.0,11.6,2.15
2,FivePoints,San Joaquin Valley,2026-08-04,216,8.13,0.0,325.0,1.36,41.6,18.9,30.7,54.0,17.0,31.0,11.5,2.01
2,FivePoints,San Joaquin Valley,2026-08-05,217,8.19,0.0,309.0,1.39,39.7,18.2,29.6,48.0,21.0,33.0,11.8,2.48
2,FivePoints,San Joaquin Valley,2026-08-06,218,8.45,0.0,312.0,1.45,39.8,19.4,30.0,56.0,20.0,34.0,12.5,2.85
2,FivePoints,San Joaquin Valley,2026-08-07,219,8.24,0.0,312.0,1.36,39.6,20.0,30.4,59.0,17.0,31.0,11.5,2.36
2,FivePoints,San Joaquin Valley,2026-08-08,220,7.93,0.0,311.0,1.33,40.4,20.8,30.8,51.0,17.0,30.0,11.2,2.01
2,FivePoints,San Joaquin Valley,2026-08-09,221,7.8,0.0,316.0,1.42,42.4,19.9,31.4,60.0,17.0,31.0,12.2,1.79
2,FivePoints,San Joaquin Valley,2026-08-10,222,7.27,0.0,286.0,1.36,42.5,20.3,30.9,60.0,14.0,30.0,11.5,1.77
2,FivePoints,San Joaquin Valley,2026-08-11,223,7.38,0.0,287.0,1.35,39.8,19.7,29.5,53.0,22.0,33.0,11.5,2.15
2,FivePoints,San Joaquin Valley,2026-08-12,224,7.95,0.0,295.0,1.41,38.3,22.0,29.5,47.0,25.0,34.0,12.0,2.76
2,FivePoints,San Joaquin Valley,2026-08-13,225,7.78,0.0,304.0,1.37,33.6,19.0,25.7,65.0,22.0,41.0,11.6,3.37
2,FivePoints,San Joaquin Valley,2026-08-14,226,6.43,0.0,310.0,1.52,32.4,16.0,23.9,75.0,34.0,51.0,13.2,2.94
2,FivePoints,San Joaquin Valley,2026-08-15,227,6.78,0.0,304.0,1.55,33.6,16.5,25.1,74.0,30.0,49.0,13.5,3.38
2,FivePoints,San Joaquin Valley,2026-08-16,228,6.81,0.0,282.0,1.5,35.1,16.9,26.6,70.0,28.0,43.0,13.0,2.78
2,FivePoints,San Joaquin Valley,2026-08-17,229,7.15,0.0,266.0,1.52,37.1,17.8,28.1,64.0,24.0,40.0,13.2,2.81
2,FivePoints,San Joaquin Valley,2026-08-18,230,6.98,0.0,274.0,1.41,36.8,18.1,27.9,66.0,24.0,38.0,12.1,2.5
2,FivePoints,San Joaquin Valley,2026-08-19,231,6.99,0.0,274.0,1.31,38.9,18.3,29.4,58.0,19.0,32.0,10.9,1.97
2,FivePoints,San Joaquin Valley,2026-08-20,232,7.62,0.0,275.0,1.32,39.5,18.0,29.7,56.0,19.0,32.0,11.1,2.59
2,FivePoints,San Joaquin Valley,2026-08-21,233,7.83,0.0,265.0,1.35,38.0,19.4,28.8,60.0,19.0,34.0,11.4,3.43
2,FivePoints,San Joaquin Valley,2026-08-22,234,7.87,0.0,270.0,1.26,36.5,19.3,28.1,53.0,23.0,33.0,10.4,3.29
2,FivePoints,San Joaquin Valley,2026-08-23,235,6.37,0.0,262.0,1.28,38.0,18.1,28.6,56.0,22.0,33.0,10.6,1.73
2,FivePoints,San Joaquin Valley,2026-08-24,236,7.08,0.0,261.0,1.25,40.5,20.6,29.9,48.0,20.0,30.0,10.3,2.19
2,FivePoints,San Joaquin Valley,2026-08-25,237,8.47,0.0,280.0,1.28,38.2,20.1,29.7,51.0,21.0,31.0,10.7,3.6
2,FivePoints,San Joaquin Valley,2026-08-26,238,8.0,0.0,277.0,1.23,38.1,19.5,29.6,44.0,21.0,30.0,10.1,3.01
2,FivePoints,San Joaquin Valley,2026-08-27,239,3.38,0.0,88.0,1.26,31.1,20.6,25.9,54.0,30.0,38.0,10.4,1.93
2,FivePoints,San Joaquin Valley,2026-08-28,240,4.83,0.0,120.0,1.46,31.5,21.0,26.4,60.0,32.0,42.0,12.6,2.8
2,FivePoints,San Joaquin Valley,2026-08-30,242,6.29,0.0,336.0,1.09,34.1,14.9,26.6,56.0,23.0,31.0,8.3,2.58
2,FivePoints,San Joaquin Valley,2026-08-31,243,6.06,0.0,278.0,1.12,34.4,14.4,25.0,60.0,19.0,35.0,8.7,2.75
2,FivePoints,San Joaquin Valley,2026-09-01,244,5.05,0.0,249.0,1.23,28.8,12.6,20.3,80.0,31.0,51.0,10.0,2.83
2,FivePoints,San Joaquin Valley,2026-09-02,245,4.98,0.0,241.0,1.23,29.0,12.0,21.0,79.0,33.0,50.0,10.1,2.38
6,Davis,Sacramento Valley,2021-09-01,244,5.03,0.0,274.0,1.29,25.9,10.6,17.7,94.0,42.0,64.0,10.7,3.07
6,Davis,Sacramento Valley,2021-09-02,245,4.7,0.0,269.0,1.24,27.6,9.6,17.8,97.0,33.0,60.0,10.1,1.9
6,Davis,Sacramento Valley,2021-09-03,246,4.94,0.0,267.0,1.21,31.1,8.8,19.7,96.0,21.0,53.0,9.7,1.39
6,Davis,Sacramento Valley,2021-09-04,247,5.24,0.0,270.0,1.17,34.1,9.4,21.8,97.0,18.0,45.0,9.2,1.35
6,Davis,Sacramento Valley,2021-09-05,248,5.69,0.0,279.0,1.03,36.4,10.4,23.7,90.0,13.0,35.0,7.3,1.44
6,Davis,Sacramento Valley,2021-09-06,249,5.94,0.0,266.0,1.01,37.9,11.5,25.8,82.0,11.0,30.0,7.1,1.58
6,Davis,Sacramento Valley,2021-09-07,250,6.69,0.0,263.0,1.09,39.6,14.2,27.7,77.0,11.0,29.0,8.2,1.92
6,Davis,Sacramento Valley,2021-09-08,251,5.51,0.0,248.0,1.45,39.9,16.1,27.7,84.0,19.0,39.0,12.5,1.29
6,Davis,Sacramento Valley,2021-09-09,252,5.52,0.0,218.0,1.5,36.4,16.4,24.9,84.0,22.0,48.0,13.0,2.28
6,Davis,Sacramento Valley,2021-09-10,253,4.75,0.0,235.0,1.62,31.8,17.0,22.8,92.0,33.0,58.0,14.2,2.03
6,Davis,Sacramento Valley,2021-09-11,254,5.16,0.0,261.0,1.38,33.6,12.2,22.8,95.0,21.0,50.0,11.8,1.52
6,Davis,Sacramento Valley,2021-09-12,255,5.28,0.0,257.0,1.35,35.1,12.2,24.0,96.0,20.0,45.0,11.4,1.36
6,Davis,Sacramento Valley,2021-09-13,256,5.21,0.0,245.0,1.3,35.1,13.7,24.4,88.0,21.0,42.0,10.8,1.46
6,Davis,Sacramento Valley,2021-09-14,257,5.51,0.0,238.0,1.25,35.9,12.5,23.8,92.0,17.0,42.0,10.2,1.7
6,Davis,Sacramento Valley,2021-09-15,258,4.95,0.0,243.0,1.34,30.5,11.5,19.9,91.0,31.0,58.0,11.3,2.2
6,Davis,Sacramento Valley,2021-09-16,259,4.21,0.0,239.0,1.38,26.5,10.9,18.1,96.0,41.0,67.0,11.8,2.36
6,Davis,Sacramento Valley,2021-09-17,260,4.7,0.0,243.0,1.3,28.6,10.0,18.2,97.0,31.0,62.0,10.9,2.24
6,Davis,Sacramento Valley,2021-09-18,261,4.61,0.0,239.0,1.49,26.0,13.1,19.2,82.0,50.0,67.0,12.9,3.92
6,Davis,Sacramento Valley,2021-09-19,262,5.25,0.0,243.0,1.25,26.8,14.0,20.7,94.0,30.0,51.0,10.3,2.91
6,Davis,Sacramento Valley,2021-09-20,263,7.36,0.0,247.0,0.82,31.7,17.4,24.1,41.0,16.0,27.0,4.1,4.48
6,Davis,Sacramento Valley,2021-09-21,264,4.63,0.0,230.0,1.06,34.4,10.8,23.6,79.0,19.0,36.0,7.8,1.2
6,Davis,Sacramento Valley,2021-09-22,265,5.28,0.0,232.0,1.19,35.2,12.6,23.3,90.0,16.0,41.0,9.5,1.65
6,Davis,Sacramento Valley,2021-09-23,266,6.65,0.0,231.0,1.01,35.3,13.0,24.0,80.0,14.0,34.0,7.2,2.8
6,Davis,Sacramento Valley,2021-09-24,267,4.79,0.0,220.0,1.14,34.6,11.8,23.0,79.0,18.0,41.0,8.9,1.6
6,Davis,Sacramento Valley,2021-09-25,268,4.32,0.0,207.0,1.33,32.1,12.6,20.6,91.0,27.0,55.0,11.2,2.05
6,Davis,Sacramento Valley,2021-09-26,269,4.45,0.0,231.0,1.24,28.1,11.8,18.3,84.0,37.0,59.0,10.1,2.8
6,Davis,Sacramento Valley,2021-09-27,270,4.26,0.0,221.0,1.39,27.4,8.6,18.6,95.0,40.0,65.0,11.9,2.76
6,Davis,Sacramento Valley,2021-09-28,271,5.95,0.0,228.0,0.71,26.2,11.6,18.5,71.0,14.0,33.0,2.0,3.96
6,Davis,Sacramento Valley,2021-09-29,272,5.45,0.0,229.0,0.71,28.7,8.0,19.3,72.0,13.0,31.0,2.0,2.58
6,Davis,Sacramento Valley,2021-09-30,273,4.67,0.0,228.0,0.75,30.3,6.8,19.8,84.0,12.0,33.0,2.9,1.62
6,Davis,Sacramento Valley,2021-10-01,274,3.92,0.0,217.0,0.91,32.1,8.2,20.3,89.0,17.0,38.0,5.5,1.04
6,Davis,Sacramento Valley,2021-10-02,275,4.43,0.0,213.0,0.91,32.7,11.1,21.9,77.0,15.0,35.0,5.7,1.46
6,Davis,Sacramento Valley,2021-10-03,276,4.43,0.0,209.0,0.96,31.5,10.5,21.7,85.0,19.0,37.0,6.4,1.51
6,Davis,Sacramento Valley,2021-10-04,277,4.08,0.0,199.0,1.03,31.6,8.8,21.0,92.0,21.0,41.0,7.3,1.3
6,Davis,Sacramento Valley,2021-10-05,278,5.05,0.0,195.0,0.99,28.7,11.0,19.6,82.0,26.0,43.0,6.8,3.21
6,Davis,Sacramento Valley,2021-10-06,279,3.62,0.0,171.0,1.18,24.4,12.6,17.5,83.0,37.0,59.0,9.4,2.8
6,Davis,Sacramento Valley,2021-10-07,280,3.69,0.0,173.0,0.99,22.6,11.3,16.0,89.0,25.0,55.0,6.8,3.0
6,Davis,Sacramento Valley,2021-10-08,281,3.44,0.0,196.0,1.01,20.3,10.5,14.4,82.0,40.0,62.0,7.1,3.4
6,Davis,Sacramento Valley,2021-10-09,282,3.56,0.0,203.0,0.92,24.0,6.8,14.8,96.0,25.0,55.0,5.8,2.22
6,Davis,Sacramento Valley,2021-10-10,283,3.68,0.0,201.0,0.95,26.3,5.7,16.6,96.0,26.0,50.0,6.2,1.68
6,Davis,Sacramento Valley,2021-10-11,284,6.58,0.0,192.0,0.45,20.2,13.3,16.4,34.0,16.0,24.0,-4.1,7.76
6,Davis,Sacramento Valley,2021-10-12,285,5.41,0.0,204.0,0.39,21.0,7.0,14.2,43.0,11.0,24.0,-6.0,5.29
6,Davis,Sacramento Valley,2021-10-13,286,3.4,0.0,182.0,0.69,21.8,7.0,14.2,69.0,25.0,43.0,1.7,1.92
6,Davis,Sacramento Valley,2021-10-14,287,5.25,0.0,196.0,0.54,24.7,8.5,16.2,46.0,15.0,29.0,-1.7,3.38
6,Davis,Sacramento Valley,2021-10-15,288,3.28,0.0,193.0,0.65,27.0,5.7,15.5,60.0,18.0,37.0,0.8,1.13
6,Davis,Sacramento Valley,2021-10-16,289,3.64,0.0,190.0,0.69,27.9,5.9,17.0,59.0,18.0,36.0,1.7,1.39
6,Davis,Sacramento Valley,2021-10-17,290,4.16,0.0,152.0,0.81,22.6,9.4,15.2,69.0,29.0,47.0,4.0,4.01
6,Davis,Sacramento Valley,2021-10-18,291,2.49,0.0,171.0,0.84,18.1,5.8,11.8,90.0,40.0,61.0,4.5,1.57
6,Davis,Sacramento Valley,2021-10-19,292,2.74,0.0,162.0,0.81,19.5,3.3,12.7,81.0,38.0,55.0,3.9,1.81
6,Davis,Sacramento Valley,2021-10-20,293,1.18,0.0,65.0,1.29,18.7,11.1,14.9,98.0,49.0,76.0,10.7,1.76
6,Davis,Sacramento Valley,2021-10-21,294,1.36,0.0,55.0,1.79,21.5,16.9,18.9,99.0,73.0,82.0,15.8,4.11
6,Davis,Sacramento Valley,2021-10-22,295,2.49,3.1,146.0,1.38,19.4,13.6,16.3,91.0,57.0,74.0,11.7,3.3
6,Davis,Sacramento Valley,2021-10-23,296,1.15,7.4,73.0,1.29,17.9,10.2,13.9,97.0,58.0,81.0,10.7,1.63
6,Davis,Sacramento Valley,2021-10-24,297,0.02,125.9,11.0,1.54,16.0,12.2,13.7,99.0,95.0,98.0,13.4,4.36
6,Davis,Sacramento Valley,2021-10-25,298,2.35,3.6,150.0,1.24,18.1,10.2,14.3,99.0,54.0,76.0,10.1,2.92
6,Davis,Sacramento Valley,2021-10-26,299,1.77,0.0,112.0,1.26,18.0,10.1,14.3,95.0,60.0,77.0,10.4,2.3
6,Davis,Sacramento Valley,2021-10-27,300,2.33,0.0,153.0,1.5,20.7,11.7,16.3,97.0,69.0,81.0,13.1,2.64
6,Davis,Sacramento Valley,2021-10-28,301,2.25,0.0,158.0,1.53,22.7,11.1,16.4,99.0,61.0,82.0,13.3,1.01
6,Davis,Sacramento Valley,2021-10-29,302,1.71,0.2,124.0,1.58,23.0,10.8,15.9,100.0,57.0,87.0,13.8,0.85
6,Davis,Sacramento Valley,2021-10-30,303,2.15,0.0,141.0,1.49,20.5,11.9,15.7,99.0,71.0,83.0,12.9,2.65
6,Davis,Sacramento Valley,2021-10-31,304,1.98,0.0,143.0,1.31,18.8,9.2,14.1,100.0,58.0,81.0,10.9,1.22
6,Davis,Sacramento Valley,2021-11-01,305,0.8,0.6,54.0,1.53,16.4,12.6,14.7,99.0,78.0,91.0,13.3,1.95
6,Davis,Sacramento Valley,2021-11-02,306,1.8,0.0,129.0,1.53,20.2,12.9,15.8,99.0,65.0,86.0,13.4,1.52
6,Davis,Sacramento Valley,2021-11-03,307,2.26,0.0,153.0,1.35,22.4,9.8,15.9,97.0,51.0,74.0,11.4,1.33
6,Davis,Sacramento Valley,2021-11-04,308,2.15,0.3,141.0,1.42,21.1,10.3,16.2,99.0,49.0,77.0,12.2,2.22
6,Davis,Sacramento Valley,2021-11-05,309,1.19,0.0,94.0,1.27,18.1,7.6,12.4,100.0,63.0,88.0,10.5,1.09
6,Davis,Sacramento Valley,2021-11-06,310,0.86,0.0,62.0,1.26,17.1,10.4,13.1,100.0,65.0,84.0,10.4,1.19
6,Davis,Sacramento Valley,2021-11-07,311,2.4,0.0,149.0,0.8,16.7,6.4,11.0,82.0,36.0,61.0,3.8,2.53
6,Davis,Sacramento Valley,2021-11-08,312,1.66,12.2,125.0,0.93,16.3,4.1,11.0,98.0,40.0,71.0,5.8,1.68
6,Davis,Sacramento Valley,2021-11-09,313,0.37,6.8,32.0,1.35,15.5,10.0,12.7,100.0,82.0,92.0,11.4,3.06
6,Davis,Sacramento Valley,2021-11-10,314,1.47,0.0,112.0,1.43,18.2,10.1,14.1,100.0,71.0,89.0,12.2,1.96
6,Davis,Sacramento Valley,2021-11-11,315,1.89,0.0,139.0,1.35,21.1,8.4,13.9,100.0,60.0,85.0,11.4,1.34
6,Davis,Sacramento Valley,2021-11-12,316,0.71,0.3,63.0,1.36,16.3,8.0,11.6,100.0,92.0,100.0,11.6,1.01
6,Davis,Sacramento Valley,2021-11-13,317,1.03,0.4,90.0,1.37,17.9,10.1,12.2,100.0,78.0,96.0,11.7,1.4
6,Davis,Sacramento Valley,2021-11-14,318,0.29,0.2,37.0,1.35,13.2,10.3,11.4,100.0,98.0,100.0,11.4,1.34
6,Davis,Sacramento Valley,2021-11-15,319,0.14,0.1,26.0,1.4,13.8,10.7,12.2,100.0,94.0,98.0,12.0,1.28
6,Davis,Sacramento Valley,2021-11-16,320,1.37,0.0,99.0,1.32,19.0,8.8,13.3,100.0,53.0,86.0,11.0,2.4
6,Davis,Sacramento Valley,2021-11-17,321,1.41,0.1,125.0,1.12,17.1,5.0,10.2,100.0,68.0,90.0,8.7,1.03
6,Davis,Sacramento Valley,2021-11-18,322,0.49,0.2,48.0,1.2,13.8,6.3,9.9,100.0,87.0,98.0,9.7,1.13
6,Davis,Sacramento Valley,2021-11-19,323,0.88,0.2,66.0,1.34,16.2,10.2,12.7,100.0,77.0,92.0,11.4,2.11
6,Davis,Sacramento Valley,2021-11-20,324,2.47,0.0,131.0,0.92,19.2,8.0,13.2,92.0,40.0,61.0,5.7,2.93
6,Davis,Sacramento Valley,2021-11-21,325,2.16,0.0,131.0,0.81,18.6,4.6,10.9,96.0,38.0,62.0,4.0,1.78
6,Davis,Sacramento Valley,2021-11-22,326,1.55,0.0,127.0,0.97,18.0,2.1,9.3,100.0,55.0,83.0,6.5,0.98
6,Davis,Sacramento Valley,2021-11-23,327,1.42,0.2,77.0,0.94,17.3,5.7,10.5,100.0,35.0,74.0,6.0,2.94
6,Davis,Sacramento Valley,2021-11-24,328,3.64,0.0,126.0,0.59,18.4,4.7,12.6,88.0,26.0,40.0,-0.6,5.04
6,Davis,Sacramento Valley,2021-11-25,329,1.35,0.0,113.0,0.89,18.2,1.3,8.4,100.0,49.0,80.0,5.3,0.94
6,Davis,Sacramento Valley,2021-11-26,330,1.69,0.0,117.0,0.9,18.9,4.1,10.9,98.0,34.0,69.0,5.5,1.17
6,Davis,Sacramento Valley,2021-11-27,331,1.49,0.0,114.0,1.03,20.5,4.7,11.4,100.0,43.0,76.0,7.4,0.91
6,Davis,Sacramento Valley,2021-11-28,332,1.5,0.0,108.0,1.11,19.2,5.2,11.3,100.0,54.0,83.0,8.6,1.25
6,Davis,Sacramento Valley,2021-11-29,333,1.54,0.0,112.0,1.16,20.0,5.4,11.3,100.0,57.0,87.0,9.2,1.34
6,Davis,Sacramento Valley,2021-11-30,334,1.18,0.2,99.0,1.15,18.2,5.3,10.2,100.0,69.0,92.0,9.1,1.24
6,Davis,Sacramento Valley,2021-12-01,335,1.21,0.4,99.0,1.18,20.8,5.9,10.7,100.0,56.0,91.0,9.4,0.85
6,Davis,Sacramento Valley,2021-12-02,336,1.36,0.2,107.0,1.16,21.3,4.6,10.9,100.0,51.0,89.0,9.1,1.19
6,Davis,Sacramento Valley,2021-12-03,337,1.07,0.0,90.0,1.09,18.2,3.8,9.2,100.0,67.0,94.0,8.3,1.03
6,Davis,Sacramento Valley,2021-12-04,338,0.11,0.2,25.0,1.14,10.8,4.4,8.9,100.0,100.0,100.0,8.9,1.43
6,Davis,Sacramento Valley,2021-12-05,339,0.5,0.1,55.0,1.1,12.2,4.2,8.6,100.0,87.0,98.0,8.4,1.38
6,Davis,Sacramento Valley,2021-12-06,340,0.03,2.2,17.0,1.09,9.6,4.9,8.3,100.0,96.0,99.0,8.2,1.21
6,Davis,Sacramento Valley,2021-12-07,341,1.06,0.2,98.0,1.15,14.7,7.2,9.8,100.0,78.0,95.0,9.0,1.73
6,Davis,Sacramento Valley,2021-12-08,342,0.12,0.5,21.0,1.2,10.7,7.9,9.7,100.0,100.0,100.0,9.7,1.64
6,Davis,Sacramento Valley,2021-12-09,343,1.29,0.4,90.0,0.99,14.8,4.1,9.9,100.0,46.0,81.0,6.8,2.22
6,Davis,Sacramento Valley,2021-12-10,344,1.78,0.0,110.0,0.61,13.2,1.6,7.1,93.0,35.0,60.0,0.0,2.37
6,Davis,Sacramento Valley,2021-12-11,345,1.26,0.0,97.0,0.73,13.1,-0.4,6.8,100.0,45.0,74.0,2.4,1.52
6,Davis,Sacramento Valley,2021-12-12,346,0.06,16.3,18.0,1.09,10.1,6.6,8.5,100.0,86.0,99.0,8.3,2.71
6,Davis,Sacramento Valley,2021-12-13,347,0.1,82.8,20.0,1.16,10.9,6.1,9.2,100.0,97.0,100.0,9.2,5.15
6,Davis,Sacramento Valley,2021-12-14,348,0.96,0.9,90.0,0.87,11.6,2.6,6.8,100.0,58.0,88.0,5.0,1.59
6,Davis,Sacramento Valley,2021-12-15,349,0.7,12.1,51.0,0.92,10.5,3.1,7.1,100.0,75.0,91.0,5.7,4.22
6,Davis,Sacramento Valley,2021-12-16,350,0.43,3.9,44.0,0.99,10.6,5.1,7.5,100.0,84.0,95.0,6.8,3.13
6,Davis,Sacramento Valley,2021-12-17,351,1.11,0.0,114.0,0.81,11.1,0.5,5.5,100.0,66.0,89.0,3.9,1.6
6,Davis,Sacramento Valley,2021-12-18,352,0.16,0.1,30.0,0.81,6.0,0.8,3.9,100.0,100.0,100.0,4.0,1.55
6,Davis,Sacramento Valley,2021-12-19,353,0.14,0.0,25.0,0.88,7.7,4.4,6.0,100.0,85.0,94.0,5.1,1.57
6,Davis,Sacramento Valley,2021-12-20,354,0.6,0.0,71.0,0.9,7.5,3.8,5.8,100.0,90.0,97.0,5.4,1.64
6,Davis,Sacramento Valley,2021-12-21,355,0.46,10.7,50.0,0.85,7.7,1.1,4.9,100.0,91.0,99.0,4.6,1.46
6,Davis,Sacramento Valley,2021-12-22,356,0.14,9.2,28.0,0.99,8.9,5.3,6.9,100.0,100.0,100.0,6.9,1.37
6,Davis,Sacramento Valley,2021-12-23,357,0.36,17.8,45.0,1.31,14.7,9.0,11.1,100.0,93.0,99.0,10.9,2.84
6,Davis,Sacramento Valley,2021-12-24,358,1.3,1.1,104.0,1.08,13.7,8.2,10.4,100.0,59.0,86.0,8.1,3.47
6,Davis,Sacramento Valley,2021-12-25,359,0.18,12.9,26.0,1.03,10.3,5.3,8.4,100.0,79.0,93.0,7.4,3.78
6,Davis,Sacramento Valley,2021-12-26,360,0.51,0.3,38.0,0.85,8.4,4.4,6.6,99.0,74.0,87.0,4.6,3.84
6,Davis,Sacramento Valley,2021-12-27,361,1.06,1.9,80.0,0.85,11.2,2.1,7.5,100.0,56.0,83.0,4.7,2.64
6,Davis,Sacramento Valley,2021-12-28,362,0.79,0.0,73.0,0.7,7.7,2.7,5.7,91.0,67.0,76.0,1.9,1.37
6,Davis,Sacramento Valley,2021-12-29,363,0.02,13.9,13.0,0.86,6.2,3.8,5.1,100.0,89.0,98.0,4.8,3.0
6,Davis,Sacramento Valley,2021-12-30,364,1.08,0.0,99.0,0.84,13.0,3.0,7.1,100.0,63.0,83.0,4.5,2.04
6,Davis,Sacramento Valley,2021-12-31,365,1.13,0.0,105.0,0.77,11.5,1.5,5.6,100.0,57.0,85.0,3.3,1.57
6,Davis,Sacramento Valley,2022-01-01,1,1.6,0.0,121.0,0.6,10.0,-0.3,5.1,100.0,49.0,68.0,-0.2,2.78
6,Davis,Sacramento Valley,2022-01-02,2,1.09,0.0,113.0,0.74,11.2,-1.2,4.4,100.0,65.0,88.0,2.6,1.28
6,Davis,Sacramento Valley,2022-01-03,3,0.56,2.2,53.0,0.98,11.3,2.4,7.3,100.0,80.0,96.0,6.7,2.79
6,Davis,Sacramento Valley,2022-01-04,4,0.62,0.1,59.0,1.27,14.7,8.3,10.8,100.0,84.0,98.0,10.5,2.15
6,Davis,Sacramento Valley,2022-01-05,5,1.11,0.2,14.0,1.17,14.9,7.8,9.4,100.0,77.0,99.0,9.2,2.05
6,Davis,Sacramento Valley,2022-01-06,6,0.23,0.0,9.0,1.21,10.1,9.5,9.9,100.0,100.0,100.0,9.8,1.52
6,Davis,Sacramento Valley,2022-01-07,7,0.38,0.2,42.0,1.23,13.4,3.8,10.0,100.0,93.0,100.0,10.0,2.35
6,Davis,Sacramento Valley,2022-01-08,8,1.2,0.0,111.0,1.08,14.1,4.0,9.5,100.0,68.0,91.0,8.1,2.4
6,Davis,Sacramento Valley,2022-01-09,9,0.85,0.1,93.0,0.97,13.9,1.4,7.0,100.0,75.0,97.0,6.5,1.62
6,Davis,Sacramento Valley,2022-01-10,10,1.69,0.0,120.0,0.9,16.4,4.1,9.4,99.0,47.0,76.0,5.4,1.89
6,Davis,Sacramento Valley,2022-01-11,11,1.27,0.0,113.0,0.94,16.1,2.9,8.2,100.0,62.0,86.0,6.1,0.95
6,Davis,Sacramento Valley,2022-01-12,12,1.38,0.0,125.0,1.04,17.2,3.3,9.1,100.0,64.0,91.0,7.6,1.01
6,Davis,Sacramento Valley,2022-01-13,13,1.18,0.0,108.0,1.08,16.5,3.4,9.2,100.0,69.0,93.0,8.1,1.09
6,Davis,Sacramento Valley,2022-01-14,14,2.24,0.0,124.0,0.92,19.1,3.3,10.1,100.0,39.0,75.0,5.8,2.64
6,Davis,Sacramento Valley,2022-01-15,15,0.83,0.0,83.0,0.94,12.6,1.8,6.4,100.0,83.0,98.0,6.1,1.0
6,Davis,Sacramento Valley,2022-01-16,16,1.23,0.0,111.0,1.01,15.1,4.5,8.5,100.0,65.0,91.0,7.1,1.52
6,Davis,Sacramento Valley,2022-01-17,17,1.37,0.0,109.0,0.91,16.1,2.9,8.3,100.0,50.0,83.0,5.6,1.23
6,Davis,Sacramento Valley,2022-01-18,18,1.41,0.0,125.0,0.96,16.8,2.4,9.0,100.0,56.0,84.0,6.4,1.01
6,Davis,Sacramento Valley,2022-01-19,19,1.77,0.0,143.0,0.93,16.6,2.3,9.0,100.0,52.0,81.0,6.0,1.52
6,Davis,Sacramento Valley,2022-01-20,20,1.59,0.0,138.0,1.0,17.8,2.1,8.9,100.0,57.0,87.0,7.0,1.0
6,Davis,Sacramento Valley,2022-01-21,21,3.95,0.0,135.0,0.73,18.1,6.1,13.2,100.0,31.0,48.0,2.5,6.38
6,Davis,Sacramento Valley,2022-01-22,22,3.78,0.0,145.0,0.71,20.7,4.9,13.2,97.0,28.0,46.0,2.0,4.89
6,Davis,Sacramento Valley,2022-01-23,23,1.85,0.0,149.0,0.88,19.7,1.4,8.9,100.0,33.0,78.0,5.2,1.02
6,Davis,Sacramento Valley,2022-01-24,24,1.51,0.1,140.0,0.91,17.0,0.8,7.7,100.0,49.0,86.0,5.6,1.05
6,Davis,Sacramento Valley,2022-01-25,25,3.06,0.0,158.0,0.75,19.9,2.8,10.1,100.0,20.0,60.0,2.8,2.67
6,Davis,Sacramento Valley,2022-01-26,26,1.76,0.0,147.0,0.85,16.4,1.9,8.3,100.0,43.0,78.0,4.6,1.71
6,Davis,Sacramento Valley,2022-01-27,27,2.13,0.0,156.0,0.69,17.0,1.1,8.4,88.0,34.0,62.0,1.6,1.39
6,Davis,Sacramento Valley,2022-01-28,28,1.6,0.0,131.0,0.78,17.5,1.5,8.1,96.0,42.0,72.0,3.4,1.11
6,Davis,Sacramento Valley,2022-01-29,29,2.05,0.0,149.0,0.72,18.8,0.3,8.7,93.0,32.0,64.0,2.4,1.6
6,Davis,Sacramento Valley,2022-01-30,30,1.76,0.0,149.0,0.84,15.8,0.3,7.8,100.0,51.0,79.0,4.5,1.24
6,Davis,Sacramento Valley,2022-01-31,31,2.2,0.0,143.0,0.86,17.1,5.3,10.3,98.0,30.0,68.0,4.7,2.44
6,Davis,Sacramento Valley,2022-02-01,32,4.63,0.0,159.0,0.37,14.9,7.7,11.0,36.0,22.0,28.0,-6.8,8.33
6,Davis,Sacramento Valley,2022-02-02,33,4.11,0.2,155.0,0.43,15.3,7.9,10.7,50.0,25.0,33.0,-4.8,6.68
6,Davis,Sacramento Valley,2022-02-03,34,2.34,0.0,136.0,0.58,15.7,2.0,9.3,78.0,32.0,50.0,-0.7,2.22
6,Davis,Sacramento Valley,2022-02-04,35,1.82,0.2,150.0,0.79,18.7,0.9,8.3,100.0,36.0,72.0,3.7,0.93
6,Davis,Sacramento Valley,2022-02-05,36,2.08,0.0,145.0,0.73,17.5,2.6,8.8,89.0,36.0,64.0,2.4,1.36
6,Davis,Sacramento Valley,2022-02-06,37,2.12,0.0,159.0,0.78,19.9,0.0,9.4,99.0,29.0,66.0,3.4,1.05
6,Davis,Sacramento Valley,2022-02-07,38,2.28,0.0,157.0,0.83,20.8,2.7,10.6,96.0,31.0,65.0,4.4,1.57
6,Davis,Sacramento Valley,2022-02-08,39,2.38,0.0,159.0,0.83,20.9,2.1,10.9,91.0,35.0,64.0,4.4,1.41
6,Davis,Sacramento Valley,2022-02-09,40,2.47,0.0,139.0,0.91,25.0,2.5,12.8,100.0,26.0,61.0,5.6,1.63
6,Davis,Sacramento Valley,2022-02-10,41,2.67,0.0,162.0,1.0,22.8,6.3,14.6,85.0,39.0,60.0,7.0,1.64
6,Davis,Sacramento Valley,2022-02-11,42,2.5,0.0,162.0,1.07,23.9,5.9,14.1,98.0,33.0,67.0,8.0,1.09
6,Davis,Sacramento Valley,2022-02-12,43,2.33,0.0,162.0,1.11,23.9,5.4,13.7,100.0,37.0,71.0,8.5,1.09
6,Davis,Sacramento Valley,2022-02-13,44,2.72,0.0,165.0,0.95,24.8,6.8,14.4,84.0,31.0,58.0,6.2,1.52
6,Davis,Sacramento Valley,2022-02-14,45,2.39,0.0,154.0,1.02,19.2,5.9,11.6,100.0,52.0,75.0,7.3,2.78
6,Davis,Sacramento Valley,2022-02-15,46,4.32,0.0,173.0,0.52,16.4,3.7,11.2,75.0,23.0,39.0,-2.2,5.71
6,Davis,Sacramento Valley,2022-02-16,47,4.99,0.0,174.0,0.58,21.9,8.4,14.7,48.0,22.0,35.0,-0.7,5.4
6,Davis,Sacramento Valley,2022-02-17,48,3.36,0.0,179.0,0.61,19.7,6.2,12.8,68.0,25.0,41.0,0.0,2.91
6,Davis,Sacramento Valley,2022-02-18,49,2.33,0.0,161.0,0.77,20.6,3.4,10.7,80.0,34.0,59.0,3.1,1.15
6,Davis,Sacramento Valley,2022-02-19,50,2.74,0.0,177.0,0.81,22.5,3.4,12.0,89.0,27.0,58.0,4.0,1.52
6,Davis,Sacramento Valley,2022-02-20,51,2.1,0.0,140.0,0.93,17.9,4.2,10.3,92.0,52.0,75.0,5.9,1.99
6,Davis,Sacramento Valley,2022-02-21,52,3.17,0.0,180.0,0.62,15.5,4.8,10.0,93.0,27.0,50.0,0.2,3.43
6,Davis,Sacramento Valley,2022-02-22,53,2.2,0.2,164.0,0.57,12.8,1.0,6.6,80.0,36.0,59.0,-0.9,1.73
6,Davis,Sacramento Valley,2022-02-23,54,3.37,0.0,193.0,0.36,12.9,1.0,6.5,73.0,19.0,37.0,-7.2,4.17
6,Davis,Sacramento Valley,2022-02-24,55,2.51,0.0,189.0,0.39,14.3,-1.9,6.1,61.0,21.0,41.0,-6.0,1.3
6,Davis,Sacramento Valley,2022-02-25,56,2.89,0.0,194.0,0.45,16.2,1.0,7.8,66.0,24.0,43.0,-4.0,2.03
6,Davis,Sacramento Valley,2022-02-26,57,1.77,0.0,129.0,0.62,15.6,-1.0,8.0,87.0,34.0,58.0,0.2,1.03
6,Davis,Sacramento Valley,2022-02-27,58,3.06,0.0,191.0,0.7,21.9,3.4,12.3,76.0,28.0,49.0,1.9,1.79
6,Davis,Sacramento Valley,2022-02-28,59,2.95,0.0,192.0,0.85,24.7,3.6,13.3,83.0,32.0,56.0,4.7,1.25
6,Davis,Sacramento Valley,2022-03-01,60,2.97,0.0,189.0,0.98,24.6,6.6,14.0,93.0,31.0,61.0,6.7,1.31
6,Davis,Sacramento Valley,2022-03-02,61,2.98,0.0,172.0,0.99,23.0,6.5,14.0,99.0,30.0,62.0,6.8,1.59
6,Davis,Sacramento Valley,2022-03-03,62,1.31,0.0,82.0,1.08,15.1,8.4,11.4,97.0,64.0,80.0,8.1,2.38
6,Davis,Sacramento Valley,2022-03-04,63,3.3,0.0,175.0,0.92,19.5,7.1,12.7,95.0,31.0,63.0,5.7,3.11
6,Davis,Sacramento Valley,2022-03-05,64,1.89,0.0,140.0,0.66,13.5,1.6,7.4,87.0,43.0,64.0,1.1,1.39
6,Davis,Sacramento Valley,2022-03-06,65,3.3,0.0,212.0,0.58,17.8,0.3,9.1,88.0,23.0,51.0,-0.6,2.07
6,Davis,Sacramento Valley,2022-03-07,66,5.14,0.0,210.0,0.45,20.4,4.2,12.6,55.0,15.0,31.0,-4.1,4.79
6,Davis,Sacramento Valley,2022-03-08,67,4.05,0.0,211.0,0.6,23.6,6.2,13.5,70.0,16.0,38.0,-0.3,2.49
6,Davis,Sacramento Valley,2022-03-09,68,3.81,0.0,209.0,0.66,21.8,5.1,13.7,74.0,23.0,42.0,1.1,1.95
6,Davis,Sacramento Valley,2022-03-10,69,5.81,0.0,228.0,0.37,19.6,7.2,13.1,72.0,10.0,24.0,-6.8,5.95
6,Davis,Sacramento Valley,2022-03-11,70,4.1,0.0,225.0,0.39,22.3,3.8,13.3,52.0,11.0,25.0,-6.2,2.05
6,Davis,Sacramento Valley,2022-03-12,71,4.39,0.0,212.0,0.59,21.5,2.9,12.4,71.0,11.0,41.0,-0.6,2.7
6,Davis,Sacramento Valley,2022-03-13,72,3.38,0.0,215.0,0.86,19.6,8.8,13.8,91.0,22.0,55.0,4.8,2.47
6,Davis,Sacramento Valley,2022-03-14,73,3.86,0.0,216.0,0.73,22.2,5.0,14.0,80.0,23.0,45.0,2.4,1.84
6,Davis,Sacramento Valley,2022-03-15,74,2.79,3.7,179.0,1.42,21.9,9.7,16.0,100.0,54.0,78.0,12.2,2.7
6,Davis,Sacramento Valley,2022-03-16,75,4.36,0.0,231.0,0.83,22.7,7.9,14.5,98.0,20.0,50.0,4.2,2.68
6,Davis,Sacramento Valley,2022-03-17,76,3.45,0.0,197.0,0.94,23.0,7.6,13.6,86.0,28.0,60.0,6.1,1.86
6,Davis,Sacramento Valley,2022-03-18,77,3.49,0.0,223.0,0.91,22.7,4.1,13.4,96.0,32.0,60.0,5.7,1.64
6,Davis,Sacramento Valley,2022-03-19,78,2.54,0.0,130.0,1.0,18.2,10.0,13.4,81.0,47.0,65.0,7.0,3.37
6,Davis,Sacramento Valley,2022-03-20,79,5.41,0.0,241.0,0.51,21.6,7.8,14.1,75.0,11.0,32.0,-2.4,4.48
6,Davis,Sacramento Valley,2022-03-21,80,6.35,0.0,235.0,0.79,27.4,5.2,17.9,73.0,25.0,38.0,3.5,4.26
6,Davis,Sacramento Valley,2022-03-23,82,4.14,0.0,238.0,1.28,27.7,10.3,18.3,88.0,39.0,61.0,10.6,1.55
6,Davis,Sacramento Valley,2022-03-24,83,4.32,0.0,242.0,1.11,28.2,7.9,16.8,94.0,28.0,58.0,8.5,1.61
6,Davis,Sacramento Valley,2022-03-25,84,4.08,0.0,253.0,1.11,25.3,6.1,15.0,96.0,33.0,65.0,8.5,1.6
6,Davis,Sacramento Valley,2022-03-26,85,4.38,0.0,249.0,1.06,26.6,5.5,15.4,95.0,32.0,61.0,7.9,2.13
6,Davis,Sacramento Valley,2022-03-27,86,3.09,7.8,165.0,1.1,20.0,10.4,14.5,97.0,48.0,66.0,8.3,3.11
6,Davis,Sacramento Valley,2022-03-28,87,0.96,15.2,79.0,1.29,14.7,8.6,12.0,100.0,83.0,92.0,10.7,1.97
6,Davis,Sacramento Valley,2022-03-29,88,3.56,0.1,249.0,1.24,21.6,5.9,13.4,100.0,55.0,81.0,10.1,1.84
6,Davis,Sacramento Valley,2022-03-30,89,1.61,0.0,127.0,1.24,16.0,8.8,12.1,99.0,71.0,88.0,10.1,1.86
6,Davis,Sacramento Valley,2022-03-31,90,4.04,0.0,241.0,1.04,22.6,7.6,14.6,100.0,25.0,62.0,7.5,2.25
6,Davis,Sacramento Valley,2022-04-01,91,4.55,0.0,263.0,0.97,25.6,7.2,15.8,94.0,26.0,54.0,6.5,1.95
6,Davis,Sacramento Valley,2022-04-02,92,5.44,0.0,257.0,0.85,26.2,7.8,16.7,97.0,16.0,44.0,4.6,2.94
6,Davis,Sacramento Valley,2022-04-03,93,5.51,0.0,248.0,0.64,27.7,8.0,17.9,57.0,15.0,31.0,0.6,2.28
6,Davis,Sacramento Valley,2022-04-04,94,3.32,0.0,168.0,1.02,23.5,8.3,15.7,78.0,41.0,57.0,7.2,1.96
6,Davis,Sacramento Valley,2022-04-05,95,5.92,0.0,272.0,0.61,23.3,8.8,15.8,77.0,12.0,34.0,0.0,3.61
6,Davis,Sacramento Valley,2022-04-06,96,7.33,0.0,273.0,0.56,29.9,13.1,20.5,53.0,12.0,23.0,-1.2,3.81
6,Davis,Sacramento Valley,2022-04-07,97,4.87,0.0,265.0,1.01,30.9,8.5,20.1,78.0,21.0,43.0,7.1,1.29
6,Davis,Sacramento Valley,2022-04-08,98,5.35,0.0,263.0,1.13,31.5,10.0,20.9,87.0,25.0,46.0,8.8,1.84
6,Davis,Sacramento Valley,2022-04-09,99,8.94,0.0,288.0,0.35,24.8,14.8,19.3,26.0,8.0,15.0,-7.6,6.9
6,Davis,Sacramento Valley,2022-04-10,100,6.72,0.0,257.0,0.45,23.1,9.3,16.8,58.0,14.0,24.0,-4.0,5.85
6,Davis,Sacramento Valley,2022-04-11,101,4.66,0.0,244.0,0.67,17.6,5.4,12.3,95.0,23.0,47.0,1.3,4.94
6,Davis,Sacramento Valley,2022-04-12,102,4.22,0.0,266.0,0.5,17.9,1.9,9.8,71.0,23.0,41.0,-2.6,2.24
6,Davis,Sacramento Valley,2022-04-13,103,3.77,0.0,228.0,0.68,17.2,4.0,10.9,72.0,37.0,52.0,1.4,2.88
6,Davis,Sacramento Valley,2022-04-14,104,1.32,0.1,73.0,1.16,16.2,9.5,12.2,90.0,68.0,81.0,9.1,4.23
6,Davis,Sacramento Valley,2022-04-15,105,5.05,0.1,281.0,0.83,20.9,7.6,14.2,90.0,18.0,52.0,4.3,3.82
6,Davis,Sacramento Valley,2022-04-16,106,3.64,12.6,226.0,1.13,20.4,7.4,14.1,99.0,48.0,71.0,8.8,3.53
6,Davis,Sacramento Valley,2022-04-17,107,4.96,0.0,301.0,0.71,22.3,4.9,12.4,91.0,13.0,49.0,2.1,2.29
6,Davis,Sacramento Valley,2022-04-18,108,4.51,0.0,262.0,0.96,21.5,5.3,13.5,81.0,38.0,62.0,6.3,3.66
6,Davis,Sacramento Valley,2022-04-19,109,3.92,0.4,249.0,0.86,20.1,8.9,15.4,95.0,35.0,49.0,4.8,2.66
6,Davis,Sacramento Valley,2022-04-20,110,4.35,0.8,255.0,1.05,21.2,6.7,13.8,92.0,40.0,66.0,7.6,4.19
6,Davis,Sacramento Valley,2022-04-21,111,3.87,0.3,226.0,1.06,19.1,10.2,13.8,96.0,38.0,67.0,7.8,3.72
6,Davis,Sacramento Valley,2022-04-22,112,3.43,0.1,229.0,0.96,19.4,6.2,13.1,99.0,37.0,64.0,6.3,1.47
6,Davis,Sacramento Valley,2022-04-23,113,5.75,0.0,298.0,0.74,24.8,7.2,16.1,91.0,12.0,41.0,2.7,2.7
6,Davis,Sacramento Valley,2022-04-24,114,5.49,0.0,296.0,0.8,26.9,7.9,17.6,63.0,19.0,40.0,3.7,1.81
6,Davis,Sacramento Valley,2022-04-25,115,5.82,0.0,295.0,0.97,27.1,9.1,17.5,86.0,17.0,48.0,6.5,2.49
6,Davis,Sacramento Valley,2022-04-26,116,5.31,0.0,287.0,1.01,25.4,11.0,17.4,73.0,29.0,51.0,7.1,2.43
6,Davis,Sacramento Valley,2022-04-27,117,5.19,0.0,292.0,0.92,24.4,7.2,15.0,85.0,32.0,54.0,5.8,2.81
6,Davis,Sacramento Valley,2022-04-28,118,4.8,0.0,303.0,0.86,21.7,7.0,13.9,78.0,27.0,54.0,4.8,2.41
6,Davis,Sacramento Valley,2022-04-29,119,5.59,0.0,271.0,0.69,26.5,8.5,17.0,79.0,10.0,35.0,1.6,2.76
6,Davis,Sacramento Valley,2022-04-30,120,5.75,0.0,297.0,1.08,27.0,7.8,17.0,96.0,32.0,55.0,8.1,2.65
6,Davis,Sacramento Valley,2022-05-01,121,6.69,0.0,314.0,0.76,27.3,7.8,17.5,93.0,13.0,38.0,3.1,3.57
6,Davis,Sacramento Valley,2022-05-02,122,5.63,0.0,291.0,0.87,23.1,9.7,16.7,82.0,28.0,46.0,5.0,3.56
6,Davis,Sacramento Valley,2022-05-03,123,7.73,0.0,316.0,0.61,27.3,12.5,19.2,45.0,17.0,28.0,0.1,5.31
6,Davis,Sacramento Valley,2022-05-04,124,6.35,0.0,312.0,0.95,30.5,8.5,20.6,86.0,21.0,39.0,6.3,2.03
6,Davis,Sacramento Valley,2022-05-05,125,4.1,0.0,170.0,1.08,22.9,11.9,17.3,76.0,32.0,55.0,8.2,3.16
6,Davis,Sacramento Valley,2022-05-06,126,4.62,0.0,249.0,1.35,25.0,12.1,17.8,96.0,45.0,66.0,11.5,3.11
6,Davis,Sacramento Valley,2022-05-07,127,5.32,0.0,305.0,0.95,23.4,9.2,16.7,85.0,30.0,50.0,6.2,2.45
6,Davis,Sacramento Valley,2022-05-08,128,5.05,0.2,284.0,0.65,18.9,5.3,12.4,82.0,28.0,45.0,0.8,3.83
6,Davis,Sacramento Valley,2022-05-09,129,4.48,0.0,272.0,0.69,17.8,5.2,11.3,93.0,31.0,52.0,1.7,3.08
6,Davis,Sacramento Valley,2022-05-10,130,3.18,0.0,217.0,0.71,15.4,3.0,9.6,94.0,39.0,60.0,2.1,2.34
6,Davis,Sacramento Valley,2022-05-11,131,5.33,0.0,321.0,0.74,21.8,3.0,13.0,90.0,25.0,49.0,2.7,2.76
6,Davis,Sacramento Valley,2022-05-12,132,4.99,0.0,286.0,0.84,23.6,5.0,14.2,92.0,20.0,52.0,4.4,2.39
6,Davis,Sacramento Valley,2022-05-13,133,5.43,0.0,312.0,1.17,27.4,6.5,17.8,95.0,33.0,57.0,9.2,1.88
6,Davis,Sacramento Valley,2022-05-14,134,6.73,0.0,320.0,1.11,31.9,12.5,22.2,91.0,16.0,42.0,8.6,2.32
6,Davis,Sacramento Valley,2022-05-15,135,6.7,0.0,296.0,1.34,32.1,11.7,21.5,96.0,26.0,52.0,11.3,2.91
6,Davis,Sacramento Valley,2022-05-16,136,5.9,0.0,318.0,1.18,28.5,10.0,18.9,90.0,36.0,54.0,9.4,2.25
6,Davis,Sacramento Valley,2022-05-17,137,6.5,0.0,325.0,1.09,32.6,8.8,20.9,96.0,13.0,44.0,8.2,1.99
6,Davis,Sacramento Valley,2022-05-18,138,9.08,0.0,321.0,1.0,36.3,9.6,25.0,96.0,13.0,31.0,6.9,3.49
6,Davis,Sacramento Valley,2022-05-19,139,8.88,0.0,317.0,0.79,32.1,15.4,25.8,60.0,11.0,24.0,3.5,4.03
6,Davis,Sacramento Valley,2022-05-21,141,8.12,0.0,336.0,0.59,30.2,14.2,22.2,47.0,10.0,22.0,-0.6,3.22
6,Davis,Sacramento Valley,2022-05-22,142,7.32,0.0,325.0,0.9,31.6,9.7,21.6,85.0,10.0,35.0,5.4,2.67
6,Davis,Sacramento Valley,2022-05-23,143,8.69,0.0,326.0,0.79,34.1,12.6,24.2,64.0,11.0,26.0,3.6,3.2
6,Davis,Sacramento Valley,2022-05-24,144,10.25,0.0,326.0,0.77,36.1,16.2,27.4,53.0,8.0,21.0,3.2,4.02
6,Davis,Sacramento Valley,2022-05-25,145,8.2,0.0,321.0,1.19,36.9,14.8,27.5,80.0,18.0,32.0,9.5,2.67
6,Davis,Sacramento Valley,2022-05-26,146,5.94,0.0,276.0,1.24,27.2,14.4,20.3,73.0,37.0,52.0,10.1,3.34
6,Davis,Sacramento Valley,2022-05-27,147,5.55,0.0,289.0,1.32,27.5,12.1,18.8,90.0,39.0,61.0,11.1,3.03
6,Davis,Sacramento Valley,2022-05-28,148,5.93,0.0,302.0,1.22,25.7,12.6,18.4,84.0,39.0,58.0,9.9,3.79
6,Davis,Sacramento Valley,2022-05-29,149,7.0,0.0,340.0,0.84,26.9,9.9,19.0,93.0,13.0,38.0,4.5,3.0
6,Davis,Sacramento Valley,2022-05-30,150,7.78,0.0,343.0,0.69,27.5,11.2,19.6,70.0,10.0,30.0,1.7,3.63
6,Davis,Sacramento Valley,2022-05-31,151,8.8,0.0,343.0,0.63,30.4,13.5,22.6,49.0,10.0,23.0,0.4,4.1
6,Davis,Sacramento Valley,2022-06-01,152,6.72,0.2,330.0,1.04,33.0,11.8,22.5,75.0,17.0,38.0,7.5,1.63
6,Davis,Sacramento Valley,2022-06-02,153,6.78,0.0,291.0,1.13,32.7,14.8,22.6,63.0,24.0,41.0,8.8,2.6
6,Davis,Sacramento Valley,2022-06-03,154,5.83,0.0,256.0,1.34,28.8,13.7,20.9,74.0,40.0,54.0,11.4,3.22
6,Davis,Sacramento Valley,2022-06-04,155,4.31,2.2,171.0,1.16,25.1,14.8,19.6,83.0,27.0,51.0,9.1,2.53
6,Davis,Sacramento Valley,2022-06-05,156,4.22,3.4,250.0,1.82,26.1,15.7,20.1,96.0,57.0,77.0,16.0,3.06
6,Davis,Sacramento Valley,2022-06-06,157,6.13,0.0,340.0,1.43,30.6,12.8,21.8,93.0,25.0,55.0,12.3,1.82
6,Davis,Sacramento Valley,2022-06-07,158,7.02,0.0,322.0,1.23,33.2,12.9,23.1,86.0,23.0,43.0,10.0,2.22
6,Davis,Sacramento Valley,2022-06-08,159,6.42,0.0,300.0,1.28,32.3,15.2,23.2,68.0,31.0,45.0,10.6,1.98
6,Davis,Sacramento Valley,2022-06-09,160,7.46,0.0,310.0,1.27,35.9,15.0,26.2,78.0,15.0,37.0,10.5,2.29
6,Davis,Sacramento Valley,2022-06-10,161,8.16,0.0,333.0,1.37,38.0,18.0,28.7,64.0,17.0,35.0,11.6,2.17
6,Davis,Sacramento Valley,2022-06-11,162,8.04,0.0,328.0,1.57,36.4,17.1,27.3,71.0,24.0,43.0,13.7,2.71
6,Davis,Sacramento Valley,2022-06-12,163,6.63,0.0,314.0,1.58,28.3,16.6,22.6,79.0,38.0,58.0,13.8,3.88
6,Davis,Sacramento Valley,2022-06-13,164,8.41,0.0,349.0,0.7,28.5,13.5,21.3,62.0,11.0,28.0,1.9,3.82
6,Davis,Sacramento Valley,2022-06-14,165,9.41,0.0,346.0,0.62,31.8,16.7,24.1,33.0,8.0,21.0,0.2,4.29
6,Davis,Sacramento Valley,2022-06-15,166,8.86,0.0,333.0,0.79,34.3,15.6,24.3,52.0,15.0,26.0,3.6,3.51
6,Davis,Sacramento Valley,2022-06-16,167,7.92,0.0,346.0,0.94,30.5,13.8,21.0,62.0,20.0,38.0,6.1,3.5
6,Davis,Sacramento Valley,2022-06-17,168,6.46,0.0,334.0,0.94,23.6,11.9,17.3,71.0,32.0,48.0,6.1,3.68
6,Davis,Sacramento Valley,2022-06-18,169,5.98,0.0,337.0,1.03,25.1,9.3,17.6,87.0,32.0,51.0,7.4,2.13
6,Davis,Sacramento Valley,2022-06-19,170,7.05,0.0,340.0,0.98,29.8,11.0,21.0,70.0,18.0,39.0,6.6,2.49
6,Davis,Sacramento Valley,2022-06-20,171,8.68,0.0,336.0,0.84,33.0,13.5,24.4,63.0,11.0,28.0,4.5,3.16
6,Davis,Sacramento Valley,2022-06-21,172,9.81,0.0,340.0,0.8,38.1,20.4,29.3,32.0,8.0,20.0,3.7,3.3
6,Davis,Sacramento Valley,2022-06-22,173,8.33,0.0,308.0,1.08,36.8,18.3,28.1,39.0,18.0,29.0,8.1,2.79
6,Davis,Sacramento Valley,2022-06-23,174,8.87,0.0,320.0,1.16,37.4,19.2,28.6,54.0,17.0,30.0,9.1,2.95
6,Davis,Sacramento Valley,2022-06-24,175,7.78,0.0,342.0,1.24,37.1,14.3,25.6,71.0,11.0,38.0,10.2,1.91
6,Davis,Sacramento Valley,2022-06-25,176,7.71,0.0,343.0,1.23,36.3,13.4,24.2,81.0,15.0,41.0,10.0,2.19
6,Davis,Sacramento Valley,2022-06-26,177,7.59,0.0,346.0,1.26,37.0,12.5,24.4,80.0,13.0,41.0,10.3,1.94
6,Davis,Sacramento Valley,2022-06-27,178,7.57,0.0,346.0,1.26,38.6,12.8,24.4,85.0,9.0,41.0,10.4,2.01
6,Davis,Sacramento Valley,2022-06-28,179,8.25,0.0,339.0,1.2,36.2,14.7,24.7,72.0,18.0,39.0,9.7,2.68
6,Davis,Sacramento Valley,2022-06-29,180,7.15,0.0,344.0,1.29,32.2,12.5,21.3,84.0,24.0,51.0,10.7,2.77
6,Davis,Sacramento Valley,2022-06-30,181,6.21,0.0,338.0,1.36,29.2,11.9,19.6,88.0,36.0,59.0,11.5,2.49
6,Davis,Sacramento Valley,2022-07-01,182,6.37,0.0,340.0,1.35,30.1,11.2,19.7,95.0,28.0,59.0,11.4,2.46
6,Davis,Sacramento Valley,2022-07-02,183,6.25,0.0,338.0,1.33,27.5,12.4,18.3,86.0,41.0,63.0,11.2,4.39
6,Davis,Sacramento Valley,2022-07-03,184,5.25,0.0,285.0,1.28,25.7,12.0,17.9,92.0,41.0,62.0,10.6,3.2
6,Davis,Sacramento Valley,2022-07-04,185,6.32,0.0,323.0,1.5,29.7,11.6,21.1,91.0,41.0,60.0,13.1,2.64
6,Davis,Sacramento Valley,2022-07-05,186,6.68,0.0,317.0,1.69,29.5,17.1,23.0,90.0,42.0,60.0,14.9,3.42
6,Davis,Sacramento Valley,2022-07-06,187,6.5,0.0,333.0,1.47,28.2,13.8,20.7,90.0,40.0,60.0,12.7,3.26
6,Davis,Sacramento Valley,2022-07-07,188,6.29,0.0,335.0,1.42,30.7,12.6,21.2,93.0,29.0,56.0,12.1,1.98
6,Davis,Sacramento Valley,2022-07-08,189,6.9,0.0,335.0,1.44,33.7,12.7,22.7,96.0,24.0,52.0,12.4,2.08
6,Davis,Sacramento Valley,2022-07-09,190,6.62,0.0,334.0,1.49,32.8,13.4,22.6,91.0,29.0,54.0,12.9,2.1
6,Davis,Sacramento Valley,2022-07-10,191,7.1,0.0,336.0,1.49,37.0,13.0,25.3,95.0,19.0,46.0,12.9,1.82
6,Davis,Sacramento Valley,2022-07-11,192,7.48,0.1,324.0,1.53,37.3,15.6,26.7,89.0,23.0,44.0,13.3,2.07
6,Davis,Sacramento Valley,2022-07-12,193,7.45,0.0,328.0,1.46,34.9,14.4,23.8,86.0,24.0,50.0,12.6,2.93
6,Davis,Sacramento Valley,2022-07-13,194,6.71,0.0,336.0,1.45,31.6,15.3,22.3,79.0,30.0,54.0,12.5,2.76
6,Davis,Sacramento Valley,2022-07-14,195,6.75,0.0,329.0,1.49,34.4,12.5,23.0,95.0,28.0,53.0,13.0,1.98
6,Davis,Sacramento Valley,2022-07-15,196,6.66,0.0,334.0,1.49,34.1,12.9,23.0,95.0,25.0,53.0,12.9,1.81
6,Davis,Sacramento Valley,2022-07-16,197,7.04,0.2,325.0,1.38,37.4,12.8,25.1,93.0,14.0,43.0,11.8,1.81
6,Davis,Sacramento Valley,2022-07-17,198,7.66,0.0,325.0,1.4,38.3,14.4,25.7,88.0,15.0,42.0,12.0,2.33
6,Davis,Sacramento Valley,2022-07-18,199,7.56,0.0,323.0,1.34,36.7,15.2,25.4,84.0,20.0,41.0,11.3,2.31
6,Davis,Sacramento Valley,2022-07-19,200,7.39,0.0,326.0,1.28,36.3,13.7,23.9,91.0,13.0,43.0,10.6,2.3
6,Davis,Sacramento Valley,2022-07-20,201,7.15,0.0,328.0,1.32,36.9,11.9,23.8,94.0,18.0,45.0,11.1,2.02
6,Davis,Sacramento Valley,2022-07-21,202,6.95,0.0,330.0,1.37,35.2,12.1,23.2,93.0,25.0,48.0,11.6,2.06
6,Davis,Sacramento Valley,2022-07-22,203,7.09,0.0,329.0,1.26,35.9,12.2,23.4,93.0,19.0,44.0,10.3,2.01
6,Davis,Sacramento Valley,2022-07-23,204,6.56,0.0,333.0,1.33,34.4,10.8,22.2,94.0,23.0,50.0,11.2,1.81
6,Davis,Sacramento Valley,2022-07-24,205,6.56,0.0,330.0,1.39,34.5,12.0,22.6,93.0,23.0,51.0,11.8,1.8
6,Davis,Sacramento Valley,2022-07-25,206,6.11,0.0,311.0,1.48,32.4,12.5,21.7,93.0,34.0,57.0,12.8,2.0
6,Davis,Sacramento Valley,2022-07-26,207,6.04,0.0,284.0,1.48,33.2,14.4,22.8,85.0,32.0,53.0,12.8,2.51
6,Davis,Sacramento Valley,2022-07-27,208,6.46,0.0,302.0,1.49,34.4,13.6,23.0,90.0,31.0,53.0,12.9,2.18
6,Davis,Sacramento Valley,2022-07-28,209,6.14,0.0,300.0,1.57,33.8,13.8,22.2,91.0,34.0,58.0,13.7,2.24
6,Davis,Sacramento Valley,2022-07-29,210,6.0,0.0,305.0,1.68,33.2,14.5,22.5,94.0,37.0,62.0,14.8,2.26
6,Davis,Sacramento Valley,2022-07-30,211,5.96,0.0,304.0,1.69,30.1,15.6,22.3,90.0,43.0,63.0,14.8,2.7
6,Davis,Sacramento Valley,2022-07-31,212,4.44,0.0,194.0,1.7,30.1,16.4,21.8,88.0,47.0,65.0,15.0,2.89
6,Davis,Sacramento Valley,2022-08-01,213,2.71,0.0,120.0,1.77,28.4,15.8,22.1,91.0,52.0,67.0,15.6,1.81
6,Davis,Sacramento Valley,2022-08-02,214,6.67,0.0,281.0,1.76,36.9,17.1,26.8,94.0,26.0,50.0,15.5,2.06
6,Davis,Sacramento Valley,2022-08-03,215,6.72,0.0,298.0,1.67,37.6,16.3,26.5,87.0,26.0,48.0,14.6,1.93
6,Davis,Sacramento Valley,2022-08-04,216,7.05,0.0,292.0,1.57,36.9,16.6,25.7,87.0,23.0,48.0,13.7,2.47
6,Davis,Sacramento Valley,2022-08-05,217,6.47,0.0,277.0,1.52,32.1,17.6,23.2,74.0,34.0,53.0,13.2,3.62
6,Davis,Sacramento Valley,2022-08-06,218,6.17,0.0,306.0,1.51,31.3,14.6,22.4,89.0,32.0,56.0,13.1,2.42
6,Davis,Sacramento Valley,2022-08-07,219,6.33,0.0,308.0,1.43,32.6,12.8,22.0,93.0,28.0,54.0,12.3,2.28
6,Davis,Sacramento Valley,2022-08-08,220,6.53,0.0,314.0,1.42,32.8,12.9,22.4,94.0,25.0,52.0,12.2,2.16
6,Davis,Sacramento Valley,2022-08-09,221,6.77,0.0,302.0,1.4,31.9,14.8,22.5,89.0,27.0,51.0,12.0,3.05
6,Davis,Sacramento Valley,2022-08-10,222,6.1,0.0,307.0,1.44,31.6,13.0,22.0,95.0,27.0,55.0,12.4,2.17
6,Davis,Sacramento Valley,2022-08-11,223,6.17,0.0,303.0,1.48,32.7,12.5,22.5,95.0,25.0,54.0,12.8,2.08
6,Davis,Sacramento Valley,2022-08-12,224,6.41,0.0,307.0,1.39,34.0,13.5,22.7,94.0,22.0,50.0,11.9,2.01
6,Davis,Sacramento Valley,2022-08-13,225,6.26,0.0,308.0,1.32,34.7,11.2,22.8,93.0,20.0,48.0,11.1,1.85
6,Davis,Sacramento Valley,2022-08-14,226,6.52,0.0,309.0,1.28,36.7,12.0,24.4,94.0,14.0,42.0,10.6,1.85
6,Davis,Sacramento Valley,2022-08-15,227,6.46,0.0,303.0,1.35,37.5,13.7,25.9,90.0,13.0,40.0,11.4,1.65
6,Davis,Sacramento Valley,2022-08-16,228,6.68,0.0,294.0,1.29,39.0,13.9,27.4,87.0,14.0,35.0,10.7,1.63
6,Davis,Sacramento Valley,2022-08-17,229,4.62,0.0,155.0,1.46,35.2,17.1,26.4,65.0,26.0,42.0,12.6,1.98
6,Davis,Sacramento Valley,2022-08-18,230,6.74,0.0,285.0,1.49,38.0,15.3,25.7,88.0,18.0,45.0,13.0,2.05
6,Davis,Sacramento Valley,2022-08-19,231,6.39,0.0,294.0,1.53,36.2,13.1,24.3,93.0,22.0,50.0,13.4,1.85
6,Davis,Sacramento Valley,2022-08-20,232,6.4,0.0,291.0,1.44,38.2,12.7,25.4,92.0,15.0,44.0,12.4,1.66
6,Davis,Sacramento Valley,2022-08-21,233,6.71,0.0,292.0,1.46,32.5,16.8,23.6,75.0,29.0,50.0,12.6,2.98
6,Davis,Sacramento Valley,2022-08-22,234,5.92,0.0,286.0,1.59,35.6,12.9,23.8,92.0,27.0,54.0,13.9,1.89
6,Davis,Sacramento Valley,2022-08-23,235,6.0,0.0,284.0,1.67,36.8,15.4,25.6,94.0,22.0,51.0,14.7,1.77
6,Davis,Sacramento Valley,2022-08-24,236,6.47,0.0,287.0,1.52,34.9,14.6,23.9,91.0,22.0,51.0,13.2,2.34
6,Davis,Sacramento Valley,2022-08-25,237,5.99,0.0,287.0,1.56,32.0,12.8,22.1,95.0,32.0,59.0,13.6,2.6
6,Davis,Sacramento Valley,2022-08-26,238,5.91,0.0,287.0,1.44,33.9,12.4,22.4,95.0,17.0,53.0,12.4,1.99
6,Davis,Sacramento Valley,2022-08-27,239,5.65,0.0,281.0,1.5,31.9,12.3,21.3,95.0,30.0,59.0,13.0,2.18
6,Davis,Sacramento Valley,2022-08-28,240,5.55,0.0,280.0,1.39,31.7,12.6,21.1,94.0,19.0,55.0,11.8,2.1
6,Davis,Sacramento Valley,2022-08-29,241,5.19,0.0,251.0,1.39,33.8,12.4,22.4,92.0,23.0,51.0,11.8,1.68
6,Davis,Sacramento Valley,2022-08-30,242,6.08,0.0,270.0,1.37,35.1,13.2,23.7,91.0,21.0,47.0,11.6,1.95
6,Davis,Sacramento Valley,2022-08-31,243,5.63,0.0,276.0,1.28,35.7,12.1,23.7,91.0,17.0,44.0,10.6,1.41
6,Davis,Sacramento Valley,2022-09-01,244,6.26,0.0,272.0,1.21,39.7,12.1,26.3,88.0,15.0,35.0,9.7,1.69
6,Davis,Sacramento Valley,2022-09-02,245,6.55,0.0,273.0,1.24,39.2,13.4,26.4,89.0,12.0,36.0,10.2,1.79
6,Davis,Sacramento Valley,2022-09-03,246,6.28,0.0,268.0,1.22,37.4,14.2,25.8,85.0,13.0,37.0,9.9,1.81
6,Davis,Sacramento Valley,2022-09-04,247,6.35,0.0,263.0,1.12,39.6,14.0,27.7,83.0,12.0,30.0,8.6,1.73
6,Davis,Sacramento Valley,2022-09-08,251,6.59,0.0,246.0,1.31,42.6,16.2,30.6,81.0,14.0,30.0,11.0,1.74
6,Davis,Sacramento Valley,2022-09-09,252,6.33,0.0,201.0,1.2,40.1,18.7,29.2,70.0,14.0,30.0,9.7,2.36
6,Davis,Sacramento Valley,2022-09-10,253,6.17,0.0,185.0,1.21,30.5,19.3,24.5,65.0,21.0,39.0,9.8,3.77
6,Davis,Sacramento Valley,2022-09-11,254,3.76,0.0,148.0,1.34,31.0,17.0,24.1,88.0,20.0,45.0,11.3,1.55
6,Davis,Sacramento Valley,2022-09-12,255,4.55,0.0,188.0,1.44,32.3,17.3,24.2,86.0,25.0,48.0,12.4,1.91
6,Davis,Sacramento Valley,2022-09-13,256,5.4,0.0,247.0,1.36,27.9,15.0,20.1,80.0,36.0,58.0,11.5,3.75
6,Davis,Sacramento Valley,2022-09-14,257,4.65,0.2,188.0,1.29,26.3,14.6,20.9,94.0,37.0,52.0,10.7,3.4
6,Davis,Sacramento Valley,2022-09-15,258,4.11,0.0,235.0,1.33,26.1,10.3,18.1,94.0,41.0,64.0,11.2,1.85
6,Davis,Sacramento Valley,2022-09-16,259,4.37,0.0,234.0,1.34,28.3,10.0,19.3,93.0,37.0,60.0,11.3,1.75
6,Davis,Sacramento Valley,2022-09-17,260,4.46,0.0,208.0,1.3,25.4,14.0,18.2,84.0,38.0,62.0,10.8,4.24
6,Davis,Sacramento Valley,2022-09-18,261,2.13,30.6,99.0,1.54,23.2,14.6,17.3,94.0,58.0,78.0,13.4,3.19
6,Davis,Sacramento Valley,2022-09-19,262,2.15,42.8,138.0,1.78,23.4,15.2,17.7,98.0,65.0,88.0,15.6,1.61
6,Davis,Sacramento Valley,2022-09-20,263,2.74,0.0,180.0,1.69,23.6,15.0,18.3,97.0,54.0,80.0,14.9,1.69
6,Davis,Sacramento Valley,2022-09-21,264,2.55,0.8,149.0,1.61,25.0,15.6,19.1,92.0,45.0,73.0,14.1,1.93
6,Davis,Sacramento Valley,2022-09-22,265,4.34,0.0,231.0,1.49,27.0,14.1,19.8,89.0,37.0,64.0,12.9,2.66
6,Davis,Sacramento Valley,2022-09-23,266,4.31,0.0,230.0,1.55,30.1,13.3,21.0,91.0,34.0,62.0,13.5,1.63
6,Davis,Sacramento Valley,2022-09-24,267,4.59,0.0,232.0,1.46,34.5,13.5,23.1,89.0,20.0,52.0,12.6,1.38
6,Davis,Sacramento Valley,2022-09-25,268,4.5,0.0,221.0,1.48,34.2,14.5,23.2,87.0,22.0,52.0,12.8,1.47
6,Davis,Sacramento Valley,2022-09-26,269,4.2,0.0,220.0,1.55,32.3,14.0,21.4,87.0,36.0,61.0,13.5,1.5
6,Davis,Sacramento Valley,2022-09-27,270,4.04,0.0,225.0,1.32,28.8,10.7,18.9,91.0,30.0,60.0,11.0,1.64
6,Davis,Sacramento Valley,2022-09-28,271,4.19,0.0,219.0,1.4,30.1,12.2,20.9,93.0,26.0,57.0,12.0,1.57
6,Davis,Sacramento Valley,2022-09-29,272,4.2,0.2,217.0,1.49,30.0,12.5,20.8,96.0,30.0,60.0,12.9,1.81
6,Davis,Sacramento Valley,2022-09-30,273,5.0,0.0,173.0,1.21,31.7,16.4,25.3,80.0,23.0,38.0,9.8,1.77
6,Davis,Sacramento Valley,2022-10-01,274,3.98,0.0,212.0,1.45,29.0,12.1,19.5,96.0,39.0,64.0,12.5,1.83
6,Davis,Sacramento Valley,2022-10-02,275,3.56,0.4,208.0,1.4,27.2,11.0,18.6,95.0,40.0,65.0,12.0,1.63
6,Davis,Sacramento Valley,2022-10-03,276,3.65,0.2,205.0,1.42,29.7,11.3,19.6,94.0,36.0,62.0,12.2,1.28
6,Davis,Sacramento Valley,2022-10-04,277,3.5,0.0,204.0,1.5,30.2,11.2,19.8,95.0,36.0,65.0,13.0,1.26
6,Davis,Sacramento Valley,2022-10-05,278,3.57,0.0,202.0,1.55,32.5,12.1,21.4,95.0,34.0,61.0,13.5,1.0
6,Davis,Sacramento Valley,2022-10-06,279,3.65,0.0,199.0,1.5,33.5,13.0,22.1,94.0,26.0,56.0,13.1,1.12
6,Davis,Sacramento Valley,2022-10-07,280,4.12,0.0,198.0,1.38,35.4,13.4,23.1,89.0,19.0,49.0,11.7,1.41
6,Davis,Sacramento Valley,2022-10-08,281,3.79,0.0,193.0,1.41,33.7,12.3,22.2,92.0,27.0,53.0,12.1,1.22
6,Davis,Sacramento Valley,2022-10-09,282,3.49,0.1,188.0,1.43,32.0,11.3,20.5,94.0,30.0,59.0,12.3,1.19
6,Davis,Sacramento Valley,2022-10-10,283,3.64,0.3,192.0,1.33,32.2,11.5,20.5,93.0,27.0,55.0,11.2,1.21
6,Davis,Sacramento Valley,2022-10-11,284,3.45,0.0,190.0,1.24,31.4,9.5,19.3,94.0,26.0,56.0,10.1,1.4
6,Davis,Sacramento Valley,2022-10-12,285,3.35,0.1,184.0,1.4,28.3,10.8,18.8,94.0,39.0,64.0,12.0,1.37
6,Davis,Sacramento Valley,2022-10-13,286,3.01,0.1,186.0,1.34,29.9,9.3,17.4,95.0,35.0,68.0,11.4,1.34
6,Davis,Sacramento Valley,2022-10-14,287,3.3,0.0,186.0,1.37,29.3,9.2,18.1,96.0,39.0,66.0,11.6,1.38
6,Davis,Sacramento Valley,2022-10-15,288,3.08,0.2,182.0,1.39,27.2,9.5,17.0,94.0,44.0,72.0,11.8,1.91
6,Davis,Sacramento Valley,2022-10-16,289,2.79,0.0,174.0,1.31,23.2,9.2,15.8,95.0,51.0,73.0,10.9,1.68
6,Davis,Sacramento Valley,2022-10-17,290,2.58,0.0,172.0,1.27,26.1,8.3,16.0,96.0,42.0,70.0,10.5,1.37
6,Davis,Sacramento Valley,2022-10-18,291,3.09,0.0,139.0,1.25,29.3,12.1,19.0,94.0,29.0,57.0,10.2,1.8
6,Davis,Sacramento Valley,2022-10-19,292,3.5,0.0,178.0,1.02,33.9,8.3,20.0,90.0,22.0,43.0,7.2,1.24
6,Davis,Sacramento Valley,2022-10-20,293,2.98,0.1,173.0,1.12,31.3,9.1,19.1,90.0,23.0,51.0,8.6,0.99
6,Davis,Sacramento Valley,2022-10-21,294,3.41,0.1,168.0,1.21,26.6,7.9,17.2,94.0,29.0,61.0,9.8,2.23
6,Davis,Sacramento Valley,2022-10-22,295,4.07,0.0,164.0,0.96,23.4,12.7,17.7,86.0,18.0,48.0,6.4,3.15
6,Davis,Sacramento Valley,2022-10-23,296,5.41,0.0,173.0,0.57,21.1,11.5,16.1,47.0,22.0,31.0,-0.9,5.66
6,Davis,Sacramento Valley,2022-10-24,297,3.91,0.0,167.0,0.62,24.0,8.2,16.5,59.0,19.0,33.0,0.2,2.81
6,Davis,Sacramento Valley,2022-10-25,298,2.89,0.0,162.0,0.93,22.5,6.5,14.5,90.0,35.0,56.0,5.9,1.92
6,Davis,Sacramento Valley,2022-10-26,299,3.71,0.0,161.0,0.69,21.7,6.6,13.9,87.0,19.0,43.0,1.6,2.77
6,Davis,Sacramento Valley,2022-10-27,300,3.1,0.0,161.0,0.64,22.3,4.2,14.0,80.0,23.0,40.0,0.7,1.83
6,Davis,Sacramento Valley,2022-10-28,301,2.26,0.3,131.0,0.75,21.3,3.4,12.4,88.0,30.0,52.0,2.9,1.33
6,Davis,Sacramento Valley,2022-10-29,302,2.79,0.2,156.0,0.75,24.7,3.1,13.6,89.0,23.0,48.0,2.8,1.35
6,Davis,Sacramento Valley,2022-10-30,303,2.81,0.0,150.0,0.9,25.4,4.2,14.2,89.0,27.0,56.0,5.4,1.55
6,Davis,Sacramento Valley,2022-10-31,304,1.68,0.1,96.0,1.07,20.7,7.2,13.8,94.0,45.0,68.0,8.0,1.86
6,Davis,Sacramento Valley,2022-11-01,305,1.4,3.5,64.0,1.09,16.3,9.4,12.7,89.0,47.0,74.0,8.2,4.12
6,Davis,Sacramento Valley,2022-11-02,306,1.9,0.0,125.0,0.84,16.1,4.7,10.2,88.0,41.0,67.0,4.5,2.3
6,Davis,Sacramento Valley,2022-11-03,307,2.74,0.0,150.0,0.59,16.1,1.6,8.8,92.0,29.0,52.0,-0.4,3.06
6,Davis,Sacramento Valley,2022-11-04,308,1.81,0.2,122.0,0.77,17.4,1.5,9.8,92.0,43.0,63.0,3.2,1.43
6,Davis,Sacramento Valley,2022-11-05,309,1.03,0.0,56.0,1.33,17.5,8.8,13.6,94.0,72.0,85.0,11.1,2.85
6,Davis,Sacramento Valley,2022-11-06,310,2.31,0.0,133.0,1.06,18.2,10.0,13.3,95.0,40.0,69.0,7.8,3.36
6,Davis,Sacramento Valley,2022-11-07,311,1.83,6.2,110.0,0.92,15.6,6.5,10.6,92.0,48.0,72.0,5.7,3.29
6,Davis,Sacramento Valley,2022-11-08,312,0.7,27.3,53.0,0.99,11.9,6.5,9.0,95.0,73.0,86.0,6.8,3.05
6,Davis,Sacramento Valley,2022-11-09,313,1.61,0.0,125.0,0.9,14.6,4.3,9.2,95.0,54.0,77.0,5.4,2.21
6,Davis,Sacramento Valley,2022-11-10,314,1.79,0.0,139.0,0.84,14.3,4.0,8.4,94.0,55.0,76.0,4.5,2.51
6,Davis,Sacramento Valley,2022-11-11,315,1.38,0.4,118.0,0.83,14.1,1.3,7.1,97.0,58.0,82.0,4.2,1.23
6,Davis,Sacramento Valley,2022-11-12,316,1.53,0.0,124.0,0.93,14.7,4.7,9.4,96.0,57.0,79.0,6.0,2.03
6,Davis,Sacramento Valley,2022-11-13,317,2.49,0.0,139.0,0.69,16.4,2.7,9.3,85.0,33.0,59.0,1.7,3.25
6,Davis,Sacramento Valley,2022-11-14,318,1.58,0.2,133.0,0.71,14.4,-0.5,6.4,97.0,46.0,74.0,2.1,1.29
6,Davis,Sacramento Valley,2022-11-15,319,3.49,0.0,135.0,0.6,19.9,2.3,11.7,85.0,26.0,44.0,-0.2,3.96
6,Davis,Sacramento Valley,2022-11-16,320,2.49,0.0,136.0,0.58,18.3,4.6,10.9,78.0,25.0,44.0,-0.8,2.08
6,Davis,Sacramento Valley,2022-11-17,321,1.6,0.0,121.0,0.74,19.1,1.4,8.6,85.0,37.0,66.0,2.7,1.09
6,Davis,Sacramento Valley,2022-11-18,322,3.49,0.0,130.0,0.55,18.4,2.4,10.6,87.0,23.0,43.0,-1.5,4.2
6,Davis,Sacramento Valley,2022-11-19,323,2.94,0.0,130.0,0.45,17.0,2.7,9.9,67.0,23.0,37.0,-4.2,3.24
6,Davis,Sacramento Valley,2022-11-20,324,1.88,0.0,126.0,0.53,17.3,0.0,7.4,76.0,28.0,51.0,-2.0,1.42
6,Davis,Sacramento Valley,2022-11-21,325,1.88,0.0,119.0,0.55,17.8,-0.6,7.1,78.0,26.0,55.0,-1.5,1.43
6,Davis,Sacramento Valley,2022-11-22,326,1.44,0.0,110.0,0.64,17.6,-0.3,7.5,84.0,35.0,62.0,0.6,0.86
6,Davis,Sacramento Valley,2022-11-23,327,1.97,0.0,120.0,0.73,21.0,3.4,10.3,79.0,34.0,58.0,2.5,1.63
6,Davis,Sacramento Valley,2022-11-24,328,1.58,0.0,119.0,0.74,19.4,0.6,8.9,87.0,36.0,65.0,2.6,0.84
6,Davis,Sacramento Valley,2022-11-25,329,1.38,0.0,100.0,0.74,21.7,2.2,8.9,84.0,34.0,65.0,2.7,1.11
6,Davis,Sacramento Valley,2022-11-26,330,2.14,0.0,113.0,0.72,20.1,3.4,10.6,84.0,29.0,57.0,2.3,1.75
6,Davis,Sacramento Valley,2022-11-27,331,1.71,0.0,115.0,0.68,18.0,1.2,9.6,81.0,35.0,57.0,1.4,1.24
6,Davis,Sacramento Valley,2022-11-28,332,1.84,0.0,109.0,0.69,17.2,1.4,8.8,90.0,35.0,61.0,1.7,1.65
6,Davis,Sacramento Valley,2022-11-29,333,2.01,0.0,118.0,0.49,14.7,0.9,7.2,72.0,25.0,49.0,-2.9,2.09
6,Davis,Sacramento Valley,2022-11-30,334,1.68,0.0,112.0,0.67,14.7,-1.9,6.6,91.0,42.0,69.0,1.2,2.17
6,Davis,Sacramento Valley,2022-12-01,335,0.41,10.7,26.0,0.87,10.6,1.4,8.0,94.0,68.0,81.0,4.9,2.47
6,Davis,Sacramento Valley,2022-12-02,336,1.07,0.1,104.0,0.69,10.2,-0.6,4.1,97.0,62.0,84.0,1.7,2.04
6,Davis,Sacramento Valley,2022-12-03,337,0.03,34.9,14.0,0.78,5.8,2.5,4.5,97.0,78.0,92.0,3.4,2.17
6,Davis,Sacramento Valley,2022-12-04,338,0.78,3.7,71.0,1.01,13.5,4.7,8.5,98.0,73.0,91.0,7.1,1.79
6,Davis,Sacramento Valley,2022-12-05,339,1.18,2.5,86.0,1.04,15.1,7.0,10.3,95.0,66.0,83.0,7.5,2.26
6,Davis,Sacramento Valley,2022-12-06,340,1.12,0.6,91.0,0.94,13.5,5.5,9.0,94.0,66.0,82.0,6.1,2.55
6,Davis,Sacramento Valley,2022-12-07,341,1.28,0.0,110.0,0.82,14.0,0.9,7.2,96.0,57.0,80.0,4.0,1.23
6,Davis,Sacramento Valley,2022-12-08,342,0.49,0.7,43.0,0.94,11.0,3.4,7.4,98.0,81.0,91.0,6.1,2.32
6,Davis,Sacramento Valley,2022-12-09,343,0.69,0.0,62.0,0.93,12.1,4.5,8.7,97.0,63.0,82.0,5.9,1.4
6,Davis,Sacramento Valley,2022-12-10,344,0.3,29.3,22.0,1.12,13.1,8.3,10.4,94.0,80.0,89.0,8.7,4.42
6,Davis,Sacramento Valley,2022-12-11,345,0.92,6.9,62.0,0.91,11.7,6.7,8.4,94.0,64.0,82.0,5.5,3.18
6,Davis,Sacramento Valley,2022-12-12,346,1.18,2.3,102.0,0.82,11.6,1.8,7.0,95.0,60.0,82.0,4.2,2.46
6,Davis,Sacramento Valley,2022-12-13,347,1.21,0.0,109.0,0.7,12.1,0.2,5.2,96.0,54.0,79.0,1.8,1.65
6,Davis,Sacramento Valley,2022-12-14,348,1.03,0.0,100.0,0.73,12.3,-0.4,4.7,98.0,57.0,85.0,2.4,1.14
6,Davis,Sacramento Valley,2022-12-15,349,1.16,0.0,99.0,0.71,12.3,0.1,5.6,96.0,55.0,78.0,2.1,1.61
6,Davis,Sacramento Valley,2022-12-16,350,1.34,0.0,107.0,0.66,12.2,-0.2,4.8,98.0,45.0,76.0,1.0,1.64
6,Davis,Sacramento Valley,2022-12-17,351,1.22,0.0,107.0,0.64,12.0,0.1,4.9,93.0,54.0,74.0,0.6,1.23
6,Davis,Sacramento Valley,2022-12-18,352,0.77,0.0,91.0,0.67,8.3,-2.8,2.4,98.0,76.0,92.0,1.2,1.49
6,Davis,Sacramento Valley,2022-12-19,353,0.04,0.0,14.0,0.77,5.9,4.5,5.0,91.0,85.0,88.0,3.2,1.5
6,Davis,Sacramento Valley,2022-12-20,354,0.86,0.0,79.0,0.82,11.0,3.8,6.5,95.0,65.0,84.0,4.0,1.39
6,Davis,Sacramento Valley,2022-12-21,355,0.31,0.0,38.0,0.79,5.9,1.9,4.0,98.0,93.0,97.0,3.6,1.51
6,Davis,Sacramento Valley,2022-12-22,356,0.17,0.0,24.0,0.86,7.5,4.4,5.8,99.0,86.0,93.0,4.8,1.41
6,Davis,Sacramento Valley,2022-12-23,357,0.82,0.0,77.0,0.92,12.4,3.5,7.2,98.0,71.0,90.0,5.7,1.31
6,Davis,Sacramento Valley,2022-12-24,358,0.98,0.0,92.0,0.92,14.5,1.3,7.0,99.0,71.0,91.0,5.7,0.98
6,Davis,Sacramento Valley,2022-12-25,359,0.15,0.1,29.0,0.9,6.9,3.8,5.6,99.0,97.0,99.0,5.5,1.47
6,Davis,Sacramento Valley,2022-12-26,360,0.01,9.5,17.0,0.95,8.8,5.1,6.4,99.0,95.0,98.0,6.2,1.97
6,Davis,Sacramento Valley,2022-12-27,361,0.22,19.0,21.0,1.15,12.9,5.8,10.3,96.0,82.0,92.0,9.0,3.88
6,Davis,Sacramento Valley,2022-12-28,362,0.98,0.0,101.0,0.9,11.2,1.6,6.6,99.0,78.0,93.0,5.5,1.36
6,Davis,Sacramento Valley,2022-12-29,363,0.08,13.6,17.0,1.09,10.4,6.8,8.9,99.0,89.0,96.0,8.3,2.19
6,Davis,Sacramento Valley,2022-12-30,364,0.1,3.4,16.0,1.42,16.0,10.0,12.7,98.0,92.0,96.0,12.1,5.19
6,Davis,Sacramento Valley,2022-12-31,365,0.2,38.7,11.0,1.27,14.7,9.1,11.9,98.0,74.0,91.0,10.5,4.89
6,Davis,Sacramento Valley,2023-01-01,1,2.93,0.0,129.0,0.72,14.1,6.7,11.0,81.0,46.0,55.0,2.2,6.82
6,Davis,Sacramento Valley,2023-01-02,2,0.26,18.9,21.0,0.77,8.3,3.0,5.8,97.0,58.0,83.0,3.2,2.31
6,Davis,Sacramento Valley,2023-01-03,3,0.28,0.7,32.0,0.88,7.5,4.2,5.9,98.0,91.0,95.0,5.2,2.84
6,Davis,Sacramento Valley,2023-01-04,4,0.61,31.4,24.0,1.1,15.2,5.7,10.3,98.0,67.0,88.0,8.3,4.52
6,Davis,Sacramento Valley,2023-01-05,5,0.28,29.8,27.0,1.17,12.6,7.9,10.8,96.0,84.0,91.0,9.3,3.44
6,Davis,Sacramento Valley,2023-01-06,6,0.84,0.6,69.0,1.09,13.9,8.0,10.3,97.0,74.0,87.0,8.3,1.74
6,Davis,Sacramento Valley,2023-01-07,7,0.65,4.2,26.0,1.03,13.3,8.2,10.9,94.0,66.0,79.0,7.5,3.6
6,Davis,Sacramento Valley,2023-01-08,8,0.96,21.0,72.0,1.2,14.1,7.9,11.6,94.0,81.0,87.0,9.6,4.36
6,Davis,Sacramento Valley,2023-01-09,9,0.82,38.4,58.0,1.27,15.3,7.6,12.3,97.0,68.0,89.0,10.4,3.47
6,Davis,Sacramento Valley,2023-01-10,10,1.08,9.4,68.0,1.07,13.2,8.5,10.7,97.0,71.0,84.0,8.0,4.47
6,Davis,Sacramento Valley,2023-01-11,11,0.32,10.3,27.0,1.1,12.1,8.6,10.1,95.0,76.0,88.0,8.3,3.24
6,Davis,Sacramento Valley,2023-01-12,12,1.35,0.1,98.0,1.13,16.5,8.4,12.6,91.0,62.0,77.0,8.8,1.58
6,Davis,Sacramento Valley,2023-01-13,13,0.25,9.1,22.0,1.2,12.4,10.0,11.2,96.0,77.0,90.0,9.6,2.36
6,Davis,Sacramento Valley,2023-01-14,14,0.76,39.7,55.0,1.2,14.7,8.4,11.4,95.0,77.0,89.0,9.7,3.78
6,Davis,Sacramento Valley,2023-01-15,15,0.55,12.8,50.0,1.05,11.9,7.1,9.0,95.0,81.0,91.0,7.6,2.65
6,Davis,Sacramento Valley,2023-01-16,16,1.34,6.8,92.0,0.92,13.4,5.0,9.2,96.0,60.0,80.0,5.8,2.97
6,Davis,Sacramento Valley,2023-01-17,17,1.65,0.0,142.0,0.78,13.0,2.5,6.9,97.0,47.0,79.0,3.4,2.03
6,Davis,Sacramento Valley,2023-01-18,18,1.17,9.6,111.0,0.88,11.4,0.3,6.6,99.0,76.0,90.0,5.1,2.25
6,Davis,Sacramento Valley,2023-01-19,19,1.73,0.1,133.0,0.78,11.4,3.6,7.5,98.0,54.0,75.0,3.4,3.94
6,Davis,Sacramento Valley,2023-01-20,20,2.22,0.0,150.0,0.6,12.1,1.4,6.8,87.0,39.0,61.0,-0.2,4.08
6,Davis,Sacramento Valley,2023-01-21,21,1.38,0.0,141.0,0.69,12.4,-1.3,4.9,94.0,52.0,80.0,1.7,1.18
6,Davis,Sacramento Valley,2023-01-22,22,2.72,0.0,147.0,0.62,12.9,1.6,7.7,96.0,35.0,59.0,0.1,5.31
6,Davis,Sacramento Valley,2023-01-23,23,3.31,0.0,150.0,0.55,15.1,4.7,9.7,79.0,33.0,46.0,-1.5,5.98
6,Davis,Sacramento Valley,2023-01-24,24,1.72,0.0,149.0,0.76,15.8,-0.5,6.7,95.0,46.0,78.0,3.1,1.05
6,Davis,Sacramento Valley,2023-01-25,25,3.1,0.0,147.0,0.74,19.2,0.1,10.1,99.0,36.0,60.0,2.6,3.69
6,Davis,Sacramento Valley,2023-01-26,26,2.41,0.0,151.0,0.82,17.2,4.2,11.8,90.0,47.0,59.0,4.1,2.64
6,Davis,Sacramento Valley,2023-01-27,27,1.66,0.0,142.0,0.86,15.1,0.3,7.9,99.0,56.0,81.0,4.8,1.35
6,Davis,Sacramento Valley,2023-01-28,28,2.05,0.0,151.0,0.81,15.8,1.1,9.2,92.0,44.0,69.0,3.9,2.19
6,Davis,Sacramento Valley,2023-01-29,29,0.41,4.5,24.0,0.78,8.3,4.5,6.3,96.0,42.0,81.0,3.4,3.46
6,Davis,Sacramento Valley,2023-01-30,30,3.42,0.0,154.0,0.31,11.5,2.4,6.6,42.0,24.0,32.0,-9.1,6.86
6,Davis,Sacramento Valley,2023-01-31,31,2.49,0.0,153.0,0.4,12.6,2.3,7.2,77.0,27.0,39.0,-5.7,2.99
6,Davis,Sacramento Valley,2023-02-01,32,1.56,0.0,134.0,0.63,12.8,-0.9,5.3,92.0,46.0,71.0,0.4,1.31
6,Davis,Sacramento Valley,2023-02-02,33,1.34,0.0,102.0,0.7,12.7,1.3,6.4,86.0,51.0,72.0,1.8,1.75
6,Davis,Sacramento Valley,2023-02-03,34,0.74,4.8,59.0,0.98,13.2,3.8,9.0,92.0,72.0,86.0,6.7,1.27
6,Davis,Sacramento Valley,2023-02-04,35,0.72,5.7,63.0,1.06,12.9,3.7,9.1,98.0,80.0,92.0,7.9,2.65
6,Davis,Sacramento Valley,2023-02-05,36,1.67,1.0,120.0,0.93,14.1,4.5,9.8,93.0,60.0,77.0,6.0,2.71
6,Davis,Sacramento Valley,2023-02-06,37,2.74,0.0,162.0,0.73,15.4,4.0,9.8,88.0,41.0,61.0,2.5,4.09
6,Davis,Sacramento Valley,2023-02-07,38,1.69,0.0,146.0,0.85,15.0,1.5,8.3,97.0,57.0,78.0,4.6,1.09
6,Davis,Sacramento Valley,2023-02-08,39,2.04,0.0,163.0,0.84,17.0,1.0,8.4,97.0,47.0,76.0,4.4,1.15
6,Davis,Sacramento Valley,2023-02-09,40,2.06,0.0,166.0,0.94,17.6,1.6,9.4,98.0,54.0,80.0,6.1,1.11
6,Davis,Sacramento Valley,2023-02-10,41,2.3,0.0,159.0,0.82,17.4,1.2,8.6,98.0,43.0,73.0,4.1,2.32
6,Davis,Sacramento Valley,2023-02-11,42,1.78,0.6,144.0,0.85,14.3,4.8,8.6,95.0,52.0,76.0,4.6,2.82
6,Davis,Sacramento Valley,2023-02-12,43,4.35,0.0,171.0,0.68,21.7,4.2,13.7,91.0,24.0,43.0,1.5,4.48
6,Davis,Sacramento Valley,2023-02-13,44,2.7,0.0,174.0,0.83,19.2,2.8,11.3,95.0,29.0,62.0,4.2,2.37
6,Davis,Sacramento Valley,2023-02-14,45,3.08,0.0,147.0,0.46,12.5,5.2,8.4,53.0,31.0,41.0,-4.0,4.6
6,Davis,Sacramento Valley,2023-02-15,46,3.3,0.0,182.0,0.44,14.5,1.3,7.7,71.0,24.0,42.0,-4.4,4.24
6,Davis,Sacramento Valley,2023-02-16,47,1.73,0.0,141.0,0.58,13.5,-1.7,5.5,91.0,35.0,64.0,-0.8,1.3
6,Davis,Sacramento Valley,2023-02-17,48,2.75,0.0,174.0,0.55,16.7,3.2,8.4,76.0,25.0,50.0,-1.4,2.76
6,Davis,Sacramento Valley,2023-02-18,49,2.03,0.0,160.0,0.61,14.9,-1.6,6.6,91.0,36.0,62.0,-0.1,1.24
6,Davis,Sacramento Valley,2023-02-19,50,2.41,0.0,168.0,0.67,17.7,-0.3,9.0,83.0,37.0,58.0,1.2,1.47
6,Davis,Sacramento Valley,2023-02-20,51,2.12,0.0,157.0,0.83,20.5,2.6,10.7,88.0,38.0,64.0,4.2,0.89
6,Davis,Sacramento Valley,2023-02-21,52,3.06,0.0,164.0,0.73,18.6,4.2,9.9,86.0,29.0,60.0,2.5,3.87
6,Davis,Sacramento Valley,2023-02-22,53,2.66,0.0,186.0,0.5,12.5,-0.3,6.1,73.0,34.0,53.0,-2.7,2.81
6,Davis,Sacramento Valley,2023-02-23,54,1.82,1.9,144.0,0.62,9.7,0.3,5.2,83.0,54.0,70.0,0.2,4.4
6,Davis,Sacramento Valley,2023-02-24,55,0.95,22.4,82.0,0.77,9.1,3.6,5.5,94.0,72.0,85.0,3.3,4.87
6,Davis,Sacramento Valley,2023-02-25,56,0.63,1.5,64.0,0.81,7.7,4.1,5.6,96.0,79.0,89.0,3.9,2.28
6,Davis,Sacramento Valley,2023-02-26,57,0.5,5.5,52.0,0.91,9.9,3.5,6.9,95.0,80.0,91.0,5.6,3.58
6,Davis,Sacramento Valley,2023-02-27,58,0.71,11.0,69.0,0.74,9.5,2.1,5.1,93.0,65.0,84.0,2.7,3.17
6,Davis,Sacramento Valley,2023-02-28,59,0.65,10.7,57.0,0.81,10.8,2.8,6.2,93.0,72.0,86.0,4.0,3.77
6,Davis,Sacramento Valley,2023-03-01,60,3.11,0.0,211.0,0.54,11.9,0.8,6.6,82.0,39.0,55.0,-1.8,5.59
6,Davis,Sacramento Valley,2023-03-02,61,2.84,0.0,209.0,0.66,15.3,2.4,8.5,81.0,40.0,59.0,1.0,2.6
6,Davis,Sacramento Valley,2023-03-03,62,2.41,0.0,194.0,0.81,16.1,1.2,8.6,97.0,45.0,73.0,3.9,2.35
6,Davis,Sacramento Valley,2023-03-04,63,1.71,3.0,120.0,0.78,11.6,5.0,7.8,86.0,55.0,73.0,3.3,4.45
6,Davis,Sacramento Valley,2023-03-05,64,2.2,7.6,178.0,0.73,12.5,4.0,7.2,92.0,49.0,72.0,2.5,3.24
6,Davis,Sacramento Valley,2023-03-06,65,1.57,1.4,138.0,0.78,11.2,2.8,6.6,92.0,62.0,80.0,3.4,2.5
6,Davis,Sacramento Valley,2023-03-07,66,2.05,1.3,161.0,0.78,12.3,3.0,7.5,95.0,55.0,75.0,3.4,3.01
6,Davis,Sacramento Valley,2023-03-08,67,2.66,2.7,215.0,0.77,13.1,4.4,8.6,91.0,45.0,69.0,3.2,2.48
6,Davis,Sacramento Valley,2023-03-09,68,0.47,25.7,46.0,0.9,10.0,2.4,6.9,95.0,80.0,90.0,5.4,3.15
6,Davis,Sacramento Valley,2023-03-10,69,2.15,8.8,152.0,1.04,16.0,9.2,11.7,95.0,46.0,76.0,7.6,3.52
6,Davis,Sacramento Valley,2023-03-11,70,0.7,5.9,66.0,1.13,11.7,7.2,9.8,97.0,88.0,93.0,8.7,1.64
6,Davis,Sacramento Valley,2023-03-12,71,0.64,6.5,59.0,1.37,14.8,10.8,12.8,97.0,87.0,93.0,11.6,2.93
6,Davis,Sacramento Valley,2023-03-13,72,1.82,0.3,123.0,1.4,19.0,12.0,14.5,95.0,71.0,85.0,12.0,2.89
6,Davis,Sacramento Valley,2023-03-14,73,1.01,28.2,69.0,1.3,17.4,6.5,12.5,96.0,76.0,90.0,10.8,4.79
6,Davis,Sacramento Valley,2023-03-15,74,3.36,0.0,243.0,0.84,17.1,3.5,10.3,98.0,40.0,67.0,4.4,3.13
6,Davis,Sacramento Valley,2023-03-16,75,3.38,0.0,248.0,0.83,18.1,4.1,11.3,94.0,43.0,62.0,4.3,1.96
6,Davis,Sacramento Valley,2023-03-17,76,3.18,0.0,230.0,0.93,19.7,4.3,11.5,95.0,40.0,69.0,5.9,1.7
6,Davis,Sacramento Valley,2023-03-18,77,2.13,0.0,152.0,1.04,16.9,5.5,11.9,92.0,59.0,75.0,7.6,1.68
6,Davis,Sacramento Valley,2023-03-19,78,0.84,11.1,71.0,1.25,13.5,10.1,11.7,96.0,82.0,90.0,10.2,3.25
6,Davis,Sacramento Valley,2023-03-20,79,3.01,0.0,248.0,0.95,14.6,6.7,10.6,93.0,52.0,75.0,6.3,3.15
6,Davis,Sacramento Valley,2023-03-21,80,0.34,45.2,32.0,1.03,12.1,8.2,9.2,97.0,69.0,88.0,7.3,3.06
6,Davis,Sacramento Valley,2023-03-22,81,1.18,2.7,88.0,1.07,13.3,8.0,10.1,97.0,70.0,86.0,7.9,2.43
6,Davis,Sacramento Valley,2023-03-23,82,3.18,0.0,233.0,0.92,17.0,4.7,10.5,98.0,47.0,72.0,5.7,2.45
6,Davis,Sacramento Valley,2023-03-24,83,3.37,0.0,256.0,0.67,15.2,2.3,9.3,85.0,36.0,57.0,1.2,1.91
6,Davis,Sacramento Valley,2023-03-25,84,3.94,0.0,269.0,0.62,15.1,4.1,9.5,74.0,32.0,52.0,0.1,3.49
6,Davis,Sacramento Valley,2023-03-26,85,3.85,0.0,275.0,0.52,14.8,2.3,8.1,78.0,20.0,48.0,-2.2,2.67
6,Davis,Sacramento Valley,2023-03-27,86,3.7,0.0,258.0,0.63,16.6,-0.9,9.0,92.0,35.0,55.0,0.5,2.16
6,Davis,Sacramento Valley,2023-03-28,87,0.74,11.7,63.0,0.91,10.3,5.5,8.2,94.0,73.0,83.0,5.5,2.92
6,Davis,Sacramento Valley,2023-03-29,88,0.52,25.1,54.0,0.93,11.1,5.9,7.0,97.0,78.0,92.0,5.8,2.58
6,Davis,Sacramento Valley,2023-03-30,89,2.96,0.1,238.0,0.92,15.1,3.3,9.5,98.0,60.0,77.0,5.7,2.24
6,Davis,Sacramento Valley,2023-03-31,90,3.28,0.0,255.0,0.86,15.9,4.1,9.9,92.0,46.0,71.0,4.8,2.17
6,Davis,Sacramento Valley,2023-04-01,91,3.62,0.0,264.0,0.97,18.9,3.5,11.5,90.0,56.0,72.0,6.6,2.12
6,Davis,Sacramento Valley,2023-04-02,92,3.87,0.0,266.0,0.91,17.8,6.5,11.7,93.0,44.0,66.0,5.6,3.3
6,Davis,Sacramento Valley,2023-04-03,93,4.0,0.0,286.0,0.57,14.4,2.2,8.6,77.0,32.0,51.0,-0.9,3.13
6,Davis,Sacramento Valley,2023-04-04,94,3.85,0.0,280.0,0.6,15.5,1.4,8.6,91.0,27.0,54.0,-0.2,2.48
6,Davis,Sacramento Valley,2023-04-05,95,3.51,0.0,267.0,0.78,16.9,2.2,9.6,96.0,38.0,65.0,3.4,1.53
6,Davis,Sacramento Valley,2023-04-06,96,3.32,0.0,228.0,0.94,17.8,4.5,11.6,94.0,46.0,69.0,6.1,2.13
6,Davis,Sacramento Valley,2023-04-07,97,1.46,4.4,102.0,1.18,16.0,9.2,12.0,95.0,75.0,84.0,9.4,2.78
6,Davis,Sacramento Valley,2023-04-08,98,3.5,0.0,247.0,0.98,20.8,6.7,13.1,94.0,35.0,65.0,6.7,1.35
6,Davis,Sacramento Valley,2023-04-09,99,4.29,0.0,279.0,1.16,24.7,7.5,15.8,92.0,40.0,65.0,9.2,1.65
6,Davis,Sacramento Valley,2023-04-10,100,4.82,0.0,279.0,1.32,25.8,8.8,17.1,97.0,43.0,68.0,11.1,2.11
6,Davis,Sacramento Valley,2023-04-11,101,4.74,0.0,282.0,1.21,23.7,8.8,16.3,93.0,34.0,65.0,9.7,2.74
6,Davis,Sacramento Valley,2023-04-12,102,4.01,0.0,280.0,0.85,18.5,5.1,12.1,89.0,32.0,60.0,4.6,2.59
6,Davis,Sacramento Valley,2023-04-13,103,5.96,0.0,297.0,0.52,20.1,8.5,13.5,77.0,16.0,33.0,-2.3,5.39
6,Davis,Sacramento Valley,2023-04-14,104,4.05,0.0,290.0,0.91,20.3,4.0,12.1,89.0,37.0,64.0,5.6,1.72
6,Davis,Sacramento Valley,2023-04-15,105,4.45,0.0,295.0,0.94,21.7,5.1,13.0,94.0,29.0,63.0,6.1,1.98
6,Davis,Sacramento Valley,2023-04-16,106,4.53,0.0,295.0,0.96,20.8,5.9,13.1,86.0,43.0,64.0,6.4,2.94
6,Davis,Sacramento Valley,2023-04-17,107,3.46,0.0,209.0,0.93,17.8,6.5,12.3,91.0,40.0,65.0,5.9,3.04
6,Davis,Sacramento Valley,2023-04-18,108,4.25,0.0,282.0,0.64,17.4,5.1,11.1,80.0,22.0,48.0,0.6,2.28
6,Davis,Sacramento Valley,2023-04-19,109,4.22,0.0,299.0,0.71,18.2,3.6,11.2,85.0,29.0,53.0,2.1,1.71
6,Davis,Sacramento Valley,2023-04-20,110,4.97,0.0,297.0,0.78,22.5,5.3,14.5,78.0,27.0,47.0,3.5,2.31
6,Davis,Sacramento Valley,2023-04-21,111,6.42,0.0,281.0,1.06,28.6,11.4,20.0,68.0,29.0,45.0,7.9,3.57
6,Davis,Sacramento Valley,2023-04-22,112,6.68,0.0,292.0,1.17,28.9,14.0,21.8,78.0,27.0,45.0,9.3,3.76
6,Davis,Sacramento Valley,2023-04-23,113,5.17,0.0,298.0,1.31,27.7,10.0,18.2,89.0,35.0,63.0,11.0,1.99
6,Davis,Sacramento Valley,2023-04-24,114,5.09,0.0,304.0,1.16,27.0,8.8,17.5,87.0,29.0,58.0,9.1,1.5
6,Davis,Sacramento Valley,2023-04-25,115,7.27,0.0,314.0,0.86,29.7,9.6,19.9,83.0,17.0,37.0,4.8,3.52
6,Davis,Sacramento Valley,2023-04-26,116,5.83,0.0,311.0,1.04,31.0,9.7,20.5,77.0,18.0,43.0,7.6,1.46
6,Davis,Sacramento Valley,2023-04-27,117,5.7,0.0,303.0,1.31,32.8,11.5,21.9,83.0,23.0,50.0,11.0,1.45
6,Davis,Sacramento Valley,2023-04-28,118,5.77,0.0,303.0,1.36,31.6,11.9,21.4,84.0,28.0,53.0,11.5,1.6
6,Davis,Sacramento Valley,2023-04-29,119,5.62,0.0,302.0,1.3,30.3,10.2,19.5,88.0,34.0,57.0,10.9,1.72
6,Davis,Sacramento Valley,2023-04-30,120,5.45,0.0,310.0,1.13,24.8,8.8,15.8,82.0,43.0,63.0,8.7,3.37
6,Davis,Sacramento Valley,2023-05-01,121,1.46,1.4,94.0,1.02,14.4,7.5,11.0,93.0,63.0,78.0,7.3,2.72
6,Davis,Sacramento Valley,2023-05-02,122,2.62,4.0,196.0,1.06,16.0,7.9,11.2,93.0,58.0,80.0,7.8,2.45
6,Davis,Sacramento Valley,2023-05-03,123,2.78,0.0,192.0,1.02,16.5,7.8,12.6,98.0,51.0,70.0,7.3,1.6
6,Davis,Sacramento Valley,2023-05-04,124,1.66,0.0,98.0,1.08,16.2,8.6,12.6,94.0,60.0,74.0,8.1,1.94
6,Davis,Sacramento Valley,2023-05-05,125,3.31,1.0,210.0,1.07,17.9,7.4,12.7,96.0,49.0,73.0,8.0,2.9
6,Davis,Sacramento Valley,2023-05-06,126,2.82,5.5,202.0,1.19,18.1,8.2,13.0,97.0,57.0,79.0,9.5,2.87
6,Davis,Sacramento Valley,2023-05-07,127,4.77,0.0,318.0,0.95,19.9,6.1,13.0,98.0,38.0,63.0,6.2,2.52
6,Davis,Sacramento Valley,2023-05-08,128,3.61,0.0,230.0,1.02,19.6,7.8,13.4,90.0,45.0,67.0,7.3,2.61
6,Davis,Sacramento Valley,2023-05-09,129,4.7,0.0,302.0,1.08,22.6,7.8,14.9,94.0,35.0,64.0,8.1,2.01
6,Davis,Sacramento Valley,2023-05-10,130,4.88,0.0,322.0,1.11,20.9,8.0,14.5,94.0,50.0,68.0,8.6,2.79
6,Davis,Sacramento Valley,2023-05-11,131,4.87,0.0,319.0,1.21,25.2,6.5,15.7,97.0,36.0,68.0,9.7,1.62
6,Davis,Sacramento Valley,2023-05-12,132,5.67,0.0,320.0,1.38,30.9,9.9,19.7,97.0,28.0,60.0,11.7,1.69
6,Davis,Sacramento Valley,2023-05-13,133,6.27,0.0,323.0,1.47,34.1,11.3,23.0,97.0,22.0,52.0,12.7,1.48
6,Davis,Sacramento Valley,2023-05-14,134,6.36,0.0,320.0,1.49,30.7,14.8,22.0,86.0,31.0,56.0,12.9,2.24
6,Davis,Sacramento Valley,2023-05-15,135,6.11,0.0,325.0,1.36,29.5,11.4,20.4,92.0,28.0,56.0,11.5,2.18
6,Davis,Sacramento Valley,2023-05-16,136,6.19,0.0,329.0,1.4,33.4,10.5,22.3,96.0,24.0,52.0,12.0,1.59
6,Davis,Sacramento Valley,2023-05-17,137,6.24,0.0,327.0,1.44,32.0,12.1,21.2,95.0,30.0,57.0,12.4,1.74
6,Davis,Sacramento Valley,2023-05-18,138,5.76,0.0,325.0,1.48,30.0,10.4,19.8,96.0,38.0,64.0,12.8,1.63
6,Davis,Sacramento Valley,2023-05-19,139,5.88,0.0,328.0,1.51,29.5,11.4,20.0,97.0,44.0,65.0,13.1,1.87
6,Davis,Sacramento Valley,2023-05-20,140,5.5,0.0,329.0,1.43,27.1,10.5,18.1,97.0,48.0,69.0,12.3,2.24
6,Davis,Sacramento Valley,2023-05-21,141,5.46,0.0,312.0,1.5,30.7,9.9,19.6,96.0,37.0,66.0,13.0,1.55
6,Davis,Sacramento Valley,2023-05-22,142,6.19,0.0,326.0,1.49,32.4,11.0,21.5,95.0,29.0,58.0,12.9,1.9
6,Davis,Sacramento Valley,2023-05-23,143,5.36,0.0,314.0,1.35,24.1,12.0,17.6,88.0,51.0,67.0,11.4,3.19
6,Davis,Sacramento Valley,2023-05-24,144,5.16,0.2,326.0,1.24,22.8,10.8,16.3,86.0,49.0,67.0,10.1,3.23
6,Davis,Sacramento Valley,2023-05-25,145,5.16,0.0,325.0,1.28,22.9,9.8,16.3,94.0,51.0,69.0,10.7,2.98
6,Davis,Sacramento Valley,2023-05-26,146,5.14,0.0,324.0,1.31,24.2,11.0,16.8,90.0,49.0,68.0,11.0,2.6
6,Davis,Sacramento Valley,2023-05-27,147,5.24,0.0,327.0,1.39,25.1,10.8,17.2,93.0,52.0,71.0,11.8,2.45
6,Davis,Sacramento Valley,2023-05-28,148,4.05,0.0,238.0,1.41,25.6,12.9,17.1,93.0,52.0,72.0,12.1,2.13
6,Davis,Sacramento Valley,2023-05-29,149,5.49,0.0,327.0,1.31,25.6,10.8,17.4,94.0,48.0,66.0,11.0,2.71
6,Davis,Sacramento Valley,2023-05-30,150,5.55,0.0,326.0,1.25,24.6,10.6,17.5,86.0,49.0,62.0,10.2,2.78
6,Davis,Sacramento Valley,2023-05-31,151,5.27,0.0,331.0,1.35,25.2,10.9,17.2,93.0,48.0,69.0,11.4,2.42
6,Davis,Sacramento Valley,2023-06-01,152,5.57,0.0,337.0,1.34,26.5,9.4,17.9,95.0,40.0,65.0,11.3,2.1
6,Davis,Sacramento Valley,2023-06-02,153,5.84,0.0,336.0,1.36,30.2,9.9,19.7,94.0,34.0,59.0,11.6,1.67
6,Davis,Sacramento Valley,2023-06-03,154,6.43,0.0,335.0,1.43,32.6,11.2,22.1,97.0,29.0,54.0,12.3,1.61
6,Davis,Sacramento Valley,2023-06-04,155,6.68,0.0,330.0,1.48,33.6,12.3,23.0,95.0,25.0,53.0,12.8,1.79
6,Davis,Sacramento Valley,2023-06-05,156,5.59,0.0,294.0,1.49,28.7,13.0,20.0,89.0,46.0,64.0,13.0,2.57
6,Davis,Sacramento Valley,2023-06-06,157,3.72,0.0,196.0,1.37,23.4,13.6,17.8,82.0,53.0,67.0,11.7,2.99
6,Davis,Sacramento Valley,2023-06-07,158,5.39,0.0,308.0,1.4,24.8,13.0,18.7,86.0,51.0,65.0,12.0,2.82
6,Davis,Sacramento Valley,2023-06-08,159,5.8,0.0,322.0,1.38,26.7,11.9,19.1,95.0,44.0,62.0,11.7,2.33
6,Davis,Sacramento Valley,2023-06-09,160,5.79,0.0,324.0,1.29,27.1,11.6,18.4,88.0,38.0,61.0,10.7,2.56
6,Davis,Sacramento Valley,2023-06-10,161,4.82,0.0,270.0,1.34,27.1,9.6,17.9,94.0,41.0,65.0,11.3,2.01
6,Davis,Sacramento Valley,2023-06-11,162,5.44,0.0,298.0,1.43,27.7,11.4,18.6,93.0,46.0,67.0,12.3,2.72
6,Davis,Sacramento Valley,2023-06-12,163,4.59,0.0,250.0,1.41,25.8,14.5,18.8,77.0,49.0,65.0,12.1,2.69
6,Davis,Sacramento Valley,2023-06-13,164,5.85,0.0,330.0,1.5,27.0,12.7,19.9,90.0,49.0,65.0,13.0,2.47
6,Davis,Sacramento Valley,2023-06-14,165,5.73,0.0,313.0,1.56,29.5,12.3,20.3,92.0,44.0,65.0,13.6,2.0
6,Davis,Sacramento Valley,2023-06-15,166,6.52,0.0,332.0,1.4,33.0,12.8,22.1,93.0,17.0,53.0,12.0,1.83
6,Davis,Sacramento Valley,2023-06-16,167,6.96,0.0,343.0,1.5,32.1,12.0,22.3,94.0,34.0,55.0,13.0,2.35
6,Davis,Sacramento Valley,2023-06-17,168,6.18,0.0,325.0,1.54,29.6,12.6,20.9,92.0,43.0,63.0,13.5,2.78
6,Davis,Sacramento Valley,2023-06-18,169,6.88,0.0,336.0,1.34,29.5,13.1,20.3,91.0,36.0,56.0,11.3,3.27
6,Davis,Sacramento Valley,2023-06-19,170,6.3,0.0,339.0,0.97,24.4,9.8,17.3,73.0,32.0,49.0,6.5,3.25
6,Davis,Sacramento Valley,2023-06-20,171,6.19,0.0,347.0,0.9,25.6,7.9,17.9,83.0,26.0,44.0,5.5,2.31
6,Davis,Sacramento Valley,2023-06-21,172,6.74,0.0,347.0,1.03,28.5,8.0,19.4,92.0,24.0,46.0,7.5,2.24
6,Davis,Sacramento Valley,2023-06-22,173,5.47,0.0,299.0,1.23,25.8,10.2,17.3,89.0,40.0,62.0,10.0,3.07
6,Davis,Sacramento Valley,2023-06-23,174,5.82,0.0,337.0,1.26,25.9,11.5,18.0,83.0,41.0,61.0,10.4,2.92
6,Davis,Sacramento Valley,2023-06-24,175,5.87,0.0,324.0,1.32,28.1,11.2,18.3,93.0,36.0,62.0,11.0,2.63
6,Davis,Sacramento Valley,2023-06-25,176,5.65,0.0,340.0,1.35,25.6,11.6,17.7,91.0,46.0,67.0,11.5,2.74
6,Davis,Sacramento Valley,2023-06-26,177,6.06,0.0,333.0,1.36,28.8,10.4,18.8,96.0,33.0,63.0,11.6,2.31
6,Davis,Sacramento Valley,2023-06-27,178,5.8,0.0,333.0,1.46,29.1,11.5,19.5,96.0,39.0,64.0,12.6,1.97
6,Davis,Sacramento Valley,2023-06-28,179,6.1,0.0,331.0,1.52,30.3,11.9,20.4,94.0,42.0,64.0,13.2,2.12
6,Davis,Sacramento Valley,2023-06-29,180,6.66,0.0,334.0,1.71,34.6,11.7,23.6,93.0,36.0,59.0,15.0,1.81
6,Davis,Sacramento Valley,2023-06-30,181,6.95,0.0,332.0,1.71,37.9,13.9,26.5,90.0,27.0,49.0,15.0,1.48
6,Davis,Sacramento Valley,2023-07-01,182,7.46,0.1,336.0,1.73,40.2,15.4,29.0,93.0,23.0,43.0,15.2,1.53
6,Davis,Sacramento Valley,2023-07-02,183,7.75,0.0,336.0,1.6,40.3,15.2,28.9,88.0,20.0,40.0,14.0,1.67
6,Davis,Sacramento Valley,2023-07-03,184,7.44,0.0,335.0,1.51,35.3,14.9,24.4,85.0,29.0,49.0,13.1,2.41
6,Davis,Sacramento Valley,2023-07-04,185,6.33,0.0,336.0,1.45,31.0,11.8,20.9,94.0,38.0,59.0,12.5,2.14
6,Davis,Sacramento Valley,2023-07-05,186,6.12,0.0,334.0,1.46,29.3,12.0,19.9,91.0,44.0,63.0,12.6,2.56
6,Davis,Sacramento Valley,2023-07-06,187,5.96,0.0,339.0,1.47,28.2,10.9,19.1,94.0,45.0,66.0,12.7,2.44
6,Davis,Sacramento Valley,2023-07-07,188,5.92,0.0,331.0,1.47,28.0,12.4,19.5,94.0,45.0,65.0,12.7,2.65
6,Davis,Sacramento Valley,2023-07-08,189,6.14,0.0,337.0,1.37,28.5,10.8,19.0,93.0,42.0,62.0,11.6,2.59
6,Davis,Sacramento Valley,2023-07-09,190,5.71,0.0,342.0,1.33,25.6,10.5,17.6,92.0,46.0,66.0,11.2,2.86
6,Davis,Sacramento Valley,2023-07-10,191,6.13,0.0,342.0,1.44,31.1,10.0,20.7,95.0,30.0,59.0,12.3,1.72
6,Davis,Sacramento Valley,2023-07-11,192,6.73,0.0,340.0,1.45,34.6,12.5,23.8,95.0,19.0,49.0,12.5,1.52
6,Davis,Sacramento Valley,2023-07-12,193,6.69,0.0,341.0,1.49,32.6,13.1,22.3,87.0,27.0,55.0,12.9,2.18
6,Davis,Sacramento Valley,2023-07-13,194,6.46,0.0,328.0,1.65,34.3,12.8,23.4,95.0,32.0,57.0,14.5,1.71
6,Davis,Sacramento Valley,2023-07-14,195,6.96,0.0,333.0,1.71,37.8,14.0,25.9,94.0,25.0,51.0,15.0,1.58
6,Davis,Sacramento Valley,2023-07-15,196,7.02,0.0,334.0,1.83,39.3,14.4,27.4,93.0,24.0,50.0,16.1,1.52
6,Davis,Sacramento Valley,2023-07-16,197,7.35,0.0,315.0,1.87,39.7,16.9,28.7,92.0,25.0,48.0,16.4,1.85
6,Davis,Sacramento Valley,2023-07-17,198,7.3,0.0,304.0,1.7,36.1,18.2,27.0,75.0,29.0,48.0,15.0,2.71
6,Davis,Sacramento Valley,2023-07-18,199,6.87,0.0,328.0,1.58,32.0,14.8,23.7,86.0,34.0,54.0,13.8,2.58
6,Davis,Sacramento Valley,2023-07-19,200,6.24,0.0,328.0,1.64,32.8,12.6,22.2,94.0,32.0,61.0,14.4,1.89
6,Davis,Sacramento Valley,2023-07-20,201,6.68,0.0,328.0,1.58,36.5,11.5,24.7,95.0,24.0,51.0,13.8,1.61
6,Davis,Sacramento Valley,2023-07-21,202,7.2,0.0,324.0,1.82,38.6,15.8,27.5,91.0,30.0,50.0,16.0,1.81
6,Davis,Sacramento Valley,2023-07-22,203,7.11,0.0,320.0,1.76,39.5,15.0,27.8,90.0,24.0,47.0,15.5,1.64
6,Davis,Sacramento Valley,2023-07-23,204,7.13,0.0,311.0,1.7,35.9,16.4,25.6,88.0,32.0,52.0,15.0,2.57
6,Davis,Sacramento Valley,2023-07-24,205,6.35,0.0,313.0,1.5,33.0,13.4,22.6,89.0,33.0,55.0,13.0,2.35
6,Davis,Sacramento Valley,2023-07-25,206,6.5,0.0,326.0,1.56,34.6,13.0,23.9,95.0,26.0,53.0,13.6,1.76
6,Davis,Sacramento Valley,2023-07-26,207,6.76,0.0,323.0,1.63,33.0,14.5,23.2,93.0,30.0,58.0,14.3,2.55
6,Davis,Sacramento Valley,2023-07-27,208,6.16,0.0,319.0,1.57,30.4,14.0,21.3,87.0,41.0,62.0,13.7,2.52
6,Davis,Sacramento Valley,2023-07-28,209,6.49,0.0,320.0,1.41,33.4,12.4,22.4,93.0,28.0,52.0,12.1,2.17
6,Davis,Sacramento Valley,2023-07-29,210,6.68,0.0,321.0,1.32,34.8,12.1,22.7,94.0,22.0,48.0,11.1,2.04
6,Davis,Sacramento Valley,2023-07-30,211,7.09,0.0,325.0,1.3,35.1,12.3,23.0,92.0,18.0,46.0,10.9,2.25
6,Davis,Sacramento Valley,2023-07-31,212,6.53,0.0,318.0,1.41,33.5,12.4,22.8,94.0,20.0,51.0,12.0,2.07
6,Davis,Sacramento Valley,2023-08-01,213,6.07,0.0,309.0,1.52,30.9,12.5,21.4,93.0,36.0,60.0,13.2,2.46
6,Davis,Sacramento Valley,2023-08-02,214,5.74,0.0,313.0,1.49,28.8,12.3,20.0,94.0,41.0,64.0,12.9,2.55
6,Davis,Sacramento Valley,2023-08-03,215,5.51,0.0,313.0,1.52,28.3,11.9,19.7,93.0,45.0,66.0,13.2,2.27
6,Davis,Sacramento Valley,2023-08-04,216,5.93,0.0,304.0,1.64,34.0,13.1,22.6,97.0,34.0,60.0,14.4,1.87
6,Davis,Sacramento Valley,2023-08-05,217,6.47,0.0,303.0,1.75,35.8,13.7,25.0,94.0,33.0,55.0,15.4,1.9
6,Davis,Sacramento Valley,2023-08-06,218,8.26,0.0,307.0,1.54,38.3,16.8,28.6,91.0,16.0,39.0,13.4,2.79
6,Davis,Sacramento Valley,2023-08-07,219,7.57,0.0,304.0,1.62,38.3,16.1,27.0,88.0,22.0,45.0,14.2,2.79
6,Davis,Sacramento Valley,2023-08-08,220,6.56,0.0,309.0,1.47,30.5,14.9,21.6,85.0,30.0,57.0,12.8,3.82
6,Davis,Sacramento Valley,2023-08-09,221,5.91,0.0,303.0,1.57,30.3,13.8,21.6,91.0,35.0,61.0,13.8,2.62
6,Davis,Sacramento Valley,2023-08-10,222,5.86,0.0,302.0,1.63,30.9,12.7,21.4,95.0,36.0,64.0,14.3,2.25
6,Davis,Sacramento Valley,2023-08-11,223,5.43,0.0,294.0,1.65,30.5,14.4,21.6,93.0,35.0,64.0,14.5,2.0
6,Davis,Sacramento Valley,2023-08-12,224,5.99,0.0,289.0,1.63,34.2,14.0,23.9,94.0,28.0,55.0,14.3,1.8
6,Davis,Sacramento Valley,2023-08-13,225,6.51,0.0,280.0,1.67,35.9,15.4,26.1,92.0,30.0,50.0,14.7,2.1
6,Davis,Sacramento Valley,2023-08-14,226,5.65,0.0,245.0,1.9,36.9,17.9,28.4,82.0,30.0,49.0,16.7,1.69
6,Davis,Sacramento Valley,2023-08-16,228,6.53,0.0,282.0,1.94,39.3,16.3,27.8,93.0,28.0,52.0,17.0,1.85
6,Davis,Sacramento Valley,2023-08-17,229,6.57,0.0,289.0,1.9,37.9,17.5,26.8,90.0,26.0,54.0,16.7,2.3
6,Davis,Sacramento Valley,2023-08-18,230,5.7,0.0,279.0,1.82,32.5,16.2,23.5,92.0,42.0,63.0,16.0,2.4
6,Davis,Sacramento Valley,2023-08-19,231,5.77,0.0,279.0,1.75,32.6,14.5,23.6,95.0,40.0,60.0,15.4,2.2
6,Davis,Sacramento Valley,2023-08-20,232,4.68,0.0,180.0,1.77,31.9,17.8,25.4,80.0,38.0,55.0,15.6,2.37
6,Davis,Sacramento Valley,2023-08-21,233,3.89,0.2,166.0,1.87,26.0,18.8,22.6,89.0,55.0,68.0,16.4,3.75
6,Davis,Sacramento Valley,2023-08-22,234,5.23,0.0,268.0,1.78,31.4,15.6,23.8,95.0,38.0,60.0,15.6,1.59
6,Davis,Sacramento Valley,2023-08-23,235,5.91,0.0,276.0,1.71,34.3,16.0,26.0,91.0,26.0,51.0,15.0,1.93
6,Davis,Sacramento Valley,2023-08-24,236,6.51,0.0,277.0,1.74,34.4,16.0,25.3,91.0,33.0,54.0,15.3,2.5
6,Davis,Sacramento Valley,2023-08-25,237,5.53,0.0,286.0,1.63,31.5,14.4,22.1,93.0,34.0,61.0,14.3,2.02
6,Davis,Sacramento Valley,2023-08-26,238,5.67,0.0,288.0,1.46,32.9,11.7,21.8,95.0,29.0,56.0,12.6,1.69
6,Davis,Sacramento Valley,2023-08-27,239,5.49,0.0,292.0,1.35,34.5,9.8,21.9,95.0,19.0,52.0,11.4,1.49
6,Davis,Sacramento Valley,2023-08-28,240,5.88,0.0,284.0,1.45,35.3,12.3,23.7,94.0,21.0,49.0,12.5,1.63
6,Davis,Sacramento Valley,2023-08-29,241,5.95,0.0,282.0,1.29,33.4,12.3,22.6,91.0,21.0,47.0,10.8,1.94
6,Davis,Sacramento Valley,2023-08-30,242,7.51,0.0,272.0,1.2,35.1,17.6,26.3,63.0,19.0,35.0,9.7,3.27
6,Davis,Sacramento Valley,2023-08-31,243,5.87,0.0,242.0,1.42,32.6,12.1,22.9,90.0,28.0,51.0,12.2,2.71
6,Davis,Sacramento Valley,2023-09-01,244,4.34,0.0,236.0,1.56,24.2,15.9,18.8,84.0,56.0,72.0,13.6,5.21
6,Davis,Sacramento Valley,2023-09-02,245,3.09,0.0,170.0,1.56,25.3,14.2,19.7,87.0,51.0,68.0,13.6,2.25
6,Davis,Sacramento Valley,2023-09-03,246,4.42,0.0,221.0,1.51,26.5,15.6,20.7,82.0,47.0,62.0,13.1,2.46
6,Davis,Sacramento Valley,2023-09-04,247,4.84,0.0,259.0,1.55,29.8,12.4,21.0,96.0,40.0,63.0,13.6,1.62
6,Davis,Sacramento Valley,2023-09-05,248,4.89,0.0,260.0,1.45,31.1,12.6,21.7,95.0,33.0,56.0,12.5,1.54
6,Davis,Sacramento Valley,2023-09-06,249,5.24,0.0,247.0,1.44,30.5,16.1,24.4,91.0,32.0,47.0,12.4,2.7
6,Davis,Sacramento Valley,2023-09-07,250,5.19,0.0,258.0,1.41,31.1,12.7,21.3,94.0,27.0,56.0,12.1,1.81
6,Davis,Sacramento Valley,2023-09-08,251,5.46,0.0,259.0,1.36,32.1,12.4,22.3,96.0,24.0,50.0,11.5,1.88
6,Davis,Sacramento Valley,2023-09-09,252,5.38,0.0,261.0,1.25,32.6,11.4,22.3,94.0,18.0,46.0,10.3,1.59
6,Davis,Sacramento Valley,2023-09-10,253,4.97,0.0,262.0,1.28,33.6,10.2,21.6,95.0,20.0,50.0,10.6,1.5
6,Davis,Sacramento Valley,2023-09-11,254,5.15,0.0,256.0,1.41,33.4,10.9,22.1,93.0,25.0,53.0,12.0,1.55
6,Davis,Sacramento Valley,2023-09-12,255,4.67,0.0,252.0,1.54,32.3,11.2,21.1,96.0,30.0,61.0,13.4,1.7
6,Davis,Sacramento Valley,2023-09-13,256,4.88,0.0,243.0,1.51,33.5,12.7,22.5,94.0,27.0,55.0,13.1,1.6
6,Davis,Sacramento Valley,2023-09-14,257,4.82,0.0,243.0,1.62,33.7,13.5,22.4,95.0,31.0,60.0,14.2,1.56
6,Davis,Sacramento Valley,2023-09-15,258,4.43,0.0,237.0,1.65,31.8,12.9,21.4,94.0,39.0,65.0,14.5,1.75
6,Davis,Sacramento Valley,2023-09-16,259,4.41,0.0,235.0,1.63,28.3,13.5,20.9,94.0,48.0,66.0,14.3,1.98
6,Davis,Sacramento Valley,2023-09-17,260,4.54,0.0,231.0,1.57,28.6,14.2,20.4,92.0,45.0,66.0,13.7,2.51
6,Davis,Sacramento Valley,2023-09-18,261,4.44,0.0,227.0,1.49,28.4,13.2,20.2,93.0,42.0,63.0,12.9,2.15
6,Davis,Sacramento Valley,2023-09-19,262,4.09,0.0,225.0,1.52,28.1,11.8,19.8,92.0,45.0,66.0,13.2,1.72
6,Davis,Sacramento Valley,2023-09-20,263,4.2,0.0,224.0,1.52,27.7,11.9,18.9,95.0,46.0,70.0,13.3,2.28
6,Davis,Sacramento Valley,2023-09-21,264,4.89,0.0,230.0,1.15,26.8,11.3,18.6,94.0,25.0,54.0,9.0,2.92
6,Davis,Sacramento Valley,2023-09-22,265,3.83,0.0,225.0,1.21,26.6,8.6,17.7,93.0,33.0,60.0,9.8,1.8
6,Davis,Sacramento Valley,2023-09-23,266,4.26,0.0,227.0,1.21,26.0,10.0,17.5,95.0,30.0,60.0,9.8,2.14
6,Davis,Sacramento Valley,2023-09-24,267,4.41,0.0,224.0,1.21,27.1,7.8,17.5,97.0,27.0,60.0,9.7,2.47
6,Davis,Sacramento Valley,2023-09-25,268,4.32,0.0,219.0,1.34,24.9,12.3,18.7,92.0,42.0,62.0,11.3,3.24
6,Davis,Sacramento Valley,2023-09-26,269,3.94,0.0,214.0,1.41,27.4,14.2,20.9,87.0,34.0,57.0,12.0,1.65
6,Davis,Sacramento Valley,2023-09-27,270,4.11,0.0,218.0,1.34,30.5,10.0,19.7,95.0,32.0,59.0,11.4,1.71
6,Davis,Sacramento Valley,2023-09-28,271,4.84,0.0,220.0,1.15,29.2,10.6,20.0,96.0,23.0,49.0,9.0,2.31
6,Davis,Sacramento Valley,2023-09-29,272,3.48,0.0,165.0,1.39,26.2,9.2,18.2,96.0,41.0,67.0,11.9,2.75
6,Davis,Sacramento Valley,2023-09-30,273,1.8,0.0,112.0,1.56,20.3,13.5,16.4,96.0,66.0,83.0,13.6,1.73
6,Davis,Sacramento Valley,2023-10-01,274,3.94,0.0,212.0,1.14,24.0,10.9,17.3,93.0,34.0,58.0,8.9,2.59
6,Davis,Sacramento Valley,2023-10-02,275,4.21,0.0,210.0,1.03,27.5,9.9,18.3,83.0,22.0,49.0,7.3,2.12
6,Davis,Sacramento Valley,2023-10-03,276,3.9,0.0,206.0,1.22,28.3,10.2,19.1,95.0,33.0,55.0,9.9,1.59
6,Davis,Sacramento Valley,2023-10-04,277,4.7,0.0,206.0,1.28,31.7,12.7,22.4,87.0,26.0,47.0,10.6,2.16
6,Davis,Sacramento Valley,2023-10-05,278,4.4,0.0,203.0,1.26,32.8,12.5,22.6,89.0,24.0,46.0,10.4,1.53
6,Davis,Sacramento Valley,2023-10-06,279,4.56,0.0,204.0,1.26,33.7,10.9,22.7,93.0,24.0,46.0,10.4,1.64
6,Davis,Sacramento Valley,2023-10-07,280,4.03,0.0,199.0,1.31,35.1,11.4,22.9,93.0,22.0,47.0,11.0,1.27
6,Davis,Sacramento Valley,2023-10-08,281,4.44,0.0,193.0,1.3,33.5,13.1,22.4,90.0,24.0,48.0,10.8,1.88
6,Davis,Sacramento Valley,2023-10-09,282,2.25,0.0,100.0,1.43,22.4,12.7,17.6,86.0,58.0,71.0,12.3,3.04
6,Davis,Sacramento Valley,2023-10-10,283,2.98,0.0,153.0,1.46,23.9,13.1,17.7,96.0,39.0,72.0,12.6,2.85
6,Davis,Sacramento Valley,2023-10-11,284,4.2,0.0,198.0,0.94,23.3,10.9,16.9,74.0,29.0,49.0,6.1,2.93
6,Davis,Sacramento Valley,2023-10-12,285,4.73,0.0,191.0,0.86,25.9,12.0,18.7,60.0,24.0,40.0,4.7,3.52
6,Davis,Sacramento Valley,2023-10-13,286,2.9,0.0,143.0,1.05,24.7,6.5,17.5,92.0,33.0,53.0,7.7,1.5
6,Davis,Sacramento Valley,2023-10-14,287,3.03,0.0,162.0,1.31,26.1,12.4,19.3,88.0,38.0,58.0,10.9,1.49
6,Davis,Sacramento Valley,2023-10-15,288,3.42,0.0,181.0,1.27,28.9,11.1,19.6,91.0,32.0,55.0,10.4,1.56
6,Davis,Sacramento Valley,2023-10-16,289,3.02,0.0,154.0,1.33,27.2,9.8,19.4,94.0,40.0,59.0,11.2,1.46
6,Davis,Sacramento Valley,2023-10-17,290,3.88,0.0,182.0,1.35,29.3,10.2,20.2,95.0,35.0,57.0,11.4,2.12
6,Davis,Sacramento Valley,2023-10-18,291,3.21,0.0,176.0,1.34,30.1,10.3,19.6,95.0,34.0,59.0,11.4,1.2
6,Davis,Sacramento Valley,2023-10-19,292,3.79,0.0,178.0,1.2,32.8,10.3,20.7,89.0,25.0,49.0,9.7,1.53
6,Davis,Sacramento Valley,2023-10-20,293,3.66,0.0,173.0,1.25,29.6,10.3,19.9,89.0,32.0,54.0,10.3,1.61
6,Davis,Sacramento Valley,2023-10-21,294,3.12,0.0,153.0,1.26,24.8,12.0,17.5,85.0,43.0,63.0,10.4,2.28
6,Davis,Sacramento Valley,2023-10-22,295,0.95,0.0,57.0,1.58,20.3,13.5,16.0,96.0,71.0,87.0,13.8,2.4
6,Davis,Sacramento Valley,2023-10-23,296,2.78,0.0,168.0,1.6,25.0,12.7,18.1,97.0,51.0,77.0,14.0,2.3
6,Davis,Sacramento Valley,2023-10-24,297,2.27,0.0,148.0,1.44,25.2,10.4,16.0,98.0,45.0,79.0,12.4,1.61
6,Davis,Sacramento Valley,2023-10-25,298,1.21,0.0,55.0,1.19,19.0,9.0,14.1,91.0,55.0,74.0,9.5,2.58
6,Davis,Sacramento Valley,2023-10-26,299,2.92,0.0,173.0,0.81,19.5,4.6,11.4,93.0,30.0,60.0,3.9,2.36
6,Davis,Sacramento Valley,2023-10-27,300,2.25,0.0,170.0,0.81,19.6,1.7,10.1,95.0,33.0,65.0,3.9,1.12
6,Davis,Sacramento Valley,2023-10-28,301,4.22,0.0,169.0,0.58,19.9,3.4,12.2,91.0,20.0,41.0,-0.6,4.38
6,Davis,Sacramento Valley,2023-10-29,302,4.81,0.0,171.0,0.46,22.9,6.5,14.9,58.0,17.0,27.0,-3.9,4.18
6,Davis,Sacramento Valley,2023-10-30,303,2.57,0.0,166.0,0.63,22.0,1.1,10.9,94.0,19.0,49.0,0.5,1.08
6,Davis,Sacramento Valley,2023-10-31,304,2.7,0.0,153.0,0.69,22.7,2.8,11.6,87.0,25.0,51.0,1.7,1.54
6,Davis,Sacramento Valley,2023-11-01,305,2.33,0.0,143.0,0.8,23.8,3.3,12.8,94.0,25.0,54.0,3.7,1.05
6,Davis,Sacramento Valley,2023-11-02,306,2.17,0.0,119.0,0.91,24.6,4.8,14.8,94.0,32.0,54.0,5.6,1.22
6,Davis,Sacramento Valley,2023-11-03,307,2.58,0.2,157.0,1.31,26.6,14.9,21.6,92.0,41.0,51.0,10.9,1.37
6,Davis,Sacramento Valley,2023-11-04,308,2.73,3.2,132.0,1.42,27.1,9.4,18.0,92.0,45.0,69.0,12.2,2.26
6,Davis,Sacramento Valley,2023-11-05,309,1.7,0.7,86.0,1.66,22.1,14.2,18.0,91.0,68.0,81.0,14.6,3.05
6,Davis,Sacramento Valley,2023-11-06,310,2.15,2.0,114.0,1.43,21.0,10.4,16.4,92.0,57.0,76.0,12.3,3.41
6,Davis,Sacramento Valley,2023-11-07,311,2.36,0.0,141.0,0.99,19.0,6.3,12.7,96.0,43.0,67.0,6.9,2.29
6,Davis,Sacramento Valley,2023-11-08,312,3.71,0.0,149.0,0.68,21.3,5.4,13.9,63.0,26.0,42.0,1.4,3.91
6,Davis,Sacramento Valley,2023-11-09,313,1.77,0.0,120.0,0.69,18.2,1.4,9.5,81.0,36.0,58.0,1.7,1.17
6,Davis,Sacramento Valley,2023-11-10,314,2.13,0.0,118.0,0.73,19.5,4.5,11.3,73.0,33.0,54.0,2.4,1.57
6,Davis,Sacramento Valley,2023-11-11,315,2.15,0.0,137.0,0.78,22.3,4.2,11.7,80.0,33.0,57.0,3.4,1.23
6,Davis,Sacramento Valley,2023-11-12,316,2.05,0.0,135.0,0.88,22.1,4.4,12.6,83.0,37.0,60.0,5.1,1.08
6,Davis,Sacramento Valley,2023-11-13,317,1.77,0.0,121.0,1.06,19.8,7.7,12.9,92.0,48.0,71.0,7.8,1.18
6,Davis,Sacramento Valley,2023-11-14,318,1.85,0.0,109.0,1.07,19.7,6.4,13.2,88.0,47.0,70.0,7.9,1.93
6,Davis,Sacramento Valley,2023-11-15,319,1.04,0.0,47.0,1.11,17.6,8.8,13.1,91.0,51.0,73.0,8.5,2.13
6,Davis,Sacramento Valley,2023-11-16,320,1.72,0.0,97.0,1.25,19.8,9.3,14.6,93.0,60.0,75.0,10.3,2.51
6,Davis,Sacramento Valley,2023-11-17,321,1.46,1.4,87.0,1.33,20.4,12.1,15.4,95.0,56.0,76.0,11.2,1.37
6,Davis,Sacramento Valley,2023-11-18,322,0.77,12.5,46.0,1.46,17.5,12.1,14.7,96.0,58.0,87.0,12.6,3.05
6,Davis,Sacramento Valley,2023-11-19,323,2.5,0.0,132.0,0.83,16.5,5.4,11.7,87.0,44.0,61.0,4.4,3.83
6,Davis,Sacramento Valley,2023-11-20,324,2.8,0.0,132.0,0.73,17.9,5.0,11.9,90.0,34.0,53.0,2.5,3.87
6,Davis,Sacramento Valley,2023-11-21,325,1.52,0.0,99.0,0.87,17.7,3.1,9.5,93.0,47.0,73.0,4.9,1.4
6,Davis,Sacramento Valley,2023-11-22,326,1.68,0.0,113.0,0.81,19.1,1.8,10.1,92.0,36.0,65.0,3.9,1.2
6,Davis,Sacramento Valley,2023-11-23,327,3.42,0.0,125.0,0.75,20.7,4.6,13.0,91.0,28.0,50.0,2.9,4.4
6,Davis,Sacramento Valley,2023-11-24,328,3.59,0.0,130.0,0.47,15.6,4.6,10.8,53.0,26.0,36.0,-3.6,5.66
6,Davis,Sacramento Valley,2023-11-25,329,2.85,0.0,127.0,0.49,16.2,2.5,9.7,63.0,27.0,41.0,-2.9,3.46
6,Davis,Sacramento Valley,2023-11-26,330,2.21,0.0,125.0,0.5,16.9,1.2,7.7,72.0,25.0,48.0,-2.7,2.02
6,Davis,Sacramento Valley,2023-11-27,331,1.65,0.0,122.0,0.56,15.9,-2.2,6.0,83.0,35.0,60.0,-1.2,1.32
6,Davis,Sacramento Valley,2023-11-28,332,1.67,0.0,117.0,0.57,16.2,0.2,7.1,77.0,35.0,57.0,-0.9,1.44
6,Davis,Sacramento Valley,2023-11-29,333,1.76,1.9,110.0,0.77,17.0,3.7,9.5,89.0,37.0,65.0,3.3,1.86
6,Davis,Sacramento Valley,2023-11-30,334,1.45,0.0,107.0,0.82,17.7,2.5,9.4,92.0,47.0,70.0,4.2,1.17
6,Davis,Sacramento Valley,2023-12-01,335,1.47,0.0,93.0,0.84,16.5,0.8,9.9,90.0,43.0,69.0,4.4,1.42
6,Davis,Sacramento Valley,2023-12-02,336,0.64,2.3,45.0,1.29,15.6,9.8,12.5,96.0,79.0,89.0,10.7,2.59
6,Davis,Sacramento Valley,2023-12-03,337,1.3,0.0,84.0,1.28,18.3,8.8,13.9,92.0,63.0,80.0,10.6,2.01
6,Davis,Sacramento Valley,2023-12-04,338,1.21,0.0,99.0,1.17,19.3,6.2,11.7,98.0,62.0,86.0,9.3,1.11
6,Davis,Sacramento Valley,2023-12-05,339,1.26,0.0,97.0,1.12,18.1,4.9,10.9,98.0,63.0,86.0,8.6,0.9
6,Davis,Sacramento Valley,2023-12-06,340,0.44,5.6,32.0,1.14,15.9,4.5,10.4,98.0,74.0,90.0,8.9,2.13
6,Davis,Sacramento Valley,2023-12-07,341,0.71,1.4,51.0,1.08,14.7,4.3,9.6,96.0,71.0,90.0,8.1,2.31
6,Davis,Sacramento Valley,2023-12-08,342,1.97,0.1,114.0,0.76,13.9,4.0,8.8,98.0,42.0,67.0,3.0,3.93
6,Davis,Sacramento Valley,2023-12-09,343,1.6,0.0,105.0,0.64,13.7,2.3,7.6,86.0,44.0,61.0,0.6,2.05
6,Davis,Sacramento Valley,2023-12-10,344,1.14,0.0,88.0,0.66,13.5,-0.1,5.7,87.0,46.0,72.0,1.1,1.26
6,Davis,Sacramento Valley,2023-12-11,345,1.33,0.0,109.0,0.71,17.2,-1.1,6.7,94.0,42.0,72.0,2.0,0.8
6,Davis,Sacramento Valley,2023-12-12,346,1.59,0.0,111.0,0.8,18.1,-0.3,8.3,97.0,48.0,73.0,3.7,1.71
6,Davis,Sacramento Valley,2023-12-13,347,1.42,0.0,109.0,0.75,16.6,0.7,8.1,96.0,40.0,69.0,2.8,1.18
6,Davis,Sacramento Valley,2023-12-14,348,1.2,0.0,82.0,0.75,14.5,-0.1,7.1,92.0,50.0,74.0,2.8,1.65
6,Davis,Sacramento Valley,2023-12-15,349,1.68,0.0,89.0,0.72,16.4,4.0,9.5,82.0,39.0,60.0,2.2,2.21
6,Davis,Sacramento Valley,2023-12-16,350,1.91,0.0,109.0,0.64,18.9,1.4,9.0,86.0,31.0,56.0,0.7,1.72
6,Davis,Sacramento Valley,2023-12-17,351,0.6,2.4,36.0,0.85,13.7,4.0,8.8,89.0,55.0,75.0,4.6,1.99
6,Davis,Sacramento Valley,2023-12-18,352,0.33,22.6,28.0,1.22,14.4,9.0,11.2,96.0,79.0,92.0,9.9,2.77
6,Davis,Sacramento Valley,2023-12-19,353,0.66,5.0,52.0,1.5,18.0,12.3,14.3,97.0,85.0,92.0,13.0,2.74
6,Davis,Sacramento Valley,2023-12-20,354,0.08,7.9,16.0,1.38,14.5,9.4,12.7,98.0,91.0,94.0,11.7,1.81
6,Davis,Sacramento Valley,2023-12-21,355,1.02,0.1,88.0,1.27,16.3,7.5,11.7,98.0,79.0,93.0,10.5,1.87
6,Davis,Sacramento Valley,2023-12-22,356,1.48,0.0,114.0,1.14,21.1,5.8,11.9,99.0,52.0,82.0,8.9,1.61
6,Davis,Sacramento Valley,2023-12-23,357,1.96,0.0,118.0,0.74,14.3,2.7,9.4,92.0,46.0,63.0,2.7,2.85
6,Davis,Sacramento Valley,2023-12-24,358,1.12,0.0,96.0,0.83,14.3,1.3,7.4,92.0,63.0,80.0,4.2,1.26
6,Davis,Sacramento Valley,2023-12-25,359,1.08,0.0,84.0,0.87,14.1,2.5,8.2,94.0,60.0,80.0,5.0,1.14
6,Davis,Sacramento Valley,2023-12-26,360,0.81,0.0,63.0,0.96,13.5,5.2,8.7,96.0,69.0,86.0,6.4,1.25
6,Davis,Sacramento Valley,2023-12-27,361,0.31,5.9,35.0,1.12,12.3,4.7,9.2,98.0,86.0,96.0,8.7,1.83
6,Davis,Sacramento Valley,2023-12-28,362,1.06,0.7,88.0,1.3,16.8,10.0,12.6,97.0,77.0,90.0,10.9,1.58
6,Davis,Sacramento Valley,2023-12-29,363,0.73,27.2,50.0,1.37,17.8,10.1,12.9,98.0,76.0,92.0,11.6,2.1
6,Davis,Sacramento Valley,2023-12-30,364,0.76,6.0,62.0,1.29,15.3,8.6,11.9,99.0,79.0,93.0,10.8,1.42
6,Davis,Sacramento Valley,2023-12-31,365,0.45,0.1,41.0,1.22,13.4,8.8,11.0,99.0,81.0,93.0,9.9,1.56
6,Davis,Sacramento Valley,2024-01-01,1,1.46,0.0,125.0,1.04,15.6,5.7,10.0,96.0,59.0,85.0,7.5,1.73
6,Davis,Sacramento Valley,2024-01-02,2,0.1,8.4,23.0,1.06,10.2,5.8,8.2,99.0,92.0,97.0,7.8,2.6
6,Davis,Sacramento Valley,2024-01-03,3,0.99,0.8,89.0,1.01,12.9,5.6,9.0,98.0,70.0,88.0,7.2,1.97
6,Davis,Sacramento Valley,2024-01-04,4,1.43,0.0,120.0,0.9,15.7,3.4,8.7,98.0,52.0,80.0,5.5,1.52
6,Davis,Sacramento Valley,2024-01-05,5,1.94,0.2,130.0,0.85,15.8,4.2,9.6,97.0,44.0,71.0,4.6,2.87
6,Davis,Sacramento Valley,2024-01-06,6,0.17,3.4,20.0,0.81,9.7,3.3,6.0,96.0,69.0,87.0,3.9,2.44
6,Davis,Sacramento Valley,2024-01-07,7,1.71,0.0,126.0,0.61,11.2,1.5,6.1,80.0,46.0,65.0,0.0,2.67
6,Davis,Sacramento Valley,2024-01-08,8,1.49,0.0,122.0,0.66,12.6,3.4,7.1,83.0,48.0,65.0,1.0,1.84
6,Davis,Sacramento Valley,2024-01-09,9,0.59,0.0,50.0,0.9,12.3,4.2,7.8,92.0,77.0,85.0,5.5,2.55
6,Davis,Sacramento Valley,2024-01-10,10,0.9,0.0,51.0,0.92,13.4,2.3,8.4,97.0,59.0,83.0,5.7,3.46
6,Davis,Sacramento Valley,2024-01-11,11,1.96,0.0,135.0,0.57,12.9,2.4,7.2,82.0,36.0,56.0,-1.0,2.59
6,Davis,Sacramento Valley,2024-01-12,12,0.8,0.0,64.0,0.77,11.2,1.5,6.3,92.0,65.0,80.0,3.2,1.49
6,Davis,Sacramento Valley,2024-01-13,13,0.23,5.8,24.0,0.92,9.0,6.6,7.5,97.0,79.0,89.0,5.8,3.12
6,Davis,Sacramento Valley,2024-01-14,14,0.59,0.0,56.0,1.06,11.7,7.4,8.9,97.0,87.0,93.0,7.8,2.95
6,Davis,Sacramento Valley,2024-01-15,15,1.28,0.0,116.0,1.04,15.6,4.9,9.7,97.0,70.0,87.0,7.6,1.6
6,Davis,Sacramento Valley,2024-01-16,16,0.14,10.4,24.0,1.07,10.5,3.5,8.5,98.0,90.0,97.0,8.0,1.09
6,Davis,Sacramento Valley,2024-01-17,17,1.46,0.3,116.0,1.19,16.3,6.3,11.7,98.0,66.0,87.0,9.6,2.11
6,Davis,Sacramento Valley,2024-01-18,18,1.0,0.0,85.0,1.05,14.3,4.9,9.3,99.0,70.0,90.0,7.7,1.3
6,Davis,Sacramento Valley,2024-01-19,19,0.57,3.0,50.0,1.16,12.9,7.2,10.3,98.0,81.0,92.0,9.1,1.61
6,Davis,Sacramento Valley,2024-01-20,20,0.35,10.0,36.0,1.33,14.1,10.2,12.2,98.0,89.0,93.0,11.2,2.93
6,Davis,Sacramento Valley,2024-01-21,21,0.79,14.8,51.0,1.36,15.5,11.1,12.9,98.0,79.0,91.0,11.5,3.02
6,Davis,Sacramento Valley,2024-01-22,22,0.67,5.6,57.0,1.42,15.6,11.0,13.2,97.0,89.0,94.0,12.2,2.65
6,Davis,Sacramento Valley,2024-01-23,23,1.19,0.7,95.0,1.32,17.5,10.2,12.9,98.0,69.0,89.0,11.1,1.54
6,Davis,Sacramento Valley,2024-01-24,24,0.21,7.6,30.0,1.36,13.5,10.9,12.0,98.0,92.0,97.0,11.5,2.65
6,Davis,Sacramento Valley,2024-01-25,25,1.06,0.0,96.0,1.16,15.1,5.6,10.4,99.0,71.0,91.0,9.1,1.69
6,Davis,Sacramento Valley,2024-01-26,26,0.93,0.0,62.0,1.2,14.9,9.5,11.9,96.0,74.0,86.0,9.6,1.56
6,Davis,Sacramento Valley,2024-01-27,27,1.24,0.0,86.0,1.17,16.4,8.4,12.3,91.0,67.0,82.0,9.2,1.89
6,Davis,Sacramento Valley,2024-01-28,28,1.7,0.0,127.0,1.37,21.5,9.2,13.9,97.0,65.0,86.0,11.6,1.39
6,Davis,Sacramento Valley,2024-01-29,29,1.87,0.0,142.0,1.29,20.2,6.2,12.7,99.0,66.0,88.0,10.7,0.99
6,Davis,Sacramento Valley,2024-01-30,30,1.93,0.0,134.0,1.32,20.0,9.5,14.0,98.0,61.0,82.0,11.0,1.48
6,Davis,Sacramento Valley,2024-01-31,31,0.24,20.7,8.0,1.16,14.3,11.0,12.3,92.0,70.0,81.0,9.2,2.75
6,Davis,Sacramento Valley,2024-02-01,32,1.49,12.7,127.0,1.16,14.9,8.8,11.3,98.0,66.0,86.0,9.1,2.22
6,Davis,Sacramento Valley,2024-02-02,33,1.71,0.6,138.0,0.99,14.6,5.9,9.7,98.0,63.0,83.0,6.9,2.54
6,Davis,Sacramento Valley,2024-02-03,34,0.95,2.0,83.0,0.97,11.0,4.8,8.5,95.0,79.0,87.0,6.5,1.94
6,Davis,Sacramento Valley,2024-02-04,35,0.88,53.4,53.0,1.14,15.6,6.2,10.7,98.0,72.0,88.0,8.8,4.79
6,Davis,Sacramento Valley,2024-02-05,36,1.81,0.6,133.0,1.12,15.6,9.4,11.7,94.0,67.0,81.0,8.6,3.28
6,Davis,Sacramento Valley,2024-02-06,37,1.19,0.0,97.0,1.05,14.9,5.8,10.2,96.0,63.0,84.0,7.6,1.78
6,Davis,Sacramento Valley,2024-02-07,38,0.4,14.1,39.0,0.92,9.6,3.4,6.7,97.0,85.0,93.0,5.7,2.4
6,Davis,Sacramento Valley,2024-02-08,39,0.83,0.0,76.0,0.85,10.0,2.9,6.7,98.0,71.0,87.0,4.7,1.41
6,Davis,Sacramento Valley,2024-02-09,40,1.75,0.0,161.0,0.83,13.2,1.2,6.6,99.0,64.0,85.0,4.3,1.28
6,Davis,Sacramento Valley,2024-02-10,41,2.69,0.0,186.0,0.76,15.6,5.3,9.6,87.0,38.0,64.0,3.0,3.1
6,Davis,Sacramento Valley,2024-02-11,42,1.96,0.0,173.0,0.85,15.6,1.0,8.0,97.0,56.0,79.0,4.7,1.25
6,Davis,Sacramento Valley,2024-02-12,43,1.86,0.0,158.0,0.9,15.7,2.5,8.5,98.0,52.0,81.0,5.4,0.89
6,Davis,Sacramento Valley,2024-02-13,44,1.98,0.0,167.0,0.98,15.9,3.5,9.1,98.0,61.0,85.0,6.7,1.19
6,Davis,Sacramento Valley,2024-02-14,45,1.05,0.5,74.0,1.17,14.6,7.4,10.9,97.0,76.0,89.0,9.3,2.88
6,Davis,Sacramento Valley,2024-02-15,46,1.83,0.0,145.0,1.16,16.8,8.8,12.1,95.0,63.0,82.0,9.2,2.12
6,Davis,Sacramento Valley,2024-02-16,47,0.98,0.0,72.0,1.14,14.6,8.4,11.3,96.0,70.0,85.0,8.9,1.31
6,Davis,Sacramento Valley,2024-02-17,48,0.3,15.1,32.0,1.22,13.5,9.3,11.1,95.0,84.0,92.0,9.9,2.77
6,Davis,Sacramento Valley,2024-02-18,49,1.83,19.0,127.0,1.28,18.5,8.6,13.0,98.0,66.0,86.0,10.7,3.06
6,Davis,Sacramento Valley,2024-02-19,50,1.37,6.1,91.0,1.29,16.5,10.5,12.9,98.0,73.0,87.0,10.7,3.95
6,Davis,Sacramento Valley,2024-02-20,51,1.41,12.2,111.0,1.18,16.2,9.3,11.6,97.0,63.0,86.0,9.4,2.18
6,Davis,Sacramento Valley,2024-02-21,52,1.92,0.1,165.0,1.14,16.4,6.3,10.9,99.0,65.0,87.0,8.9,1.54
6,Davis,Sacramento Valley,2024-02-22,53,2.04,0.0,170.0,1.09,16.7,5.5,10.2,99.0,63.0,87.0,8.2,1.62
6,Davis,Sacramento Valley,2024-02-23,54,2.42,0.0,181.0,1.03,18.2,6.3,11.4,94.0,52.0,76.0,7.4,2.59
6,Davis,Sacramento Valley,2024-02-24,55,2.98,0.0,211.0,1.03,21.4,5.5,12.7,93.0,37.0,70.0,7.4,1.47
6,Davis,Sacramento Valley,2024-02-25,56,2.7,0.0,195.0,1.09,21.8,5.8,12.6,96.0,45.0,75.0,8.2,1.36
6,Davis,Sacramento Valley,2024-02-26,57,2.76,0.0,195.0,1.09,18.6,6.8,12.2,95.0,57.0,76.0,8.2,2.22
6,Davis,Sacramento Valley,2024-02-27,58,3.54,0.0,210.0,0.65,17.0,5.8,10.4,81.0,28.0,51.0,0.8,3.32
6,Davis,Sacramento Valley,2024-02-28,59,3.0,0.0,210.0,0.8,18.8,2.4,10.8,91.0,38.0,62.0,3.8,1.44
6,Davis,Sacramento Valley,2024-02-29,60,1.36,2.5,85.0,1.14,15.6,9.1,11.6,93.0,69.0,84.0,8.9,4.37
6,Davis,Sacramento Valley,2024-03-01,61,1.3,13.2,95.0,1.1,14.4,8.6,10.5,94.0,73.0,87.0,8.4,4.65
6,Davis,Sacramento Valley,2024-03-02,62,1.81,3.2,147.0,0.84,11.7,5.9,8.2,92.0,62.0,78.0,4.5,4.02
6,Davis,Sacramento Valley,2024-03-03,63,1.86,0.9,156.0,0.88,12.7,5.3,8.3,88.0,67.0,81.0,5.2,3.66
6,Davis,Sacramento Valley,2024-03-04,64,1.32,0.0,102.0,0.9,12.7,3.6,8.5,92.0,65.0,81.0,5.5,1.99
6,Davis,Sacramento Valley,2024-03-05,65,1.64,0.0,122.0,1.08,15.7,7.5,11.0,92.0,68.0,83.0,8.1,2.68
6,Davis,Sacramento Valley,2024-03-06,66,1.85,0.0,136.0,1.17,17.4,8.7,12.5,94.0,63.0,81.0,9.3,1.09
6,Davis,Sacramento Valley,2024-03-07,67,3.43,0.0,226.0,0.88,17.6,6.3,12.0,95.0,39.0,63.0,5.1,2.71
6,Davis,Sacramento Valley,2024-03-08,68,3.6,0.0,229.0,0.78,19.8,7.5,12.8,86.0,34.0,53.0,3.5,2.44
6,Davis,Sacramento Valley,2024-03-09,69,2.34,0.0,171.0,1.05,17.3,5.9,11.2,91.0,62.0,79.0,7.7,2.64
6,Davis,Sacramento Valley,2024-03-10,70,2.8,1.2,186.0,0.98,16.6,6.0,11.7,91.0,50.0,71.0,6.6,2.82
6,Davis,Sacramento Valley,2024-03-11,71,2.68,2.0,190.0,1.07,17.3,9.2,12.3,94.0,48.0,75.0,7.9,2.18
6,Davis,Sacramento Valley,2024-03-12,72,1.68,1.8,124.0,1.12,17.0,7.7,11.8,94.0,62.0,81.0,8.6,2.11
6,Davis,Sacramento Valley,2024-03-13,73,4.15,0.0,221.0,0.79,18.2,7.0,12.4,91.0,31.0,55.0,3.6,4.53
6,Davis,Sacramento Valley,2024-03-14,74,5.55,0.0,244.0,0.64,19.8,9.4,14.2,57.0,27.0,39.0,0.6,6.12
6,Davis,Sacramento Valley,2024-03-15,75,5.76,0.0,241.0,0.67,23.2,10.8,15.8,52.0,25.0,37.0,1.3,4.95
6,Davis,Sacramento Valley,2024-03-16,76,3.79,0.0,235.0,0.91,25.3,5.0,14.5,86.0,26.0,55.0,5.7,1.67
6,Davis,Sacramento Valley,2024-03-17,77,3.49,0.0,236.0,1.1,24.1,5.9,14.2,96.0,36.0,68.0,8.4,1.48
6,Davis,Sacramento Valley,2024-03-18,78,3.43,0.0,233.0,1.18,23.9,6.8,15.1,95.0,42.0,69.0,9.4,1.35
6,Davis,Sacramento Valley,2024-03-19,79,3.52,0.0,236.0,1.26,24.2,8.4,15.0,95.0,53.0,74.0,10.4,1.49
6,Davis,Sacramento Valley,2024-03-20,80,3.85,0.0,230.0,1.03,24.2,6.3,14.6,92.0,34.0,62.0,7.5,1.96
6,Davis,Sacramento Valley,2024-03-21,81,3.41,0.0,214.0,1.12,20.9,8.6,14.4,91.0,43.0,69.0,8.7,2.11
6,Davis,Sacramento Valley,2024-03-22,82,2.62,0.8,159.0,1.18,19.7,9.0,13.5,91.0,59.0,77.0,9.4,3.36
6,Davis,Sacramento Valley,2024-03-23,83,1.55,7.3,124.0,1.11,16.0,8.4,10.8,95.0,66.0,86.0,8.5,2.86
6,Davis,Sacramento Valley,2024-03-24,84,3.18,0.0,224.0,1.01,18.0,8.4,12.3,92.0,49.0,70.0,7.1,1.95
6,Davis,Sacramento Valley,2024-03-25,85,3.3,0.0,235.0,1.05,17.8,6.3,11.8,94.0,56.0,76.0,7.7,2.14
6,Davis,Sacramento Valley,2024-03-26,86,2.99,0.0,223.0,1.06,19.3,4.6,11.4,97.0,53.0,78.0,7.8,1.92
6,Davis,Sacramento Valley,2024-03-27,87,1.24,1.8,76.0,1.15,15.8,6.4,11.5,95.0,72.0,85.0,9.1,3.3
6,Davis,Sacramento Valley,2024-03-28,88,2.87,0.0,202.0,0.98,16.7,7.0,11.6,92.0,53.0,72.0,6.7,2.44
6,Davis,Sacramento Valley,2024-03-29,89,1.19,4.1,87.0,0.99,13.8,6.3,9.4,93.0,62.0,84.0,6.8,2.73
6,Davis,Sacramento Valley,2024-03-30,90,2.38,0.0,187.0,1.07,16.4,8.5,11.2,93.0,56.0,80.0,7.9,2.47
6,Davis,Sacramento Valley,2024-03-31,91,3.08,4.4,219.0,1.16,19.8,8.3,12.9,94.0,51.0,78.0,9.2,1.42
6,Davis,Sacramento Valley,2024-04-01,92,4.69,0.0,280.0,0.94,23.2,8.1,15.0,89.0,28.0,55.0,6.0,2.56
6,Davis,Sacramento Valley,2024-04-02,93,4.38,0.0,272.0,1.12,23.2,6.3,15.1,95.0,38.0,65.0,8.6,1.85
6,Davis,Sacramento Valley,2024-04-03,94,3.73,0.0,253.0,1.13,20.8,7.9,13.2,92.0,58.0,74.0,8.8,3.69
6,Davis,Sacramento Valley,2024-04-04,95,1.16,4.6,100.0,0.8,10.8,3.2,6.8,94.0,65.0,81.0,3.8,2.37
6,Davis,Sacramento Valley,2024-04-05,96,1.75,0.0,149.0,0.82,12.7,3.2,7.1,96.0,59.0,81.0,4.2,1.73
6,Davis,Sacramento Valley,2024-04-06,97,3.53,0.0,273.0,0.79,16.1,2.3,9.3,96.0,36.0,67.0,3.6,2.2
6,Davis,Sacramento Valley,2024-04-07,98,3.94,0.0,283.0,0.82,18.8,2.5,10.7,96.0,34.0,63.0,4.0,1.89
6,Davis,Sacramento Valley,2024-04-08,99,5.23,0.0,275.0,0.77,23.1,7.6,15.1,71.0,23.0,45.0,3.2,3.08
6,Davis,Sacramento Valley,2024-04-09,100,4.55,0.0,279.0,1.07,26.4,5.7,16.5,85.0,33.0,57.0,8.0,1.48
6,Davis,Sacramento Valley,2024-04-10,101,4.41,0.0,266.0,1.31,27.0,8.4,17.9,93.0,38.0,64.0,11.0,1.39
6,Davis,Sacramento Valley,2024-04-11,102,4.92,0.0,276.0,1.41,28.3,10.3,19.1,94.0,34.0,64.0,12.1,1.69
6,Davis,Sacramento Valley,2024-04-12,103,4.19,0.0,263.0,1.1,20.0,9.6,14.5,87.0,51.0,67.0,8.4,3.44
6,Davis,Sacramento Valley,2024-04-13,104,0.29,11.8,36.0,0.98,13.3,6.6,8.7,94.0,71.0,87.0,6.7,2.42
6,Davis,Sacramento Valley,2024-04-14,105,2.16,0.0,169.0,1.03,15.4,6.2,10.8,95.0,62.0,80.0,7.4,1.6
6,Davis,Sacramento Valley,2024-04-15,106,3.74,0.0,272.0,1.21,20.9,9.1,14.0,94.0,54.0,76.0,9.8,2.08
6,Davis,Sacramento Valley,2024-04-16,107,4.36,0.0,276.0,1.3,25.4,7.1,16.3,97.0,37.0,70.0,10.8,1.49
6,Davis,Sacramento Valley,2024-04-17,108,4.25,0.0,252.0,1.36,25.8,11.3,18.1,96.0,40.0,65.0,11.5,1.65
6,Davis,Sacramento Valley,2024-04-18,109,5.29,0.0,291.0,1.18,27.2,12.3,19.1,85.0,35.0,53.0,9.4,1.99
6,Davis,Sacramento Valley,2024-04-19,110,4.78,0.0,287.0,1.45,26.5,10.4,18.0,93.0,46.0,70.0,12.5,1.6
6,Davis,Sacramento Valley,2024-04-20,111,4.86,0.0,290.0,1.32,28.1,9.7,17.7,93.0,45.0,65.0,11.1,1.57
6,Davis,Sacramento Valley,2024-04-21,112,5.39,0.0,296.0,1.33,29.2,9.0,19.7,88.0,36.0,58.0,11.1,1.75
6,Davis,Sacramento Valley,2024-04-22,113,5.81,0.0,297.0,1.26,30.5,11.5,19.9,89.0,28.0,54.0,10.4,2.4
6,Davis,Sacramento Valley,2024-04-23,114,4.52,0.0,290.0,1.13,20.4,11.8,15.5,78.0,51.0,64.0,8.8,3.03
6,Davis,Sacramento Valley,2024-04-24,115,3.92,0.0,237.0,1.12,21.2,11.5,15.8,80.0,47.0,63.0,8.7,2.08
6,Davis,Sacramento Valley,2024-04-25,116,4.01,0.0,243.0,1.2,21.7,9.3,15.5,89.0,56.0,68.0,9.7,2.66
6,Davis,Sacramento Valley,2024-04-26,117,4.0,0.0,225.0,1.06,22.5,9.6,15.4,87.0,38.0,61.0,7.8,1.94
6,Davis,Sacramento Valley,2024-04-27,118,4.72,0.0,285.0,1.08,23.6,6.9,15.6,90.0,38.0,61.0,8.1,1.92
6,Davis,Sacramento Valley,2024-04-28,119,5.0,0.0,293.0,1.15,25.6,8.4,16.8,91.0,35.0,60.0,9.0,1.76
6,Davis,Sacramento Valley,2024-04-29,120,5.48,0.0,314.0,0.89,25.6,8.1,17.0,89.0,20.0,46.0,5.3,1.85
6,Davis,Sacramento Valley,2024-04-30,121,5.76,0.0,315.0,0.79,25.8,9.6,17.4,68.0,17.0,40.0,3.6,2.29
6,Davis,Sacramento Valley,2024-05-01,122,7.68,0.0,317.0,0.58,26.8,12.6,19.1,52.0,14.0,26.0,-0.7,4.37
6,Davis,Sacramento Valley,2024-05-02,123,5.92,0.0,296.0,1.11,28.3,10.7,20.1,65.0,33.0,47.0,8.5,2.3
6,Davis,Sacramento Valley,2024-05-03,124,6.15,0.0,308.0,1.03,27.7,8.9,19.1,83.0,19.0,46.0,7.3,2.63
6,Davis,Sacramento Valley,2024-05-04,125,1.44,10.9,104.0,1.1,14.7,7.5,11.5,94.0,59.0,81.0,8.3,3.86
6,Davis,Sacramento Valley,2024-05-05,126,4.13,0.0,290.0,0.88,18.6,4.1,11.4,94.0,41.0,65.0,5.1,1.89
6,Davis,Sacramento Valley,2024-05-06,127,4.73,0.0,309.0,1.02,21.9,5.5,13.7,92.0,37.0,65.0,7.2,2.0
6,Davis,Sacramento Valley,2024-05-07,128,5.93,0.0,318.0,0.85,24.4,6.7,16.1,96.0,22.0,46.0,4.6,3.23
6,Davis,Sacramento Valley,2024-05-08,129,8.85,0.0,323.0,0.67,26.6,14.1,20.0,41.0,19.0,29.0,1.3,6.78
6,Davis,Sacramento Valley,2024-05-09,130,8.13,0.0,318.0,0.87,30.2,13.9,21.9,45.0,22.0,33.0,4.9,4.39
6,Davis,Sacramento Valley,2024-05-10,131,7.58,0.0,317.0,1.03,33.0,13.9,23.6,59.0,19.0,35.0,7.4,2.78
6,Davis,Sacramento Valley,2024-05-11,132,6.68,0.0,319.0,1.19,34.5,11.5,22.8,82.0,16.0,43.0,9.6,1.96
6,Davis,Sacramento Valley,2024-05-12,133,6.11,0.0,316.0,1.4,32.0,11.9,20.9,86.0,32.0,57.0,12.0,2.12
6,Davis,Sacramento Valley,2024-05-13,134,5.87,0.0,317.0,1.3,29.7,10.7,19.4,84.0,34.0,58.0,10.9,2.01
6,Davis,Sacramento Valley,2024-05-14,135,6.0,0.0,314.0,1.39,32.6,10.0,20.8,88.0,34.0,57.0,11.9,1.81
6,Davis,Sacramento Valley,2024-05-15,136,6.35,0.0,315.0,1.51,34.1,12.2,22.1,85.0,34.0,57.0,13.1,1.98
6,Davis,Sacramento Valley,2024-05-16,137,5.71,0.0,316.0,1.43,27.7,13.0,19.3,83.0,45.0,64.0,12.3,2.77
6,Davis,Sacramento Valley,2024-05-17,138,5.38,0.0,317.0,1.47,28.8,10.9,18.7,89.0,45.0,68.0,12.7,2.34
6,Davis,Sacramento Valley,2024-05-18,139,5.47,0.0,314.0,1.43,27.6,11.9,18.3,90.0,47.0,68.0,12.3,2.74
6,Davis,Sacramento Valley,2024-05-19,140,5.52,0.0,315.0,1.24,27.4,10.9,18.1,89.0,29.0,59.0,10.1,2.26
6,Davis,Sacramento Valley,2024-05-20,141,7.55,0.0,328.0,0.83,27.7,10.2,19.4,87.0,17.0,37.0,4.2,3.75
6,Davis,Sacramento Valley,2024-05-21,142,8.33,0.0,333.0,0.77,30.7,15.0,22.9,61.0,14.0,28.0,3.2,3.9
6,Davis,Sacramento Valley,2024-05-22,143,6.26,0.0,320.0,1.21,30.2,9.3,20.0,95.0,28.0,52.0,9.7,2.43
6,Davis,Sacramento Valley,2024-05-23,144,7.79,0.0,330.0,0.85,29.3,10.4,21.1,66.0,18.0,34.0,4.6,3.78
6,Davis,Sacramento Valley,2024-05-24,145,5.65,0.0,326.0,1.16,23.6,10.9,16.4,82.0,44.0,62.0,9.1,4.08
6,Davis,Sacramento Valley,2024-05-25,146,5.0,0.0,320.0,1.18,22.5,10.3,15.9,87.0,49.0,65.0,9.3,2.65
6,Davis,Sacramento Valley,2024-05-26,147,5.56,0.0,322.0,1.26,28.6,7.7,18.6,97.0,37.0,59.0,10.3,1.63
6,Davis,Sacramento Valley,2024-05-27,148,6.12,0.0,326.0,1.34,29.6,10.1,19.9,97.0,33.0,58.0,11.3,2.07
6,Davis,Sacramento Valley,2024-05-28,149,6.03,0.0,324.0,1.36,30.9,11.6,20.2,88.0,32.0,57.0,11.5,2.16
6,Davis,Sacramento Valley,2024-05-29,150,8.01,0.0,334.0,0.97,30.6,12.7,21.9,86.0,15.0,37.0,6.6,3.81
6,Davis,Sacramento Valley,2024-05-30,151,8.54,0.0,331.0,0.96,32.6,18.5,25.1,54.0,19.0,30.0,6.4,3.68
6,Davis,Sacramento Valley,2024-05-31,152,7.44,0.0,326.0,1.27,34.4,13.3,24.4,71.0,24.0,41.0,10.4,2.5
6,Davis,Sacramento Valley,2024-06-01,153,6.18,0.0,320.0,1.39,30.1,12.1,20.6,83.0,39.0,57.0,11.8,2.48
6,Davis,Sacramento Valley,2024-06-02,154,5.85,0.0,311.0,1.47,30.0,11.6,21.3,94.0,35.0,58.0,12.7,2.06
6,Davis,Sacramento Valley,2024-06-03,155,5.56,0.0,251.0,1.58,29.3,15.8,22.5,73.0,44.0,58.0,13.8,2.93
6,Davis,Sacramento Valley,2024-06-04,156,9.01,0.0,326.0,1.55,37.5,14.2,27.3,79.0,25.0,43.0,13.5,3.72
6,Davis,Sacramento Valley,2024-06-05,157,7.62,0.0,323.0,1.8,38.7,17.4,29.1,80.0,27.0,45.0,15.8,2.11
6,Davis,Sacramento Valley,2024-06-06,158,7.02,0.0,326.0,1.79,34.8,17.0,25.8,77.0,34.0,54.0,15.8,2.09
6,Davis,Sacramento Valley,2024-06-07,159,6.63,0.3,332.0,1.54,31.8,14.4,21.7,80.0,36.0,59.0,13.4,2.8
6,Davis,Sacramento Valley,2024-06-08,160,5.75,0.0,315.0,1.47,28.3,13.7,20.0,83.0,46.0,63.0,12.7,2.53
6,Davis,Sacramento Valley,2024-06-09,161,6.01,0.0,321.0,1.43,29.9,13.4,20.4,79.0,40.0,59.0,12.3,2.35
6,Davis,Sacramento Valley,2024-06-10,162,6.55,0.0,326.0,1.63,34.4,13.0,23.4,85.0,38.0,57.0,14.3,1.82
6,Davis,Sacramento Valley,2024-06-11,163,6.95,0.0,328.0,1.78,37.1,13.0,26.0,95.0,34.0,53.0,15.7,1.84
6,Davis,Sacramento Valley,2024-06-12,164,7.22,0.0,336.0,1.66,34.3,15.5,24.6,93.0,35.0,54.0,14.6,2.37
6,Davis,Sacramento Valley,2024-06-13,165,6.09,0.0,333.0,1.39,28.4,12.2,19.4,87.0,42.0,62.0,11.9,2.62
6,Davis,Sacramento Valley,2024-06-14,166,6.77,0.0,328.0,1.26,33.0,10.3,20.9,92.0,26.0,51.0,10.4,2.59
6,Davis,Sacramento Valley,2024-06-15,167,7.26,0.0,342.0,0.97,30.2,9.3,21.1,90.0,15.0,39.0,6.5,2.66
6,Davis,Sacramento Valley,2024-06-16,168,8.07,0.0,341.0,1.03,31.8,11.2,23.1,80.0,24.0,37.0,7.4,3.07
6,Davis,Sacramento Valley,2024-06-17,169,8.48,0.0,345.0,0.78,28.1,13.2,21.2,69.0,14.0,31.0,3.4,4.35
6,Davis,Sacramento Valley,2024-06-18,170,7.92,0.0,325.0,0.89,31.0,15.4,23.3,52.0,17.0,31.0,5.3,3.22
6,Davis,Sacramento Valley,2024-06-19,171,6.4,0.0,329.0,1.19,30.1,9.9,20.1,95.0,25.0,51.0,9.6,1.99
6,Davis,Sacramento Valley,2024-06-20,172,6.09,0.0,322.0,1.32,30.5,9.9,19.9,94.0,30.0,57.0,11.1,1.95
6,Davis,Sacramento Valley,2024-06-21,173,6.52,0.0,331.0,1.47,33.3,11.0,22.0,94.0,31.0,56.0,12.7,1.98
6,Davis,Sacramento Valley,2024-06-22,174,6.99,0.0,334.0,1.6,37.4,12.4,25.3,90.0,27.0,50.0,14.1,1.79
6,Davis,Sacramento Valley,2024-06-23,175,8.71,0.0,341.0,1.45,36.4,16.6,26.8,76.0,24.0,41.0,12.5,3.13
6,Davis,Sacramento Valley,2024-06-24,176,8.37,0.0,345.0,1.18,35.7,14.0,25.1,80.0,16.0,37.0,9.4,2.88
6,Davis,Sacramento Valley,2024-06-25,177,6.63,0.0,289.0,1.31,35.4,15.2,24.8,75.0,19.0,42.0,10.9,1.95
6,Davis,Sacramento Valley,2024-06-26,178,7.32,0.0,334.0,1.38,32.8,13.5,23.1,84.0,30.0,49.0,11.8,2.92
6,Davis,Sacramento Valley,2024-06-27,179,6.62,0.0,335.0,1.32,31.5,11.4,22.0,93.0,27.0,50.0,11.1,2.15
6,Davis,Sacramento Valley,2024-06-28,180,7.32,0.0,336.0,1.36,34.4,13.0,24.4,91.0,20.0,45.0,11.6,2.07
6,Davis,Sacramento Valley,2024-06-29,181,6.96,0.0,332.0,1.53,34.9,13.3,24.5,92.0,27.0,50.0,13.3,1.85
6,Davis,Sacramento Valley,2024-06-30,182,7.8,0.0,328.0,1.6,35.4,17.0,26.7,79.0,28.0,45.0,14.0,2.62
6,Davis,Sacramento Valley,2024-07-01,183,8.37,0.0,337.0,1.41,38.3,15.1,27.9,94.0,14.0,38.0,12.1,2.46
6,Davis,Sacramento Valley,2024-07-04,186,7.55,0.0,331.0,1.67,39.7,15.0,28.1,89.0,23.0,44.0,14.7,1.75
6,Davis,Sacramento Valley,2024-07-05,187,7.6,0.0,332.0,1.72,40.4,15.0,28.4,90.0,25.0,44.0,15.2,1.71
6,Davis,Sacramento Valley,2024-07-06,188,7.33,0.0,327.0,1.86,44.0,16.5,29.6,89.0,19.0,45.0,16.3,1.51
6,Davis,Sacramento Valley,2024-07-07,189,7.25,0.0,327.0,1.91,38.2,16.5,26.8,92.0,29.0,54.0,16.7,1.98
6,Davis,Sacramento Valley,2024-07-08,190,7.09,0.0,332.0,1.77,36.6,15.2,24.9,90.0,28.0,56.0,15.6,2.25
6,Davis,Sacramento Valley,2024-07-09,191,6.64,0.0,331.0,1.7,34.0,14.5,23.2,92.0,32.0,60.0,14.9,2.21
6,Davis,Sacramento Valley,2024-07-10,192,6.83,0.0,329.0,1.84,39.3,13.7,26.6,96.0,23.0,53.0,16.2,1.38
6,Davis,Sacramento Valley,2024-07-11,193,7.47,0.0,324.0,1.71,41.7,15.2,29.6,93.0,17.0,41.0,15.0,1.77
6,Davis,Sacramento Valley,2024-07-12,194,7.57,0.0,316.0,1.79,41.3,16.6,29.1,92.0,19.0,44.0,15.7,1.81
6,Davis,Sacramento Valley,2024-07-13,195,6.0,0.0,258.0,1.66,35.3,16.0,24.9,83.0,36.0,53.0,14.6,2.44
6,Davis,Sacramento Valley,2024-07-14,196,5.67,0.0,255.0,1.58,35.3,15.7,24.5,77.0,27.0,51.0,13.8,2.14
6,Davis,Sacramento Valley,2024-07-15,197,6.68,0.0,318.0,1.46,33.0,14.2,23.1,82.0,31.0,52.0,12.6,2.54
6,Davis,Sacramento Valley,2024-07-16,198,7.09,0.0,327.0,1.29,31.1,13.3,21.8,83.0,27.0,49.0,10.7,3.19
6,Davis,Sacramento Valley,2024-07-17,199,5.91,0.0,324.0,1.51,32.1,10.7,21.7,93.0,36.0,58.0,13.2,1.95
6,Davis,Sacramento Valley,2024-07-18,200,6.91,0.0,316.0,1.68,36.9,14.2,25.8,93.0,28.0,50.0,14.7,1.91
6,Davis,Sacramento Valley,2024-07-19,201,7.43,0.0,316.0,1.56,38.8,15.7,27.9,90.0,24.0,42.0,13.7,1.92
6,Davis,Sacramento Valley,2024-07-20,202,7.25,0.0,307.0,1.68,38.9,16.1,26.9,87.0,24.0,47.0,14.7,2.12
6,Davis,Sacramento Valley,2024-07-21,203,6.26,0.0,312.0,1.7,33.0,14.6,23.5,90.0,37.0,59.0,14.9,2.07
6,Davis,Sacramento Valley,2024-07-22,204,6.83,0.0,308.0,1.77,38.9,15.1,27.3,94.0,22.0,49.0,15.6,1.69
6,Davis,Sacramento Valley,2024-07-23,205,7.51,0.0,305.0,1.67,41.0,17.2,30.0,88.0,16.0,39.0,14.7,1.84
6,Davis,Sacramento Valley,2024-07-24,206,8.2,0.0,277.0,1.33,39.5,16.5,29.6,77.0,17.0,32.0,11.2,2.57
6,Davis,Sacramento Valley,2024-07-25,207,7.94,0.0,316.0,1.45,36.9,17.0,26.9,77.0,26.0,41.0,12.5,3.0
6,Davis,Sacramento Valley,2024-07-26,208,7.51,0.0,317.0,1.32,36.3,13.9,24.0,83.0,19.0,44.0,11.1,2.78
6,Davis,Sacramento Valley,2024-07-27,209,5.04,0.0,304.0,1.37,23.8,12.9,17.8,84.0,51.0,68.0,11.7,3.59
6,Davis,Sacramento Valley,2024-07-28,210,5.32,0.0,287.0,1.46,29.9,11.5,20.0,96.0,34.0,63.0,12.6,1.78
6,Davis,Sacramento Valley,2024-07-29,211,5.73,0.0,304.0,1.5,30.8,12.5,20.8,94.0,34.0,61.0,13.1,2.14
6,Davis,Sacramento Valley,2024-07-30,212,5.81,0.0,308.0,1.67,32.2,13.3,22.3,95.0,37.0,62.0,14.6,1.81
6,Davis,Sacramento Valley,2024-07-31,213,6.27,0.0,305.0,1.75,34.8,14.5,24.2,97.0,30.0,58.0,15.4,1.91
6,Davis,Sacramento Valley,2024-08-01,214,6.4,0.0,307.0,1.58,37.1,13.6,25.5,95.0,20.0,48.0,13.8,1.56
6,Davis,Sacramento Valley,2024-08-02,215,5.73,0.0,223.0,1.65,34.8,15.6,26.5,93.0,29.0,48.0,14.5,2.04
6,Davis,Sacramento Valley,2024-08-03,216,6.69,0.0,295.0,1.51,37.5,17.4,27.8,84.0,18.0,40.0,13.2,1.77
6,Davis,Sacramento Valley,2024-08-04,217,6.77,0.0,305.0,1.58,36.7,15.0,24.8,88.0,20.0,51.0,13.8,2.21
6,Davis,Sacramento Valley,2024-08-05,218,6.23,0.0,314.0,1.54,33.8,12.1,22.0,95.0,27.0,58.0,13.4,2.09
6,Davis,Sacramento Valley,2024-08-06,219,6.21,0.0,302.0,1.44,37.2,11.7,24.4,95.0,17.0,47.0,12.4,1.82
6,Davis,Sacramento Valley,2024-08-07,220,7.13,0.0,298.0,1.42,36.9,13.7,25.3,90.0,16.0,44.0,12.1,2.27
6,Davis,Sacramento Valley,2024-08-08,221,6.04,0.0,290.0,1.56,33.8,14.4,23.2,90.0,32.0,55.0,13.6,2.03
6,Davis,Sacramento Valley,2024-08-09,222,6.25,0.0,293.0,1.52,35.6,13.0,23.0,94.0,29.0,54.0,13.2,2.1
6,Davis,Sacramento Valley,2024-08-10,223,6.09,0.0,299.0,1.54,35.0,11.9,23.2,94.0,28.0,54.0,13.4,1.85
6,Davis,Sacramento Valley,2024-08-11,224,5.89,0.0,288.0,1.54,31.5,13.3,21.8,93.0,40.0,59.0,13.5,2.4
6,Davis,Sacramento Valley,2024-08-12,225,5.84,0.0,278.0,1.41,32.3,12.3,21.2,96.0,29.0,56.0,12.1,2.47
6,Davis,Sacramento Valley,2024-08-13,226,5.76,0.0,291.0,1.41,31.9,11.7,21.8,91.0,31.0,54.0,12.1,2.16
6,Davis,Sacramento Valley,2024-08-14,227,6.47,0.0,341.0,1.48,34.8,18.9,29.0,94.0,28.0,37.0,12.8,2.98
6,Davis,Sacramento Valley,2024-08-15,228,5.95,0.0,290.0,1.5,32.8,13.5,23.8,91.0,31.0,51.0,13.0,1.76
6,Davis,Sacramento Valley,2024-08-16,229,6.07,0.0,288.0,1.56,33.4,13.7,23.7,93.0,30.0,53.0,13.6,1.99
6,Davis,Sacramento Valley,2024-08-17,230,5.78,0.0,283.0,1.69,28.5,15.3,21.9,85.0,50.0,64.0,14.9,3.46
6,Davis,Sacramento Valley,2024-08-18,231,5.58,0.0,295.0,1.38,29.5,13.3,20.9,96.0,28.0,56.0,11.8,2.02
6,Davis,Sacramento Valley,2024-08-19,232,5.78,0.0,289.0,1.29,31.6,12.3,21.8,96.0,26.0,49.0,10.7,1.66
6,Davis,Sacramento Valley,2024-08-20,233,5.98,0.0,284.0,1.34,33.5,11.4,22.8,93.0,27.0,48.0,11.3,1.87
6,Davis,Sacramento Valley,2024-08-21,234,6.06,0.0,287.0,1.37,31.9,13.1,22.5,86.0,24.0,50.0,11.6,2.22
6,Davis,Sacramento Valley,2024-08-22,235,5.79,0.0,280.0,1.47,27.4,14.7,20.3,85.0,44.0,62.0,12.7,4.22
6,Davis,Sacramento Valley,2024-08-23,236,4.25,0.0,208.0,1.25,23.5,11.9,19.0,87.0,45.0,57.0,10.3,2.83
6,Davis,Sacramento Valley,2024-08-24,237,3.59,0.0,192.0,1.51,24.6,14.9,19.5,93.0,48.0,66.0,13.1,2.38
6,Davis,Sacramento Valley,2024-08-25,238,5.71,0.0,280.0,1.23,29.9,11.9,21.2,94.0,23.0,49.0,10.0,2.4
6,Davis,Sacramento Valley,2024-08-26,239,5.39,0.0,276.0,1.33,34.0,11.9,23.7,93.0,25.0,46.0,11.2,1.25
6,Davis,Sacramento Valley,2024-08-27,240,5.75,0.0,274.0,1.4,35.7,12.7,25.0,91.0,24.0,44.0,12.0,1.55
6,Davis,Sacramento Valley,2024-08-28,241,6.28,0.0,276.0,1.33,36.4,13.5,25.0,91.0,13.0,42.0,11.2,1.97
6,Davis,Sacramento Valley,2024-08-29,242,5.52,0.0,268.0,1.45,33.9,11.7,22.6,94.0,27.0,53.0,12.5,1.77
6,Davis,Sacramento Valley,2024-08-30,243,5.39,0.0,266.0,1.45,33.9,11.9,22.9,93.0,30.0,52.0,12.5,1.59
6,Davis,Sacramento Valley,2024-08-31,244,5.38,0.0,262.0,1.44,34.7,12.4,23.0,95.0,28.0,51.0,12.4,1.5
6,Davis,Sacramento Valley,2024-09-01,245,5.92,0.0,266.0,1.35,33.5,12.9,22.2,91.0,24.0,50.0,11.4,2.32
6,Davis,Sacramento Valley,2024-09-02,246,5.52,0.0,271.0,1.34,31.5,13.2,21.6,82.0,29.0,52.0,11.3,2.02
6,Davis,Sacramento Valley,2024-09-03,247,6.4,0.0,265.0,1.18,36.4,12.4,24.6,83.0,18.0,38.0,9.4,2.16
6,Davis,Sacramento Valley,2024-09-04,248,6.14,0.0,260.0,1.17,38.2,12.0,26.5,82.0,19.0,34.0,9.2,1.58
6,Davis,Sacramento Valley,2024-09-05,249,5.71,0.0,258.0,1.31,38.0,13.5,26.1,94.0,12.0,39.0,11.0,1.37
6,Davis,Sacramento Valley,2024-09-06,250,5.98,0.0,254.0,1.22,39.3,12.9,26.9,89.0,15.0,34.0,9.9,1.52
6,Davis,Sacramento Valley,2024-09-07,251,7.3,0.0,261.0,1.1,35.7,14.2,25.1,84.0,14.0,35.0,8.4,2.77
6,Davis,Sacramento Valley,2024-09-08,252,5.13,0.0,258.0,1.23,36.2,11.4,24.1,95.0,21.0,41.0,10.0,1.33
6,Davis,Sacramento Valley,2024-09-09,253,6.33,0.0,252.0,1.26,36.5,13.5,25.6,83.0,22.0,38.0,10.4,2.11
6,Davis,Sacramento Valley,2024-09-10,254,5.05,0.0,255.0,1.37,29.3,12.5,20.0,88.0,35.0,59.0,11.6,2.48
6,Davis,Sacramento Valley,2024-09-11,255,5.13,0.0,248.0,1.38,31.2,11.0,20.2,95.0,31.0,58.0,11.7,2.4
6,Davis,Sacramento Valley,2024-09-12,256,5.57,0.0,250.0,1.16,30.4,10.7,20.9,94.0,21.0,47.0,9.2,2.42
6,Davis,Sacramento Valley,2024-09-13,257,5.16,0.0,246.0,1.23,33.6,11.6,22.3,88.0,22.0,45.0,10.0,1.77
6,Davis,Sacramento Valley,2024-09-14,258,5.39,0.0,242.0,1.37,33.0,11.1,21.7,95.0,23.0,53.0,11.6,2.13
6,Davis,Sacramento Valley,2024-09-15,259,4.43,0.0,215.0,1.33,25.8,12.9,18.2,82.0,45.0,64.0,11.2,3.8
6,Davis,Sacramento Valley,2024-09-16,260,2.21,0.0,133.0,1.25,21.7,10.1,15.9,93.0,47.0,69.0,10.3,1.61
6,Davis,Sacramento Valley,2024-09-17,261,3.82,0.0,220.0,1.36,24.1,12.9,18.0,84.0,47.0,66.0,11.5,2.8
6,Davis,Sacramento Valley,2024-09-18,262,2.44,0.0,143.0,1.45,23.4,13.5,17.9,92.0,53.0,70.0,12.5,1.4
6,Davis,Sacramento Valley,2024-09-19,263,4.45,0.0,225.0,1.43,30.5,11.8,20.4,96.0,32.0,60.0,12.3,1.68
6,Davis,Sacramento Valley,2024-09-20,264,4.45,0.0,226.0,1.48,32.2,11.0,20.5,96.0,36.0,62.0,12.8,1.79
6,Davis,Sacramento Valley,2024-09-21,265,4.03,0.0,225.0,1.47,31.7,10.7,20.7,95.0,31.0,60.0,12.7,1.52
6,Davis,Sacramento Valley,2024-09-22,266,4.28,0.0,223.0,1.4,35.0,11.6,22.2,95.0,20.0,52.0,12.0,1.26
6,Davis,Sacramento Valley,2024-09-23,267,4.84,0.0,221.0,1.27,36.3,11.8,24.0,91.0,18.0,42.0,10.4,1.43
6,Davis,Sacramento Valley,2024-09-24,268,4.6,0.0,219.0,1.39,38.2,12.3,24.9,91.0,18.0,44.0,11.8,1.35
6,Davis,Sacramento Valley,2024-09-25,269,4.53,0.0,218.0,1.48,29.0,14.3,20.4,86.0,42.0,62.0,12.8,2.81
6,Davis,Sacramento Valley,2024-09-26,270,3.68,0.0,219.0,1.41,31.5,10.0,19.8,96.0,33.0,61.0,12.1,1.53
6,Davis,Sacramento Valley,2024-09-27,271,4.23,0.0,221.0,1.34,35.2,10.9,22.7,93.0,23.0,49.0,11.3,1.08
6,Davis,Sacramento Valley,2024-09-28,272,4.5,0.0,216.0,1.38,33.3,11.1,21.5,93.0,28.0,54.0,11.7,1.63
6,Davis,Sacramento Valley,2024-09-29,273,3.68,0.0,214.0,1.34,32.3,9.3,19.7,96.0,27.0,58.0,11.3,1.4
6,Davis,Sacramento Valley,2024-09-30,274,5.39,0.0,212.0,1.08,33.5,12.1,22.6,85.0,20.0,39.0,8.0,2.19
6,Davis,Sacramento Valley,2024-10-01,275,5.62,0.0,207.0,1.02,38.1,12.7,25.8,67.0,15.0,31.0,7.2,1.98
6,Davis,Sacramento Valley,2024-10-02,276,5.01,0.0,206.0,1.12,39.2,13.9,26.5,71.0,17.0,32.0,8.6,1.58
6,Davis,Sacramento Valley,2024-10-03,277,4.98,0.0,206.0,1.1,37.1,12.5,24.6,86.0,18.0,35.0,8.3,1.63
6,Davis,Sacramento Valley,2024-10-04,278,4.53,0.0,174.0,1.07,36.1,13.4,24.9,66.0,17.0,34.0,7.9,1.65
6,Davis,Sacramento Valley,2024-10-05,279,5.68,0.0,196.0,1.13,37.0,14.2,25.7,72.0,18.0,34.0,8.8,2.36
6,Davis,Sacramento Valley,2024-10-06,280,6.06,0.0,189.0,1.06,37.8,14.9,27.0,56.0,17.0,30.0,7.9,2.53
6,Davis,Sacramento Valley,2024-10-07,281,5.55,0.0,189.0,1.09,37.4,13.5,26.6,81.0,17.0,31.0,8.2,2.08
6,Davis,Sacramento Valley,2024-10-08,282,5.01,0.0,195.0,1.11,37.8,12.4,25.4,82.0,18.0,34.0,8.5,1.79
6,Davis,Sacramento Valley,2024-10-09,283,3.39,0.0,177.0,1.37,30.4,11.1,20.4,95.0,30.0,57.0,11.6,1.37
6,Davis,Sacramento Valley,2024-10-10,284,3.44,0.0,182.0,1.4,29.8,11.2,19.7,94.0,39.0,61.0,11.9,1.54
6,Davis,Sacramento Valley,2024-10-11,285,3.88,0.0,187.0,1.11,28.1,8.5,17.9,93.0,21.0,54.0,8.4,1.87
6,Davis,Sacramento Valley,2024-10-12,286,2.86,0.0,154.0,1.56,25.4,11.7,18.3,93.0,55.0,74.0,13.6,2.26
6,Davis,Sacramento Valley,2024-10-13,287,3.53,0.0,179.0,1.55,28.1,14.4,20.8,94.0,41.0,63.0,13.5,1.92
6,Davis,Sacramento Valley,2024-10-14,288,3.34,0.0,178.0,1.56,28.8,10.5,19.9,97.0,43.0,67.0,13.6,1.5
6,Davis,Sacramento Valley,2024-10-15,289,3.3,0.0,178.0,1.52,29.2,10.8,19.8,90.0,41.0,66.0,13.2,1.56
6,Davis,Sacramento Valley,2024-10-16,290,2.13,0.0,116.0,1.55,25.6,13.7,19.0,83.0,52.0,71.0,13.6,1.58
6,Davis,Sacramento Valley,2024-10-17,291,4.56,0.0,169.0,0.95,24.0,10.0,17.2,91.0,21.0,49.0,6.3,4.19
6,Davis,Sacramento Valley,2024-10-18,292,6.34,0.0,174.0,0.51,24.9,12.5,18.1,39.0,14.0,24.0,-2.5,6.19
6,Davis,Sacramento Valley,2024-10-19,293,4.16,0.0,176.0,0.65,25.5,11.0,18.8,53.0,21.0,30.0,0.9,2.46
6,Davis,Sacramento Valley,2024-10-20,294,3.06,0.0,169.0,0.75,26.2,6.3,16.3,75.0,22.0,40.0,2.8,1.17
6,Davis,Sacramento Valley,2024-10-21,295,4.1,0.0,169.0,0.9,25.8,9.0,18.1,82.0,18.0,43.0,5.4,2.37
6,Davis,Sacramento Valley,2024-10-22,296,2.8,0.0,169.0,0.92,25.9,7.7,15.4,92.0,26.0,52.0,5.7,1.17
6,Davis,Sacramento Valley,2024-10-23,297,3.54,0.0,164.0,0.96,26.8,7.1,17.3,95.0,30.0,49.0,6.4,2.21
6,Davis,Sacramento Valley,2024-10-24,298,4.45,0.0,168.0,0.65,24.3,8.6,16.8,56.0,24.0,34.0,0.9,3.64
6,Davis,Sacramento Valley,2024-10-25,299,2.56,0.0,144.0,0.84,25.4,5.0,15.1,90.0,29.0,49.0,4.5,1.13
6,Davis,Sacramento Valley,2024-10-26,300,2.7,0.0,146.0,0.98,26.0,4.6,16.2,92.0,29.0,53.0,6.6,1.43
6,Davis,Sacramento Valley,2024-10-27,301,3.04,0.0,139.0,1.44,24.8,12.1,18.0,96.0,48.0,70.0,12.4,2.86
6,Davis,Sacramento Valley,2024-10-28,302,2.46,0.0,143.0,0.93,20.5,7.3,13.5,87.0,40.0,60.0,5.8,1.76
6,Davis,Sacramento Valley,2024-10-29,303,3.16,0.0,158.0,0.7,20.9,4.5,12.3,83.0,26.0,49.0,1.9,2.37
6,Davis,Sacramento Valley,2024-10-30,304,2.58,0.0,126.0,0.92,19.2,4.1,12.5,93.0,35.0,64.0,5.8,3.09
6,Davis,Sacramento Valley,2024-10-31,305,1.99,0.0,141.0,1.11,19.4,7.5,13.4,97.0,44.0,72.0,8.4,1.71
6,Davis,Sacramento Valley,2024-11-01,306,1.92,3.9,154.0,1.19,19.5,9.7,15.2,95.0,46.0,69.0,9.5,3.05
6,Davis,Sacramento Valley,2024-11-02,307,1.12,2.4,86.0,1.27,17.2,9.2,12.8,98.0,62.0,86.0,10.4,1.89
6,Davis,Sacramento Valley,2024-11-03,308,3.55,1.6,151.0,0.87,20.5,5.5,13.6,95.0,31.0,56.0,4.9,4.28
6,Davis,Sacramento Valley,2024-11-04,309,3.63,0.0,145.0,0.76,22.9,10.1,15.9,67.0,28.0,42.0,3.1,3.45
6,Davis,Sacramento Valley,2024-11-05,310,4.3,3.3,122.0,0.68,21.8,4.9,14.9,91.0,18.0,40.0,1.5,5.04
6,Davis,Sacramento Valley,2024-11-06,311,5.18,0.0,147.0,0.51,20.5,11.8,15.6,40.0,21.0,29.0,-2.5,6.43
6,Davis,Sacramento Valley,2024-11-07,312,2.78,0.0,142.0,0.51,22.7,6.4,13.2,61.0,18.0,33.0,-2.5,1.65
6,Davis,Sacramento Valley,2024-11-08,313,2.03,0.0,137.0,0.68,21.5,2.2,10.8,73.0,29.0,52.0,1.4,1.06
6,Davis,Sacramento Valley,2024-11-09,314,1.87,0.0,131.0,0.71,20.7,2.4,10.7,80.0,29.0,55.0,2.1,0.98
6,Davis,Sacramento Valley,2024-11-10,315,2.21,0.0,132.0,0.82,21.4,2.8,12.3,82.0,32.0,58.0,4.2,1.61
6,Davis,Sacramento Valley,2024-11-11,316,0.68,2.3,52.0,1.13,16.5,4.6,11.4,95.0,61.0,83.0,8.7,1.92
6,Davis,Sacramento Valley,2024-11-12,317,1.38,0.0,120.0,0.97,16.8,2.0,8.8,98.0,58.0,85.0,6.5,1.49
6,Davis,Sacramento Valley,2024-11-13,318,0.97,0.1,64.0,1.06,16.0,4.9,10.2,98.0,61.0,85.0,7.8,2.33
6,Davis,Sacramento Valley,2024-11-14,319,1.28,1.0,90.0,1.08,18.1,5.0,10.7,99.0,53.0,84.0,8.1,1.62
6,Davis,Sacramento Valley,2024-11-15,320,2.14,0.0,132.0,0.77,15.7,3.4,9.5,93.0,40.0,64.0,3.2,2.46
6,Davis,Sacramento Valley,2024-11-16,321,2.92,0.0,134.0,0.51,15.5,2.1,9.5,67.0,29.0,43.0,-2.3,3.79
6,Davis,Sacramento Valley,2024-11-17,322,1.67,0.0,95.0,0.82,16.5,0.3,9.3,88.0,41.0,70.0,4.1,2.21
6,Davis,Sacramento Valley,2024-11-18,323,1.87,0.0,125.0,0.63,15.7,3.0,9.2,75.0,34.0,55.0,0.5,1.52
6,Davis,Sacramento Valley,2024-11-19,324,1.32,0.0,83.0,0.65,13.5,0.2,7.8,86.0,45.0,61.0,0.8,1.37
6,Davis,Sacramento Valley,2024-11-20,325,0.3,18.9,16.0,0.98,11.8,8.9,10.2,94.0,58.0,78.0,6.6,2.16
6,Davis,Sacramento Valley,2024-11-21,326,0.15,10.9,14.0,1.19,16.7,9.5,11.8,94.0,78.0,86.0,9.5,1.99
6,Davis,Sacramento Valley,2024-11-22,327,0.25,51.9,10.0,1.31,17.0,10.8,13.0,97.0,71.0,87.0,10.9,3.08
6,Davis,Sacramento Valley,2024-11-23,328,1.14,1.0,89.0,1.18,15.8,6.5,11.4,96.0,69.0,88.0,9.4,2.32
6,Davis,Sacramento Valley,2024-11-24,329,1.31,0.1,116.0,0.99,15.7,4.7,9.3,99.0,52.0,84.0,6.8,1.26
6,Davis,Sacramento Valley,2024-11-25,330,0.53,4.4,44.0,1.18,13.3,7.2,10.8,97.0,80.0,92.0,9.4,2.25
6,Davis,Sacramento Valley,2024-11-26,331,1.0,0.0,78.0,1.15,16.5,6.9,11.5,95.0,59.0,85.0,9.1,1.87
6,Davis,Sacramento Valley,2024-11-27,332,2.14,0.0,136.0,0.79,14.9,4.0,9.3,92.0,45.0,67.0,3.5,3.62
6,Davis,Sacramento Valley,2024-11-28,333,1.79,0.0,133.0,0.73,14.2,2.2,7.6,92.0,46.0,70.0,2.4,2.08
6,Davis,Sacramento Valley,2024-11-29,334,1.65,0.0,121.0,0.73,14.9,1.8,7.0,94.0,47.0,73.0,2.5,1.91
6,Davis,Sacramento Valley,2024-11-30,335,1.29,0.0,114.0,0.78,13.9,-0.3,5.8,98.0,56.0,85.0,3.4,1.24
6,Davis,Sacramento Valley,2024-12-01,336,1.15,0.0,81.0,0.86,15.4,4.0,7.9,99.0,50.0,81.0,4.9,1.74
6,Davis,Sacramento Valley,2024-12-02,337,1.52,0.0,112.0,0.87,16.8,2.2,8.3,96.0,47.0,79.0,4.9,1.26
6,Davis,Sacramento Valley,2024-12-03,338,1.46,0.0,114.0,0.94,18.2,2.6,9.2,97.0,50.0,81.0,6.1,1.11
6,Davis,Sacramento Valley,2024-12-04,339,1.51,0.0,117.0,0.94,18.4,2.8,9.4,97.0,49.0,79.0,6.0,1.02
6,Davis,Sacramento Valley,2024-12-05,340,1.35,0.0,103.0,1.01,18.4,4.9,10.0,96.0,55.0,82.0,7.1,1.21
6,Davis,Sacramento Valley,2024-12-06,341,1.34,0.0,112.0,0.98,18.4,2.5,9.2,99.0,53.0,84.0,6.6,0.85
6,Davis,Sacramento Valley,2024-12-07,342,1.13,0.0,96.0,1.03,16.4,2.4,9.4,98.0,68.0,87.0,7.4,1.06
6,Davis,Sacramento Valley,2024-12-08,343,2.22,0.0,120.0,0.84,20.3,4.5,11.4,95.0,33.0,62.0,4.5,2.28
6,Davis,Sacramento Valley,2024-12-09,344,3.04,0.0,123.0,0.58,17.8,4.6,10.7,89.0,25.0,45.0,-0.8,3.67
6,Davis,Sacramento Valley,2024-12-10,345,0.99,0.0,93.0,0.79,13.1,-1.1,5.2,98.0,66.0,89.0,3.5,0.96
6,Davis,Sacramento Valley,2024-12-11,346,1.26,0.0,108.0,0.79,14.6,-0.3,7.2,94.0,52.0,78.0,3.6,1.25
6,Davis,Sacramento Valley,2024-12-12,347,0.67,13.8,47.0,1.1,13.4,7.5,10.0,97.0,72.0,89.0,8.3,3.4
6,Davis,Sacramento Valley,2024-12-13,348,0.37,3.7,26.0,1.16,12.6,9.5,11.0,96.0,78.0,88.0,9.2,3.69
6,Davis,Sacramento Valley,2024-12-14,349,1.12,26.5,62.0,1.05,14.8,5.7,10.8,94.0,58.0,81.0,7.7,4.15
6,Davis,Sacramento Valley,2024-12-15,350,0.42,0.0,42.0,0.93,8.8,2.7,6.7,98.0,89.0,95.0,5.9,1.81
6,Davis,Sacramento Valley,2024-12-16,351,0.21,16.9,26.0,1.05,9.7,6.1,8.2,98.0,95.0,96.0,7.7,1.92
6,Davis,Sacramento Valley,2024-12-17,352,0.82,0.0,84.0,1.13,14.0,7.3,10.1,99.0,78.0,91.0,8.7,3.01
6,Davis,Sacramento Valley,2024-12-18,353,0.72,0.0,72.0,0.99,12.0,4.0,7.6,99.0,84.0,95.0,6.8,1.16
6,Davis,Sacramento Valley,2024-12-19,354,0.09,0.1,23.0,0.96,9.0,3.1,6.7,99.0,94.0,98.0,6.4,1.44
6,Davis,Sacramento Valley,2024-12-20,355,0.11,0.1,24.0,1.0,8.2,6.7,7.2,99.0,94.0,98.0,6.9,1.7
6,Davis,Sacramento Valley,2024-12-21,356,0.08,3.4,22.0,1.16,11.1,7.1,9.5,99.0,96.0,98.0,9.2,1.95
6,Davis,Sacramento Valley,2024-12-22,357,0.27,3.8,30.0,1.27,12.7,9.8,10.9,99.0,91.0,97.0,10.5,2.07
6,Davis,Sacramento Valley,2024-12-23,358,0.19,1.4,27.0,1.44,14.0,11.4,12.7,99.0,95.0,98.0,12.4,1.76
6,Davis,Sacramento Valley,2024-12-24,359,1.05,7.9,81.0,1.17,16.0,6.1,11.9,99.0,60.0,84.0,9.2,2.67
6,Davis,Sacramento Valley,2024-12-25,360,0.69,0.0,63.0,0.97,11.7,4.4,8.3,98.0,78.0,89.0,6.6,1.64
6,Davis,Sacramento Valley,2024-12-26,361,0.6,4.1,44.0,1.13,13.4,8.6,10.6,96.0,82.0,89.0,8.8,3.62
6,Davis,Sacramento Valley,2024-12-27,362,0.79,1.9,65.0,1.35,16.0,10.3,12.7,98.0,81.0,91.0,11.4,4.1
6,Davis,Sacramento Valley,2024-12-28,363,1.09,0.0,72.0,1.45,18.5,12.3,14.7,92.0,78.0,87.0,12.5,3.31
6,Davis,Sacramento Valley,2024-12-29,364,1.48,3.3,105.0,1.29,17.7,7.5,13.3,97.0,65.0,85.0,10.8,3.42
6,Davis,Sacramento Valley,2024-12-30,365,1.98,0.0,124.0,0.8,14.5,5.4,9.4,98.0,45.0,68.0,3.8,3.13
6,Davis,Sacramento Valley,2024-12-31,366,1.65,0.0,122.0,0.72,14.1,3.8,8.5,88.0,44.0,65.0,2.3,1.86
6,Davis,Sacramento Valley,2025-01-01,1,0.36,0.0,36.0,0.91,10.5,3.8,7.7,94.0,76.0,87.0,5.7,1.18
6,Davis,Sacramento Valley,2025-01-02,2,1.24,0.0,102.0,1.01,14.6,6.5,10.0,97.0,70.0,83.0,7.1,1.92
6,Davis,Sacramento Valley,2025-01-03,3,0.54,4.1,34.0,1.07,15.4,6.4,10.1,98.0,64.0,87.0,8.0,2.51
6,Davis,Sacramento Valley,2025-01-04,4,1.13,0.0,97.0,0.93,14.1,3.7,8.3,98.0,63.0,85.0,5.8,1.39
6,Davis,Sacramento Valley,2025-01-05,5,1.4,0.0,121.0,0.96,15.5,4.4,9.1,96.0,60.0,83.0,6.4,1.43
6,Davis,Sacramento Valley,2025-01-06,6,1.4,0.0,102.0,1.03,15.5,5.0,10.4,96.0,61.0,81.0,7.3,3.04
6,Davis,Sacramento Valley,2025-01-07,7,3.36,0.0,119.0,0.76,17.5,10.3,13.6,61.0,39.0,49.0,3.1,6.67
6,Davis,Sacramento Valley,2025-01-08,8,2.53,0.0,124.0,0.7,17.0,4.9,11.6,88.0,40.0,52.0,2.0,3.22
6,Davis,Sacramento Valley,2025-01-09,9,3.64,0.0,124.0,0.72,21.1,3.1,13.2,91.0,27.0,48.0,2.3,4.21
6,Davis,Sacramento Valley,2025-01-10,10,1.53,0.0,113.0,0.93,16.2,3.6,9.8,93.0,58.0,77.0,6.0,1.86
6,Davis,Sacramento Valley,2025-01-11,11,4.2,0.0,125.0,0.59,17.4,8.7,12.9,78.0,26.0,40.0,-0.5,7.38
6,Davis,Sacramento Valley,2025-01-12,12,3.61,0.0,124.0,0.56,16.8,9.1,12.0,54.0,31.0,40.0,-1.3,5.67
6,Davis,Sacramento Valley,2025-01-13,13,3.18,0.0,120.0,0.57,15.6,5.9,11.0,74.0,30.0,43.0,-1.0,4.94
6,Davis,Sacramento Valley,2025-01-14,14,1.56,0.0,119.0,0.68,16.2,0.5,7.8,89.0,37.0,64.0,1.4,1.13
6,Davis,Sacramento Valley,2025-01-15,15,1.62,0.0,122.0,0.7,17.1,0.1,7.3,93.0,34.0,68.0,1.8,1.0
6,Davis,Sacramento Valley,2025-01-16,16,1.6,0.0,122.0,0.76,17.5,1.0,8.2,92.0,40.0,70.0,3.0,1.62
6,Davis,Sacramento Valley,2025-01-17,17,1.4,0.2,122.0,0.82,15.5,0.3,6.9,97.0,58.0,82.0,4.0,1.01
6,Davis,Sacramento Valley,2025-01-18,18,1.59,0.0,128.0,0.74,17.0,-0.6,7.0,98.0,40.0,74.0,2.6,1.06
6,Davis,Sacramento Valley,2025-01-19,19,1.39,0.0,126.0,0.78,14.6,0.1,6.2,98.0,55.0,82.0,3.4,1.47
6,Davis,Sacramento Valley,2025-01-20,20,3.71,0.0,137.0,0.5,16.7,3.8,10.7,82.0,22.0,38.0,-2.9,4.97
6,Davis,Sacramento Valley,2025-01-21,21,1.64,0.0,133.0,0.65,14.4,-1.4,5.8,92.0,46.0,70.0,0.8,1.42
6,Davis,Sacramento Valley,2025-01-22,22,2.07,0.0,135.0,0.61,15.7,-1.4,6.4,89.0,34.0,63.0,-0.1,1.75
6,Davis,Sacramento Valley,2025-01-23,23,1.79,0.0,135.0,0.71,19.3,-1.1,7.9,91.0,37.0,66.0,2.0,1.07
6,Davis,Sacramento Valley,2025-01-24,24,1.58,0.0,113.0,0.78,16.8,1.3,8.5,88.0,46.0,70.0,3.3,1.56
6,Davis,Sacramento Valley,2025-01-25,25,2.15,0.0,96.0,0.67,13.3,3.0,9.0,92.0,31.0,58.0,1.2,3.75
6,Davis,Sacramento Valley,2025-01-26,26,3.35,0.0,135.0,0.43,14.1,5.4,9.2,54.0,26.0,37.0,-4.8,4.75
6,Davis,Sacramento Valley,2025-01-27,27,3.44,0.0,140.0,0.47,17.8,4.3,10.4,72.0,22.0,37.0,-3.5,3.94
6,Davis,Sacramento Valley,2025-01-28,28,1.63,0.0,138.0,0.62,16.1,-1.6,6.2,89.0,36.0,66.0,0.3,1.03
6,Davis,Sacramento Valley,2025-01-29,29,1.44,0.0,133.0,0.78,13.5,-0.7,6.0,97.0,61.0,83.0,3.4,1.24
6,Davis,Sacramento Valley,2025-01-30,30,1.5,0.0,133.0,0.75,13.4,-1.2,5.6,97.0,62.0,83.0,2.8,1.46
6,Davis,Sacramento Valley,2025-01-31,31,0.09,6.9,19.0,0.97,9.6,4.5,7.5,97.0,89.0,93.0,6.5,2.16
6,Davis,Sacramento Valley,2025-02-01,32,0.11,14.2,22.0,1.22,13.0,8.9,10.7,97.0,88.0,95.0,9.9,3.7
6,Davis,Sacramento Valley,2025-02-02,33,0.12,4.3,15.0,1.44,15.1,12.2,13.6,97.0,85.0,93.0,12.4,3.86
6,Davis,Sacramento Valley,2025-02-03,34,1.4,3.4,78.0,1.25,15.9,11.2,13.5,94.0,67.0,81.0,10.2,3.7
6,Davis,Sacramento Valley,2025-02-04,35,0.36,46.4,22.0,1.22,15.4,6.3,11.3,96.0,77.0,91.0,9.9,4.19
6,Davis,Sacramento Valley,2025-02-05,36,2.05,0.0,177.0,0.73,13.5,1.8,7.3,89.0,45.0,71.0,2.4,1.68
6,Davis,Sacramento Valley,2025-02-06,37,0.09,31.5,18.0,0.94,13.2,2.5,6.9,99.0,80.0,95.0,6.1,2.81
6,Davis,Sacramento Valley,2025-02-07,38,2.0,0.0,163.0,0.9,15.2,6.3,9.8,91.0,53.0,74.0,5.4,1.91
6,Davis,Sacramento Valley,2025-02-08,39,2.63,0.0,184.0,0.67,13.4,3.7,8.4,86.0,41.0,61.0,1.3,3.56
6,Davis,Sacramento Valley,2025-02-09,40,2.85,0.0,181.0,0.59,13.0,4.0,8.5,74.0,42.0,53.0,-0.4,4.37
6,Davis,Sacramento Valley,2025-02-10,41,2.68,0.0,174.0,0.54,13.5,2.2,7.7,83.0,36.0,51.0,-1.8,2.93
6,Davis,Sacramento Valley,2025-02-11,42,1.49,0.0,119.0,0.6,10.9,-0.7,6.0,87.0,44.0,65.0,-0.2,1.21
6,Davis,Sacramento Valley,2025-02-12,43,1.49,7.1,116.0,0.69,11.0,0.8,6.2,95.0,57.0,73.0,1.6,2.24
6,Davis,Sacramento Valley,2025-02-13,44,0.96,33.1,75.0,1.25,14.8,7.5,11.7,97.0,79.0,91.0,10.3,5.93
6,Davis,Sacramento Valley,2025-02-14,45,2.65,0.0,190.0,0.94,16.3,5.6,11.3,91.0,51.0,70.0,6.1,2.85
6,Davis,Sacramento Valley,2025-02-15,46,1.78,0.0,142.0,0.88,15.1,3.6,9.3,89.0,54.0,75.0,5.1,1.78
6,Davis,Sacramento Valley,2025-02-16,47,1.56,0.9,119.0,1.03,15.1,6.1,10.3,95.0,67.0,82.0,7.4,1.66
6,Davis,Sacramento Valley,2025-02-17,48,1.72,0.0,133.0,0.96,16.5,4.3,9.4,96.0,57.0,82.0,6.4,1.3
6,Davis,Sacramento Valley,2025-02-18,49,1.98,0.0,150.0,1.0,17.8,3.8,10.7,96.0,54.0,78.0,7.0,1.48
6,Davis,Sacramento Valley,2025-02-19,50,1.28,1.1,100.0,1.21,17.4,8.5,11.9,96.0,73.0,87.0,9.7,2.51
6,Davis,Sacramento Valley,2025-02-20,51,3.75,0.0,195.0,0.89,19.2,9.0,13.5,98.0,35.0,57.0,5.2,5.07
6,Davis,Sacramento Valley,2025-02-21,52,2.78,0.0,187.0,0.84,20.0,5.2,12.0,92.0,36.0,60.0,4.5,1.86
6,Davis,Sacramento Valley,2025-02-22,53,2.55,0.0,175.0,1.08,20.5,4.9,13.1,93.0,51.0,71.0,8.0,1.32
6,Davis,Sacramento Valley,2025-02-23,54,1.64,0.0,93.0,1.22,19.2,10.5,14.1,95.0,55.0,76.0,9.9,1.77
6,Davis,Sacramento Valley,2025-02-24,55,2.04,0.0,142.0,1.29,19.3,8.3,13.2,98.0,64.0,85.0,10.8,2.57
6,Davis,Sacramento Valley,2025-02-25,56,3.12,0.0,200.0,0.94,20.1,5.2,12.4,92.0,33.0,65.0,6.1,2.79
6,Davis,Sacramento Valley,2025-02-26,57,2.89,0.0,200.0,0.86,22.1,3.3,12.3,87.0,35.0,60.0,4.8,1.21
6,Davis,Sacramento Valley,2025-02-27,58,2.82,0.0,161.0,1.03,21.8,5.9,13.6,85.0,43.0,66.0,7.4,2.11
6,Davis,Sacramento Valley,2025-02-28,59,3.08,0.0,199.0,1.02,23.6,5.7,14.5,88.0,34.0,62.0,7.2,1.29
6,Davis,Sacramento Valley,2025-03-01,60,2.88,0.0,180.0,1.09,21.7,5.0,12.6,97.0,38.0,75.0,8.3,2.82
6,Davis,Sacramento Valley,2025-03-02,61,3.06,0.0,184.0,0.87,16.7,5.8,11.4,91.0,39.0,64.0,4.9,3.42
6,Davis,Sacramento Valley,2025-03-03,62,2.6,0.0,194.0,0.88,17.4,2.5,9.9,94.0,45.0,72.0,5.1,1.8
6,Davis,Sacramento Valley,2025-03-04,63,1.82,0.0,131.0,1.02,16.2,7.7,11.4,91.0,55.0,76.0,7.3,2.15
6,Davis,Sacramento Valley,2025-03-05,64,1.42,0.0,83.0,1.0,15.6,6.7,11.1,90.0,54.0,76.0,7.0,1.99
6,Davis,Sacramento Valley,2025-03-06,65,2.21,0.4,175.0,0.85,14.1,3.7,8.8,95.0,56.0,75.0,4.6,1.8
6,Davis,Sacramento Valley,2025-03-07,66,3.85,0.0,220.0,0.7,19.1,3.5,11.0,93.0,24.0,53.0,1.8,3.49
6,Davis,Sacramento Valley,2025-03-08,67,3.02,0.0,217.0,0.74,19.0,2.2,10.5,79.0,35.0,58.0,2.6,1.26
6,Davis,Sacramento Valley,2025-03-09,68,3.13,0.0,216.0,0.88,19.6,2.3,11.2,93.0,40.0,66.0,5.1,1.49
6,Davis,Sacramento Valley,2025-03-10,69,3.24,0.0,199.0,0.88,21.2,5.2,12.7,88.0,36.0,60.0,5.0,2.02
6,Davis,Sacramento Valley,2025-03-11,70,3.43,0.0,213.0,0.94,19.8,4.6,12.5,84.0,41.0,65.0,6.0,2.58
6,Davis,Sacramento Valley,2025-03-12,71,0.71,9.3,44.0,1.1,13.8,7.1,10.6,92.0,74.0,86.0,8.4,3.7
6,Davis,Sacramento Valley,2025-03-13,72,2.68,0.6,198.0,0.84,14.9,5.2,9.2,95.0,46.0,72.0,4.5,3.08
6,Davis,Sacramento Valley,2025-03-14,73,1.32,7.5,116.0,0.92,14.2,5.0,8.4,93.0,70.0,84.0,5.8,3.82
6,Davis,Sacramento Valley,2025-03-15,74,2.36,0.0,165.0,0.98,15.8,6.2,10.8,92.0,55.0,75.0,6.6,2.58
6,Davis,Sacramento Valley,2025-03-16,75,1.62,2.0,104.0,1.11,16.6,6.6,11.4,95.0,65.0,82.0,8.4,3.48
6,Davis,Sacramento Valley,2025-03-17,76,2.18,2.6,176.0,1.05,14.9,5.4,10.5,94.0,66.0,83.0,7.7,3.34
6,Davis,Sacramento Valley,2025-03-18,77,3.22,0.0,256.0,0.78,16.0,2.9,9.2,97.0,35.0,67.0,3.4,1.88
6,Davis,Sacramento Valley,2025-03-19,78,2.64,0.0,186.0,0.86,15.9,2.6,9.5,95.0,38.0,72.0,4.8,2.37
6,Davis,Sacramento Valley,2025-03-20,79,2.82,0.0,223.0,0.94,17.7,3.6,11.1,98.0,43.0,71.0,6.1,1.73
6,Davis,Sacramento Valley,2025-03-21,80,2.52,0.0,171.0,0.98,17.9,6.3,12.3,86.0,50.0,68.0,6.7,1.47
6,Davis,Sacramento Valley,2025-03-22,81,2.6,0.0,173.0,1.1,19.2,7.3,13.1,93.0,52.0,73.0,8.4,1.32
6,Davis,Sacramento Valley,2025-03-23,82,3.93,0.0,247.0,1.22,25.1,6.9,15.5,94.0,40.0,69.0,9.8,1.81
6,Davis,Sacramento Valley,2025-03-24,83,3.93,0.0,244.0,1.42,27.4,8.7,17.7,96.0,45.0,70.0,12.2,1.22
6,Davis,Sacramento Valley,2025-03-25,84,4.16,0.0,242.0,1.55,29.2,11.2,19.7,92.0,41.0,68.0,13.6,1.34
6,Davis,Sacramento Valley,2025-03-26,85,3.36,0.0,239.0,1.34,18.8,11.6,15.2,93.0,65.0,78.0,11.4,4.06
6,Davis,Sacramento Valley,2025-03-27,86,2.35,1.5,141.0,1.25,17.6,11.2,14.0,94.0,61.0,78.0,10.2,3.95
6,Davis,Sacramento Valley,2025-03-28,87,3.04,0.0,202.0,1.09,17.5,7.6,12.7,93.0,51.0,74.0,8.2,3.17
6,Davis,Sacramento Valley,2025-03-29,88,3.12,0.0,234.0,0.92,17.7,4.2,11.4,90.0,45.0,68.0,5.7,1.83
6,Davis,Sacramento Valley,2025-03-30,89,2.01,2.7,111.0,1.17,18.7,9.2,13.0,93.0,55.0,78.0,9.2,4.22
6,Davis,Sacramento Valley,2025-03-31,90,3.61,0.0,246.0,1.03,17.6,8.3,12.8,91.0,48.0,69.0,7.3,4.13
6,Davis,Sacramento Valley,2025-04-01,91,2.28,1.1,161.0,0.96,15.0,7.4,10.5,93.0,58.0,76.0,6.3,3.46
6,Davis,Sacramento Valley,2025-04-02,92,3.82,0.0,273.0,0.8,18.0,2.6,10.7,94.0,36.0,62.0,3.8,2.34
6,Davis,Sacramento Valley,2025-04-03,93,4.05,0.0,272.0,0.79,19.7,2.6,11.4,94.0,27.0,59.0,3.6,2.23
6,Davis,Sacramento Valley,2025-04-04,94,5.36,0.0,273.0,0.75,22.5,6.3,14.5,78.0,23.0,46.0,2.9,3.52
6,Davis,Sacramento Valley,2025-04-05,95,4.57,0.0,263.0,0.84,25.0,9.0,15.8,73.0,26.0,47.0,4.5,1.83
6,Davis,Sacramento Valley,2025-04-06,96,4.38,0.0,244.0,0.97,23.6,6.4,15.3,90.0,27.0,56.0,6.6,2.0
6,Davis,Sacramento Valley,2025-04-07,97,3.43,0.0,197.0,1.26,21.7,11.1,16.2,89.0,49.0,68.0,10.4,2.75
6,Davis,Sacramento Valley,2025-04-08,98,4.05,0.0,265.0,1.08,24.0,7.9,15.5,91.0,37.0,62.0,8.1,1.42
6,Davis,Sacramento Valley,2025-04-09,99,4.63,0.0,266.0,1.23,28.4,8.4,18.2,91.0,32.0,59.0,10.0,1.72
6,Davis,Sacramento Valley,2025-04-10,100,3.64,0.0,211.0,1.33,26.2,8.8,17.4,91.0,40.0,67.0,11.2,1.33
6,Davis,Sacramento Valley,2025-04-11,101,4.43,0.0,242.0,1.37,26.4,11.1,18.3,90.0,49.0,65.0,11.6,2.02
6,Davis,Sacramento Valley,2025-04-12,102,4.35,0.0,274.0,1.13,24.3,7.4,15.6,89.0,36.0,64.0,8.8,2.14
6,Davis,Sacramento Valley,2025-04-13,103,6.89,0.0,278.0,0.83,28.4,9.5,19.2,80.0,21.0,37.0,4.2,3.72
6,Davis,Sacramento Valley,2025-04-14,104,6.0,0.0,281.0,0.92,30.4,9.4,20.6,76.0,20.0,38.0,5.8,2.34
6,Davis,Sacramento Valley,2025-04-15,105,3.98,0.0,224.0,1.18,24.4,9.2,15.9,86.0,49.0,65.0,9.4,2.32
6,Davis,Sacramento Valley,2025-04-16,106,4.22,0.0,268.0,1.14,21.8,9.6,14.5,84.0,54.0,69.0,8.9,2.88
6,Davis,Sacramento Valley,2025-04-17,107,2.95,0.0,190.0,1.19,20.2,10.2,14.3,83.0,57.0,73.0,9.5,2.28
6,Davis,Sacramento Valley,2025-04-18,108,5.67,0.0,287.0,0.88,26.1,7.5,16.4,92.0,19.0,47.0,5.0,2.9
6,Davis,Sacramento Valley,2025-04-19,109,4.58,0.0,285.0,1.09,23.7,5.0,14.5,94.0,40.0,66.0,8.2,2.24
6,Davis,Sacramento Valley,2025-04-20,110,4.83,0.0,287.0,1.1,26.6,5.7,16.0,92.0,24.0,60.0,8.4,1.7
6,Davis,Sacramento Valley,2025-04-21,111,5.3,0.0,287.0,1.14,28.8,7.3,18.7,92.0,24.0,53.0,8.9,2.08
6,Davis,Sacramento Valley,2025-04-22,112,5.56,0.0,293.0,1.21,27.2,9.0,17.9,90.0,32.0,59.0,9.7,2.82
6,Davis,Sacramento Valley,2025-04-23,113,4.5,0.0,290.0,1.12,21.2,8.7,14.2,85.0,53.0,69.0,8.6,3.41
6,Davis,Sacramento Valley,2025-04-24,114,3.78,0.0,264.0,1.08,18.4,7.8,12.7,95.0,55.0,74.0,8.1,3.1
6,Davis,Sacramento Valley,2025-04-25,115,3.25,0.0,201.0,0.96,16.5,8.5,12.5,90.0,49.0,66.0,6.4,3.31
6,Davis,Sacramento Valley,2025-04-26,116,1.56,1.7,105.0,1.06,15.1,8.7,11.8,96.0,56.0,76.0,7.8,1.55
6,Davis,Sacramento Valley,2025-04-27,117,1.32,0.8,104.0,1.19,16.6,8.7,12.0,97.0,66.0,84.0,9.5,1.55
6,Davis,Sacramento Valley,2025-04-28,118,4.94,0.0,302.0,1.13,25.6,7.1,16.0,97.0,29.0,62.0,8.8,2.02
6,Davis,Sacramento Valley,2025-04-29,119,5.18,0.0,305.0,1.28,28.6,8.0,18.0,96.0,36.0,62.0,10.6,1.48
6,Davis,Sacramento Valley,2025-04-30,120,5.82,0.0,305.0,1.33,31.1,10.1,20.1,95.0,26.0,56.0,11.2,2.12
6,Davis,Sacramento Valley,2025-05-01,121,5.41,0.0,311.0,1.36,29.0,9.7,18.3,95.0,36.0,65.0,11.5,2.01
6,Davis,Sacramento Valley,2025-05-02,122,5.23,0.0,310.0,1.25,26.7,9.0,16.4,93.0,43.0,67.0,10.3,2.95
6,Davis,Sacramento Valley,2025-05-03,123,4.66,0.0,278.0,1.24,23.3,10.2,16.2,87.0,50.0,68.0,10.1,2.58
6,Davis,Sacramento Valley,2025-05-04,124,7.83,0.0,310.0,0.87,26.6,10.2,19.5,86.0,22.0,38.0,4.9,5.79
6,Davis,Sacramento Valley,2025-05-05,125,9.65,0.0,313.0,0.65,29.5,15.4,22.4,31.0,17.0,24.0,0.8,6.62
6,Davis,Sacramento Valley,2025-05-06,126,8.66,0.0,320.0,0.8,30.1,13.3,22.6,70.0,15.0,29.0,3.8,4.39
6,Davis,Sacramento Valley,2025-05-07,127,5.08,0.0,312.0,1.28,24.0,8.8,16.7,96.0,46.0,67.0,10.6,2.53
6,Davis,Sacramento Valley,2025-05-08,128,5.31,0.0,318.0,1.31,31.1,8.5,19.0,97.0,32.0,59.0,11.0,1.5
6,Davis,Sacramento Valley,2025-05-09,129,6.08,0.0,322.0,1.24,32.8,10.3,22.2,92.0,23.0,46.0,10.1,1.43
6,Davis,Sacramento Valley,2025-05-10,130,6.81,0.0,321.0,1.11,33.1,10.0,22.5,86.0,20.0,41.0,8.6,1.95
6,Davis,Sacramento Valley,2025-05-11,131,6.07,0.0,315.0,0.99,23.5,10.4,17.1,79.0,31.0,51.0,6.9,3.77
6,Davis,Sacramento Valley,2025-05-12,132,3.96,1.4,262.0,1.14,19.6,11.2,14.0,94.0,46.0,72.0,8.9,4.18
6,Davis,Sacramento Valley,2025-05-13,133,4.68,0.0,293.0,1.08,23.3,10.2,15.8,95.0,30.0,60.0,8.1,2.28
6,Davis,Sacramento Valley,2025-05-14,134,5.34,0.0,314.0,1.15,26.1,8.6,17.4,97.0,31.0,58.0,9.0,1.84
6,Davis,Sacramento Valley,2025-05-15,135,6.03,0.0,322.0,1.22,28.1,10.0,19.5,89.0,34.0,54.0,9.8,2.18
6,Davis,Sacramento Valley,2025-05-16,136,5.85,0.0,314.0,1.31,29.0,10.8,19.9,96.0,33.0,56.0,11.0,2.24
6,Davis,Sacramento Valley,2025-05-17,137,5.54,0.0,283.0,1.2,25.4,13.2,19.1,78.0,38.0,54.0,9.7,3.12
6,Davis,Sacramento Valley,2025-05-18,138,7.57,0.0,325.0,0.93,28.2,11.1,20.5,82.0,21.0,38.0,5.8,3.97
6,Davis,Sacramento Valley,2025-05-19,139,7.05,0.0,319.0,1.26,31.1,11.8,22.5,73.0,30.0,46.0,10.4,2.91
6,Davis,Sacramento Valley,2025-05-20,140,6.83,0.0,337.0,1.0,30.2,10.6,21.0,92.0,17.0,40.0,6.9,2.17
6,Davis,Sacramento Valley,2025-05-21,141,7.0,0.0,331.0,1.16,31.6,9.6,21.6,93.0,27.0,45.0,9.1,2.42
6,Davis,Sacramento Valley,2025-05-22,142,7.03,0.0,337.0,1.09,28.6,10.2,19.6,80.0,28.0,48.0,8.2,3.14
6,Davis,Sacramento Valley,2025-05-23,143,5.41,0.1,330.0,1.2,25.7,8.4,16.9,94.0,38.0,63.0,9.7,2.23
6,Davis,Sacramento Valley,2025-05-24,144,5.95,0.0,330.0,1.31,27.8,9.5,18.1,95.0,40.0,63.0,11.0,2.7
6,Davis,Sacramento Valley,2025-05-25,145,5.68,0.0,328.0,1.23,26.7,9.6,17.1,94.0,39.0,63.0,10.1,2.97
6,Davis,Sacramento Valley,2025-05-26,146,5.63,0.0,333.0,1.27,26.1,10.4,18.4,87.0,41.0,60.0,10.5,2.15
6,Davis,Sacramento Valley,2025-05-27,147,6.18,0.0,333.0,1.42,30.2,11.1,20.6,95.0,37.0,59.0,12.2,1.94
6,Davis,Sacramento Valley,2025-05-28,148,6.18,0.0,334.0,1.37,28.6,10.9,19.2,92.0,41.0,61.0,11.6,2.81
6,Davis,Sacramento Valley,2025-05-29,149,6.12,0.0,331.0,1.42,33.0,9.2,21.1,94.0,30.0,57.0,12.2,2.06
6,Davis,Sacramento Valley,2025-05-30,150,6.92,0.0,334.0,1.7,37.0,13.1,25.2,95.0,29.0,53.0,14.9,1.84
6,Davis,Sacramento Valley,2025-05-31,151,7.14,0.0,325.0,1.72,37.4,16.5,26.6,73.0,25.0,49.0,15.1,1.95
6,Davis,Sacramento Valley,2025-06-01,152,6.28,0.0,337.0,1.46,28.7,12.3,20.3,87.0,45.0,61.0,12.6,2.62
6,Davis,Sacramento Valley,2025-06-02,153,6.27,0.0,334.0,1.38,30.8,10.8,20.2,93.0,34.0,58.0,11.8,2.13
6,Davis,Sacramento Valley,2025-06-03,154,6.1,0.0,334.0,1.5,31.0,11.9,21.3,88.0,36.0,59.0,13.0,2.09
6,Davis,Sacramento Valley,2025-06-04,155,6.74,0.1,332.0,1.45,32.6,12.6,22.2,89.0,31.0,54.0,12.5,2.36
6,Davis,Sacramento Valley,2025-06-05,156,5.95,0.0,333.0,1.51,29.1,12.0,20.0,94.0,44.0,65.0,13.1,2.28
6,Davis,Sacramento Valley,2025-06-06,157,6.16,0.0,442.0,1.7,31.3,15.4,25.1,96.0,40.0,54.0,15.0,2.24
6,Davis,Sacramento Valley,2025-06-07,158,6.35,0.0,331.0,1.66,32.2,12.2,21.8,94.0,44.0,63.0,14.6,2.04
6,Davis,Sacramento Valley,2025-06-08,159,5.86,0.0,317.0,1.59,30.7,12.1,20.9,92.0,45.0,64.0,13.9,2.1
6,Davis,Sacramento Valley,2025-06-09,160,6.33,0.0,331.0,1.65,32.8,12.9,21.3,93.0,46.0,65.0,14.5,2.47
6,Davis,Sacramento Valley,2025-06-10,161,6.12,0.0,335.0,1.56,29.5,12.9,20.2,93.0,46.0,66.0,13.7,2.35
6,Davis,Sacramento Valley,2025-06-11,162,6.11,0.0,347.0,1.31,28.6,10.0,18.6,93.0,41.0,61.0,11.0,2.41
6,Davis,Sacramento Valley,2025-06-12,163,6.14,0.0,343.0,1.36,29.5,9.9,19.3,92.0,41.0,61.0,11.5,2.13
6,Davis,Sacramento Valley,2025-06-13,164,6.96,0.0,354.0,1.21,30.7,10.0,19.8,86.0,27.0,52.0,9.8,2.82
6,Davis,Sacramento Valley,2025-06-14,165,5.95,0.0,326.0,1.28,28.9,9.4,19.1,94.0,30.0,58.0,10.6,2.02
6,Davis,Sacramento Valley,2025-06-15,166,6.25,0.0,339.0,1.28,31.4,9.6,20.1,94.0,25.0,54.0,10.6,1.84
6,Davis,Sacramento Valley,2025-06-16,167,6.3,0.0,342.0,1.32,29.6,10.8,20.0,92.0,35.0,57.0,11.1,2.01
6,Davis,Sacramento Valley,2025-06-17,168,6.74,0.0,345.0,1.33,32.4,10.5,21.8,92.0,29.0,51.0,11.1,1.94
6,Davis,Sacramento Valley,2025-06-18,169,7.02,0.0,339.0,1.57,35.7,12.6,24.6,93.0,30.0,51.0,13.7,1.68
6,Davis,Sacramento Valley,2025-06-19,170,7.12,0.0,341.0,1.34,30.9,12.5,20.8,90.0,35.0,55.0,11.3,3.45
6,Davis,Sacramento Valley,2025-06-20,171,6.77,0.0,340.0,1.11,28.3,10.6,19.3,90.0,27.0,50.0,8.5,3.01
6,Davis,Sacramento Valley,2025-06-21,172,7.59,0.0,350.0,0.87,27.0,8.5,19.4,87.0,18.0,39.0,5.0,3.63
6,Davis,Sacramento Valley,2025-06-22,173,7.07,0.0,338.0,1.03,28.0,12.7,21.3,68.0,29.0,41.0,7.4,3.26
6,Davis,Sacramento Valley,2025-06-23,174,7.19,0.0,335.0,1.22,33.2,10.8,22.5,88.0,21.0,45.0,10.0,2.29
6,Davis,Sacramento Valley,2025-06-24,175,6.32,0.0,343.0,1.39,29.5,11.4,19.4,95.0,35.0,62.0,11.9,2.54
6,Davis,Sacramento Valley,2025-06-25,176,6.26,0.0,345.0,1.45,31.5,10.4,20.0,95.0,33.0,62.0,12.5,1.88
6,Davis,Sacramento Valley,2025-06-26,177,6.29,0.0,340.0,1.48,32.0,11.6,21.3,95.0,31.0,59.0,12.9,1.93
6,Davis,Sacramento Valley,2025-06-27,178,6.81,0.0,334.0,1.63,34.8,13.2,24.5,95.0,31.0,53.0,14.3,1.64
6,Davis,Sacramento Valley,2025-06-28,179,7.28,0.0,334.0,1.72,35.8,15.3,25.9,91.0,29.0,51.0,15.1,1.98
6,Davis,Sacramento Valley,2025-06-29,180,7.14,0.0,333.0,1.64,35.2,14.5,24.6,95.0,33.0,53.0,14.4,2.03
6,Davis,Sacramento Valley,2025-06-30,181,6.94,0.0,333.0,1.61,34.2,14.2,23.7,94.0,32.0,55.0,14.1,2.26
6,Davis,Sacramento Valley,2025-07-01,182,7.19,0.0,336.0,1.65,35.8,13.5,24.1,94.0,25.0,55.0,14.5,2.47
6,Davis,Sacramento Valley,2025-07-02,183,7.0,0.0,332.0,1.73,35.8,14.4,23.9,91.0,36.0,58.0,15.2,2.22
6,Davis,Sacramento Valley,2025-07-03,184,6.49,0.0,317.0,1.48,32.0,12.5,21.2,95.0,35.0,59.0,12.9,2.71
6,Davis,Sacramento Valley,2025-07-04,185,7.11,0.0,343.0,1.24,29.6,12.1,20.2,85.0,32.0,53.0,10.2,3.18
6,Davis,Sacramento Valley,2025-07-05,186,6.13,0.0,344.0,1.33,30.3,9.4,19.9,94.0,27.0,57.0,11.2,1.88
6,Davis,Sacramento Valley,2025-07-06,187,6.84,0.0,343.0,1.38,33.5,11.0,22.5,96.0,23.0,51.0,11.7,1.69
6,Davis,Sacramento Valley,2025-07-07,188,7.01,0.0,338.0,1.44,32.9,11.7,21.8,98.0,26.0,55.0,12.4,2.38
6,Davis,Sacramento Valley,2025-07-08,189,7.05,0.0,341.0,1.32,31.3,12.0,21.3,88.0,27.0,52.0,11.1,3.03
6,Davis,Sacramento Valley,2025-07-09,190,6.25,0.0,341.0,1.5,32.5,11.9,21.9,93.0,30.0,57.0,13.0,1.91
6,Davis,Sacramento Valley,2025-07-10,191,6.88,0.0,327.0,1.71,36.3,13.2,25.8,94.0,29.0,51.0,15.0,1.64
6,Davis,Sacramento Valley,2025-07-11,192,7.03,0.0,321.0,1.79,37.5,14.7,26.2,95.0,27.0,53.0,15.8,1.81
6,Davis,Sacramento Valley,2025-07-12,193,6.71,0.0,322.0,1.75,35.4,14.7,24.3,94.0,36.0,58.0,15.4,2.13
6,Davis,Sacramento Valley,2025-07-13,194,6.65,0.0,331.0,1.65,34.0,13.3,23.3,93.0,39.0,58.0,14.5,1.97
6,Davis,Sacramento Valley,2025-07-14,195,7.02,0.0,334.0,1.58,36.7,12.5,23.5,95.0,30.0,55.0,13.8,1.96
6,Davis,Sacramento Valley,2025-07-15,196,6.31,0.0,331.0,1.56,29.9,12.9,21.1,94.0,43.0,62.0,13.6,2.69
6,Davis,Sacramento Valley,2025-07-16,197,6.04,0.0,327.0,1.53,28.1,13.2,20.3,93.0,46.0,64.0,13.3,3.12
6,Davis,Sacramento Valley,2025-07-17,198,6.31,0.0,333.0,1.48,31.6,11.4,20.7,94.0,24.0,60.0,12.8,2.5
6,Davis,Sacramento Valley,2025-07-18,199,6.43,0.0,333.0,1.52,32.6,11.9,21.5,93.0,32.0,59.0,13.2,2.13
6,Davis,Sacramento Valley,2025-07-19,200,6.35,0.0,336.0,1.57,32.8,11.9,21.1,97.0,33.0,63.0,13.7,2.06
6,Davis,Sacramento Valley,2025-07-20,201,6.0,0.0,332.0,1.58,30.1,11.4,20.2,97.0,44.0,67.0,13.8,2.41
6,Davis,Sacramento Valley,2025-07-21,202,6.18,0.0,324.0,1.5,28.3,14.3,20.2,84.0,46.0,63.0,13.0,4.01
6,Davis,Sacramento Valley,2025-07-22,203,5.68,0.0,327.0,1.51,26.4,13.6,19.4,91.0,47.0,67.0,13.1,3.15
6,Davis,Sacramento Valley,2025-07-23,204,5.79,0.0,321.0,1.48,28.4,12.0,19.4,93.0,43.0,66.0,12.9,2.87
6,Davis,Sacramento Valley,2025-07-24,205,6.04,0.0,317.0,1.52,29.9,11.6,20.6,89.0,42.0,63.0,13.2,2.53
6,Davis,Sacramento Valley,2025-07-25,206,5.88,0.0,308.0,1.54,29.6,13.7,20.3,85.0,44.0,65.0,13.4,3.09
6,Davis,Sacramento Valley,2025-07-26,207,5.47,0.0,312.0,1.55,28.0,13.0,19.5,95.0,48.0,69.0,13.5,2.53
6,Davis,Sacramento Valley,2025-07-27,208,5.46,0.0,313.0,1.61,28.5,12.4,19.9,94.0,49.0,69.0,14.1,2.27
6,Davis,Sacramento Valley,2025-07-28,209,6.0,0.0,316.0,1.64,32.8,12.9,22.5,94.0,36.0,60.0,14.4,1.85
6,Davis,Sacramento Valley,2025-07-29,210,6.51,0.0,315.0,1.6,34.6,13.5,23.3,96.0,31.0,56.0,14.0,2.03
6,Davis,Sacramento Valley,2025-07-30,211,5.8,0.0,316.0,1.6,30.1,13.0,20.7,95.0,39.0,66.0,14.0,2.25
6,Davis,Sacramento Valley,2025-07-31,212,6.04,0.0,317.0,1.66,33.9,12.5,22.1,96.0,31.0,62.0,14.6,1.75
6,Davis,Sacramento Valley,2025-08-01,213,6.0,0.0,319.0,1.68,32.8,12.4,21.8,96.0,38.0,64.0,14.8,1.85
6,Davis,Sacramento Valley,2025-08-02,214,5.91,0.0,318.0,1.69,33.0,12.7,22.1,96.0,38.0,64.0,14.9,1.74
6,Davis,Sacramento Valley,2025-08-03,215,6.18,0.0,316.0,1.58,31.4,13.4,21.9,94.0,38.0,60.0,13.8,2.27
6,Davis,Sacramento Valley,2025-08-04,216,6.03,0.0,313.0,1.4,31.5,11.3,21.4,92.0,31.0,55.0,12.0,2.01
6,Davis,Sacramento Valley,2025-08-05,217,5.78,0.0,312.0,1.48,31.3,11.7,21.5,96.0,35.0,58.0,12.8,1.75
6,Davis,Sacramento Valley,2025-08-06,218,5.8,0.0,293.0,1.55,35.2,13.1,24.3,93.0,26.0,51.0,13.5,1.67
6,Davis,Sacramento Valley,2025-08-07,219,6.04,0.0,298.0,1.71,34.8,14.8,25.1,93.0,28.0,54.0,15.0,1.62
6,Davis,Sacramento Valley,2025-08-08,220,6.55,0.0,302.0,1.6,38.1,14.3,27.1,94.0,22.0,45.0,14.0,1.63
6,Davis,Sacramento Valley,2025-08-09,221,6.65,0.0,298.0,1.77,38.3,15.8,27.1,92.0,26.0,49.0,15.6,1.67
6,Davis,Sacramento Valley,2025-08-10,222,6.34,0.0,298.0,1.72,36.8,14.2,25.5,93.0,28.0,53.0,15.1,1.69
6,Davis,Sacramento Valley,2025-08-11,223,5.94,0.0,289.0,1.69,34.2,14.2,23.4,94.0,37.0,59.0,14.9,1.96
6,Davis,Sacramento Valley,2025-08-12,224,5.74,0.0,290.0,1.68,33.2,13.9,22.4,86.0,40.0,62.0,14.8,2.06
6,Davis,Sacramento Valley,2025-08-13,225,5.61,0.0,302.0,1.71,30.5,13.4,21.2,95.0,46.0,68.0,15.1,2.33
6,Davis,Sacramento Valley,2025-08-14,226,5.06,0.0,278.0,1.7,32.1,12.7,21.1,96.0,41.0,68.0,14.9,1.95
6,Davis,Sacramento Valley,2025-08-15,227,6.5,0.0,291.0,1.69,34.9,14.3,23.9,94.0,30.0,57.0,14.9,2.44
6,Davis,Sacramento Valley,2025-08-16,228,5.52,0.0,288.0,1.83,30.3,15.8,22.5,93.0,49.0,67.0,16.1,2.7
6,Davis,Sacramento Valley,2025-08-17,229,5.93,0.0,294.0,1.49,28.8,14.3,20.9,91.0,38.0,60.0,12.9,3.18
6,Davis,Sacramento Valley,2025-08-18,230,5.61,0.0,301.0,1.33,30.7,10.9,20.5,94.0,27.0,55.0,11.2,1.97
6,Davis,Sacramento Valley,2025-08-19,231,5.78,0.0,297.0,1.34,32.9,10.2,21.7,93.0,22.0,51.0,11.3,1.69
6,Davis,Sacramento Valley,2025-08-20,232,6.02,0.0,291.0,1.52,36.4,12.3,24.6,93.0,26.0,49.0,13.3,1.6
6,Davis,Sacramento Valley,2025-08-21,233,6.38,0.0,280.0,1.58,38.5,13.7,26.6,93.0,24.0,45.0,13.8,1.63
6,Davis,Sacramento Valley,2025-08-22,234,5.95,0.0,203.0,1.53,37.9,21.2,30.7,94.0,21.0,35.0,13.3,1.82
6,Davis,Sacramento Valley,2025-08-23,235,6.52,0.0,275.0,1.59,37.3,15.2,25.6,94.0,22.0,48.0,13.9,2.04
6,Davis,Sacramento Valley,2025-08-24,236,5.84,0.0,268.0,1.62,35.6,14.4,24.1,94.0,28.0,54.0,14.2,1.93
6,Davis,Sacramento Valley,2025-08-25,237,5.87,0.0,271.0,1.72,36.2,14.6,24.9,93.0,31.0,55.0,15.1,1.81
6,Davis,Sacramento Valley,2025-08-26,238,6.35,0.0,264.0,1.53,34.8,15.6,24.8,89.0,22.0,49.0,13.3,2.47
6,Davis,Sacramento Valley,2025-08-27,239,6.22,0.0,276.0,1.45,33.3,14.9,23.8,87.0,21.0,49.0,12.5,2.2
6,Davis,Sacramento Valley,2025-08-28,240,5.76,0.0,280.0,1.38,34.2,13.1,23.5,93.0,24.0,48.0,11.7,1.55
6,Davis,Sacramento Valley,2025-08-29,241,5.48,0.0,272.0,1.53,34.3,12.5,23.4,92.0,30.0,53.0,13.4,1.5
6,Davis,Sacramento Valley,2025-08-30,242,5.62,0.0,269.0,1.44,37.8,13.5,26.1,91.0,21.0,43.0,12.4,1.25
6,Davis,Sacramento Valley,2025-08-31,243,6.86,0.0,271.0,1.27,38.5,14.4,26.8,90.0,14.0,36.0,10.5,1.94
6,Davis,Sacramento Valley,2025-09-01,244,5.6,0.0,264.0,1.53,38.9,14.1,26.7,95.0,21.0,44.0,13.4,1.31
6,Davis,Sacramento Valley,2025-09-02,245,5.82,0.0,229.0,1.63,38.0,17.4,26.1,79.0,28.0,48.0,14.3,2.35
6,Davis,Sacramento Valley,2025-09-03,246,5.64,0.0,250.0,1.49,34.9,15.2,24.5,86.0,19.0,49.0,12.9,1.97
6,Davis,Sacramento Valley,2025-09-04,247,5.37,0.0,250.0,1.52,31.3,14.4,21.3,84.0,29.0,60.0,13.2,2.8
6,Davis,Sacramento Valley,2025-09-05,248,4.72,0.0,248.0,1.59,30.1,12.4,20.7,91.0,41.0,65.0,13.9,2.28
6,Davis,Sacramento Valley,2025-09-06,249,5.0,0.0,250.0,1.56,29.5,13.6,20.7,90.0,37.0,64.0,13.6,2.65
6,Davis,Sacramento Valley,2025-09-07,250,4.7,0.0,248.0,1.51,30.5,11.9,21.0,90.0,34.0,60.0,13.1,1.84
6,Davis,Sacramento Valley,2025-09-08,251,5.06,0.0,241.0,1.68,28.9,15.6,21.9,83.0,47.0,64.0,14.8,2.97
6,Davis,Sacramento Valley,2025-09-09,252,3.5,0.0,163.0,1.76,25.4,17.3,20.8,89.0,55.0,72.0,15.5,3.12
6,Davis,Sacramento Valley,2025-09-10,253,3.85,0.0,207.0,1.67,26.4,14.2,19.8,92.0,52.0,72.0,14.6,2.23
6,Davis,Sacramento Valley,2025-09-11,254,4.02,0.0,227.0,1.65,28.7,13.7,20.8,91.0,42.0,67.0,14.4,1.54
6,Davis,Sacramento Valley,2025-09-12,255,4.68,0.0,231.0,1.67,30.5,14.2,22.1,89.0,41.0,63.0,14.7,1.76
6,Davis,Sacramento Valley,2025-09-13,256,4.56,0.0,232.0,1.66,30.3,15.0,21.5,88.0,44.0,65.0,14.6,2.14
6,Davis,Sacramento Valley,2025-09-14,257,4.45,0.0,237.0,1.61,31.2,13.8,21.7,85.0,38.0,62.0,14.1,1.73
6,Davis,Sacramento Valley,2025-09-15,258,5.18,0.0,236.0,1.39,34.1,13.5,23.6,89.0,23.0,48.0,11.8,1.79
6,Davis,Sacramento Valley,2025-09-16,259,4.82,0.0,230.0,1.4,36.0,14.4,24.9,75.0,24.0,44.0,12.0,1.35
6,Davis,Sacramento Valley,2025-09-17,260,5.4,0.0,228.0,1.37,37.3,15.7,26.5,74.0,20.0,40.0,11.6,1.63
6,Davis,Sacramento Valley,2025-09-18,261,4.42,0.0,154.0,1.47,32.1,19.6,24.3,60.0,32.0,48.0,12.7,2.53
6,Davis,Sacramento Valley,2025-09-19,262,3.36,0.0,148.0,1.79,27.7,17.9,22.2,80.0,58.0,67.0,15.8,2.55
6,Davis,Sacramento Valley,2025-09-20,263,4.44,0.0,216.0,1.7,31.5,15.8,23.1,87.0,38.0,60.0,14.9,1.54
6,Davis,Sacramento Valley,2025-09-21,264,4.45,0.0,214.0,1.71,33.8,15.1,23.9,82.0,36.0,57.0,15.0,1.48
6,Davis,Sacramento Valley,2025-09-22,265,5.32,0.0,219.0,1.48,35.2,15.3,25.1,80.0,25.0,46.0,12.8,1.99
6,Davis,Sacramento Valley,2025-09-23,266,5.75,0.0,216.0,1.35,37.8,16.5,26.2,73.0,18.0,40.0,11.4,2.11
6,Davis,Sacramento Valley,2025-09-24,267,3.41,0.0,88.0,1.46,30.9,18.4,23.2,71.0,22.0,51.0,12.6,2.69
6,Davis,Sacramento Valley,2025-09-25,268,3.66,0.0,161.0,1.74,31.8,15.8,23.0,83.0,34.0,62.0,15.3,2.16
6,Davis,Sacramento Valley,2025-09-26,269,4.49,0.0,234.0,1.49,34.9,18.4,27.3,88.0,24.0,41.0,12.9,2.0
6,Davis,Sacramento Valley,2025-09-27,270,4.59,0.0,207.0,1.5,30.5,16.1,21.3,76.0,38.0,59.0,13.0,3.12
6,Davis,Sacramento Valley,2025-09-28,271,2.28,0.0,81.0,1.6,22.8,15.4,19.7,80.0,61.0,70.0,14.1,3.3
6,Davis,Sacramento Valley,2025-09-29,272,2.42,0.0,98.0,1.66,23.9,17.6,19.9,83.0,56.0,72.0,14.6,2.95
6,Davis,Sacramento Valley,2025-09-30,273,3.07,0.0,136.0,1.61,24.8,16.3,19.9,91.0,52.0,69.0,14.1,3.12
6,Davis,Sacramento Valley,2025-10-01,274,3.03,0.0,163.0,1.6,25.2,15.2,19.6,88.0,52.0,70.0,14.0,2.11
6,Davis,Sacramento Valley,2025-10-02,275,2.13,0.0,115.0,1.7,23.1,16.3,19.1,96.0,52.0,77.0,15.0,1.84
6,Davis,Sacramento Valley,2025-10-03,276,2.25,0.5,195.0,1.48,23.2,13.1,18.0,94.0,50.0,72.0,12.8,1.95
6,Davis,Sacramento Valley,2025-10-04,277,3.97,0.0,212.0,1.26,27.1,9.7,18.1,96.0,33.0,61.0,10.4,1.9
6,Davis,Sacramento Valley,2025-10-05,278,4.04,0.0,208.0,1.23,27.5,11.1,19.1,86.0,31.0,55.0,10.0,2.16
6,Davis,Sacramento Valley,2025-10-06,279,5.23,0.0,199.0,1.02,30.6,14.8,21.9,54.0,25.0,39.0,7.3,2.9
6,Davis,Sacramento Valley,2025-10-07,280,5.0,0.0,193.0,1.03,32.6,13.7,22.5,63.0,22.0,38.0,7.3,2.3
6,Davis,Sacramento Valley,2025-10-08,281,3.78,0.0,185.0,1.35,26.8,11.3,18.4,84.0,41.0,64.0,11.4,2.53
6,Davis,Sacramento Valley,2025-10-09,282,3.16,0.0,175.0,1.37,23.9,12.7,17.5,94.0,45.0,69.0,11.7,2.12
6,Davis,Sacramento Valley,2025-10-10,283,3.74,0.0,182.0,1.22,24.1,10.7,17.8,86.0,40.0,60.0,9.9,2.57
6,Davis,Sacramento Valley,2025-10-11,284,3.28,0.0,185.0,1.04,23.5,9.3,16.3,86.0,36.0,56.0,7.6,1.7
6,Davis,Sacramento Valley,2025-10-12,285,4.0,0.0,183.0,0.96,24.7,10.8,17.6,67.0,29.0,48.0,6.4,2.9
6,Davis,Sacramento Valley,2025-10-13,286,1.9,30.6,104.0,1.14,21.2,10.6,13.4,96.0,48.0,75.0,9.0,2.81
6,Davis,Sacramento Valley,2025-10-14,287,0.22,9.5,33.0,1.31,13.1,10.9,11.9,97.0,88.0,94.0,11.0,1.62
6,Davis,Sacramento Valley,2025-10-15,288,1.73,1.4,127.0,1.32,18.1,10.4,13.3,97.0,66.0,87.0,11.1,1.81
6,Davis,Sacramento Valley,2025-10-16,289,2.8,0.1,203.0,1.3,21.5,7.9,14.3,97.0,56.0,80.0,10.8,1.62
6,Davis,Sacramento Valley,2025-10-17,290,2.75,0.0,195.0,1.37,23.9,8.3,15.3,98.0,49.0,79.0,11.6,1.01
6,Davis,Sacramento Valley,2025-10-18,291,2.84,0.1,189.0,1.48,26.1,10.6,17.0,98.0,47.0,76.0,12.8,1.24
6,Davis,Sacramento Valley,2025-10-19,292,3.41,0.0,186.0,1.44,27.7,11.4,18.6,95.0,35.0,67.0,12.4,1.79
6,Davis,Sacramento Valley,2025-10-20,293,4.33,0.0,186.0,1.08,27.0,11.8,18.9,83.0,26.0,49.0,8.1,3.26
6,Davis,Sacramento Valley,2025-10-21,294,3.24,0.0,170.0,1.19,28.0,10.2,18.0,83.0,31.0,58.0,9.5,1.75
6,Davis,Sacramento Valley,2025-10-22,295,1.7,0.0,79.0,1.4,21.5,12.0,16.7,91.0,60.0,74.0,12.0,2.2
6,Davis,Sacramento Valley,2025-10-23,296,2.57,0.0,171.0,1.41,23.9,9.3,16.0,97.0,55.0,78.0,12.1,1.29
6,Davis,Sacramento Valley,2025-10-24,297,2.32,0.0,148.0,1.39,22.9,10.7,15.2,98.0,51.0,80.0,11.8,1.82
6,Davis,Sacramento Valley,2025-10-25,298,1.28,0.0,63.0,1.5,19.5,13.4,16.0,90.0,69.0,83.0,13.0,3.09
6,Davis,Sacramento Valley,2025-10-26,299,1.56,0.2,74.0,1.44,19.8,12.3,15.4,93.0,62.0,82.0,12.4,3.28
6,Davis,Sacramento Valley,2025-10-27,300,3.31,0.0,169.0,1.07,22.1,11.2,15.4,97.0,36.0,61.0,7.9,3.45
6,Davis,Sacramento Valley,2025-10-28,301,2.53,0.0,165.0,1.02,24.7,6.4,14.3,85.0,39.0,62.0,7.2,1.22
6,Davis,Sacramento Valley,2025-10-29,302,3.2,0.0,163.0,1.25,28.3,9.1,17.3,90.0,36.0,64.0,10.3,1.77
6,Davis,Sacramento Valley,2025-10-30,303,2.6,0.0,161.0,1.35,27.1,8.5,16.7,96.0,41.0,71.0,11.5,1.04
6,Davis,Sacramento Valley,2025-10-31,304,2.57,0.0,161.0,1.32,28.6,8.1,16.7,96.0,36.0,69.0,11.1,0.99
6,Davis,Sacramento Valley,2025-11-01,305,2.29,0.0,158.0,1.35,26.6,7.7,15.8,97.0,45.0,75.0,11.4,0.82
6,Davis,Sacramento Valley,2025-11-02,306,2.65,0.0,151.0,1.38,26.3,9.6,17.1,94.0,45.0,71.0,11.8,1.46
6,Davis,Sacramento Valley,2025-11-03,307,2.71,0.0,154.0,1.26,24.3,11.2,16.3,93.0,33.0,68.0,10.4,2.1
6,Davis,Sacramento Valley,2025-11-04,308,2.16,0.0,128.0,1.38,22.7,11.0,16.0,92.0,59.0,76.0,11.8,2.34
6,Davis,Sacramento Valley,2025-11-05,309,0.35,16.9,31.0,1.52,18.6,12.3,14.4,96.0,85.0,93.0,13.2,2.43
6,Davis,Sacramento Valley,2025-11-06,310,2.0,0.2,146.0,1.45,21.9,10.1,15.2,99.0,56.0,84.0,12.5,1.12
6,Davis,Sacramento Valley,2025-11-07,311,1.77,0.0,112.0,1.53,21.1,12.7,16.3,95.0,68.0,83.0,13.3,2.04
6,Davis,Sacramento Valley,2025-11-08,312,2.13,0.0,150.0,1.34,22.0,8.4,14.7,97.0,57.0,81.0,11.4,1.37
6,Davis,Sacramento Valley,2025-11-09,313,2.4,0.0,146.0,1.41,25.6,9.6,16.3,94.0,49.0,77.0,12.1,1.63
6,Davis,Sacramento Valley,2025-11-10,314,2.03,0.0,131.0,1.46,25.2,9.4,16.1,96.0,54.0,80.0,12.6,1.16
6,Davis,Sacramento Valley,2025-11-11,315,1.51,0.0,98.0,1.4,22.4,9.4,14.8,97.0,59.0,83.0,11.9,1.03
6,Davis,Sacramento Valley,2025-11-12,316,1.26,0.0,75.0,1.43,19.7,10.0,15.3,97.0,65.0,82.0,12.3,1.54
6,Davis,Sacramento Valley,2025-11-13,317,0.21,35.3,21.0,1.57,17.2,13.6,15.1,97.0,82.0,92.0,13.7,2.79
6,Davis,Sacramento Valley,2025-11-14,318,1.17,0.0,88.0,1.45,17.6,11.1,14.2,97.0,77.0,90.0,12.5,1.81
6,Davis,Sacramento Valley,2025-11-15,319,1.42,0.0,77.0,1.37,20.9,10.4,14.8,93.0,59.0,81.0,11.7,3.01
6,Davis,Sacramento Valley,2025-11-16,320,1.26,9.6,84.0,1.41,17.6,13.0,14.2,94.0,67.0,87.0,12.1,3.72
6,Davis,Sacramento Valley,2025-11-17,321,0.98,13.8,78.0,1.29,14.8,9.7,12.3,96.0,73.0,90.0,10.8,2.97
6,Davis,Sacramento Valley,2025-11-18,322,1.62,0.0,134.0,1.14,16.4,7.7,11.6,97.0,68.0,84.0,8.9,1.85
6,Davis,Sacramento Valley,2025-11-19,323,0.8,0.0,53.0,1.21,14.8,9.3,12.0,94.0,74.0,86.0,9.8,1.58
6,Davis,Sacramento Valley,2025-11-20,324,0.87,4.8,71.0,1.24,14.7,7.5,11.5,98.0,78.0,91.0,10.2,1.4
6,Davis,Sacramento Valley,2025-11-21,325,1.91,0.0,140.0,1.08,19.0,6.3,11.6,98.0,61.0,79.0,8.1,2.04
6,Davis,Sacramento Valley,2025-11-22,326,1.11,0.2,105.0,1.09,15.9,4.5,9.2,99.0,75.0,94.0,8.2,1.13
6,Davis,Sacramento Valley,2025-11-23,327,0.47,0.2,50.0,1.11,12.8,5.2,8.9,99.0,88.0,97.0,8.4,1.07
6,Davis,Sacramento Valley,2025-11-24,328,0.62,0.2,64.0,1.21,14.9,7.5,10.3,99.0,81.0,97.0,9.8,1.56
6,Davis,Sacramento Valley,2025-11-25,329,0.24,0.0,34.0,1.11,12.5,4.2,9.0,99.0,85.0,97.0,8.6,1.28
6,Davis,Sacramento Valley,2025-11-26,330,0.13,0.1,26.0,1.03,9.2,4.9,7.9,99.0,92.0,96.0,7.4,1.52
6,Davis,Sacramento Valley,2025-11-27,331,0.08,0.0,21.0,0.99,8.3,6.7,7.5,98.0,91.0,96.0,6.9,1.37
6,Davis,Sacramento Valley,2025-11-28,332,0.14,0.0,26.0,0.92,7.9,6.1,6.7,97.0,91.0,94.0,5.8,1.74
6,Davis,Sacramento Valley,2025-11-29,333,0.08,0.0,20.0,0.93,7.9,6.2,6.8,96.0,91.0,94.0,5.9,1.51
6,Davis,Sacramento Valley,2025-11-30,334,0.13,0.0,26.0,0.9,7.3,5.4,6.4,98.0,90.0,94.0,5.4,1.73
6,Davis,Sacramento Valley,2025-12-01,335,0.74,0.0,71.0,0.89,11.4,3.2,7.0,98.0,74.0,89.0,5.3,1.24
6,Davis,Sacramento Valley,2025-12-02,336,1.23,0.0,122.0,0.96,13.1,2.2,7.4,100.0,76.0,93.0,6.3,1.58
6,Davis,Sacramento Valley,2025-12-03,337,2.51,0.0,103.0,0.81,17.3,4.9,11.1,97.0,39.0,61.0,3.9,4.34
6,Davis,Sacramento Valley,2025-12-04,338,0.51,0.0,55.0,0.88,9.8,2.7,6.0,99.0,82.0,94.0,5.1,1.21
6,Davis,Sacramento Valley,2025-12-05,339,0.17,0.1,28.0,0.88,7.5,4.2,5.7,100.0,91.0,96.0,5.2,1.45
6,Davis,Sacramento Valley,2025-12-06,340,0.04,0.0,18.0,0.92,7.2,5.4,6.2,98.0,94.0,97.0,5.7,1.75
6,Davis,Sacramento Valley,2025-12-07,341,0.04,0.0,18.0,0.92,7.2,5.7,6.3,98.0,94.0,97.0,5.8,1.31
6,Davis,Sacramento Valley,2025-12-08,342,0.16,0.0,28.0,0.92,7.5,5.3,6.2,99.0,92.0,97.0,5.7,1.31
6,Davis,Sacramento Valley,2025-12-09,343,0.1,0.0,27.0,0.92,7.2,4.6,6.1,99.0,95.0,98.0,5.8,1.36
6,Davis,Sacramento Valley,2025-12-10,344,0.14,0.1,26.0,0.95,7.8,5.9,6.6,100.0,94.0,98.0,6.3,1.11
6,Davis,Sacramento Valley,2025-12-11,345,0.14,0.0,29.0,0.93,7.9,5.6,6.4,99.0,94.0,97.0,6.0,1.35
6,Davis,Sacramento Valley,2025-12-12,346,0.1,0.0,26.0,0.89,6.4,4.8,5.6,99.0,96.0,98.0,5.4,1.29
6,Davis,Sacramento Valley,2025-12-13,347,0.13,0.0,29.0,0.86,6.1,3.6,4.9,100.0,99.0,100.0,4.8,1.37
6,Davis,Sacramento Valley,2025-12-14,348,0.25,0.1,32.0,0.85,6.4,3.6,4.7,100.0,98.0,100.0,4.7,1.34
6,Davis,Sacramento Valley,2025-12-15,349,0.15,0.0,28.0,0.89,6.9,4.2,5.5,100.0,96.0,99.0,5.3,1.19
6,Davis,Sacramento Valley,2025-12-16,350,0.43,0.0,43.0,0.96,9.6,5.0,7.0,100.0,87.0,96.0,6.4,1.89
6,Davis,Sacramento Valley,2025-12-17,351,0.82,0.1,74.0,1.23,19.2,7.4,10.9,99.0,80.0,94.0,10.0,3.85
6,Davis,Sacramento Valley,2025-12-18,352,0.59,0.0,43.0,1.27,14.3,10.3,11.8,98.0,80.0,91.0,10.5,2.1
6,Davis,Sacramento Valley,2025-12-19,353,0.3,3.1,30.0,1.35,14.3,10.6,11.9,99.0,89.0,97.0,11.4,3.25
6,Davis,Sacramento Valley,2025-12-20,354,0.24,1.6,26.0,1.37,13.5,11.6,12.6,98.0,90.0,93.0,11.6,2.45
6,Davis,Sacramento Valley,2025-12-21,355,0.49,7.4,36.0,1.57,17.2,13.1,14.9,99.0,80.0,93.0,13.7,4.28
6,Davis,Sacramento Valley,2025-12-22,356,0.17,4.2,22.0,1.52,15.6,12.8,13.8,98.0,91.0,97.0,13.2,1.77
6,Davis,Sacramento Valley,2025-12-23,357,0.43,0.3,56.0,1.5,17.0,11.8,14.3,100.0,76.0,92.0,13.1,2.38
6,Davis,Sacramento Valley,2025-12-24,358,1.03,15.1,58.0,1.4,17.3,12.7,14.4,97.0,73.0,86.0,12.0,4.0
6,Davis,Sacramento Valley,2025-12-25,359,1.12,38.8,69.0,1.25,15.9,10.6,12.7,95.0,75.0,85.0,10.2,4.99
6,Davis,Sacramento Valley,2025-12-26,360,1.11,2.7,75.0,1.09,15.3,6.4,10.8,97.0,68.0,84.0,8.3,3.46
6,Davis,Sacramento Valley,2025-12-27,361,0.51,0.1,55.0,0.95,11.5,3.4,7.6,100.0,76.0,92.0,6.3,2.42
6,Davis,Sacramento Valley,2025-12-28,362,1.32,0.0,122.0,0.82,12.1,3.2,7.2,99.0,61.0,80.0,4.1,1.78
6,Davis,Sacramento Valley,2025-12-29,363,1.04,0.0,125.0,0.8,9.8,1.3,5.4,100.0,71.0,89.0,3.7,1.6
6,Davis,Sacramento Valley,2025-12-30,364,0.06,0.2,22.0,0.89,6.8,3.0,5.2,100.0,100.0,100.0,5.2,2.0
6,Davis,Sacramento Valley,2025-12-31,365,0.07,6.9,23.0,1.0,8.7,4.4,6.9,100.0,99.0,100.0,6.9,1.77
6,Davis,Sacramento Valley,2026-01-01,1,0.32,14.7,37.0,1.25,14.7,8.0,10.5,100.0,91.0,99.0,10.3,1.77
6,Davis,Sacramento Valley,2026-01-02,2,0.98,6.8,67.0,1.35,15.4,10.6,13.1,99.0,75.0,90.0,11.4,2.32
6,Davis,Sacramento Valley,2026-01-03,3,1.14,12.4,73.0,1.33,17.4,10.6,13.3,97.0,65.0,87.0,11.2,3.88
6,Davis,Sacramento Valley,2026-01-04,4,0.16,13.0,24.0,1.25,12.3,8.7,11.0,98.0,88.0,96.0,10.3,3.07
6,Davis,Sacramento Valley,2026-01-05,5,0.17,21.6,22.0,1.24,11.8,8.7,10.8,99.0,90.0,95.0,10.1,2.27
6,Davis,Sacramento Valley,2026-01-06,6,1.11,0.1,96.0,1.22,15.9,7.8,11.4,100.0,71.0,91.0,9.9,2.01
6,Davis,Sacramento Valley,2026-01-07,7,1.61,0.0,119.0,1.1,16.4,8.1,11.5,99.0,66.0,81.0,8.3,2.39
6,Davis,Sacramento Valley,2026-01-08,8,2.24,0.0,132.0,0.69,12.9,3.8,8.9,78.0,43.0,60.0,1.6,4.26
6,Davis,Sacramento Valley,2026-01-09,9,1.78,0.0,132.0,0.69,12.8,2.5,7.6,93.0,51.0,66.0,1.7,2.91
6,Davis,Sacramento Valley,2026-01-10,10,1.44,0.0,127.0,0.78,13.8,0.5,6.1,96.0,58.0,83.0,3.4,1.39
6,Davis,Sacramento Valley,2026-01-11,11,1.47,0.0,121.0,0.77,14.2,1.2,6.7,95.0,53.0,79.0,3.3,1.33
6,Davis,Sacramento Valley,2026-01-12,12,1.45,0.0,133.0,0.83,15.4,0.3,6.6,99.0,59.0,86.0,4.3,1.34
6,Davis,Sacramento Valley,2026-01-13,13,1.55,0.0,136.0,0.9,17.7,0.6,7.5,99.0,58.0,87.0,5.5,0.99
6,Davis,Sacramento Valley,2026-01-14,14,1.36,0.0,123.0,0.97,16.0,1.7,7.7,100.0,70.0,92.0,6.5,0.99
6,Davis,Sacramento Valley,2026-01-15,15,1.6,0.1,128.0,1.01,19.0,3.2,9.4,100.0,54.0,85.0,7.1,1.48
6,Davis,Sacramento Valley,2026-01-16,16,1.33,0.2,119.0,1.04,16.7,2.4,8.3,100.0,71.0,95.0,7.5,1.11
6,Davis,Sacramento Valley,2026-01-17,17,1.02,0.2,97.0,1.01,15.2,3.6,7.3,100.0,85.0,99.0,7.1,1.1
6,Davis,Sacramento Valley,2026-01-18,18,1.29,0.2,120.0,1.06,17.4,4.1,9.1,100.0,64.0,92.0,7.9,1.28
6,Davis,Sacramento Valley,2026-01-19,19,0.82,0.2,91.0,0.92,11.2,2.7,6.0,100.0,85.0,99.0,5.8,1.44
6,Davis,Sacramento Valley,2026-01-20,20,0.6,0.0,64.0,1.01,11.3,5.3,7.4,100.0,86.0,98.0,7.1,1.58
6,Davis,Sacramento Valley,2026-01-21,21,0.51,0.1,57.0,1.02,10.6,5.7,7.5,100.0,94.0,99.0,7.3,1.45
6,Davis,Sacramento Valley,2026-01-22,22,1.09,0.0,100.0,1.07,15.9,5.3,9.0,100.0,71.0,93.0,8.0,1.65
6,Davis,Sacramento Valley,2026-01-23,23,0.3,0.0,37.0,1.07,10.0,5.1,8.2,100.0,94.0,99.0,8.0,1.46
6,Davis,Sacramento Valley,2026-01-24,24,3.11,0.0,155.0,0.77,17.6,4.5,10.9,97.0,33.0,59.0,3.3,4.02
6,Davis,Sacramento Valley,2026-01-25,25,0.73,0.1,70.0,0.84,10.0,1.1,5.5,100.0,74.0,93.0,4.4,1.14
6,Davis,Sacramento Valley,2026-01-26,26,1.42,0.0,137.0,0.89,13.9,3.4,7.3,99.0,62.0,87.0,5.3,1.84
6,Davis,Sacramento Valley,2026-01-27,27,1.41,1.4,124.0,0.98,14.6,2.3,8.6,97.0,71.0,88.0,6.6,1.49
6,Davis,Sacramento Valley,2026-01-28,28,1.52,0.1,130.0,1.18,16.1,8.0,11.4,99.0,70.0,87.0,9.4,2.77
6,Davis,Sacramento Valley,2026-01-29,29,1.73,0.0,144.0,1.0,16.8,2.8,9.3,99.0,58.0,85.0,6.9,1.45
6,Davis,Sacramento Valley,2026-01-30,30,1.25,0.0,109.0,1.04,15.9,3.1,8.8,100.0,72.0,92.0,7.6,1.47
6,Davis,Sacramento Valley,2026-01-31,31,1.6,0.0,136.0,1.02,16.7,3.4,9.1,98.0,68.0,89.0,7.3,1.3
6,Davis,Sacramento Valley,2026-02-01,32,1.95,0.0,148.0,1.0,18.2,3.0,10.3,97.0,58.0,80.0,7.0,1.56
6,Davis,Sacramento Valley,2026-02-02,33,2.31,0.0,163.0,0.93,20.1,2.6,10.8,95.0,45.0,72.0,6.0,1.53
6,Davis,Sacramento Valley,2026-02-03,34,2.05,0.0,154.0,1.04,20.0,3.8,10.6,99.0,50.0,81.0,7.5,1.72
6,Davis,Sacramento Valley,2026-02-04,35,1.82,0.1,142.0,1.11,20.6,5.5,11.0,100.0,53.0,85.0,8.5,1.17
6,Davis,Sacramento Valley,2026-02-05,36,2.18,0.0,156.0,1.06,22.0,4.0,11.8,97.0,46.0,77.0,7.8,1.47
6,Davis,Sacramento Valley,2026-02-06,37,2.12,0.0,146.0,1.12,22.0,5.8,13.0,94.0,47.0,75.0,8.6,1.22
6,Davis,Sacramento Valley,2026-02-07,38,1.62,0.0,114.0,1.17,19.8,5.4,12.0,98.0,62.0,84.0,9.3,1.17
6,Davis,Sacramento Valley,2026-02-08,39,2.29,0.0,145.0,1.23,21.9,5.2,13.4,99.0,52.0,80.0,10.1,2.4
6,Davis,Sacramento Valley,2026-02-09,40,3.14,0.0,110.0,0.84,18.9,8.5,13.7,79.0,34.0,53.0,4.4,4.64
6,Davis,Sacramento Valley,2026-02-10,41,0.39,3.0,38.0,1.09,13.5,6.1,10.4,95.0,64.0,86.0,8.2,1.48
6,Davis,Sacramento Valley,2026-02-11,42,0.91,5.3,62.0,1.3,16.9,9.7,12.7,95.0,71.0,88.0,10.8,2.7
6,Davis,Sacramento Valley,2026-02-12,43,2.13,0.1,168.0,1.14,18.1,6.9,11.6,99.0,57.0,84.0,8.9,2.23
6,Davis,Sacramento Valley,2026-02-13,44,2.36,0.0,175.0,1.1,20.2,4.6,11.8,97.0,50.0,79.0,8.3,1.78
6,Davis,Sacramento Valley,2026-02-14,45,1.37,0.0,108.0,1.14,15.2,6.8,11.3,96.0,75.0,85.0,8.9,1.85
6,Davis,Sacramento Valley,2026-02-15,46,1.44,7.9,87.0,1.14,16.8,5.8,11.7,98.0,63.0,83.0,8.9,2.0
6,Davis,Sacramento Valley,2026-02-16,47,0.09,22.2,22.0,1.16,11.5,6.8,9.8,99.0,78.0,96.0,9.1,2.31
6,Davis,Sacramento Valley,2026-02-17,48,0.41,12.4,32.0,0.88,9.7,5.1,7.4,96.0,69.0,85.0,5.1,3.59
6,Davis,Sacramento Valley,2026-02-18,49,1.39,2.5,121.0,0.79,12.0,1.1,6.4,96.0,63.0,83.0,3.6,2.96
6,Davis,Sacramento Valley,2026-02-19,50,1.85,13.0,153.0,0.82,12.9,3.4,7.5,97.0,48.0,79.0,4.2,3.1
6,Davis,Sacramento Valley,2026-02-20,51,1.54,0.0,153.0,0.74,11.7,-0.3,5.2,98.0,62.0,84.0,2.7,1.01
6,Davis,Sacramento Valley,2026-02-21,52,2.06,0.0,182.0,0.82,14.6,0.3,7.2,99.0,54.0,81.0,4.1,1.19
6,Davis,Sacramento Valley,2026-02-22,53,2.68,0.0,198.0,1.0,19.2,3.3,11.2,96.0,52.0,76.0,7.0,1.57
6,Davis,Sacramento Valley,2026-02-23,54,2.02,0.1,145.0,1.2,19.4,7.6,13.7,98.0,56.0,76.0,9.7,1.22
6,Davis,Sacramento Valley,2026-02-24,55,1.22,1.8,70.0,1.49,19.1,12.7,15.3,98.0,70.0,86.0,13.0,2.21
6,Davis,Sacramento Valley,2026-02-25,56,1.54,0.1,105.0,1.67,20.8,13.8,16.3,98.0,72.0,90.0,14.7,1.8
6,Davis,Sacramento Valley,2026-02-26,57,2.69,0.0,190.0,1.55,22.3,9.4,16.1,100.0,63.0,85.0,13.6,1.99
6,Davis,Sacramento Valley,2026-02-27,58,3.08,0.0,184.0,1.55,24.8,11.2,17.5,96.0,53.0,77.0,13.5,1.86
6,Davis,Sacramento Valley,2026-03-01,60,2.36,0.0,146.0,1.4,22.2,10.7,15.5,96.0,57.0,80.0,12.0,2.33
6,Davis,Sacramento Valley,2026-03-02,61,2.3,0.0,155.0,1.2,20.6,8.0,13.8,95.0,53.0,76.0,9.7,1.48
6,Davis,Sacramento Valley,2026-03-03,62,2.81,0.0,188.0,1.22,22.7,6.3,13.7,98.0,49.0,78.0,9.9,1.41
6,Davis,Sacramento Valley,2026-03-04,63,3.56,0.0,187.0,1.01,21.0,9.4,14.5,94.0,35.0,61.0,7.1,2.9
6,Davis,Sacramento Valley,2026-03-05,64,4.27,0.0,189.0,0.76,19.8,8.0,13.7,72.0,32.0,49.0,3.1,5.2
6,Davis,Sacramento Valley,2026-03-06,65,4.96,0.0,183.0,0.77,22.0,10.2,15.3,62.0,27.0,44.0,3.2,5.83
6,Davis,Sacramento Valley,2026-03-07,66,4.66,0.0,162.0,1.08,24.8,10.1,17.7,69.0,37.0,53.0,8.1,4.78
6,Davis,Sacramento Valley,2026-03-08,67,2.84,0.0,175.0,1.21,24.9,7.9,16.0,89.0,43.0,66.0,9.8,1.19
6,Davis,Sacramento Valley,2026-03-09,68,3.06,0.0,175.0,1.32,25.7,9.6,16.5,95.0,43.0,70.0,11.1,1.88
6,Davis,Sacramento Valley,2026-03-10,69,3.07,0.0,172.0,0.96,22.5,7.1,14.2,95.0,24.0,60.0,6.4,1.74
6,Davis,Sacramento Valley,2026-03-11,70,3.64,0.0,183.0,0.89,24.8,7.7,15.5,80.0,28.0,51.0,5.3,2.04
6,Davis,Sacramento Valley,2026-03-12,71,3.27,0.0,184.0,1.17,27.8,7.3,16.6,89.0,34.0,62.0,9.3,1.37
6,Davis,Sacramento Valley,2026-03-13,72,2.8,0.0,162.0,1.25,25.9,7.3,16.3,89.0,44.0,68.0,10.3,1.31
6,Davis,Sacramento Valley,2026-03-14,73,3.16,0.0,186.0,1.27,26.7,8.1,16.5,95.0,39.0,68.0,10.6,1.59
6,Davis,Sacramento Valley,2026-03-15,74,5.73,0.0,191.0,0.91,28.9,13.3,20.2,77.0,17.0,38.0,5.6,3.65
6,Davis,Sacramento Valley,2026-03-16,75,4.11,0.0,187.0,1.19,30.0,11.4,20.5,79.0,30.0,50.0,9.6,1.85
6,Davis,Sacramento Valley,2026-03-17,76,3.63,0.0,191.0,1.48,30.9,10.7,20.2,92.0,36.0,63.0,12.8,1.33
6,Davis,Sacramento Valley,2026-03-18,77,3.64,0.0,191.0,1.7,32.7,12.7,21.5,90.0,39.0,66.0,14.9,1.51
6,Davis,Sacramento Valley,2026-03-20,79,3.86,0.0,201.0,1.58,32.5,12.1,21.4,93.0,32.0,62.0,13.8,1.31
6,Davis,Sacramento Valley,2026-03-21,80,3.96,0.0,188.0,1.56,31.2,12.9,21.1,92.0,30.0,62.0,13.6,2.1
6,Davis,Sacramento Valley,2026-03-22,81,4.5,0.0,195.0,1.24,29.5,12.8,20.0,79.0,32.0,53.0,10.1,2.45
6,Davis,Sacramento Valley,2026-03-23,82,4.2,0.0,189.0,1.15,29.5,10.0,19.2,87.0,28.0,51.0,9.0,1.89
6,Davis,Sacramento Valley,2026-03-24,83,4.12,0.0,205.0,1.13,30.0,8.4,19.1,86.0,26.0,51.0,8.7,1.47
6,Davis,Sacramento Valley,2026-03-25,84,3.88,0.0,199.0,1.18,28.9,8.9,18.4,76.0,37.0,56.0,9.4,1.53
6,Davis,Sacramento Valley,2026-03-26,85,6.02,0.0,196.0,0.8,26.1,10.8,18.9,81.0,23.0,37.0,3.8,4.91
6,Davis,Sacramento Valley,2026-03-27,86,5.32,0.0,189.0,0.77,28.8,12.7,20.3,70.0,21.0,33.0,3.3,2.83
6,Davis,Sacramento Valley,2026-03-28,87,4.02,0.0,201.0,1.11,29.2,8.6,18.8,85.0,24.0,52.0,8.6,1.63
6,Davis,Sacramento Valley,2026-03-29,88,4.83,0.0,197.0,1.07,31.8,14.4,21.9,65.0,22.0,41.0,8.0,2.13
6,Davis,Sacramento Valley,2026-03-30,89,2.55,0.0,114.0,1.23,25.0,10.4,18.4,79.0,44.0,58.0,10.0,1.46
6,Davis,Sacramento Valley,2026-03-31,90,1.73,2.5,84.0,1.4,20.5,13.9,16.2,94.0,43.0,76.0,11.9,2.93
6,Davis,Sacramento Valley,2026-04-01,91,1.48,3.7,81.0,1.39,16.8,12.8,14.4,97.0,71.0,85.0,11.9,4.27
6,Davis,Sacramento Valley,2026-04-02,92,4.51,0.1,253.0,0.79,19.4,5.9,13.5,90.0,26.0,51.0,3.6,3.5
6,Davis,Sacramento Valley,2026-04-03,93,5.86,0.0,253.0,0.71,25.6,10.4,17.0,62.0,21.0,36.0,2.0,4.48
6,Davis,Sacramento Valley,2026-04-04,94,4.3,0.1,227.0,0.95,27.7,6.8,17.0,91.0,24.0,49.0,6.2,1.68
6,Davis,Sacramento Valley,2026-04-05,95,4.01,0.1,220.0,1.1,29.8,7.7,17.9,93.0,25.0,54.0,8.4,1.34
6,Davis,Sacramento Valley,2026-04-06,96,4.66,0.0,242.0,1.18,28.4,8.7,17.3,90.0,31.0,60.0,9.4,2.02
6,Davis,Sacramento Valley,2026-04-07,97,3.8,0.1,241.0,1.22,24.9,6.5,15.2,96.0,45.0,71.0,9.9,1.72
6,Davis,Sacramento Valley,2026-04-08,98,4.41,0.1,240.0,1.33,28.6,7.7,18.2,95.0,39.0,64.0,11.2,1.8
6,Davis,Sacramento Valley,2026-04-09,99,4.37,0.0,225.0,1.37,24.9,11.8,18.0,96.0,43.0,66.0,11.7,2.63
6,Davis,Sacramento Valley,2026-04-10,100,1.7,5.7,114.0,1.41,19.3,12.5,15.0,97.0,65.0,83.0,12.1,2.35
6,Davis,Sacramento Valley,2026-04-11,101,1.66,15.0,119.0,1.32,17.2,8.9,12.8,97.0,71.0,89.0,11.1,3.66
6,Davis,Sacramento Valley,2026-04-12,102,2.25,1.5,182.0,1.18,16.3,9.6,12.0,96.0,68.0,84.0,9.4,3.61
6,Davis,Sacramento Valley,2026-04-13,103,3.52,0.1,262.0,1.13,19.8,8.4,13.4,97.0,46.0,74.0,8.8,2.35
6,Davis,Sacramento Valley,2026-04-14,104,4.06,0.1,287.0,1.14,20.7,7.6,13.4,98.0,48.0,74.0,8.9,2.29
6,Davis,Sacramento Valley,2026-04-15,105,3.87,0.0,245.0,1.16,22.2,8.0,14.2,96.0,49.0,72.0,9.2,2.66
6,Davis,Sacramento Valley,2026-04-16,106,6.5,0.0,293.0,0.62,20.5,6.7,14.5,92.0,21.0,38.0,0.3,6.2
6,Davis,Sacramento Valley,2026-04-17,107,5.54,0.0,246.0,0.6,23.0,9.2,15.8,71.0,18.0,34.0,-0.2,4.18
6,Davis,Sacramento Valley,2026-04-18,108,3.93,0.0,218.0,0.93,25.1,5.1,15.9,91.0,26.0,51.0,5.9,1.45
6,Davis,Sacramento Valley,2026-04-19,109,5.05,0.0,216.0,0.84,24.6,8.8,17.1,93.0,23.0,43.0,4.5,2.55
6,Davis,Sacramento Valley,2026-04-20,110,1.73,16.0,85.0,1.13,18.4,9.1,13.7,98.0,35.0,72.0,8.7,2.23
6,Davis,Sacramento Valley,2026-04-21,111,2.36,2.6,169.0,1.26,18.2,9.9,13.2,99.0,66.0,83.0,10.4,2.7
6,Davis,Sacramento Valley,2026-04-22,112,2.68,9.0,199.0,1.2,18.2,9.0,12.7,97.0,60.0,82.0,9.7,1.9
6,Davis,Sacramento Valley,2026-04-23,113,4.54,0.0,303.0,1.17,23.3,8.1,15.3,95.0,40.0,68.0,9.3,2.37
6,Davis,Sacramento Valley,2026-04-24,114,3.9,0.4,269.0,1.24,22.3,10.6,16.9,96.0,47.0,64.0,10.2,2.92
6,Davis,Sacramento Valley,2026-04-25,115,3.51,0.0,255.0,1.14,16.7,9.9,13.1,91.0,65.0,75.0,8.9,3.59
6,Davis,Sacramento Valley,2026-04-26,116,3.84,0.0,252.0,1.08,18.2,8.6,13.4,93.0,47.0,70.0,8.1,3.4
6,Davis,Sacramento Valley,2026-04-27,117,3.82,0.1,266.0,1.16,19.9,8.2,13.8,97.0,50.0,73.0,9.1,1.96
6,Davis,Sacramento Valley,2026-04-28,118,4.7,0.1,312.0,1.18,24.5,7.3,15.7,97.0,37.0,66.0,9.4,1.35
6,Davis,Sacramento Valley,2026-04-29,119,5.48,0.0,327.0,1.27,27.6,9.0,17.9,95.0,36.0,62.0,10.5,1.79
6,Davis,Sacramento Valley,2026-04-30,120,5.55,0.0,325.0,1.39,28.6,9.3,18.5,95.0,41.0,65.0,11.9,1.75
6,Davis,Sacramento Valley,2026-05-01,121,5.07,0.0,303.0,1.52,27.2,11.0,18.6,95.0,49.0,71.0,13.3,1.73
6,Davis,Sacramento Valley,2026-05-02,122,3.85,0.0,247.0,1.32,21.8,11.6,15.5,91.0,58.0,75.0,11.0,3.42
6,Davis,Sacramento Valley,2026-05-03,123,4.2,0.0,254.0,1.22,20.6,11.2,15.4,90.0,54.0,69.0,9.9,3.41
6,Davis,Sacramento Valley,2026-05-04,124,1.16,15.8,77.0,1.28,17.4,10.4,13.6,97.0,64.0,82.0,10.6,1.68
6,Davis,Sacramento Valley,2026-05-05,125,2.94,0.2,200.0,1.42,20.3,11.6,15.0,98.0,65.0,83.0,12.2,2.04
6,Davis,Sacramento Valley,2026-05-06,126,4.23,0.1,269.0,1.54,24.6,13.1,17.8,96.0,56.0,76.0,13.5,1.56
6,Davis,Sacramento Valley,2026-05-07,127,5.2,0.0,329.0,1.64,28.2,11.4,18.5,97.0,53.0,77.0,14.4,1.68
6,Davis,Sacramento Valley,2026-05-08,128,5.44,0.0,333.0,1.63,28.3,11.2,19.0,96.0,53.0,74.0,14.3,1.68
6,Davis,Sacramento Valley,2026-05-09,129,6.04,0.0,332.0,1.64,31.4,12.0,20.9,96.0,41.0,66.0,14.4,1.88
6,Davis,Sacramento Valley,2026-05-10,130,5.65,0.0,334.0,1.67,29.8,11.8,20.2,96.0,48.0,71.0,14.7,1.73
6,Davis,Sacramento Valley,2026-05-11,131,6.31,0.1,335.0,1.55,33.5,11.6,21.9,96.0,28.0,59.0,13.5,1.74
6,Davis,Sacramento Valley,2026-05-12,132,6.5,0.0,335.0,1.46,30.0,12.8,20.5,93.0,31.0,61.0,12.7,2.88
6,Davis,Sacramento Valley,2026-05-13,133,6.06,0.0,344.0,1.34,26.9,12.1,19.6,89.0,38.0,59.0,11.3,2.29
6,Davis,Sacramento Valley,2026-05-14,134,6.55,0.0,346.0,1.39,31.3,11.2,21.2,94.0,34.0,55.0,11.8,2.0
6,Davis,Sacramento Valley,2026-05-15,135,7.33,0.0,353.0,1.16,31.7,12.2,21.6,93.0,18.0,45.0,9.1,2.73
6,Davis,Sacramento Valley,2026-05-16,136,7.83,0.0,350.0,0.94,27.0,10.2,20.0,90.0,22.0,40.0,6.1,3.67
6,Davis,Sacramento Valley,2026-05-17,137,8.98,0.0,354.0,0.66,24.2,14.2,19.7,48.0,17.0,29.0,1.1,6.87
6,Davis,Sacramento Valley,2026-05-18,138,8.64,0.0,360.0,0.71,28.2,12.9,20.6,48.0,19.0,29.0,2.2,4.87
6,Davis,Sacramento Valley,2026-05-19,139,7.49,0.0,357.0,0.85,30.8,11.3,21.9,66.0,17.0,33.0,4.7,2.51
6,Davis,Sacramento Valley,2026-05-20,140,6.5,0.1,336.0,1.19,32.3,10.2,22.4,90.0,24.0,44.0,9.6,1.57
6,Davis,Sacramento Valley,2026-05-21,141,7.1,0.0,348.0,1.31,33.5,11.9,22.9,92.0,23.0,47.0,11.0,1.92
6,Davis,Sacramento Valley,2026-05-22,142,6.52,0.0,348.0,1.39,30.7,11.0,20.2,94.0,32.0,59.0,11.9,2.23
6,Davis,Sacramento Valley,2026-05-23,143,6.0,0.0,349.0,1.4,26.8,11.6,18.7,89.0,45.0,65.0,12.0,2.67
6,Davis,Sacramento Valley,2026-05-24,144,5.95,0.1,343.0,1.43,27.4,10.8,18.7,94.0,48.0,66.0,12.3,2.58
6,Davis,Sacramento Valley,2026-05-25,145,5.63,0.0,341.0,1.24,22.9,10.9,16.4,91.0,49.0,66.0,10.1,3.79
6,Davis,Sacramento Valley,2026-05-26,146,3.57,5.3,235.0,1.21,20.7,11.0,14.8,90.0,47.0,72.0,9.7,2.41
6,Davis,Sacramento Valley,2026-05-27,147,4.15,0.1,278.0,1.3,22.6,9.4,15.9,97.0,44.0,72.0,10.9,1.65
6,Davis,Sacramento Valley,2026-05-28,148,3.95,0.1,244.0,1.3,21.6,12.3,16.4,94.0,51.0,70.0,10.9,2.13
6,Davis,Sacramento Valley,2026-05-29,149,4.41,1.3,294.0,1.44,22.7,13.6,17.2,95.0,56.0,73.0,12.4,2.57
6,Davis,Sacramento Valley,2026-05-30,150,5.81,0.0,351.0,1.43,27.5,11.1,19.2,95.0,39.0,64.0,12.3,1.52
6,Davis,Sacramento Valley,2026-05-31,151,6.58,0.1,358.0,1.38,31.0,11.4,21.6,93.0,28.0,54.0,11.8,1.83
6,Davis,Sacramento Valley,2026-06-01,152,7.09,0.1,362.0,1.42,33.8,12.0,23.0,93.0,27.0,50.0,12.1,1.84
6,Davis,Sacramento Valley,2026-06-02,153,6.72,0.0,351.0,1.56,31.6,12.0,21.8,94.0,36.0,60.0,13.6,1.96
6,Davis,Sacramento Valley,2026-06-03,154,6.68,0.0,347.0,1.56,32.7,12.5,22.5,92.0,35.0,57.0,13.6,1.84
6,Davis,Sacramento Valley,2026-06-04,155,6.92,0.0,358.0,1.6,34.2,12.8,23.5,92.0,32.0,55.0,14.0,1.9
6,Davis,Sacramento Valley,2026-06-05,156,7.3,0.1,353.0,1.61,34.4,13.7,23.9,92.0,35.0,54.0,14.1,2.21
6,Davis,Sacramento Valley,2026-06-06,157,6.59,0.0,336.0,1.25,27.7,11.7,20.1,85.0,36.0,53.0,10.2,2.59
6,Davis,Sacramento Valley,2026-06-07,158,6.73,0.0,359.0,1.21,29.7,10.0,20.0,92.0,32.0,52.0,9.8,2.23
6,Davis,Sacramento Valley,2026-06-08,159,5.11,0.0,243.0,1.36,28.5,11.4,19.8,92.0,37.0,59.0,11.5,2.81
6,Davis,Sacramento Valley,2026-06-09,160,6.19,0.0,47.0,1.36,29.1,18.1,23.0,95.0,31.0,49.0,11.6,1.17
6,Davis,Sacramento Valley,2026-06-10,161,8.5,0.0,361.0,1.31,33.6,13.8,25.4,94.0,23.0,40.0,11.0,3.01
6,Davis,Sacramento Valley,2026-06-11,162,9.01,0.0,366.0,1.23,36.2,19.7,28.7,59.0,20.0,31.0,10.0,3.85
6,Davis,Sacramento Valley,2026-06-12,163,7.91,0.0,359.0,1.65,38.5,15.2,26.7,92.0,26.0,47.0,14.5,2.06
6,Davis,Sacramento Valley,2026-06-13,164,7.63,0.0,356.0,1.66,37.0,14.3,25.4,87.0,30.0,51.0,14.6,2.1
6,Davis,Sacramento Valley,2026-06-14,165,7.13,0.0,360.0,1.69,34.0,13.9,23.7,90.0,36.0,58.0,14.9,1.97
6,Davis,Sacramento Valley,2026-06-15,166,7.08,0.0,352.0,1.73,34.2,13.8,23.4,91.0,41.0,60.0,15.2,2.28
6,Davis,Sacramento Valley,2026-06-16,167,6.62,0.0,350.0,1.72,31.9,14.1,22.1,90.0,44.0,65.0,15.2,2.37
6,Davis,Sacramento Valley,2026-06-17,168,6.4,0.0,348.0,1.76,30.7,14.6,21.8,91.0,49.0,67.0,15.5,2.42
6,Davis,Sacramento Valley,2026-06-18,169,6.54,0.0,345.0,1.63,29.1,14.6,21.1,91.0,48.0,65.0,14.3,3.36
6,Davis,Sacramento Valley,2026-06-19,170,6.35,0.0,355.0,1.47,27.1,13.7,19.9,87.0,46.0,63.0,12.7,2.94
6,Davis,Sacramento Valley,2026-06-20,171,6.77,0.0,361.0,1.44,29.1,12.7,20.6,87.0,37.0,59.0,12.4,2.53
6,Davis,Sacramento Valley,2026-06-21,172,6.79,0.0,359.0,1.49,31.3,10.6,21.3,95.0,31.0,59.0,12.9,2.03
6,Davis,Sacramento Valley,2026-06-22,173,6.77,0.0,355.0,1.57,32.0,12.6,21.5,93.0,37.0,61.0,13.7,2.17
6,Davis,Sacramento Valley,2026-06-23,174,6.88,0.0,366.0,1.48,32.1,11.4,21.0,95.0,26.0,59.0,12.8,1.98
6,Davis,Sacramento Valley,2026-06-24,175,6.63,0.0,369.0,1.52,29.9,11.0,20.1,92.0,43.0,65.0,13.3,2.35
6,Davis,Sacramento Valley,2026-06-25,176,6.27,0.0,356.0,1.56,29.4,12.3,20.0,94.0,47.0,67.0,13.6,2.53
6,Davis,Sacramento Valley,2026-06-26,177,6.6,0.0,348.0,1.54,29.3,13.7,20.5,85.0,48.0,64.0,13.4,3.6
6,Davis,Sacramento Valley,2026-06-27,178,5.8,0.0,323.0,1.41,26.1,12.8,19.6,91.0,45.0,62.0,12.1,2.79
6,Davis,Sacramento Valley,2026-06-28,179,7.2,0.0,366.0,1.1,28.4,11.9,20.6,93.0,22.0,45.0,8.3,2.73
6,Davis,Sacramento Valley,2026-06-29,180,6.57,0.0,337.0,1.25,30.4,11.9,21.9,87.0,27.0,48.0,10.3,1.96
6,Davis,Sacramento Valley,2026-06-30,181,7.03,0.0,362.0,1.46,31.4,12.6,21.5,94.0,27.0,57.0,12.6,2.23
6,Davis,Sacramento Valley,2026-07-01,182,6.29,0.0,352.0,1.49,29.5,11.4,20.0,93.0,40.0,64.0,12.9,2.12
6,Davis,Sacramento Valley,2026-07-02,183,6.29,0.0,346.0,1.51,29.9,12.0,20.5,91.0,38.0,63.0,13.1,2.14
6,Davis,Sacramento Valley,2026-07-03,184,6.7,0.0,351.0,1.54,32.6,11.6,21.8,94.0,28.0,59.0,13.4,1.74
6,Davis,Sacramento Valley,2026-07-04,185,7.12,0.0,355.0,1.59,33.4,12.7,22.6,94.0,26.0,58.0,13.9,2.28
6,Davis,Sacramento Valley,2026-07-05,186,6.92,0.0,353.0,1.44,30.4,13.5,21.3,85.0,29.0,57.0,12.4,2.78
6,Davis,Sacramento Valley,2026-07-06,187,6.75,0.0,363.0,1.42,30.6,10.9,20.2,93.0,26.0,60.0,12.2,2.32
6,Davis,Sacramento Valley,2026-07-07,188,6.15,0.0,359.0,1.48,28.0,10.8,19.0,94.0,46.0,67.0,12.8,2.43
6,Davis,Sacramento Valley,2026-07-08,189,6.42,0.0,358.0,1.56,31.7,10.8,20.6,94.0,35.0,64.0,13.6,2.0
6,Davis,Sacramento Valley,2026-07-09,190,6.84,0.0,346.0,1.66,34.6,12.9,23.3,95.0,33.0,58.0,14.6,1.68
6,Davis,Sacramento Valley,2026-07-10,191,6.77,0.0,353.0,1.6,32.2,13.3,21.7,92.0,39.0,61.0,14.0,2.56
6,Davis,Sacramento Valley,2026-07-11,192,6.36,0.0,329.0,1.54,33.5,11.9,22.0,95.0,32.0,58.0,13.4,1.67
6,Davis,Sacramento Valley,2026-07-12,193,4.83,0.0,226.0,1.74,32.0,16.0,24.2,86.0,37.0,58.0,15.3,1.86
6,Davis,Sacramento Valley,2026-07-13,194,4.14,0.0,175.0,1.89,33.2,17.8,26.3,89.0,37.0,56.0,16.6,1.51
6,Davis,Sacramento Valley,2026-07-14,195,7.39,0.0,340.0,1.72,38.5,15.5,28.1,89.0,24.0,45.0,15.1,1.48
6,Davis,Sacramento Valley,2026-07-15,196,8.1,0.0,344.0,1.6,38.9,15.5,27.7,90.0,22.0,43.0,14.0,1.86
6,Davis,Sacramento Valley,2026-07-16,197,7.33,0.0,358.0,1.43,33.5,13.0,23.4,87.0,30.0,50.0,12.3,2.13
6,Davis,Sacramento Valley,2026-07-17,198,6.89,0.0,355.0,1.5,32.1,12.1,21.6,95.0,30.0,58.0,13.0,2.22
6,Davis,Sacramento Valley,2026-07-18,199,6.51,0.0,347.0,1.49,31.9,12.3,21.7,94.0,25.0,57.0,13.0,1.78
6,Davis,Sacramento Valley,2026-07-19,200,6.5,0.0,322.0,1.49,34.2,12.9,23.3,92.0,21.0,52.0,13.0,1.77
6,Davis,Sacramento Valley,2026-07-20,201,4.56,0.0,203.0,1.56,31.0,16.3,24.2,80.0,26.0,52.0,13.6,1.68
6,Davis,Sacramento Valley,2026-07-21,202,7.63,0.0,328.0,1.6,36.8,17.2,27.9,86.0,20.0,43.0,14.0,2.05
6,Davis,Sacramento Valley,2026-07-22,203,6.71,0.0,345.0,1.78,30.9,16.3,23.5,89.0,38.0,61.0,15.7,3.16
6,Davis,Sacramento Valley,2026-07-23,204,6.3,0.0,346.0,1.74,32.5,13.3,22.5,96.0,41.0,64.0,15.3,1.66
6,Davis,Sacramento Valley,2026-07-24,205,6.87,0.0,349.0,1.6,33.5,13.4,23.1,94.0,32.0,57.0,14.0,1.84
6,Davis,Sacramento Valley,2026-07-25,206,6.74,0.0,346.0,1.58,34.2,13.1,23.8,92.0,35.0,53.0,13.8,1.66
6,Davis,Sacramento Valley,2026-07-26,207,6.8,0.0,347.0,1.58,33.9,13.4,23.4,92.0,37.0,55.0,13.8,1.83
6,Davis,Sacramento Valley,2026-07-27,208,6.54,0.0,308.0,1.63,32.8,17.4,26.3,96.0,37.0,48.0,14.3,2.24
6,Davis,Sacramento Valley,2026-07-28,209,6.54,0.0,343.0,1.6,34.5,12.7,23.5,95.0,27.0,55.0,14.0,1.58
6,Davis,Sacramento Valley,2026-07-29,210,6.53,0.0,333.0,1.77,34.4,14.5,24.1,96.0,33.0,59.0,15.6,1.66
6,Davis,Sacramento Valley,2026-07-30,211,6.75,0.0,338.0,1.57,35.2,13.8,23.5,95.0,28.0,54.0,13.8,1.78
6,Davis,Sacramento Valley,2026-07-31,212,5.92,0.0,227.0,1.62,36.4,18.8,28.9,93.0,27.0,41.0,14.2,2.03
6,Davis,Sacramento Valley,2026-08-01,213,6.95,0.0,333.0,1.68,37.4,14.5,25.8,95.0,26.0,51.0,14.8,1.71
6,Davis,Sacramento Valley,2026-08-02,214,7.3,0.0,333.0,1.68,38.7,14.8,27.7,91.0,24.0,45.0,14.7,1.66
6,Davis,Sacramento Valley,2026-08-04,216,7.02,0.0,332.0,1.75,37.2,14.8,25.4,95.0,27.0,54.0,15.4,1.93
6,Davis,Sacramento Valley,2026-08-05,217,6.5,0.0,324.0,1.63,35.7,13.1,23.7,93.0,23.0,55.0,14.3,1.79
6,Davis,Sacramento Valley,2026-08-06,218,6.81,0.0,324.0,1.5,36.0,12.8,24.0,93.0,20.0,50.0,13.0,1.87
6,Davis,Sacramento Valley,2026-08-07,219,6.4,0.0,309.0,1.63,37.0,13.5,24.3,90.0,27.0,54.0,14.3,1.63
6,Davis,Sacramento Valley,2026-08-08,220,6.18,0.0,302.0,1.74,36.4,14.1,23.9,92.0,34.0,58.0,15.3,1.71
6,Davis,Sacramento Valley,2026-08-09,221,6.59,0.0,316.0,1.74,37.7,14.5,24.9,94.0,30.0,55.0,15.3,1.62
6,Davis,Sacramento Valley,2026-08-10,222,6.91,0.0,318.0,1.57,33.8,13.8,23.4,94.0,29.0,54.0,13.7,2.56
6,Davis,Sacramento Valley,2026-08-11,223,6.9,0.0,314.0,1.48,33.3,13.3,23.5,92.0,26.0,51.0,12.8,2.55
6,Davis,Sacramento Valley,2026-08-12,224,6.79,0.0,302.0,1.43,32.8,13.3,22.4,91.0,23.0,53.0,12.3,2.85
6,Davis,Sacramento Valley,2026-08-13,225,5.8,0.0,308.0,1.53,26.7,14.6,19.6,86.0,49.0,67.0,13.4,4.57
6,Davis,Sacramento Valley,2026-08-14,226,4.89,0.0,280.0,1.57,26.3,13.1,18.9,94.0,50.0,72.0,13.7,3.06
6,Davis,Sacramento Valley,2026-08-15,227,5.46,0.0,313.0,1.59,29.3,12.2,20.2,95.0,41.0,68.0,14.0,2.22
6,Davis,Sacramento Valley,2026-08-16,228,6.08,0.0,304.0,1.58,33.7,12.4,23.3,95.0,31.0,55.0,13.8,1.62
6,Davis,Sacramento Valley,2026-08-17,229,6.29,0.0,293.0,1.54,33.1,15.0,24.0,89.0,25.0,52.0,13.5,1.98
6,Davis,Sacramento Valley,2026-08-18,230,5.99,0.0,298.0,1.54,34.9,12.8,23.5,95.0,26.0,53.0,13.4,1.57
6,Davis,Sacramento Valley,2026-08-19,231,6.18,0.0,310.0,1.61,35.5,12.9,23.6,96.0,26.0,55.0,14.1,1.58
6,Davis,Sacramento Valley,2026-08-20,232,5.75,0.0,283.0,1.55,33.1,12.7,21.9,94.0,30.0,59.0,13.6,2.04
6,Davis,Sacramento Valley,2026-08-21,233,5.79,0.0,274.0,1.53,34.6,13.8,22.7,92.0,28.0,56.0,13.3,2.08
6,Davis,Sacramento Valley,2026-08-22,234,5.9,0.0,296.0,1.45,34.6,13.6,23.9,91.0,23.0,49.0,12.5,1.57
6,Davis,Sacramento Valley,2026-08-23,235,6.63,0.0,304.0,1.37,36.9,13.4,25.2,93.0,19.0,43.0,11.6,1.87
6,Davis,Sacramento Valley,2026-08-24,236,6.68,0.0,300.0,1.48,34.4,15.0,24.1,89.0,21.0,49.0,12.9,2.37
6,Davis,Sacramento Valley,2026-08-25,237,5.7,0.0,263.0,1.47,35.5,15.0,23.9,84.0,23.0,50.0,12.7,1.83
6,Davis,Sacramento Valley,2026-08-26,238,6.18,0.0,300.0,1.33,36.0,14.5,25.1,79.0,19.0,42.0,11.2,1.44
6,Davis,Sacramento Valley,2026-08-27,239,6.07,0.0,242.0,1.49,35.3,15.4,25.1,79.0,29.0,47.0,13.0,2.17
6,Davis,Sacramento Valley,2026-08-28,240,2.82,0.0,106.0,1.47,26.0,16.8,20.8,75.0,39.0,60.0,12.8,2.12
6,Davis,Sacramento Valley,2026-08-29,241,6.03,0.0,298.0,1.37,31.5,10.6,21.3,90.0,23.0,54.0,11.7,2.22
6,Davis,Sacramento Valley,2026-08-30,242,5.48,0.0,293.0,1.39,32.2,11.6,20.8,87.0,31.0,57.0,11.9,1.89
6,Davis,Sacramento Valley,2026-08-31,243,4.04,0.0,216.0,1.41,25.6,12.6,17.8,85.0,48.0,69.0,12.1,3.43
6,Davis,Sacramento Valley,2026-09-01,244,4.73,0.0,249.0,1.36,25.1,12.2,18.6,88.0,44.0,63.0,11.5,3.1
6,Davis,Sacramento Valley,2026-09-02,245,4.48,0.0,225.0,1.45,25.8,15.0,19.6,88.0,42.0,64.0,12.5,3.12
35,Bishop,Bishop,2021-09-01,244,6.09,0.0,297.0,0.71,34.1,7.4,21.9,67.0,12.0,27.0,2.1,1.31
35,Bishop,Bishop,2021-09-02,245,6.14,0.0,303.0,0.57,31.7,6.7,20.5,64.0,11.0,24.0,-0.9,1.4
35,Bishop,Bishop,2021-09-03,246,5.07,0.0,280.0,0.61,33.0,5.1,19.8,66.0,12.0,26.0,-0.1,0.91
35,Bishop,Bishop,2021-09-04,247,5.79,0.0,298.0,0.57,33.2,4.2,20.6,68.0,11.0,23.0,-1.1,1.16
35,Bishop,Bishop,2021-09-05,248,5.93,0.0,299.0,0.6,34.9,6.0,21.5,58.0,11.0,23.0,-0.2,1.19
35,Bishop,Bishop,2021-09-06,249,5.71,0.0,296.0,0.72,37.0,7.3,22.7,54.0,10.0,26.0,2.2,1.03
35,Bishop,Bishop,2021-09-07,250,5.65,0.0,284.0,0.93,37.7,8.9,23.7,71.0,14.0,32.0,5.8,1.03
35,Bishop,Bishop,2021-09-08,251,5.58,0.0,277.0,1.0,38.2,9.9,24.1,69.0,15.0,33.0,7.0,1.06
35,Bishop,Bishop,2021-09-09,252,4.94,0.1,194.0,1.13,34.3,10.2,22.6,75.0,18.0,41.0,8.7,1.77
35,Bishop,Bishop,2021-09-10,253,5.07,0.0,225.0,1.21,32.5,12.1,22.4,89.0,21.0,45.0,9.8,1.6
35,Bishop,Bishop,2021-09-11,254,5.15,0.0,273.0,1.11,33.5,9.2,21.0,80.0,20.0,44.0,8.5,1.07
35,Bishop,Bishop,2021-09-12,255,5.72,0.0,273.0,0.96,33.1,10.0,22.4,80.0,17.0,35.0,6.3,1.45
35,Bishop,Bishop,2021-09-13,256,5.39,0.0,268.0,0.77,33.1,7.3,21.3,69.0,14.0,30.0,3.2,1.27
35,Bishop,Bishop,2021-09-14,257,5.49,0.0,261.0,0.66,33.2,6.7,21.6,70.0,11.0,26.0,1.0,1.39
35,Bishop,Bishop,2021-09-15,258,5.5,0.0,264.0,0.62,32.5,5.5,20.4,72.0,11.0,26.0,0.2,1.41
35,Bishop,Bishop,2021-09-16,259,5.0,0.0,234.0,0.7,30.8,5.9,19.9,72.0,14.0,30.0,1.8,1.46
35,Bishop,Bishop,2021-09-17,260,5.04,0.0,220.0,0.69,29.7,4.8,18.1,75.0,16.0,33.0,1.8,1.78
35,Bishop,Bishop,2021-09-18,261,4.32,0.0,222.0,0.62,29.8,5.9,18.4,65.0,11.0,29.0,0.1,1.28
35,Bishop,Bishop,2021-09-19,262,5.38,0.0,258.0,0.58,31.9,3.5,18.9,63.0,12.0,26.0,-0.8,1.83
35,Bishop,Bishop,2021-09-20,263,4.43,0.0,255.0,0.72,29.2,4.0,16.0,70.0,19.0,40.0,2.2,1.2
35,Bishop,Bishop,2021-09-21,264,4.67,0.0,242.0,0.59,30.2,2.1,16.6,78.0,14.0,31.0,-0.5,1.25
35,Bishop,Bishop,2021-09-22,265,4.01,0.0,216.0,0.66,30.9,2.4,16.9,73.0,16.0,35.0,1.2,1.07
35,Bishop,Bishop,2021-09-23,266,4.51,0.0,238.0,0.77,31.0,5.3,18.4,74.0,18.0,36.0,3.2,1.22
35,Bishop,Bishop,2021-09-24,267,4.44,0.0,244.0,0.7,32.1,4.6,18.6,69.0,14.0,33.0,1.9,1.03
35,Bishop,Bishop,2021-09-25,268,4.51,0.0,229.0,0.71,31.1,4.9,18.9,70.0,17.0,33.0,2.1,1.18
35,Bishop,Bishop,2021-09-26,269,4.39,0.0,216.0,0.86,30.3,6.0,19.4,79.0,21.0,38.0,4.8,1.32
35,Bishop,Bishop,2021-09-27,270,4.16,0.0,218.0,0.81,31.3,7.4,19.0,74.0,17.0,37.0,3.9,1.09
35,Bishop,Bishop,2021-09-28,271,5.15,0.0,238.0,0.58,25.0,3.6,15.5,72.0,18.0,33.0,-0.7,2.44
35,Bishop,Bishop,2021-09-29,272,4.04,0.0,238.0,0.44,23.7,1.9,13.4,64.0,14.0,29.0,-4.5,1.32
35,Bishop,Bishop,2021-09-30,273,4.01,0.0,242.0,0.46,27.0,-0.6,11.5,66.0,11.0,34.0,-4.0,1.19
35,Bishop,Bishop,2021-10-01,274,4.36,0.0,232.0,0.37,26.9,-1.9,13.2,70.0,10.0,24.0,-6.7,1.33
35,Bishop,Bishop,2021-10-02,275,3.86,0.0,220.0,0.42,27.8,0.0,12.9,65.0,11.0,28.0,-5.1,1.09
35,Bishop,Bishop,2021-10-03,276,4.19,0.0,226.0,0.46,29.3,0.8,14.6,66.0,11.0,27.0,-3.9,1.19
35,Bishop,Bishop,2021-10-04,277,2.01,0.0,118.0,0.74,24.3,2.8,12.5,70.0,25.0,51.0,2.6,0.87
35,Bishop,Bishop,2021-10-05,278,3.94,0.0,191.0,0.68,26.6,3.5,15.6,78.0,19.0,38.0,1.5,1.49
35,Bishop,Bishop,2021-10-06,279,3.22,0.0,162.0,0.77,23.7,4.6,14.8,81.0,28.0,46.0,3.2,1.38
35,Bishop,Bishop,2021-10-07,280,3.67,0.0,169.0,0.7,24.1,2.3,14.1,83.0,21.0,44.0,1.9,2.05
35,Bishop,Bishop,2021-10-08,281,2.41,0.5,149.0,0.68,18.6,0.4,10.1,84.0,25.0,55.0,1.5,1.41
35,Bishop,Bishop,2021-10-09,282,3.73,0.0,221.0,0.38,19.5,-3.2,9.0,80.0,12.0,33.0,-6.3,1.53
35,Bishop,Bishop,2021-10-10,283,3.67,0.0,220.0,0.36,23.7,-2.8,10.1,64.0,9.0,29.0,-7.1,1.22
35,Bishop,Bishop,2021-10-11,284,2.33,0.0,121.0,0.39,17.9,-1.4,5.7,64.0,21.0,43.0,-6.0,3.15
35,Bishop,Bishop,2021-10-12,285,3.24,0.0,215.0,0.32,12.8,-3.2,5.8,61.0,20.0,34.0,-8.6,2.59
35,Bishop,Bishop,2021-10-13,286,3.09,0.0,209.0,0.32,18.5,-6.1,5.7,74.0,15.0,35.0,-8.6,1.14
35,Bishop,Bishop,2021-10-14,287,3.16,0.0,207.0,0.43,21.1,-4.0,8.2,75.0,16.0,40.0,-4.7,1.11
35,Bishop,Bishop,2021-10-15,288,3.3,0.0,208.0,0.38,23.8,-3.2,9.8,78.0,11.0,31.0,-6.4,1.02
35,Bishop,Bishop,2021-10-16,289,4.11,0.0,205.0,0.33,26.1,-2.5,12.3,69.0,10.0,23.0,-8.3,1.55
35,Bishop,Bishop,2021-10-17,290,3.52,0.0,173.0,0.33,24.6,-2.9,11.6,65.0,11.0,24.0,-8.3,1.57
35,Bishop,Bishop,2021-10-18,291,3.84,0.0,204.0,0.34,15.6,2.0,10.2,51.0,16.0,27.0,-7.8,2.78
35,Bishop,Bishop,2021-10-19,292,3.41,0.0,193.0,0.39,18.7,-4.7,8.5,79.0,19.0,35.0,-6.0,1.77
35,Bishop,Bishop,2021-10-20,293,2.67,0.0,171.0,0.45,20.2,-1.7,8.2,65.0,18.0,41.0,-4.2,1.11
35,Bishop,Bishop,2021-10-21,294,2.17,0.0,132.0,0.54,21.6,3.9,11.1,65.0,19.0,41.0,-1.6,0.91
35,Bishop,Bishop,2021-10-22,295,3.55,0.0,177.0,0.5,25.9,-1.4,12.4,79.0,12.0,35.0,-2.6,1.57
35,Bishop,Bishop,2021-10-23,296,3.27,0.0,190.0,0.61,23.9,3.2,13.6,75.0,20.0,39.0,-0.1,1.2
35,Bishop,Bishop,2021-10-24,297,3.01,0.0,138.0,0.76,23.5,4.9,15.9,70.0,26.0,42.0,3.0,1.84
35,Bishop,Bishop,2021-10-25,298,1.09,19.6,69.0,0.85,20.4,2.3,9.8,94.0,39.0,70.0,4.7,2.42
35,Bishop,Bishop,2021-10-26,299,2.34,0.0,186.0,0.57,18.9,-2.9,6.4,92.0,27.0,60.0,-0.9,0.66
35,Bishop,Bishop,2021-10-27,300,2.75,0.0,180.0,0.82,24.6,-0.3,11.9,97.0,30.0,59.0,4.1,0.85
35,Bishop,Bishop,2021-10-28,301,2.73,0.0,182.0,0.82,25.9,3.2,12.6,91.0,23.0,56.0,4.2,0.69
35,Bishop,Bishop,2021-10-29,302,2.71,0.0,181.0,0.76,24.9,1.6,12.2,93.0,23.0,53.0,3.0,0.61
35,Bishop,Bishop,2021-10-30,303,2.68,0.0,175.0,0.73,23.1,1.0,11.6,91.0,25.0,53.0,2.4,0.78
35,Bishop,Bishop,2021-10-31,304,2.3,0.0,152.0,0.66,22.4,0.1,11.0,91.0,22.0,50.0,1.1,0.61
35,Bishop,Bishop,2021-11-01,305,1.68,0.0,114.0,0.73,20.0,3.5,10.1,82.0,31.0,59.0,2.5,0.78
35,Bishop,Bishop,2021-11-02,306,2.49,0.0,168.0,0.68,23.8,1.4,10.9,84.0,22.0,52.0,1.4,0.8
35,Bishop,Bishop,2021-11-03,307,2.61,0.0,173.0,0.65,24.5,1.0,11.3,88.0,21.0,49.0,0.9,0.83
35,Bishop,Bishop,2021-11-04,308,2.52,0.0,170.0,0.65,24.6,0.1,10.1,88.0,22.0,52.0,0.8,0.82
35,Bishop,Bishop,2021-11-05,309,3.03,0.0,174.0,0.49,23.7,-2.3,11.6,80.0,14.0,36.0,-3.0,1.31
35,Bishop,Bishop,2021-11-06,310,3.15,0.0,184.0,0.49,26.0,-0.5,12.7,78.0,11.0,33.0,-3.0,1.21
35,Bishop,Bishop,2021-11-07,311,2.86,0.0,164.0,0.47,23.8,0.0,12.1,70.0,9.0,33.0,-3.7,1.15
35,Bishop,Bishop,2021-11-08,312,2.43,0.0,164.0,0.44,19.3,-3.8,8.0,81.0,19.0,41.0,-4.6,1.04
35,Bishop,Bishop,2021-11-09,313,1.51,3.3,108.0,0.81,18.0,1.4,10.4,94.0,43.0,64.0,3.9,0.85
35,Bishop,Bishop,2021-11-10,314,2.3,0.0,163.0,0.66,24.1,-1.8,11.5,93.0,23.0,48.0,1.0,0.75
35,Bishop,Bishop,2021-11-11,315,2.47,0.0,159.0,0.72,24.3,3.0,13.2,79.0,22.0,47.0,2.3,0.94
35,Bishop,Bishop,2021-11-12,316,2.3,0.0,160.0,0.63,25.1,0.6,11.1,82.0,19.0,48.0,0.5,0.56
35,Bishop,Bishop,2021-11-13,317,2.3,0.0,161.0,0.53,27.1,-0.5,10.9,83.0,13.0,41.0,-2.0,0.64
35,Bishop,Bishop,2021-11-14,318,2.24,0.0,158.0,0.49,25.4,-1.4,10.3,77.0,12.0,39.0,-3.0,0.67
35,Bishop,Bishop,2021-11-15,319,1.15,0.0,82.0,0.56,19.8,0.1,8.4,77.0,24.0,51.0,-1.2,0.64
35,Bishop,Bishop,2021-11-16,320,2.41,0.0,156.0,0.45,25.2,0.9,13.0,70.0,12.0,30.0,-4.0,0.8
35,Bishop,Bishop,2021-11-17,321,1.98,0.0,150.0,0.56,20.2,-1.4,8.0,84.0,27.0,52.0,-1.2,0.73
35,Bishop,Bishop,2021-11-18,322,1.49,0.0,109.0,0.53,18.4,-2.6,6.3,87.0,26.0,56.0,-1.9,0.62
35,Bishop,Bishop,2021-11-19,323,2.02,0.0,139.0,0.51,20.1,-2.2,7.0,83.0,23.0,51.0,-2.5,0.94
35,Bishop,Bishop,2021-11-20,324,2.31,0.0,149.0,0.5,18.6,-3.7,7.4,80.0,24.0,49.0,-2.6,1.26
35,Bishop,Bishop,2021-11-21,325,1.92,0.0,150.0,0.42,17.6,-5.1,4.3,88.0,18.0,50.0,-5.2,0.8
35,Bishop,Bishop,2021-11-22,326,1.85,0.0,151.0,0.27,17.3,-8.4,3.4,72.0,12.0,35.0,-10.7,0.71
35,Bishop,Bishop,2021-11-23,327,2.06,0.0,142.0,0.27,19.8,-7.3,6.0,62.0,11.0,29.0,-10.8,1.14
35,Bishop,Bishop,2021-11-24,328,2.5,0.0,147.0,0.25,14.0,-7.2,4.9,56.0,13.0,29.0,-11.8,1.94
35,Bishop,Bishop,2021-11-25,329,1.9,0.0,146.0,0.19,17.6,-10.0,2.2,65.0,7.0,27.0,-14.8,0.93
35,Bishop,Bishop,2021-11-26,330,1.59,0.0,118.0,0.22,20.1,-7.2,3.9,57.0,6.0,27.0,-13.5,0.75
35,Bishop,Bishop,2021-11-27,331,2.0,0.0,139.0,0.31,22.7,-4.9,6.8,61.0,11.0,31.0,-9.1,0.76
35,Bishop,Bishop,2021-11-28,332,1.9,0.0,139.0,0.37,22.4,-3.9,7.0,71.0,12.0,37.0,-6.8,0.7
35,Bishop,Bishop,2021-11-29,333,1.94,0.0,138.0,0.39,23.2,-4.0,7.7,71.0,13.0,37.0,-6.0,0.83
35,Bishop,Bishop,2021-11-30,334,2.05,0.0,136.0,0.46,24.4,-1.8,9.5,69.0,16.0,38.0,-3.9,0.87
35,Bishop,Bishop,2021-12-01,335,1.91,0.0,138.0,0.38,23.3,-2.9,8.5,71.0,14.0,35.0,-6.2,0.74
35,Bishop,Bishop,2021-12-02,336,1.71,0.0,123.0,0.34,22.9,-4.7,5.8,68.0,12.0,37.0,-7.7,0.59
35,Bishop,Bishop,2021-12-03,337,1.83,0.0,134.0,0.33,22.4,-3.0,6.9,62.0,11.0,33.0,-8.2,0.63
35,Bishop,Bishop,2021-12-04,338,1.8,0.0,134.0,0.37,23.0,-5.0,6.0,73.0,15.0,39.0,-6.7,0.81
35,Bishop,Bishop,2021-12-05,339,2.79,0.0,133.0,0.3,22.2,-1.0,11.6,45.0,11.0,22.0,-9.4,1.58
35,Bishop,Bishop,2021-12-06,340,1.24,0.0,88.0,0.4,17.4,-2.6,7.6,63.0,20.0,38.0,-5.8,0.72
35,Bishop,Bishop,2021-12-07,341,0.93,0.0,52.0,0.68,15.3,0.2,9.4,85.0,40.0,58.0,1.5,1.02
35,Bishop,Bishop,2021-12-08,342,1.51,0.0,123.0,0.58,15.7,-4.4,4.6,94.0,41.0,68.0,-0.7,0.82
35,Bishop,Bishop,2021-12-09,343,1.35,0.0,64.0,0.52,12.8,0.5,5.1,84.0,41.0,59.0,-2.1,2.18
35,Bishop,Bishop,2021-12-10,344,1.45,0.0,132.0,0.27,10.7,-10.6,-1.2,88.0,19.0,48.0,-10.9,1.01
35,Bishop,Bishop,2021-12-11,345,1.18,0.0,111.0,0.27,9.1,-11.5,-2.6,80.0,28.0,53.0,-10.9,0.82
35,Bishop,Bishop,2021-12-12,346,1.29,0.0,123.0,0.28,9.5,-11.0,-1.4,84.0,26.0,50.0,-10.3,0.81
35,Bishop,Bishop,2021-12-13,347,1.03,16.8,58.0,0.46,10.4,-6.0,2.4,95.0,31.0,63.0,-3.9,3.15
35,Bishop,Bishop,2021-12-14,348,0.67,34.5,49.0,0.57,5.6,-1.5,3.0,97.0,40.0,75.0,-1.0,3.43
35,Bishop,Bishop,2021-12-15,349,1.29,0.0,131.0,0.29,5.4,-7.2,-1.5,87.0,31.0,52.0,-10.0,1.01
35,Bishop,Bishop,2021-12-16,350,1.08,1.5,126.0,0.46,8.8,-8.0,-0.7,94.0,55.0,79.0,-3.9,1.25
35,Bishop,Bishop,2021-12-17,351,1.39,0.0,134.0,0.33,10.3,-9.3,-1.0,90.0,26.0,57.0,-8.4,0.86
35,Bishop,Bishop,2021-12-18,352,1.32,0.1,132.0,0.31,10.8,-10.0,-1.0,90.0,19.0,54.0,-9.1,0.62
35,Bishop,Bishop,2021-12-19,353,1.3,0.0,131.0,0.34,10.7,-8.4,-1.0,91.0,24.0,60.0,-7.7,0.65
35,Bishop,Bishop,2021-12-20,354,1.18,0.0,121.0,0.35,8.1,-9.6,-1.8,92.0,33.0,65.0,-7.6,0.63
35,Bishop,Bishop,2021-12-21,355,1.23,0.0,123.0,0.33,10.9,-8.1,-0.9,87.0,24.0,59.0,-8.0,0.69
35,Bishop,Bishop,2021-12-22,356,1.14,0.4,101.0,0.41,9.8,-7.4,1.0,93.0,32.0,62.0,-5.4,0.83
35,Bishop,Bishop,2021-12-23,357,0.0,29.6,7.0,0.7,4.2,-1.1,2.1,99.0,92.0,98.0,1.8,0.66
35,Bishop,Bishop,2021-12-24,358,1.17,0.1,108.0,0.66,11.9,-2.1,3.3,99.0,53.0,85.0,1.0,0.93
35,Bishop,Bishop,2021-12-25,359,1.8,0.0,124.0,0.39,11.5,-6.0,2.6,99.0,14.0,52.0,-6.2,1.98
35,Bishop,Bishop,2021-12-26,360,1.01,7.3,100.0,0.41,5.0,-6.2,-0.3,99.0,45.0,68.0,-5.4,1.27
35,Bishop,Bishop,2021-12-27,361,0.42,0.1,50.0,0.44,2.7,-8.1,-2.3,97.0,72.0,85.0,-4.5,1.12
35,Bishop,Bishop,2021-12-28,362,0.93,0.0,100.0,0.43,5.2,-7.4,-2.3,98.0,56.0,83.0,-4.8,0.78
35,Bishop,Bishop,2021-12-29,363,0.11,0.5,28.0,0.47,-0.4,-7.7,-3.0,99.0,89.0,97.0,-3.4,0.78
35,Bishop,Bishop,2021-12-30,364,0.66,0.3,79.0,0.48,3.0,-4.3,-1.3,99.0,73.0,86.0,-3.3,0.92
35,Bishop,Bishop,2021-12-31,365,1.38,0.0,133.0,0.43,6.0,-4.5,0.9,90.0,37.0,66.0,-4.7,1.91
35,Bishop,Bishop,2022-01-01,1,1.61,0.0,137.0,0.25,9.9,-7.2,-0.4,87.0,13.0,42.0,-11.7,1.48
35,Bishop,Bishop,2022-01-02,2,1.27,0.0,137.0,0.32,5.9,-10.3,-3.1,91.0,33.0,65.0,-8.6,0.8
35,Bishop,Bishop,2022-01-03,3,1.25,0.0,133.0,0.34,6.6,-9.8,-2.9,92.0,36.0,70.0,-7.7,0.86
35,Bishop,Bishop,2022-01-04,4,1.45,0.0,139.0,0.41,10.8,-8.3,-0.3,94.0,34.0,68.0,-5.5,0.97
35,Bishop,Bishop,2022-01-05,5,1.63,0.0,132.0,0.53,16.4,-5.7,3.5,95.0,34.0,68.0,-1.9,0.97
35,Bishop,Bishop,2022-01-06,6,1.65,0.0,133.0,0.56,16.7,-4.4,3.9,98.0,34.0,69.0,-1.3,0.89
35,Bishop,Bishop,2022-01-07,7,1.6,0.0,128.0,0.54,13.3,-4.7,3.6,96.0,41.0,68.0,-1.7,1.29
35,Bishop,Bishop,2022-01-08,8,1.93,0.0,140.0,0.32,13.4,-6.0,3.4,80.0,17.0,42.0,-8.4,1.27
35,Bishop,Bishop,2022-01-09,9,1.53,0.0,141.0,0.34,12.2,-8.0,0.7,85.0,24.0,53.0,-7.8,0.77
35,Bishop,Bishop,2022-01-10,10,1.25,0.0,105.0,0.35,10.4,-7.2,0.8,86.0,24.0,54.0,-7.4,0.83
35,Bishop,Bishop,2022-01-11,11,1.85,0.0,141.0,0.34,17.0,-6.6,3.9,78.0,14.0,42.0,-7.9,1.0
35,Bishop,Bishop,2022-01-12,12,1.79,0.0,136.0,0.42,19.2,-3.8,5.5,77.0,16.0,47.0,-4.9,0.77
35,Bishop,Bishop,2022-01-13,13,1.33,0.0,98.0,0.5,15.5,-2.7,4.7,86.0,28.0,59.0,-2.6,0.77
35,Bishop,Bishop,2022-01-14,14,1.77,0.0,127.0,0.44,14.9,-4.9,4.7,81.0,28.0,51.0,-4.5,1.14
35,Bishop,Bishop,2022-01-15,15,1.19,0.0,93.0,0.41,14.6,-4.1,3.0,83.0,21.0,54.0,-5.3,0.68
35,Bishop,Bishop,2022-01-16,16,1.67,0.0,138.0,0.36,15.2,-5.7,2.7,84.0,17.0,49.0,-7.0,0.68
35,Bishop,Bishop,2022-01-17,17,1.68,0.0,132.0,0.36,15.0,-6.5,2.9,86.0,16.0,48.0,-7.1,0.76
35,Bishop,Bishop,2022-01-18,18,2.15,0.0,143.0,0.44,17.4,-4.2,5.7,81.0,24.0,47.0,-4.5,1.19
35,Bishop,Bishop,2022-01-19,19,2.14,0.0,146.0,0.44,15.9,-3.8,5.1,82.0,26.0,50.0,-4.5,1.28
35,Bishop,Bishop,2022-01-20,20,1.99,0.0,149.0,0.39,19.0,-3.6,5.5,76.0,17.0,43.0,-6.0,0.92
35,Bishop,Bishop,2022-01-21,21,2.5,0.0,151.0,0.37,12.8,-3.9,5.4,79.0,21.0,42.0,-6.6,2.46
35,Bishop,Bishop,2022-01-22,22,2.02,0.0,154.0,0.34,12.9,-4.3,3.2,65.0,24.0,44.0,-7.9,1.61
35,Bishop,Bishop,2022-01-23,23,2.24,0.0,156.0,0.29,17.4,-8.4,4.2,76.0,10.0,35.0,-9.8,1.14
35,Bishop,Bishop,2022-01-24,24,2.28,0.0,157.0,0.34,20.5,-5.0,6.5,72.0,12.0,35.0,-7.9,0.94
35,Bishop,Bishop,2022-01-25,25,2.87,0.0,160.0,0.29,13.4,-7.8,5.1,69.0,15.0,33.0,-9.9,2.5
35,Bishop,Bishop,2022-01-26,26,1.9,0.0,163.0,0.26,13.6,-9.9,0.8,80.0,15.0,40.0,-11.1,0.66
35,Bishop,Bishop,2022-01-27,27,2.19,0.0,164.0,0.24,17.3,-7.6,3.6,68.0,10.0,31.0,-12.1,0.94
35,Bishop,Bishop,2022-01-28,28,1.82,0.0,145.0,0.26,14.9,-6.8,2.4,67.0,13.0,36.0,-11.2,0.78
35,Bishop,Bishop,2022-01-29,29,1.83,0.0,138.0,0.23,14.4,-7.1,2.8,70.0,11.0,31.0,-12.5,0.78
35,Bishop,Bishop,2022-01-30,30,2.3,0.0,171.0,0.22,19.0,-7.6,3.5,61.0,6.0,28.0,-13.4,0.84
35,Bishop,Bishop,2022-01-31,31,1.96,0.0,128.0,0.29,19.0,-6.6,4.4,70.0,12.0,34.0,-9.9,0.84
35,Bishop,Bishop,2022-02-01,32,2.65,0.0,169.0,0.23,8.7,-4.3,3.2,66.0,18.0,31.0,-12.5,2.93
35,Bishop,Bishop,2022-02-02,33,2.65,0.0,172.0,0.17,7.7,-3.6,1.9,33.0,15.0,24.0,-16.6,3.33
35,Bishop,Bishop,2022-02-03,34,2.93,0.0,165.0,0.29,15.1,-3.1,5.4,57.0,20.0,32.0,-9.9,2.35
35,Bishop,Bishop,2022-02-04,35,2.2,0.0,176.0,0.3,15.1,-6.9,2.4,74.0,16.0,41.0,-9.6,0.99
35,Bishop,Bishop,2022-02-05,36,2.73,0.0,159.0,0.27,19.1,-6.6,6.4,70.0,11.0,28.0,-10.7,1.46
35,Bishop,Bishop,2022-02-06,37,3.24,0.0,179.0,0.26,20.3,-4.8,7.0,58.0,10.0,26.0,-11.2,1.59
35,Bishop,Bishop,2022-02-07,38,2.49,0.0,179.0,0.33,20.3,-5.8,5.9,73.0,12.0,35.0,-8.3,0.73
35,Bishop,Bishop,2022-02-08,39,2.96,0.0,181.0,0.33,21.2,-2.6,8.2,62.0,11.0,30.0,-8.3,1.24
35,Bishop,Bishop,2022-02-09,40,3.29,0.0,181.0,0.37,21.1,-3.5,9.2,64.0,14.0,32.0,-6.7,1.65
35,Bishop,Bishop,2022-02-10,41,3.06,0.0,183.0,0.44,22.3,0.1,9.9,61.0,16.0,36.0,-4.5,1.31
35,Bishop,Bishop,2022-02-11,42,3.41,0.0,186.0,0.39,23.9,-2.4,10.4,64.0,10.0,31.0,-6.0,1.37
35,Bishop,Bishop,2022-02-12,43,2.98,0.0,189.0,0.35,21.7,-4.2,7.6,73.0,11.0,34.0,-7.3,0.96
35,Bishop,Bishop,2022-02-13,44,2.81,0.0,191.0,0.35,22.2,-4.2,7.4,75.0,11.0,34.0,-7.3,0.76
35,Bishop,Bishop,2022-02-14,45,3.14,0.0,185.0,0.34,21.0,-4.1,8.5,73.0,12.0,30.0,-8.0,1.27
35,Bishop,Bishop,2022-02-15,46,2.55,0.0,123.0,0.33,15.3,-0.3,7.1,58.0,18.0,33.0,-8.2,3.48
35,Bishop,Bishop,2022-02-16,47,3.44,0.0,195.0,0.36,16.2,-1.6,6.4,59.0,17.0,37.0,-7.2,3.64
35,Bishop,Bishop,2022-02-17,48,2.7,0.0,201.0,0.3,16.6,-4.7,5.2,67.0,13.0,34.0,-9.3,1.4
35,Bishop,Bishop,2022-02-18,49,2.83,0.0,199.0,0.3,19.5,-6.5,5.6,70.0,12.0,33.0,-9.4,0.9
35,Bishop,Bishop,2022-02-19,50,2.88,0.0,203.0,0.33,19.7,-3.4,6.3,63.0,13.0,34.0,-8.3,0.81
35,Bishop,Bishop,2022-02-20,51,1.96,0.0,133.0,0.33,17.5,-5.6,5.8,72.0,17.0,35.0,-8.3,0.89
35,Bishop,Bishop,2022-02-21,52,3.98,0.0,205.0,0.23,15.2,-1.3,7.6,41.0,11.0,22.0,-12.5,3.37
35,Bishop,Bishop,2022-02-22,53,2.86,0.0,191.0,0.21,10.7,-5.1,2.4,50.0,15.0,29.0,-13.8,2.55
35,Bishop,Bishop,2022-02-23,54,2.38,0.0,205.0,0.21,4.5,-6.7,-1.1,53.0,19.0,37.0,-14.1,3.01
35,Bishop,Bishop,2022-02-24,55,2.3,0.0,211.0,0.18,8.9,-12.9,-2.2,73.0,12.0,34.0,-16.0,1.14
35,Bishop,Bishop,2022-02-25,56,2.55,0.0,214.0,0.22,11.2,-11.0,0.2,72.0,16.0,35.0,-13.5,1.05
35,Bishop,Bishop,2022-02-26,57,2.86,0.0,198.0,0.21,15.8,-10.5,2.8,75.0,8.0,28.0,-13.7,1.25
35,Bishop,Bishop,2022-02-27,58,3.0,0.0,210.0,0.24,19.6,-4.0,6.7,49.0,9.0,24.0,-12.3,0.86
35,Bishop,Bishop,2022-02-28,59,3.34,0.0,222.0,0.27,23.6,-6.3,7.9,68.0,7.0,25.0,-10.7,0.89
35,Bishop,Bishop,2022-03-01,60,3.29,0.0,212.0,0.27,24.6,-5.2,8.5,61.0,7.0,24.0,-10.9,0.83
35,Bishop,Bishop,2022-03-02,61,3.06,0.0,181.0,0.29,23.5,-4.5,8.5,60.0,7.0,26.0,-10.0,0.96
35,Bishop,Bishop,2022-03-03,62,3.86,0.0,197.0,0.28,22.4,-4.2,10.2,62.0,8.0,22.0,-10.5,1.58
35,Bishop,Bishop,2022-03-04,63,2.58,0.0,159.0,0.43,16.3,-0.2,8.1,56.0,27.0,40.0,-4.7,1.35
35,Bishop,Bishop,2022-03-05,64,3.27,0.0,199.0,0.25,9.6,-0.9,4.6,52.0,13.0,29.0,-11.9,3.6
35,Bishop,Bishop,2022-03-06,65,3.62,0.0,233.0,0.32,13.2,-0.3,6.1,53.0,14.0,34.0,-8.7,3.14
35,Bishop,Bishop,2022-03-07,66,3.58,0.0,222.0,0.22,13.0,-3.5,5.2,45.0,9.0,25.0,-13.2,2.88
35,Bishop,Bishop,2022-03-08,67,3.57,0.0,225.0,0.29,17.3,-5.5,6.7,58.0,16.0,30.0,-9.8,1.62
35,Bishop,Bishop,2022-03-09,68,3.56,0.0,197.0,0.39,19.1,-4.8,8.6,73.0,18.0,35.0,-6.0,1.91
35,Bishop,Bishop,2022-03-10,69,3.86,0.0,245.0,0.21,10.4,-1.8,4.9,50.0,6.0,24.0,-13.9,4.45
35,Bishop,Bishop,2022-03-11,70,3.51,0.0,244.0,0.18,18.2,-8.0,5.3,51.0,8.0,20.0,-15.8,1.23
35,Bishop,Bishop,2022-03-12,71,3.97,0.0,245.0,0.24,20.4,-6.6,6.8,66.0,9.0,24.0,-12.1,1.48
35,Bishop,Bishop,2022-03-13,72,5.02,0.0,239.0,0.24,22.2,0.6,12.5,36.0,7.0,16.0,-12.4,2.37
35,Bishop,Bishop,2022-03-14,73,4.28,0.0,245.0,0.33,22.4,-2.9,10.1,62.0,11.0,27.0,-8.2,1.5
35,Bishop,Bishop,2022-03-15,74,2.52,0.0,136.0,0.55,21.9,-1.7,9.8,74.0,21.0,46.0,-1.4,1.28
35,Bishop,Bishop,2022-03-16,75,4.72,0.0,252.0,0.4,20.0,-1.8,10.1,77.0,12.0,32.0,-5.6,2.58
35,Bishop,Bishop,2022-03-17,76,3.58,0.0,217.0,0.33,20.1,-4.3,8.8,71.0,10.0,29.0,-8.1,1.47
35,Bishop,Bishop,2022-03-18,77,4.33,0.0,254.0,0.36,22.3,-3.8,10.4,72.0,11.0,29.0,-7.1,1.48
35,Bishop,Bishop,2022-03-19,78,3.7,0.0,173.0,0.39,20.1,-1.7,9.9,59.0,16.0,32.0,-6.0,2.53
35,Bishop,Bishop,2022-03-20,79,4.76,0.0,259.0,0.34,18.0,4.8,10.6,55.0,11.0,27.0,-7.7,3.44
35,Bishop,Bishop,2022-03-21,80,5.37,0.0,250.0,0.4,23.0,-1.3,13.2,48.0,17.0,26.0,-5.8,3.13
35,Bishop,Bishop,2022-03-22,81,5.15,0.0,260.0,0.56,25.7,2.3,15.4,64.0,16.0,32.0,-1.1,2.2
35,Bishop,Bishop,2022-03-23,82,4.91,0.0,264.0,0.58,26.3,-0.5,14.3,76.0,17.0,35.0,-0.8,1.57
35,Bishop,Bishop,2022-03-24,83,4.94,0.0,264.0,0.57,28.0,2.4,15.5,72.0,15.0,33.0,-0.9,1.31
35,Bishop,Bishop,2022-03-25,84,5.07,0.0,231.0,0.56,28.0,1.4,16.8,72.0,14.0,29.0,-1.3,1.72
35,Bishop,Bishop,2022-03-26,85,4.79,0.0,203.0,0.46,28.8,7.6,17.8,55.0,10.0,22.0,-3.9,1.85
35,Bishop,Bishop,2022-03-27,86,6.46,0.0,255.0,0.32,26.0,6.3,17.4,46.0,8.0,16.0,-8.4,3.4
35,Bishop,Bishop,2022-03-28,87,2.16,2.1,103.0,0.57,14.0,5.3,8.9,90.0,13.0,50.0,-0.9,2.68
35,Bishop,Bishop,2022-03-29,88,3.66,0.9,217.0,0.69,18.8,3.7,10.6,94.0,28.0,54.0,1.7,2.15
35,Bishop,Bishop,2022-03-30,89,3.93,0.0,235.0,0.54,22.3,1.0,12.2,80.0,16.0,38.0,-1.8,1.15
35,Bishop,Bishop,2022-03-31,90,4.4,0.0,273.0,0.54,21.7,3.8,13.3,62.0,19.0,35.0,-1.8,1.42
35,Bishop,Bishop,2022-04-01,91,4.81,0.0,291.0,0.53,23.5,-0.7,13.0,71.0,20.0,36.0,-1.9,1.37
35,Bishop,Bishop,2022-04-02,92,4.89,0.0,272.0,0.57,26.1,3.3,15.9,75.0,17.0,32.0,-0.9,1.35
35,Bishop,Bishop,2022-04-03,93,4.67,0.0,263.0,0.46,24.0,7.4,15.6,50.0,11.0,26.0,-3.8,1.45
35,Bishop,Bishop,2022-04-04,94,5.47,0.0,261.0,0.49,27.7,-0.6,16.0,72.0,15.0,27.0,-3.1,1.8
35,Bishop,Bishop,2022-04-05,95,6.02,0.0,300.0,0.53,27.2,4.7,17.2,66.0,13.0,27.0,-2.0,1.89
35,Bishop,Bishop,2022-04-06,96,5.44,0.0,306.0,0.39,27.0,0.0,14.9,76.0,9.0,23.0,-5.9,1.3
35,Bishop,Bishop,2022-04-07,97,5.56,0.0,304.0,0.43,28.5,0.5,15.7,65.0,10.0,24.0,-4.8,1.17
35,Bishop,Bishop,2022-04-08,98,6.29,0.0,291.0,0.47,29.3,1.9,18.1,70.0,10.0,23.0,-3.6,1.91
35,Bishop,Bishop,2022-04-09,99,7.02,0.0,316.0,0.36,27.6,4.9,18.0,49.0,7.0,18.0,-6.9,2.73
35,Bishop,Bishop,2022-04-10,100,4.79,0.0,277.0,0.29,20.6,4.4,12.4,41.0,14.0,20.0,-9.6,2.3
35,Bishop,Bishop,2022-04-11,101,5.82,0.0,318.0,0.39,21.2,1.1,10.5,61.0,20.0,31.0,-5.9,3.59
35,Bishop,Bishop,2022-04-12,102,4.66,0.0,326.0,0.17,14.4,-3.1,5.5,32.0,9.0,18.0,-16.6,2.5
35,Bishop,Bishop,2022-04-13,103,5.0,0.0,314.0,0.23,17.6,-5.0,9.1,51.0,10.0,20.0,-12.6,1.8
35,Bishop,Bishop,2022-04-14,104,4.93,0.0,258.0,0.45,20.0,-1.8,11.4,68.0,20.0,33.0,-4.1,2.31
35,Bishop,Bishop,2022-04-15,105,5.24,0.0,319.0,0.46,23.8,-1.1,12.3,76.0,12.0,32.0,-3.9,1.29
35,Bishop,Bishop,2022-04-16,106,5.06,0.0,298.0,0.5,20.7,1.1,12.6,57.0,18.0,34.0,-2.9,1.97
35,Bishop,Bishop,2022-04-17,107,6.02,0.0,330.0,0.37,26.4,-2.3,14.2,66.0,11.0,23.0,-6.6,1.67
35,Bishop,Bishop,2022-04-18,108,7.55,0.0,341.0,0.36,28.8,1.7,17.8,45.0,10.0,18.0,-7.1,2.91
35,Bishop,Bishop,2022-04-19,109,6.24,0.0,167.0,0.34,22.4,2.5,17.5,63.0,5.0,17.0,-7.9,4.56
35,Bishop,Bishop,2022-04-20,110,6.46,0.0,333.0,0.41,25.8,-0.7,13.9,77.0,6.0,26.0,-5.4,2.29
35,Bishop,Bishop,2022-04-21,111,5.88,0.0,295.0,0.4,22.6,0.7,13.0,64.0,14.0,27.0,-5.7,2.66
35,Bishop,Bishop,2022-04-22,112,5.44,0.0,338.0,0.43,17.6,2.4,10.3,76.0,16.0,34.0,-4.7,2.77
35,Bishop,Bishop,2022-04-23,113,5.18,0.0,336.0,0.4,20.0,-1.4,11.3,64.0,15.0,30.0,-5.6,1.62
35,Bishop,Bishop,2022-04-24,114,5.21,0.0,337.0,0.36,22.2,-0.2,12.3,55.0,9.0,25.0,-7.1,1.23
35,Bishop,Bishop,2022-04-25,115,6.2,0.0,331.0,0.4,24.4,0.1,14.0,66.0,12.0,25.0,-5.8,1.94
35,Bishop,Bishop,2022-04-26,116,6.14,1.2,294.0,0.56,26.6,3.0,16.8,64.0,13.0,29.0,-1.2,2.25
35,Bishop,Bishop,2022-04-27,117,6.27,0.0,339.0,0.51,26.4,3.9,17.0,74.0,8.0,26.0,-2.4,1.6
35,Bishop,Bishop,2022-04-28,118,6.86,0.0,349.0,0.31,24.0,2.2,15.5,46.0,7.0,18.0,-8.9,2.47
35,Bishop,Bishop,2022-04-29,119,5.91,0.0,349.0,0.36,26.3,-2.2,14.0,67.0,9.0,22.0,-7.2,1.38
35,Bishop,Bishop,2022-04-30,120,6.6,0.0,345.0,0.46,27.8,0.4,15.7,69.0,11.0,26.0,-3.8,1.85
35,Bishop,Bishop,2022-05-01,121,6.86,0.0,349.0,0.43,21.9,2.5,15.0,60.0,14.0,25.0,-4.9,3.05
35,Bishop,Bishop,2022-05-02,122,5.29,0.0,284.0,0.4,27.0,-1.7,14.3,71.0,9.0,24.0,-5.7,1.73
35,Bishop,Bishop,2022-05-03,123,7.11,0.0,356.0,0.36,24.6,7.1,15.4,34.0,11.0,20.0,-7.2,3.49
35,Bishop,Bishop,2022-05-04,124,6.2,0.0,355.0,0.44,28.9,4.3,17.3,51.0,11.0,22.0,-4.5,1.4
35,Bishop,Bishop,2022-05-05,125,5.32,0.0,264.0,0.55,28.9,2.9,18.1,68.0,14.0,26.0,-1.5,1.41
35,Bishop,Bishop,2022-05-06,126,7.1,0.0,328.0,0.63,31.5,6.2,21.0,69.0,12.0,25.0,0.3,1.93
35,Bishop,Bishop,2022-05-07,127,7.06,0.0,332.0,0.43,26.2,7.7,19.0,45.0,11.0,19.0,-4.9,2.36
35,Bishop,Bishop,2022-05-08,128,6.55,0.0,363.0,0.31,21.5,0.2,11.3,56.0,13.0,23.0,-9.0,3.0
35,Bishop,Bishop,2022-05-09,129,5.8,0.0,370.0,0.25,18.9,-4.6,8.1,59.0,13.0,23.0,-11.9,2.23
35,Bishop,Bishop,2022-05-10,130,5.06,0.0,342.0,0.29,17.9,-3.4,8.1,57.0,14.0,26.0,-10.0,1.79
35,Bishop,Bishop,2022-05-11,131,4.56,0.0,302.0,0.32,15.0,0.2,7.8,55.0,18.0,30.0,-8.6,2.73
35,Bishop,Bishop,2022-05-12,132,5.21,0.0,347.0,0.37,22.1,-3.9,10.6,75.0,15.0,29.0,-6.6,1.01
35,Bishop,Bishop,2022-05-13,133,6.38,0.0,366.0,0.49,28.4,1.3,16.2,68.0,13.0,27.0,-2.9,1.15
35,Bishop,Bishop,2022-05-14,134,6.65,0.0,359.0,0.59,32.0,6.4,20.7,61.0,12.0,24.0,-0.5,1.04
35,Bishop,Bishop,2022-05-15,135,6.55,0.0,320.0,0.64,32.1,7.0,21.1,66.0,9.0,26.0,0.6,1.39
35,Bishop,Bishop,2022-05-16,136,6.79,0.0,360.0,0.68,31.9,7.1,21.4,72.0,13.0,27.0,1.5,1.15
35,Bishop,Bishop,2022-05-17,137,6.85,0.0,366.0,0.48,31.2,5.9,21.3,63.0,9.0,19.0,-3.2,1.2
35,Bishop,Bishop,2022-05-18,138,6.34,0.0,364.0,0.64,33.8,6.1,21.1,50.0,8.0,25.0,0.6,0.74
35,Bishop,Bishop,2022-05-19,139,7.28,0.0,337.0,0.71,33.3,8.9,22.9,68.0,9.0,25.0,2.1,1.7
35,Bishop,Bishop,2022-05-20,140,6.34,0.0,361.0,0.33,21.0,4.5,14.1,40.0,13.0,21.0,-8.1,3.13
35,Bishop,Bishop,2022-05-21,141,5.83,0.0,372.0,0.43,26.0,-1.7,14.0,73.0,13.0,27.0,-4.8,0.85
35,Bishop,Bishop,2022-05-22,142,6.24,0.0,354.0,0.53,29.6,1.4,18.1,71.0,13.0,25.0,-2.0,0.99
35,Bishop,Bishop,2022-05-23,143,6.66,0.0,362.0,0.53,29.8,4.2,19.2,66.0,10.0,24.0,-1.9,1.2
35,Bishop,Bishop,2022-05-24,144,6.54,0.0,369.0,0.61,32.5,5.2,21.2,56.0,14.0,24.0,0.0,0.93
35,Bishop,Bishop,2022-05-25,145,6.8,0.0,363.0,0.74,33.6,9.6,23.0,53.0,15.0,26.0,2.6,1.0
35,Bishop,Bishop,2022-05-26,146,7.41,0.0,335.0,0.75,33.6,8.1,23.3,70.0,14.0,26.0,2.8,1.67
35,Bishop,Bishop,2022-05-27,147,5.95,0.0,271.0,0.75,31.2,9.2,23.1,65.0,13.0,26.0,2.8,1.5
35,Bishop,Bishop,2022-05-28,148,7.67,0.0,363.0,0.58,27.8,12.5,21.8,32.0,13.0,22.0,-0.7,2.32
35,Bishop,Bishop,2022-05-29,149,7.64,0.0,379.0,0.37,26.2,10.4,18.1,32.0,10.0,18.0,-6.8,2.57
35,Bishop,Bishop,2022-05-30,150,6.52,0.0,378.0,0.46,25.9,4.3,17.1,51.0,15.0,23.0,-3.9,1.64
35,Bishop,Bishop,2022-05-31,151,6.04,0.0,379.0,0.51,25.3,5.3,16.0,57.0,16.0,28.0,-2.5,1.04
35,Bishop,Bishop,2022-06-01,152,6.48,0.0,377.0,0.54,31.0,2.0,18.8,70.0,13.0,25.0,-1.8,0.86
35,Bishop,Bishop,2022-06-02,153,5.84,0.0,304.0,0.7,31.0,7.7,21.5,57.0,16.0,27.0,1.8,1.09
35,Bishop,Bishop,2022-06-03,154,6.66,0.0,337.0,0.78,31.6,9.4,22.6,58.0,17.0,28.0,3.4,1.23
35,Bishop,Bishop,2022-06-04,155,4.29,0.0,208.0,0.99,29.2,12.6,20.9,67.0,24.0,40.0,6.8,1.13
35,Bishop,Bishop,2022-06-05,156,7.02,0.0,360.0,0.96,31.6,13.2,22.6,69.0,21.0,35.0,6.3,1.31
35,Bishop,Bishop,2022-06-06,157,6.56,0.0,383.0,0.79,34.5,7.3,21.9,68.0,11.0,30.0,3.6,0.6
35,Bishop,Bishop,2022-06-07,158,6.51,0.0,370.0,0.91,35.2,8.0,22.8,71.0,13.0,33.0,5.5,0.63
35,Bishop,Bishop,2022-06-08,159,6.63,0.0,352.0,0.86,35.5,8.3,24.3,71.0,15.0,28.0,4.8,0.83
35,Bishop,Bishop,2022-06-09,160,6.94,0.0,345.0,0.94,34.7,10.4,24.9,72.0,14.0,30.0,6.1,1.09
35,Bishop,Bishop,2022-06-10,161,6.94,0.0,366.0,1.16,36.7,12.3,26.3,70.0,16.0,34.0,9.2,0.76
35,Bishop,Bishop,2022-06-11,162,7.7,0.0,371.0,1.04,37.3,14.2,26.8,72.0,15.0,29.0,7.5,1.2
35,Bishop,Bishop,2022-06-12,163,8.38,0.0,345.0,0.87,31.8,10.2,24.3,55.0,20.0,29.0,4.9,2.75
35,Bishop,Bishop,2022-06-13,164,8.87,0.0,388.0,0.51,30.0,16.0,23.4,35.0,9.0,18.0,-2.5,2.85
35,Bishop,Bishop,2022-06-14,165,7.0,0.0,383.0,0.5,29.9,5.6,20.7,50.0,13.0,21.0,-2.6,1.43
35,Bishop,Bishop,2022-06-15,166,7.53,0.0,379.0,0.67,33.1,6.0,22.8,64.0,13.0,24.0,1.2,1.41
35,Bishop,Bishop,2022-06-16,167,8.62,0.0,380.0,0.7,35.6,8.7,24.2,66.0,9.0,23.0,1.9,1.98
35,Bishop,Bishop,2022-06-17,168,5.9,0.0,251.0,0.45,28.6,5.1,20.4,33.0,9.0,19.0,-4.0,2.31
35,Bishop,Bishop,2022-06-18,169,7.39,0.0,391.0,0.4,26.0,-0.7,15.4,61.0,12.0,23.0,-5.5,2.08
35,Bishop,Bishop,2022-06-19,170,6.53,0.0,384.0,0.52,26.2,5.6,17.6,51.0,13.0,26.0,-2.2,1.46
35,Bishop,Bishop,2022-06-20,171,6.86,0.0,378.0,0.64,29.3,3.5,19.3,68.0,15.0,28.0,0.6,1.27
35,Bishop,Bishop,2022-06-21,172,7.17,0.0,383.0,0.63,32.1,5.5,19.9,69.0,11.0,27.0,0.4,1.17
35,Bishop,Bishop,2022-06-22,173,4.36,0.0,188.0,0.85,28.7,8.2,19.6,53.0,27.0,37.0,4.7,1.77
35,Bishop,Bishop,2022-06-23,174,6.18,0.0,325.0,0.98,30.2,7.3,20.5,85.0,21.0,41.0,6.7,1.25
35,Bishop,Bishop,2022-06-24,175,6.38,0.0,336.0,1.05,33.5,8.7,22.7,74.0,19.0,38.0,7.6,0.9
35,Bishop,Bishop,2022-06-25,176,7.37,0.0,364.0,1.02,34.3,11.2,24.5,73.0,16.0,33.0,7.2,1.2
35,Bishop,Bishop,2022-06-26,177,7.2,0.0,374.0,1.05,36.8,11.3,24.4,72.0,14.0,35.0,7.7,1.01
35,Bishop,Bishop,2022-06-27,178,7.6,0.0,375.0,0.98,37.5,10.8,26.6,66.0,15.0,28.0,6.6,1.18
35,Bishop,Bishop,2022-06-28,179,6.45,0.0,270.0,1.04,35.5,11.9,26.2,66.0,16.0,31.0,7.6,1.6
35,Bishop,Bishop,2022-06-29,180,7.94,0.0,336.0,0.94,35.7,11.1,25.9,70.0,11.0,28.0,6.0,2.01
35,Bishop,Bishop,2022-06-30,181,8.01,0.0,375.0,0.87,35.4,10.4,24.6,66.0,14.0,28.0,5.0,1.58
35,Bishop,Bishop,2022-07-01,182,7.22,0.0,381.0,0.81,36.6,10.4,24.8,59.0,12.0,26.0,3.9,0.97
35,Bishop,Bishop,2022-07-02,183,8.14,0.0,374.0,0.81,33.9,11.0,24.5,53.0,12.0,26.0,3.9,1.78
35,Bishop,Bishop,2022-07-03,184,6.99,0.0,376.0,0.77,32.7,5.6,22.0,66.0,15.0,29.0,3.2,0.98
35,Bishop,Bishop,2022-07-04,185,7.55,0.0,371.0,0.83,32.1,7.9,23.5,66.0,17.0,29.0,4.2,1.5
35,Bishop,Bishop,2022-07-05,186,7.92,0.0,372.0,0.99,32.8,10.1,24.4,73.0,18.0,32.0,6.8,1.82
35,Bishop,Bishop,2022-07-06,187,8.3,0.0,369.0,0.99,32.9,11.7,25.3,73.0,18.0,31.0,6.8,2.18
35,Bishop,Bishop,2022-07-07,188,8.55,0.0,374.0,0.82,34.6,11.3,25.6,66.0,13.0,25.0,4.1,2.15
35,Bishop,Bishop,2022-07-08,189,8.54,0.0,368.0,0.86,35.7,8.8,26.2,67.0,14.0,25.0,4.7,2.08
35,Bishop,Bishop,2022-07-09,190,8.02,0.0,376.0,0.83,36.3,12.7,27.2,66.0,12.0,23.0,4.3,1.54
35,Bishop,Bishop,2022-07-10,191,8.15,0.0,374.0,0.73,37.0,11.5,26.8,61.0,9.0,21.0,2.4,1.55
35,Bishop,Bishop,2022-07-11,192,7.54,0.0,368.0,0.79,38.0,12.5,27.6,47.0,11.0,21.0,3.6,1.17
35,Bishop,Bishop,2022-07-12,193,8.24,0.0,353.0,0.93,38.7,13.0,28.0,64.0,13.0,25.0,6.0,1.69
35,Bishop,Bishop,2022-07-13,194,8.43,0.0,360.0,0.92,38.6,13.2,27.1,66.0,11.0,26.0,5.7,1.85
35,Bishop,Bishop,2022-07-14,195,6.9,2.3,317.0,1.15,38.2,11.5,26.0,67.0,19.0,34.0,9.1,1.48
35,Bishop,Bishop,2022-07-15,196,6.29,0.0,289.0,1.55,36.8,15.7,26.3,79.0,26.0,46.0,13.6,1.35
35,Bishop,Bishop,2022-07-16,197,6.74,0.0,305.0,1.49,38.3,14.5,26.2,78.0,23.0,44.0,12.9,1.4
35,Bishop,Bishop,2022-07-17,198,5.69,0.0,262.0,1.42,37.5,13.9,26.1,78.0,21.0,42.0,12.2,1.07
35,Bishop,Bishop,2022-07-18,199,5.55,0.0,251.0,1.44,35.1,14.6,25.4,72.0,24.0,44.0,12.4,1.34
35,Bishop,Bishop,2022-07-19,200,6.53,0.0,309.0,1.35,36.6,15.7,26.9,70.0,23.0,38.0,11.5,1.16
35,Bishop,Bishop,2022-07-20,201,5.81,0.0,294.0,1.47,37.4,15.4,26.8,72.0,23.0,42.0,12.7,0.81
35,Bishop,Bishop,2022-07-21,202,6.46,0.0,329.0,1.35,38.1,13.9,27.0,72.0,18.0,38.0,11.4,0.81
35,Bishop,Bishop,2022-07-22,203,7.13,0.0,359.0,1.09,38.8,13.6,27.7,71.0,12.0,29.0,8.2,0.89
35,Bishop,Bishop,2022-07-23,204,7.39,0.0,346.0,0.98,37.4,11.1,26.9,71.0,14.0,28.0,6.6,1.28
35,Bishop,Bishop,2022-07-24,205,6.98,0.0,332.0,0.99,38.5,11.9,26.5,63.0,16.0,29.0,6.8,1.18
35,Bishop,Bishop,2022-07-25,206,7.52,0.0,338.0,1.16,36.7,13.1,27.4,63.0,20.0,32.0,9.2,1.6
35,Bishop,Bishop,2022-07-26,207,3.95,0.0,193.0,1.69,35.0,19.2,25.6,74.0,31.0,51.0,14.8,0.94
35,Bishop,Bishop,2022-07-27,208,6.59,0.0,299.0,1.5,37.8,15.5,26.3,79.0,20.0,44.0,13.0,1.55
35,Bishop,Bishop,2022-07-28,209,6.45,0.0,316.0,1.42,39.0,14.2,27.5,81.0,18.0,39.0,12.2,1.0
35,Bishop,Bishop,2022-07-29,210,6.11,0.0,292.0,1.33,38.7,14.0,28.1,67.0,17.0,35.0,11.2,1.09
35,Bishop,Bishop,2022-07-30,211,7.01,0.0,308.0,1.44,37.7,19.9,29.0,60.0,21.0,36.0,12.4,1.81
35,Bishop,Bishop,2022-07-31,212,3.74,3.1,185.0,1.84,34.7,18.1,23.3,96.0,35.0,65.0,16.2,1.05
35,Bishop,Bishop,2022-08-02,214,5.04,0.0,254.0,1.61,34.1,15.1,23.9,93.0,32.0,54.0,14.1,0.9
35,Bishop,Bishop,2022-08-03,215,5.47,0.0,266.0,1.51,36.8,15.1,25.7,73.0,24.0,46.0,13.1,1.09
35,Bishop,Bishop,2022-08-04,216,4.49,0.0,220.0,1.56,35.5,13.0,24.2,85.0,27.0,52.0,13.6,1.04
35,Bishop,Bishop,2022-08-06,218,6.34,0.0,337.0,1.71,32.5,14.3,23.6,100.0,33.0,59.0,15.0,1.14
35,Bishop,Bishop,2022-08-07,219,6.82,0.0,331.0,1.43,34.5,13.5,25.1,92.0,23.0,45.0,12.3,1.33
35,Bishop,Bishop,2022-08-08,220,5.05,0.0,234.0,1.58,33.9,15.7,24.8,78.0,30.0,50.0,13.8,1.33
35,Bishop,Bishop,2022-08-09,221,3.64,0.0,138.0,1.58,31.1,16.9,25.0,81.0,35.0,50.0,13.8,1.58
35,Bishop,Bishop,2022-08-10,222,7.1,0.0,329.0,1.4,34.0,13.4,25.7,88.0,27.0,43.0,12.0,1.83
35,Bishop,Bishop,2022-08-11,223,6.92,0.0,328.0,1.34,34.6,15.3,26.3,77.0,24.0,39.0,11.3,1.57
35,Bishop,Bishop,2022-08-12,224,6.59,0.0,337.0,1.23,36.0,12.4,25.0,76.0,16.0,39.0,10.0,1.14
35,Bishop,Bishop,2022-08-13,225,6.88,0.0,323.0,1.13,35.6,11.0,25.2,78.0,20.0,35.0,8.8,1.51
35,Bishop,Bishop,2022-08-14,226,6.5,0.0,331.0,1.28,36.4,12.6,25.4,73.0,20.0,40.0,10.6,1.09
35,Bishop,Bishop,2022-08-15,227,6.76,0.0,323.0,1.14,36.3,12.4,26.4,61.0,21.0,33.0,8.9,1.32
35,Bishop,Bishop,2022-08-16,228,5.07,0.3,230.0,1.39,34.3,13.3,24.0,75.0,27.0,47.0,11.9,1.52
35,Bishop,Bishop,2022-08-17,229,4.81,0.6,209.0,1.56,35.3,17.0,24.9,77.0,28.0,49.0,13.6,1.48
35,Bishop,Bishop,2022-08-18,230,5.41,0.2,277.0,1.57,34.9,15.1,25.0,89.0,24.0,50.0,13.7,1.1
35,Bishop,Bishop,2022-08-19,231,6.0,0.0,316.0,1.4,36.4,12.8,25.0,79.0,24.0,44.0,12.0,1.0
35,Bishop,Bishop,2022-08-20,232,6.21,0.0,313.0,1.37,37.6,13.3,25.8,72.0,22.0,41.0,11.6,1.1
35,Bishop,Bishop,2022-08-21,233,6.31,0.0,312.0,1.31,37.5,13.1,26.6,68.0,18.0,38.0,11.0,1.1
35,Bishop,Bishop,2022-08-22,234,6.35,0.0,313.0,1.29,38.1,14.0,26.9,66.0,18.0,36.0,10.7,1.13
35,Bishop,Bishop,2022-08-23,235,6.66,0.0,317.0,1.12,38.6,12.2,26.6,73.0,15.0,32.0,8.6,1.3
35,Bishop,Bishop,2022-08-24,236,5.61,0.0,275.0,1.2,38.5,11.5,25.0,65.0,19.0,38.0,9.6,1.15
35,Bishop,Bishop,2022-08-25,237,6.54,0.0,299.0,1.24,37.3,12.7,26.0,71.0,23.0,37.0,10.2,1.59
35,Bishop,Bishop,2022-08-26,238,6.33,0.0,310.0,1.16,38.0,11.3,25.3,78.0,20.0,36.0,9.1,1.25
35,Bishop,Bishop,2022-08-27,239,6.43,0.0,308.0,1.05,37.5,10.5,24.3,74.0,15.0,35.0,7.7,1.37
35,Bishop,Bishop,2022-08-28,240,6.68,0.0,309.0,1.01,35.8,9.4,24.7,71.0,18.0,32.0,7.1,1.6
35,Bishop,Bishop,2022-08-29,241,7.09,0.0,298.0,1.19,35.9,12.2,25.5,71.0,19.0,36.0,9.5,2.03
35,Bishop,Bishop,2022-08-30,242,6.77,0.0,307.0,1.09,36.4,12.4,25.6,74.0,16.0,33.0,8.2,1.56
35,Bishop,Bishop,2022-08-31,243,6.0,0.0,304.0,1.31,37.9,10.4,24.6,73.0,18.0,43.0,11.0,1.09
35,Bishop,Bishop,2022-09-01,244,5.98,0.0,300.0,1.34,39.4,11.3,25.0,72.0,17.0,42.0,11.3,1.11
35,Bishop,Bishop,2022-09-02,245,6.03,0.0,288.0,1.31,40.8,12.8,26.2,74.0,16.0,39.0,11.0,1.19
35,Bishop,Bishop,2022-09-03,246,6.29,0.0,270.0,1.27,39.1,12.7,26.9,70.0,20.0,36.0,10.5,1.55
35,Bishop,Bishop,2022-09-04,247,5.36,0.0,258.0,1.35,40.9,13.9,25.3,67.0,22.0,42.0,11.5,1.04
35,Bishop,Bishop,2022-09-05,248,6.31,0.0,293.0,1.25,41.5,14.3,27.2,68.0,16.0,35.0,10.3,1.26
35,Bishop,Bishop,2022-09-06,249,6.32,0.0,289.0,1.17,41.0,12.2,26.7,68.0,14.0,33.0,9.2,1.33
35,Bishop,Bishop,2022-09-07,250,6.65,0.2,286.0,1.25,41.8,12.9,27.4,73.0,15.0,34.0,10.2,1.58
35,Bishop,Bishop,2022-09-08,251,6.02,0.0,285.0,1.22,40.7,11.9,26.8,74.0,18.0,35.0,9.9,1.21
35,Bishop,Bishop,2022-09-09,252,6.06,0.0,261.0,1.28,36.9,12.5,26.5,70.0,19.0,37.0,10.6,1.87
35,Bishop,Bishop,2022-09-14,257,5.13,0.0,264.0,1.07,28.3,9.0,19.6,91.0,28.0,47.0,8.0,1.59
35,Bishop,Bishop,2022-09-15,258,4.82,0.0,271.0,0.85,27.5,6.4,17.7,87.0,21.0,42.0,4.7,1.01
35,Bishop,Bishop,2022-09-16,259,4.69,0.0,256.0,0.87,29.0,6.2,18.4,87.0,22.0,41.0,5.0,0.99
35,Bishop,Bishop,2022-09-17,260,4.81,0.0,263.0,0.79,28.9,4.8,16.5,81.0,20.0,42.0,3.5,1.14
35,Bishop,Bishop,2022-09-18,261,5.99,0.0,269.0,0.72,26.8,4.1,18.1,72.0,21.0,35.0,2.2,2.74
35,Bishop,Bishop,2022-09-19,262,6.36,0.0,262.0,0.7,26.6,13.6,19.9,48.0,20.0,30.0,1.8,3.51
35,Bishop,Bishop,2022-09-20,263,5.58,0.0,255.0,0.77,25.9,7.8,19.2,57.0,26.0,35.0,3.3,2.56
35,Bishop,Bishop,2022-09-21,264,4.45,0.1,258.0,0.76,25.4,4.3,15.5,81.0,21.0,43.0,3.0,1.14
35,Bishop,Bishop,2022-09-22,265,4.13,0.0,257.0,0.78,27.8,1.8,13.6,90.0,23.0,50.0,3.4,0.73
35,Bishop,Bishop,2022-09-23,266,4.54,0.0,255.0,0.76,28.2,3.1,15.2,83.0,19.0,44.0,3.0,0.95
35,Bishop,Bishop,2022-09-24,267,4.47,0.0,252.0,0.81,31.1,4.3,17.5,76.0,19.0,41.0,3.9,0.8
35,Bishop,Bishop,2022-09-25,268,4.2,0.0,224.0,1.03,33.2,7.5,20.2,78.0,22.0,44.0,7.4,0.79
35,Bishop,Bishop,2022-09-26,269,3.35,0.0,166.0,1.12,31.6,10.2,20.4,78.0,25.0,47.0,8.7,0.85
35,Bishop,Bishop,2022-09-27,270,3.09,0.0,163.0,1.1,31.5,8.7,20.0,83.0,21.0,47.0,8.4,0.8
35,Bishop,Bishop,2022-09-28,271,4.77,0.0,241.0,0.86,34.2,6.6,20.3,78.0,18.0,36.0,4.8,1.13
35,Bishop,Bishop,2022-09-29,272,4.37,0.0,241.0,0.85,33.8,5.8,18.5,78.0,18.0,40.0,4.6,0.88
35,Bishop,Bishop,2022-09-30,273,4.21,0.0,236.0,0.91,34.6,5.5,18.6,80.0,21.0,42.0,5.6,0.82
35,Bishop,Bishop,2022-10-01,274,4.29,0.0,235.0,0.82,30.1,3.3,16.5,84.0,22.0,44.0,4.1,0.97
35,Bishop,Bishop,2022-10-02,275,4.3,0.0,234.0,0.8,30.3,3.4,16.9,87.0,19.0,41.0,3.7,0.94
35,Bishop,Bishop,2022-10-03,276,3.95,0.0,232.0,0.88,33.7,4.8,16.4,80.0,20.0,47.0,5.0,0.71
35,Bishop,Bishop,2022-10-04,277,3.88,0.0,233.0,0.79,33.0,3.7,15.8,77.0,17.0,44.0,3.6,0.65
35,Bishop,Bishop,2022-10-05,278,3.86,0.0,227.0,0.8,33.4,3.1,16.6,79.0,16.0,43.0,3.8,0.65
35,Bishop,Bishop,2022-10-06,279,3.85,0.0,225.0,0.83,32.5,3.8,16.2,81.0,17.0,45.0,4.3,0.65
35,Bishop,Bishop,2022-10-07,280,3.79,0.0,222.0,0.79,33.2,4.0,16.8,78.0,17.0,41.0,3.6,0.62
35,Bishop,Bishop,2022-10-08,281,3.66,0.0,218.0,0.75,32.7,3.6,16.2,80.0,14.0,41.0,2.9,0.57
35,Bishop,Bishop,2022-10-09,282,3.68,0.0,208.0,0.77,31.7,3.7,16.9,80.0,15.0,40.0,3.1,0.75
35,Bishop,Bishop,2022-10-10,283,2.58,0.0,134.0,0.84,26.7,6.0,15.5,69.0,25.0,48.0,4.5,0.96
35,Bishop,Bishop,2022-10-11,284,3.58,0.0,214.0,0.75,30.3,2.8,15.0,82.0,16.0,44.0,2.9,0.78
35,Bishop,Bishop,2022-10-12,285,3.52,0.0,212.0,0.75,30.8,3.3,14.8,78.0,16.0,45.0,2.9,0.73
35,Bishop,Bishop,2022-10-13,286,3.54,0.0,210.0,0.69,30.8,2.7,15.0,76.0,14.0,41.0,1.7,0.76
35,Bishop,Bishop,2022-10-14,287,3.56,0.0,210.0,0.67,30.9,3.5,14.8,72.0,14.0,40.0,1.3,0.8
35,Bishop,Bishop,2022-10-15,288,3.56,0.0,209.0,0.63,30.9,1.9,14.3,73.0,12.0,38.0,0.3,0.88
35,Bishop,Bishop,2022-10-16,289,3.53,0.0,204.0,0.6,30.1,0.1,15.1,76.0,12.0,35.0,-0.3,0.95
35,Bishop,Bishop,2022-10-17,290,3.53,0.0,197.0,0.71,27.9,2.1,14.1,81.0,20.0,44.0,2.1,0.99
35,Bishop,Bishop,2022-10-18,291,3.49,0.0,199.0,0.68,28.7,2.8,14.4,77.0,17.0,41.0,1.4,0.92
35,Bishop,Bishop,2022-10-19,292,3.31,0.0,196.0,0.61,29.2,1.6,13.6,79.0,14.0,39.0,0.1,0.77
35,Bishop,Bishop,2022-10-20,293,2.98,0.0,184.0,0.61,29.9,1.1,12.5,77.0,12.0,42.0,-0.1,0.73
35,Bishop,Bishop,2022-10-21,294,3.4,0.0,196.0,0.53,27.5,0.6,14.0,74.0,13.0,33.0,-1.9,1.01
35,Bishop,Bishop,2022-10-22,295,4.01,0.0,161.0,0.52,25.6,5.4,14.1,51.0,21.0,32.0,-2.2,2.82
35,Bishop,Bishop,2022-10-23,296,3.31,0.0,191.0,0.35,13.6,0.9,7.7,54.0,23.0,33.0,-7.6,2.81
35,Bishop,Bishop,2022-10-24,297,3.23,0.0,192.0,0.3,19.3,-4.0,7.5,64.0,13.0,29.0,-9.5,1.62
35,Bishop,Bishop,2022-10-25,298,3.1,0.0,175.0,0.35,21.9,-4.6,9.1,67.0,15.0,30.0,-7.4,1.33
35,Bishop,Bishop,2022-10-26,299,3.26,0.0,193.0,0.31,21.7,-4.7,9.6,69.0,8.0,26.0,-8.9,1.43
35,Bishop,Bishop,2022-10-27,300,2.91,0.0,184.0,0.33,18.0,-3.5,8.7,66.0,17.0,29.0,-8.1,1.34
35,Bishop,Bishop,2022-10-28,301,2.71,0.0,172.0,0.34,19.7,-4.1,7.6,70.0,13.0,32.0,-7.9,1.05
35,Bishop,Bishop,2022-10-29,302,2.77,0.0,179.0,0.38,22.4,-3.6,8.5,64.0,12.0,34.0,-6.3,1.05
35,Bishop,Bishop,2022-10-30,303,2.9,0.0,183.0,0.4,23.2,-2.8,8.6,68.0,12.0,36.0,-5.7,1.08
35,Bishop,Bishop,2022-10-31,304,1.71,0.0,112.0,0.47,18.9,-3.8,7.8,71.0,18.0,44.0,-3.5,0.82
35,Bishop,Bishop,2022-11-01,305,2.93,0.1,140.0,0.49,22.3,-2.6,9.7,71.0,17.0,41.0,-3.0,2.04
35,Bishop,Bishop,2022-11-02,306,2.49,0.0,140.0,0.31,14.3,-0.9,6.2,64.0,17.0,33.0,-8.9,2.01
35,Bishop,Bishop,2022-11-03,307,2.33,0.0,158.0,0.33,8.9,-1.7,3.7,61.0,25.0,41.0,-8.2,2.56
35,Bishop,Bishop,2022-11-04,308,2.43,0.0,160.0,0.41,19.7,-4.0,6.2,71.0,27.0,43.0,-5.3,1.32
35,Bishop,Bishop,2022-11-05,309,2.15,0.0,140.0,0.51,23.4,-4.0,8.0,82.0,21.0,47.0,-2.6,0.88
35,Bishop,Bishop,2022-11-06,310,2.38,0.0,145.0,0.56,20.7,-1.5,7.8,89.0,26.0,53.0,-1.1,1.17
35,Bishop,Bishop,2022-11-07,311,3.46,0.0,149.0,0.49,22.7,1.8,12.9,68.0,17.0,33.0,-3.1,2.47
35,Bishop,Bishop,2022-11-08,312,0.21,16.4,15.0,0.6,9.7,-3.1,3.4,95.0,18.0,78.0,-0.2,1.76
35,Bishop,Bishop,2022-11-09,313,1.85,0.1,169.0,0.51,10.6,-5.6,2.7,97.0,30.0,69.0,-2.3,1.22
35,Bishop,Bishop,2022-11-10,314,2.0,0.0,169.0,0.39,12.8,-6.2,1.8,92.0,30.0,56.0,-5.9,1.21
35,Bishop,Bishop,2022-11-11,315,1.76,0.0,150.0,0.37,12.2,-7.2,1.5,84.0,25.0,55.0,-6.6,0.97
35,Bishop,Bishop,2022-11-12,316,1.93,0.0,164.0,0.4,12.1,-7.1,1.9,89.0,30.0,56.0,-5.8,1.13
35,Bishop,Bishop,2022-11-13,317,2.3,0.0,162.0,0.36,10.3,-3.0,4.0,64.0,26.0,44.0,-7.0,2.41
35,Bishop,Bishop,2022-11-14,318,2.04,0.0,162.0,0.34,14.3,-5.2,2.6,74.0,22.0,47.0,-7.7,1.19
35,Bishop,Bishop,2022-11-15,319,2.04,0.0,158.0,0.4,12.7,-8.0,2.4,85.0,30.0,54.0,-5.8,1.44
35,Bishop,Bishop,2022-11-16,320,2.15,0.0,160.0,0.31,15.7,-7.1,3.7,80.0,13.0,39.0,-8.9,1.26
35,Bishop,Bishop,2022-11-17,321,2.08,0.0,155.0,0.31,17.0,-7.4,2.9,73.0,15.0,41.0,-9.0,1.15
35,Bishop,Bishop,2022-11-18,322,2.37,0.0,132.0,0.32,14.6,-4.8,4.6,71.0,21.0,38.0,-8.5,2.04
35,Bishop,Bishop,2022-11-19,323,1.96,0.0,156.0,0.28,14.0,-10.1,1.1,84.0,15.0,43.0,-10.2,1.29
35,Bishop,Bishop,2022-11-20,324,2.02,0.0,156.0,0.24,15.8,-10.0,1.5,71.0,10.0,35.0,-12.2,1.12
35,Bishop,Bishop,2022-11-21,325,1.91,0.0,145.0,0.25,16.1,-10.0,1.5,78.0,9.0,37.0,-11.5,1.07
35,Bishop,Bishop,2022-11-22,326,2.05,0.0,150.0,0.28,17.8,-9.1,3.2,73.0,10.0,36.0,-10.5,1.1
35,Bishop,Bishop,2022-11-23,327,2.66,0.0,138.0,0.33,20.2,-3.7,7.8,65.0,10.0,31.0,-8.2,1.75
35,Bishop,Bishop,2022-11-24,328,2.4,0.0,149.0,0.27,20.0,-6.0,5.8,66.0,7.0,29.0,-10.8,1.37
35,Bishop,Bishop,2022-11-25,329,1.89,0.0,136.0,0.31,18.9,-7.6,3.6,74.0,13.0,39.0,-9.1,1.09
35,Bishop,Bishop,2022-11-26,330,2.22,0.0,108.0,0.42,19.0,-5.4,6.7,74.0,18.0,43.0,-4.9,1.84
35,Bishop,Bishop,2022-11-27,331,1.73,0.0,133.0,0.39,14.0,-7.3,2.5,85.0,26.0,54.0,-5.9,1.17
35,Bishop,Bishop,2022-11-28,332,2.18,0.0,130.0,0.35,17.6,-6.9,5.1,81.0,20.0,40.0,-7.3,1.72
35,Bishop,Bishop,2022-11-29,333,2.08,0.0,142.0,0.26,14.1,-8.4,2.8,72.0,15.0,35.0,-11.2,1.48
35,Bishop,Bishop,2022-11-30,334,1.75,0.0,138.0,0.34,13.0,-8.6,0.7,78.0,29.0,53.0,-7.8,1.32
35,Bishop,Bishop,2022-12-01,335,1.62,0.2,105.0,0.48,16.6,-6.8,4.4,86.0,29.0,57.0,-3.3,1.58
35,Bishop,Bishop,2022-12-02,336,1.83,0.0,130.0,0.46,13.6,-3.9,5.8,82.0,24.0,50.0,-3.9,1.51
35,Bishop,Bishop,2022-12-03,337,0.64,0.9,54.0,0.74,9.2,0.6,6.4,89.0,68.0,77.0,2.6,1.12
35,Bishop,Bishop,2022-12-04,338,1.46,2.8,102.0,0.75,15.6,-1.6,8.3,95.0,23.0,69.0,2.9,1.74
35,Bishop,Bishop,2022-12-05,339,1.72,0.0,128.0,0.44,13.4,-5.5,4.1,79.0,27.0,54.0,-4.4,1.37
35,Bishop,Bishop,2022-12-06,340,1.44,0.0,117.0,0.38,11.7,-7.3,1.3,86.0,24.0,56.0,-6.5,1.11
35,Bishop,Bishop,2022-12-07,341,1.39,0.6,134.0,0.51,10.4,-6.9,1.9,98.0,37.0,73.0,-2.4,1.05
35,Bishop,Bishop,2022-12-08,342,1.38,0.0,126.0,0.39,9.9,-9.0,-0.9,91.0,41.0,68.0,-6.1,1.12
35,Bishop,Bishop,2022-12-09,343,1.35,0.0,128.0,0.41,11.7,-9.0,-0.1,92.0,37.0,67.0,-5.5,1.04
35,Bishop,Bishop,2022-12-10,344,1.67,19.5,103.0,0.54,13.8,-7.6,4.2,96.0,27.0,66.0,-1.6,2.79
35,Bishop,Bishop,2022-12-11,345,0.72,18.2,80.0,0.61,6.0,-5.4,1.7,97.0,69.0,89.0,0.1,2.32
35,Bishop,Bishop,2022-12-12,346,1.34,0.1,132.0,0.37,6.6,-5.7,-0.2,90.0,38.0,62.0,-6.6,1.3
35,Bishop,Bishop,2022-12-13,347,1.53,0.0,131.0,0.36,8.4,-5.9,0.7,86.0,36.0,56.0,-7.1,1.66
35,Bishop,Bishop,2022-12-14,348,1.6,0.0,127.0,0.35,14.4,-8.2,0.8,91.0,16.0,55.0,-7.3,1.15
35,Bishop,Bishop,2022-12-15,349,1.66,0.0,124.0,0.41,13.2,-6.6,1.7,92.0,24.0,60.0,-5.3,1.44
35,Bishop,Bishop,2022-12-16,350,1.52,0.0,133.0,0.31,12.4,-9.2,-0.6,90.0,18.0,54.0,-8.8,1.02
35,Bishop,Bishop,2022-12-17,351,1.44,0.0,133.0,0.32,10.9,-10.0,-1.2,88.0,23.0,56.0,-8.7,1.04
35,Bishop,Bishop,2022-12-18,352,1.47,0.0,132.0,0.33,11.5,-10.6,-1.0,89.0,24.0,58.0,-8.2,0.82
35,Bishop,Bishop,2022-12-19,353,1.38,0.0,119.0,0.34,11.3,-9.1,0.6,87.0,25.0,54.0,-7.7,0.96
35,Bishop,Bishop,2022-12-20,354,1.53,0.0,123.0,0.42,13.3,-2.9,2.9,81.0,24.0,56.0,-5.1,1.15
35,Bishop,Bishop,2022-12-21,355,1.52,0.0,127.0,0.46,15.6,-6.4,2.5,92.0,29.0,63.0,-3.8,1.01
35,Bishop,Bishop,2022-12-22,356,1.11,0.0,88.0,0.49,12.3,-4.8,2.9,90.0,35.0,65.0,-3.1,0.99
35,Bishop,Bishop,2022-12-23,357,1.62,0.0,123.0,0.52,17.2,-4.3,4.7,92.0,30.0,61.0,-2.2,1.12
35,Bishop,Bishop,2022-12-24,358,1.71,0.0,124.0,0.5,18.9,-4.9,4.9,92.0,23.0,58.0,-2.6,0.98
35,Bishop,Bishop,2022-12-25,359,1.82,0.0,124.0,0.49,21.1,-3.6,6.9,86.0,18.0,49.0,-2.9,1.14
35,Bishop,Bishop,2022-12-26,360,0.98,0.0,68.0,0.57,14.7,-2.1,4.8,84.0,39.0,66.0,-0.9,1.17
35,Bishop,Bishop,2022-12-27,361,0.09,7.6,15.0,0.82,8.8,0.1,5.8,99.0,62.0,89.0,4.2,1.17
35,Bishop,Bishop,2022-12-28,362,1.8,0.0,128.0,0.43,13.5,-3.6,3.9,100.0,19.0,54.0,-4.6,1.29
35,Bishop,Bishop,2022-12-29,363,0.69,0.0,55.0,0.54,9.4,-2.0,3.6,91.0,45.0,69.0,-1.7,0.93
35,Bishop,Bishop,2022-12-30,364,1.21,0.0,98.0,0.63,13.1,-1.7,4.6,96.0,52.0,74.0,0.3,1.23
35,Bishop,Bishop,2022-12-31,365,0.16,19.5,17.0,0.83,10.3,0.0,5.3,100.0,74.0,92.0,4.2,1.16
35,Bishop,Bishop,2023-01-01,1,1.37,3.6,84.0,0.5,7.5,1.2,3.5,100.0,41.0,63.0,-2.8,2.84
35,Bishop,Bishop,2023-01-02,2,1.13,0.0,96.0,0.36,4.9,-3.9,0.7,89.0,36.0,55.0,-7.2,1.47
35,Bishop,Bishop,2023-01-03,3,1.35,0.0,133.0,0.47,10.9,-6.7,0.3,95.0,46.0,75.0,-3.5,0.99
35,Bishop,Bishop,2023-01-04,4,0.47,0.7,43.0,0.67,8.8,-4.3,2.7,97.0,79.0,90.0,1.2,2.63
35,Bishop,Bishop,2023-01-05,5,0.44,11.2,40.0,0.76,9.8,-2.3,4.5,99.0,71.0,90.0,3.0,2.6
35,Bishop,Bishop,2023-01-06,6,1.46,0.1,141.0,0.48,11.2,-5.0,1.7,99.0,31.0,69.0,-3.3,0.84
35,Bishop,Bishop,2023-01-07,7,1.24,0.0,114.0,0.49,9.6,-5.0,1.7,92.0,48.0,71.0,-3.0,1.29
35,Bishop,Bishop,2023-01-08,8,0.86,4.2,86.0,0.62,8.2,-1.6,2.2,99.0,67.0,86.0,0.2,1.4
35,Bishop,Bishop,2023-01-10,10,0.27,25.8,31.0,0.73,5.8,-0.5,3.0,100.0,85.0,96.0,2.5,1.93
35,Bishop,Bishop,2023-01-11,11,0.51,4.8,60.0,0.62,4.0,-1.8,0.7,99.0,81.0,96.0,0.2,0.58
35,Bishop,Bishop,2023-01-12,12,1.16,0.0,116.0,0.59,8.5,-2.0,2.3,99.0,54.0,82.0,-0.5,0.75
35,Bishop,Bishop,2023-01-13,13,1.13,0.0,106.0,0.56,9.9,-2.5,1.7,99.0,52.0,81.0,-1.3,0.98
35,Bishop,Bishop,2023-01-14,14,0.5,6.5,52.0,0.64,6.9,-2.7,1.8,99.0,62.0,91.0,0.6,1.09
35,Bishop,Bishop,2023-01-15,15,0.85,2.4,84.0,0.63,6.5,0.5,2.6,99.0,65.0,86.0,0.4,1.12
35,Bishop,Bishop,2023-01-16,16,0.95,0.0,97.0,0.57,7.1,-1.3,2.0,99.0,50.0,81.0,-0.9,2.07
35,Bishop,Bishop,2023-01-17,17,1.69,0.0,127.0,0.37,6.3,-1.9,2.1,61.0,40.0,51.0,-6.9,2.57
35,Bishop,Bishop,2023-01-18,18,1.58,0.0,147.0,0.31,7.7,-6.4,0.2,74.0,25.0,50.0,-9.0,1.36
35,Bishop,Bishop,2023-01-19,19,1.31,0.0,82.0,0.35,6.0,-4.4,0.2,84.0,30.0,57.0,-7.4,2.51
35,Bishop,Bishop,2023-01-20,20,1.59,0.0,154.0,0.29,5.5,-6.5,-0.9,67.0,35.0,51.0,-9.8,1.83
35,Bishop,Bishop,2023-01-21,21,1.81,0.0,155.0,0.3,12.6,-8.5,0.2,87.0,15.0,48.0,-9.4,1.16
35,Bishop,Bishop,2023-01-22,22,2.12,0.0,160.0,0.33,7.2,-6.0,1.1,87.0,29.0,50.0,-8.1,2.9
35,Bishop,Bishop,2023-01-23,23,1.97,0.0,158.0,0.29,6.7,-4.6,1.2,59.0,33.0,44.0,-9.7,2.72
35,Bishop,Bishop,2023-01-24,24,2.61,0.0,160.0,0.29,13.8,-2.5,4.7,60.0,18.0,34.0,-9.9,2.18
35,Bishop,Bishop,2023-01-25,25,2.46,0.0,158.0,0.39,11.4,-1.5,5.4,63.0,32.0,43.0,-6.1,2.54
35,Bishop,Bishop,2023-01-26,26,2.1,0.0,161.0,0.38,12.7,-2.9,3.9,72.0,23.0,47.0,-6.3,1.95
35,Bishop,Bishop,2023-01-27,27,2.16,0.0,163.0,0.34,15.7,-6.9,3.3,86.0,17.0,44.0,-7.6,1.2
35,Bishop,Bishop,2023-01-28,28,2.02,0.0,165.0,0.39,13.0,-5.2,3.0,83.0,23.0,51.0,-6.1,1.16
35,Bishop,Bishop,2023-01-29,29,1.83,0.0,145.0,0.39,10.0,-6.7,1.8,89.0,31.0,56.0,-6.0,1.73
35,Bishop,Bishop,2023-01-30,30,1.93,0.0,167.0,0.24,3.6,-6.4,-1.0,57.0,31.0,43.0,-12.0,3.06
35,Bishop,Bishop,2023-01-31,31,2.05,0.0,172.0,0.22,9.9,-8.7,-0.7,69.0,14.0,37.0,-13.5,1.47
35,Bishop,Bishop,2023-02-01,32,2.24,0.0,169.0,0.29,14.8,-6.6,2.5,70.0,15.0,39.0,-9.9,1.27
35,Bishop,Bishop,2023-02-02,33,2.03,0.0,148.0,0.38,13.4,-6.3,4.4,84.0,25.0,46.0,-6.2,1.11
35,Bishop,Bishop,2023-02-03,34,2.26,0.0,172.0,0.4,14.3,-4.4,3.8,83.0,22.0,49.0,-5.7,1.31
35,Bishop,Bishop,2023-02-04,35,2.17,0.0,159.0,0.42,14.4,-5.4,3.6,87.0,26.0,53.0,-5.1,1.29
35,Bishop,Bishop,2023-02-05,36,2.35,3.1,170.0,0.48,11.7,-0.5,5.3,95.0,26.0,53.0,-3.4,2.12
35,Bishop,Bishop,2023-02-06,37,2.39,0.0,173.0,0.35,10.0,-2.2,3.7,58.0,26.0,43.0,-7.5,2.24
35,Bishop,Bishop,2023-02-07,38,2.52,0.0,170.0,0.36,16.4,-2.6,5.9,60.0,20.0,39.0,-7.1,1.51
35,Bishop,Bishop,2023-02-08,39,2.99,0.0,183.0,0.34,18.5,-3.2,7.1,77.0,10.0,33.0,-7.9,1.56
35,Bishop,Bishop,2023-02-09,40,2.75,0.0,183.0,0.41,19.2,-1.5,7.6,78.0,20.0,39.0,-5.3,1.39
35,Bishop,Bishop,2023-02-10,41,3.28,0.0,185.0,0.38,16.7,-3.8,6.5,86.0,19.0,39.0,-6.5,2.65
35,Bishop,Bishop,2023-02-11,42,2.29,0.0,130.0,0.29,13.7,-4.1,5.7,60.0,17.0,32.0,-9.8,1.96
35,Bishop,Bishop,2023-02-12,43,2.46,0.0,146.0,0.35,14.9,-3.6,5.4,69.0,21.0,39.0,-7.3,1.78
35,Bishop,Bishop,2023-02-13,44,2.69,0.0,176.0,0.33,18.3,-4.2,6.3,66.0,13.0,35.0,-8.1,1.52
35,Bishop,Bishop,2023-02-14,45,2.21,0.0,109.0,0.23,9.7,-7.0,2.3,51.0,9.0,32.0,-12.7,3.88
35,Bishop,Bishop,2023-02-15,46,2.35,0.0,197.0,0.22,11.9,-8.1,-0.4,68.0,23.0,38.0,-13.1,1.97
35,Bishop,Bishop,2023-02-16,47,2.55,0.0,189.0,0.18,10.4,-10.6,0.2,75.0,11.0,29.0,-15.5,1.87
35,Bishop,Bishop,2023-02-17,48,2.15,0.0,167.0,0.21,10.6,-6.6,1.7,60.0,13.0,31.0,-13.6,1.22
35,Bishop,Bishop,2023-02-18,49,2.63,0.0,201.0,0.24,13.8,-8.4,3.2,63.0,13.0,31.0,-12.3,1.19
35,Bishop,Bishop,2023-02-19,50,3.08,0.0,205.0,0.3,17.1,-4.9,5.5,65.0,15.0,33.0,-9.6,1.44
35,Bishop,Bishop,2023-02-20,51,3.35,0.0,197.0,0.39,19.8,-3.5,8.4,68.0,17.0,36.0,-5.9,1.63
35,Bishop,Bishop,2023-02-21,52,2.68,0.0,152.0,0.42,18.5,-2.6,6.5,78.0,18.0,44.0,-4.9,2.3
35,Bishop,Bishop,2023-02-22,53,2.36,0.0,195.0,0.22,6.0,-7.4,-0.6,67.0,16.0,37.0,-13.5,2.59
35,Bishop,Bishop,2023-02-23,54,2.72,0.0,227.0,0.21,8.5,-7.2,-0.6,64.0,16.0,35.0,-14.0,2.08
35,Bishop,Bishop,2023-02-24,55,0.23,12.2,36.0,0.54,3.5,-2.6,-0.1,100.0,46.0,89.0,-1.8,5.75
35,Bishop,Bishop,2023-02-25,56,0.59,20.2,88.0,0.61,1.6,-3.0,0.3,100.0,89.0,97.0,-0.1,1.99
35,Bishop,Bishop,2023-02-26,57,1.77,6.8,223.0,0.46,3.3,-5.8,-1.4,94.0,68.0,84.0,-3.7,1.23
35,Bishop,Bishop,2023-02-27,58,1.12,0.0,129.0,0.5,3.4,-6.3,-1.1,100.0,56.0,88.0,-2.9,1.76
35,Bishop,Bishop,2023-02-28,59,1.89,0.0,206.0,0.38,5.2,-7.6,-0.2,82.0,47.0,63.0,-6.4,2.03
35,Bishop,Bishop,2023-03-01,60,1.77,5.8,177.0,0.38,2.5,-3.1,-0.2,100.0,44.0,62.0,-6.5,3.35
35,Bishop,Bishop,2023-03-02,61,2.49,0.0,229.0,0.31,8.9,-8.0,0.0,81.0,23.0,50.0,-9.1,1.7
35,Bishop,Bishop,2023-03-03,62,2.58,0.0,236.0,0.4,9.9,-7.8,1.4,89.0,33.0,59.0,-5.7,1.33
35,Bishop,Bishop,2023-03-04,63,2.58,0.0,211.0,0.37,10.3,-4.3,2.4,86.0,20.0,51.0,-6.7,1.97
35,Bishop,Bishop,2023-03-05,64,2.84,0.0,231.0,0.37,10.3,-3.2,3.5,67.0,30.0,46.0,-6.8,2.44
35,Bishop,Bishop,2023-03-06,65,2.32,0.0,213.0,0.35,8.0,-5.8,1.1,82.0,34.0,53.0,-7.3,1.42
35,Bishop,Bishop,2023-03-07,66,2.5,0.0,233.0,0.39,9.1,-6.2,1.3,83.0,37.0,58.0,-6.1,1.15
35,Bishop,Bishop,2023-03-08,67,3.08,0.0,246.0,0.36,11.5,-5.6,3.0,89.0,19.0,47.0,-7.2,1.34
35,Bishop,Bishop,2023-03-09,68,3.03,6.1,226.0,0.51,12.9,-5.7,5.0,99.0,31.0,59.0,-2.4,1.65
35,Bishop,Bishop,2023-03-12,71,3.39,0.0,231.0,0.69,16.9,0.6,8.8,100.0,32.0,61.0,1.6,1.75
35,Bishop,Bishop,2023-03-13,72,3.73,0.0,247.0,0.59,17.8,1.9,9.4,82.0,21.0,50.0,-0.6,1.68
35,Bishop,Bishop,2023-03-15,74,2.67,0.8,161.0,0.7,15.7,3.8,9.4,96.0,40.0,59.0,1.8,2.67
35,Bishop,Bishop,2023-03-16,75,3.38,0.0,259.0,0.47,14.3,-2.0,6.3,88.0,23.0,49.0,-3.7,1.4
35,Bishop,Bishop,2023-03-17,76,3.55,0.0,261.0,0.46,15.5,-2.0,6.7,88.0,21.0,47.0,-3.7,1.27
35,Bishop,Bishop,2023-03-18,77,3.9,0.0,243.0,0.46,16.0,-0.7,8.6,76.0,24.0,41.0,-3.7,2.32
35,Bishop,Bishop,2023-03-19,78,1.94,1.3,162.0,0.7,9.9,1.3,6.8,100.0,41.0,71.0,2.0,3.7
35,Bishop,Bishop,2023-03-20,79,3.9,0.1,267.0,0.51,17.9,1.0,8.6,99.0,17.0,45.0,-2.6,1.6
35,Bishop,Bishop,2023-03-21,80,0.71,9.7,90.0,0.72,7.5,1.6,4.2,100.0,66.0,87.0,2.2,2.91
35,Bishop,Bishop,2023-03-22,81,2.75,0.0,225.0,0.59,11.8,-0.3,5.3,97.0,35.0,66.0,-0.6,1.75
35,Bishop,Bishop,2023-03-23,82,3.38,0.0,249.0,0.48,14.5,-2.1,6.1,86.0,25.0,51.0,-3.3,1.89
35,Bishop,Bishop,2023-03-24,83,4.14,0.0,277.0,0.29,14.1,-0.6,6.6,58.0,16.0,30.0,-9.8,2.22
35,Bishop,Bishop,2023-03-25,84,3.59,0.0,274.0,0.31,13.2,-2.8,4.7,68.0,19.0,36.0,-8.9,2.01
35,Bishop,Bishop,2023-03-26,85,3.58,0.0,287.0,0.27,10.1,-5.3,2.4,79.0,19.0,37.0,-10.9,2.32
35,Bishop,Bishop,2023-03-27,86,3.78,0.0,287.0,0.29,11.7,-6.6,3.4,77.0,22.0,37.0,-9.8,2.24
35,Bishop,Bishop,2023-03-28,87,4.13,0.0,259.0,0.47,17.7,-3.5,8.6,71.0,22.0,42.0,-3.7,2.48
35,Bishop,Bishop,2023-03-29,88,3.85,2.8,264.0,0.46,12.7,2.7,7.3,84.0,17.0,45.0,-3.9,2.79
35,Bishop,Bishop,2023-03-30,89,3.29,0.0,243.0,0.42,13.6,-1.9,5.2,76.0,17.0,47.0,-5.2,1.64
35,Bishop,Bishop,2023-03-31,90,4.16,0.0,300.0,0.45,16.4,-4.4,6.6,86.0,24.0,46.0,-4.0,1.51
35,Bishop,Bishop,2023-04-01,91,4.02,0.0,280.0,0.46,19.3,-1.6,9.2,73.0,18.0,40.0,-3.7,1.23
35,Bishop,Bishop,2023-04-02,92,5.29,0.0,297.0,0.46,21.3,-0.2,12.5,67.0,18.0,32.0,-3.9,2.3
35,Bishop,Bishop,2023-04-03,93,3.68,0.0,239.0,0.24,13.8,-2.1,5.0,43.0,14.0,28.0,-12.0,3.91
35,Bishop,Bishop,2023-04-04,94,4.09,0.0,312.0,0.22,11.1,-3.5,3.4,46.0,16.0,28.0,-13.2,2.84
35,Bishop,Bishop,2023-04-05,95,3.94,0.0,311.0,0.32,19.3,-5.7,4.8,72.0,17.0,37.0,-8.5,1.3
35,Bishop,Bishop,2023-04-06,96,4.82,0.0,307.0,0.38,18.1,-3.9,8.6,78.0,17.0,34.0,-6.3,1.98
35,Bishop,Bishop,2023-04-07,97,3.83,0.0,223.0,0.52,19.0,2.5,11.7,70.0,24.0,37.0,-2.3,1.6
35,Bishop,Bishop,2023-04-08,98,4.45,0.0,276.0,0.54,21.9,2.3,12.9,74.0,18.0,36.0,-1.6,1.27
35,Bishop,Bishop,2023-04-09,99,5.28,0.0,312.0,0.64,25.4,3.4,15.1,73.0,17.0,38.0,0.7,1.34
35,Bishop,Bishop,2023-04-10,100,6.05,0.0,316.0,0.67,27.1,5.4,16.5,69.0,17.0,35.0,1.2,1.87
35,Bishop,Bishop,2023-04-11,101,5.07,0.0,263.0,0.67,27.0,5.0,16.6,72.0,17.0,35.0,1.2,1.67
35,Bishop,Bishop,2023-04-12,102,5.95,0.0,307.0,0.52,25.1,2.3,15.4,75.0,12.0,29.0,-2.3,2.02
35,Bishop,Bishop,2023-04-13,103,5.07,0.0,323.0,0.38,19.8,3.8,10.3,43.0,21.0,30.0,-6.5,3.06
35,Bishop,Bishop,2023-04-14,104,4.95,0.0,324.0,0.44,21.5,-2.1,10.5,77.0,15.0,34.0,-4.6,1.34
35,Bishop,Bishop,2023-04-15,105,5.69,0.0,324.0,0.53,26.3,0.4,13.3,67.0,18.0,34.0,-2.1,1.74
35,Bishop,Bishop,2023-04-16,106,5.91,0.0,328.0,0.54,24.6,1.7,14.3,76.0,14.0,33.0,-1.6,1.77
35,Bishop,Bishop,2023-04-17,107,5.67,0.0,293.0,0.46,23.2,2.4,14.6,70.0,14.0,28.0,-3.8,2.15
35,Bishop,Bishop,2023-04-18,108,4.96,0.0,64.0,0.33,16.2,5.8,10.1,41.0,16.0,26.0,-8.4,2.98
35,Bishop,Bishop,2023-04-19,109,5.16,0.0,334.0,0.3,18.3,-0.1,9.7,51.0,13.0,25.0,-9.3,2.03
35,Bishop,Bishop,2023-04-20,110,5.28,0.0,335.0,0.47,22.2,-2.8,11.7,75.0,17.0,34.0,-3.5,1.38
35,Bishop,Bishop,2023-04-21,111,5.95,0.0,325.0,0.72,25.5,4.3,16.5,74.0,22.0,39.0,2.3,1.76
35,Bishop,Bishop,2023-04-22,112,5.47,0.0,327.0,0.78,24.8,5.5,16.0,83.0,22.0,43.0,3.3,1.31
35,Bishop,Bishop,2023-04-23,113,6.26,0.0,332.0,0.68,25.9,5.3,17.3,77.0,15.0,34.0,1.4,1.84
35,Bishop,Bishop,2023-04-24,114,6.72,0.0,344.0,0.55,27.2,3.1,17.7,80.0,7.0,27.0,-1.6,1.92
35,Bishop,Bishop,2023-04-25,115,6.63,0.0,344.0,0.43,25.1,5.6,17.0,54.0,11.0,22.0,-4.7,2.47
35,Bishop,Bishop,2023-04-26,116,5.87,0.0,345.0,0.55,27.0,0.6,15.5,77.0,13.0,31.0,-1.5,1.33
35,Bishop,Bishop,2023-04-27,117,6.09,0.0,335.0,0.6,28.4,3.6,18.0,73.0,12.0,29.0,-0.2,1.33
35,Bishop,Bishop,2023-04-28,118,6.27,0.0,344.0,0.7,30.1,5.1,19.5,74.0,13.0,31.0,1.9,1.29
35,Bishop,Bishop,2023-04-29,119,6.52,0.0,332.0,0.81,30.6,6.6,20.4,80.0,16.0,34.0,4.0,1.48
35,Bishop,Bishop,2023-04-30,120,6.15,0.0,318.0,0.85,28.7,7.3,19.7,81.0,16.0,37.0,4.6,1.44
35,Bishop,Bishop,2023-05-01,121,6.01,0.0,306.0,0.7,25.1,4.5,16.0,82.0,20.0,38.0,1.8,2.25
35,Bishop,Bishop,2023-05-02,122,5.78,0.0,335.0,0.54,22.0,5.7,12.4,50.0,27.0,37.0,-1.7,4.0
35,Bishop,Bishop,2023-05-03,123,5.93,0.0,343.0,0.47,18.9,2.0,11.9,67.0,16.0,34.0,-3.5,3.36
35,Bishop,Bishop,2023-05-04,124,3.83,0.0,258.0,0.6,16.1,1.0,9.2,82.0,41.0,52.0,-0.2,2.63
35,Bishop,Bishop,2023-05-05,125,4.78,0.0,323.0,0.62,21.5,-0.8,10.9,83.0,28.0,47.0,0.1,1.14
35,Bishop,Bishop,2023-05-06,126,5.32,0.0,300.0,0.56,22.5,2.4,13.3,74.0,22.0,37.0,-1.1,1.97
35,Bishop,Bishop,2023-05-07,127,5.87,0.0,354.0,0.64,25.8,-0.5,13.9,80.0,23.0,40.0,0.6,1.36
35,Bishop,Bishop,2023-05-08,128,7.04,0.0,367.0,0.51,28.1,0.4,15.0,78.0,11.0,30.0,-2.3,2.45
35,Bishop,Bishop,2023-05-09,129,5.08,0.0,275.0,0.6,25.6,1.5,14.6,74.0,21.0,36.0,-0.2,1.58
35,Bishop,Bishop,2023-05-10,130,6.42,0.0,360.0,0.61,27.6,3.3,16.8,67.0,16.0,32.0,-0.1,1.66
35,Bishop,Bishop,2023-05-11,131,5.88,0.0,347.0,0.79,29.0,2.2,16.5,82.0,21.0,42.0,3.6,1.08
35,Bishop,Bishop,2023-05-12,132,6.48,0.0,355.0,0.78,28.8,4.9,19.6,80.0,19.0,34.0,3.3,1.23
35,Bishop,Bishop,2023-05-13,133,6.67,0.0,359.0,0.82,29.6,6.3,20.2,74.0,17.0,35.0,4.2,1.34
35,Bishop,Bishop,2023-05-14,134,5.71,0.0,287.0,0.89,29.0,8.9,19.1,72.0,21.0,40.0,5.3,1.56
35,Bishop,Bishop,2023-05-15,135,6.5,0.0,334.0,0.91,29.2,6.7,19.6,84.0,19.0,40.0,5.5,1.57
35,Bishop,Bishop,2023-05-16,136,6.07,0.0,324.0,0.94,30.4,7.3,20.6,78.0,20.0,39.0,6.0,1.11
35,Bishop,Bishop,2023-05-17,137,6.86,0.0,352.0,0.93,30.8,8.6,21.8,74.0,18.0,36.0,5.9,1.46
35,Bishop,Bishop,2023-05-18,138,6.99,0.0,362.0,0.93,31.7,7.5,22.3,78.0,18.0,35.0,5.9,1.33
35,Bishop,Bishop,2023-05-19,139,6.48,0.0,326.0,0.93,32.7,10.0,22.6,70.0,17.0,34.0,6.0,1.29
35,Bishop,Bishop,2023-05-20,140,6.93,0.0,352.0,1.11,31.3,9.7,21.7,78.0,21.0,43.0,8.5,1.64
35,Bishop,Bishop,2023-05-21,141,6.17,0.0,314.0,1.17,30.2,9.8,20.8,85.0,27.0,48.0,9.3,1.38
35,Bishop,Bishop,2023-05-22,142,6.87,0.0,368.0,1.11,30.9,8.3,22.0,80.0,24.0,42.0,8.6,1.27
35,Bishop,Bishop,2023-05-23,143,6.51,0.0,306.0,0.96,30.2,10.2,21.4,79.0,16.0,38.0,6.3,1.77
35,Bishop,Bishop,2023-05-24,144,6.79,0.0,366.0,0.93,30.2,6.7,20.9,71.0,20.0,38.0,5.9,1.36
35,Bishop,Bishop,2023-05-25,145,5.99,0.0,318.0,0.98,30.4,7.6,19.7,82.0,26.0,43.0,6.7,1.46
35,Bishop,Bishop,2023-05-26,146,5.35,0.0,297.0,1.02,29.2,5.9,17.8,88.0,30.0,50.0,7.3,1.3
35,Bishop,Bishop,2023-05-27,147,6.65,0.0,366.0,1.03,30.9,7.5,20.4,78.0,25.0,43.0,7.3,1.33
35,Bishop,Bishop,2023-05-28,148,6.62,0.0,334.0,1.06,30.9,6.9,20.7,84.0,22.0,43.0,7.8,1.65
35,Bishop,Bishop,2023-05-29,149,7.2,0.0,360.0,1.04,32.8,9.9,21.2,87.0,21.0,41.0,7.5,1.86
35,Bishop,Bishop,2023-05-30,150,6.99,0.0,376.0,0.87,29.4,7.0,19.8,80.0,20.0,38.0,5.0,1.47
35,Bishop,Bishop,2023-05-31,151,6.43,0.0,342.0,0.96,30.7,6.9,19.6,77.0,23.0,42.0,6.3,1.38
35,Bishop,Bishop,2023-06-01,152,7.06,0.0,369.0,0.96,34.2,7.0,20.1,82.0,20.0,41.0,6.3,1.61
35,Bishop,Bishop,2023-06-02,153,6.75,0.0,371.0,0.98,32.9,6.6,21.2,79.0,20.0,39.0,6.7,1.15
35,Bishop,Bishop,2023-06-03,154,6.9,0.0,365.0,0.97,31.8,7.4,22.2,74.0,21.0,36.0,6.5,1.26
35,Bishop,Bishop,2023-06-04,155,6.87,0.0,353.0,1.08,32.2,10.9,22.8,77.0,23.0,39.0,8.1,1.3
35,Bishop,Bishop,2023-06-05,156,6.13,0.0,299.0,1.1,30.9,10.9,22.0,74.0,21.0,42.0,8.4,1.54
35,Bishop,Bishop,2023-06-06,157,4.88,1.4,280.0,1.15,28.2,10.4,18.6,98.0,20.0,54.0,9.0,1.05
35,Bishop,Bishop,2023-06-07,158,4.12,0.0,200.0,1.09,28.6,7.7,16.7,84.0,42.0,57.0,8.2,2.11
35,Bishop,Bishop,2023-06-08,159,6.27,0.0,355.0,1.17,31.6,5.5,19.3,97.0,30.0,52.0,9.2,1.12
35,Bishop,Bishop,2023-06-09,160,5.96,0.0,325.0,1.18,30.3,9.8,20.7,82.0,30.0,48.0,9.4,1.15
35,Bishop,Bishop,2023-06-10,161,3.07,1.7,184.0,1.27,24.0,11.2,17.4,86.0,48.0,64.0,10.5,1.17
35,Bishop,Bishop,2023-06-11,162,3.95,0.5,238.0,1.18,26.5,9.4,16.2,90.0,45.0,64.0,9.4,1.44
35,Bishop,Bishop,2023-06-12,163,6.02,0.0,346.0,1.24,27.9,9.3,18.2,86.0,39.0,60.0,10.2,1.42
35,Bishop,Bishop,2023-06-13,164,6.76,0.0,381.0,1.33,30.0,9.3,21.0,94.0,32.0,53.0,11.2,1.24
35,Bishop,Bishop,2023-06-14,165,5.4,0.0,294.0,1.43,30.2,14.8,21.8,82.0,37.0,55.0,12.3,1.13
35,Bishop,Bishop,2023-06-15,166,6.85,0.0,355.0,1.2,31.2,12.4,23.1,90.0,23.0,43.0,9.7,1.3
35,Bishop,Bishop,2023-06-16,167,6.96,0.0,375.0,0.93,31.9,9.3,22.2,59.0,21.0,35.0,5.9,1.32
35,Bishop,Bishop,2023-06-17,168,7.13,0.0,373.0,1.15,32.1,8.4,23.2,74.0,27.0,40.0,9.0,1.29
35,Bishop,Bishop,2023-06-18,169,7.51,0.0,356.0,1.22,32.7,10.3,23.4,82.0,27.0,42.0,9.9,1.95
35,Bishop,Bishop,2023-06-19,170,8.46,0.0,397.0,0.79,31.6,10.6,21.6,78.0,11.0,30.0,3.5,2.44
35,Bishop,Bishop,2023-06-20,171,7.07,0.0,393.0,0.73,34.9,1.6,18.7,68.0,18.0,34.0,2.5,1.24
35,Bishop,Bishop,2023-06-21,172,6.88,0.0,383.0,0.88,36.3,4.0,19.0,72.0,23.0,40.0,5.2,1.13
35,Bishop,Bishop,2023-06-22,173,7.29,0.0,355.0,0.9,33.1,5.3,20.5,82.0,19.0,37.0,5.4,2.0
35,Bishop,Bishop,2023-06-23,174,6.88,0.0,375.0,0.91,30.8,10.0,20.8,55.0,23.0,37.0,5.6,1.56
35,Bishop,Bishop,2023-06-24,175,6.36,0.0,306.0,0.93,36.4,6.8,21.2,78.0,18.0,37.0,6.0,1.65
35,Bishop,Bishop,2023-06-25,176,7.23,0.0,382.0,0.96,32.8,6.5,21.6,77.0,19.0,37.0,6.3,1.27
35,Bishop,Bishop,2023-06-26,177,6.45,0.0,337.0,1.19,35.4,10.6,22.4,78.0,25.0,44.0,9.5,1.29
35,Bishop,Bishop,2023-06-27,178,6.09,0.0,341.0,1.21,32.0,9.6,21.5,85.0,26.0,47.0,9.8,0.91
35,Bishop,Bishop,2023-06-28,179,5.18,0.0,261.0,1.17,32.9,10.3,20.7,80.0,27.0,48.0,9.3,1.34
35,Bishop,Bishop,2023-06-29,180,6.92,0.0,373.0,1.18,32.6,10.5,22.7,79.0,24.0,43.0,9.3,1.14
35,Bishop,Bishop,2023-06-30,181,6.83,0.0,373.0,1.34,36.1,9.8,23.5,76.0,21.0,46.0,11.3,0.86
35,Bishop,Bishop,2023-07-01,182,7.03,0.0,373.0,1.41,37.5,11.1,25.6,79.0,21.0,43.0,12.1,0.85
35,Bishop,Bishop,2023-07-02,183,7.13,0.0,365.0,1.43,37.8,14.1,27.1,72.0,22.0,40.0,12.3,0.94
35,Bishop,Bishop,2023-07-03,184,7.29,0.0,363.0,1.38,39.8,14.4,26.8,80.0,20.0,39.0,11.7,1.05
35,Bishop,Bishop,2023-07-04,185,7.01,0.0,366.0,1.43,36.3,13.0,25.5,76.0,24.0,44.0,12.3,0.95
35,Bishop,Bishop,2023-07-05,186,7.45,0.0,366.0,1.33,37.0,12.3,26.4,79.0,21.0,39.0,11.2,1.14
35,Bishop,Bishop,2023-07-06,187,7.18,0.0,367.0,1.32,36.7,12.2,26.3,71.0,24.0,39.0,11.1,1.1
35,Bishop,Bishop,2023-07-07,188,7.19,0.0,366.0,1.31,36.7,12.5,25.8,76.0,22.0,39.0,11.0,1.07
35,Bishop,Bishop,2023-07-08,189,7.5,0.0,365.0,1.21,35.9,12.6,26.2,78.0,20.0,36.0,9.8,1.29
35,Bishop,Bishop,2023-07-09,190,7.72,0.0,370.0,0.98,32.7,11.5,24.6,63.0,18.0,32.0,6.6,1.63
35,Bishop,Bishop,2023-07-10,191,7.87,0.0,370.0,1.1,36.5,9.4,24.9,84.0,17.0,35.0,8.3,1.63
35,Bishop,Bishop,2023-07-11,192,7.19,0.0,377.0,1.17,43.3,10.5,24.7,70.0,19.0,38.0,9.3,0.96
35,Bishop,Bishop,2023-07-12,193,7.1,0.0,378.0,1.18,42.8,9.7,24.3,80.0,19.0,39.0,9.4,0.86
35,Bishop,Bishop,2023-07-13,194,7.17,0.0,375.0,1.35,40.7,10.2,24.9,79.0,19.0,43.0,11.4,0.86
35,Bishop,Bishop,2023-07-14,195,7.08,0.0,373.0,1.53,43.2,11.1,25.5,75.0,19.0,47.0,13.3,0.83
35,Bishop,Bishop,2023-07-15,196,7.33,0.0,373.0,1.44,41.5,11.4,27.2,80.0,19.0,40.0,12.4,0.89
35,Bishop,Bishop,2023-07-16,197,7.15,0.0,352.0,1.63,42.3,12.9,28.6,72.0,22.0,42.0,14.3,0.89
35,Bishop,Bishop,2023-07-17,198,5.24,0.0,243.0,1.64,40.3,15.7,27.1,74.0,22.0,46.0,14.4,1.01
35,Bishop,Bishop,2023-07-18,199,5.78,8.4,279.0,1.93,38.9,17.1,26.8,83.0,27.0,55.0,17.0,1.09
35,Bishop,Bishop,2023-07-19,200,6.13,0.0,301.0,1.94,37.2,17.9,26.7,89.0,34.0,55.0,17.0,1.08
35,Bishop,Bishop,2023-07-20,201,6.76,0.0,351.0,1.96,39.5,15.7,27.3,89.0,29.0,54.0,17.1,0.74
35,Bishop,Bishop,2023-07-21,202,6.93,0.0,357.0,1.86,39.8,16.2,27.8,81.0,24.0,50.0,16.4,0.71
35,Bishop,Bishop,2023-07-22,203,7.14,0.0,343.0,1.58,40.7,15.8,28.4,82.0,20.0,41.0,13.8,1.06
35,Bishop,Bishop,2023-07-23,204,4.74,0.4,214.0,1.6,39.4,16.5,27.8,77.0,22.0,43.0,14.0,1.05
35,Bishop,Bishop,2023-07-24,205,5.43,1.1,283.0,1.85,36.2,17.8,26.0,91.0,32.0,55.0,16.3,0.93
35,Bishop,Bishop,2023-07-25,206,7.08,0.0,354.0,1.52,37.6,13.0,26.9,82.0,27.0,43.0,13.3,1.0
35,Bishop,Bishop,2023-07-26,207,7.74,0.0,346.0,1.35,38.0,12.9,27.6,83.0,12.0,36.0,11.4,1.5
35,Bishop,Bishop,2023-07-27,208,7.54,0.0,358.0,1.29,40.2,12.2,27.6,71.0,19.0,35.0,10.8,1.28
35,Bishop,Bishop,2023-07-28,209,6.63,0.0,338.0,1.54,41.3,12.0,26.2,73.0,27.0,45.0,13.4,0.89
35,Bishop,Bishop,2023-07-29,210,6.65,0.0,332.0,1.47,39.6,13.1,27.1,74.0,24.0,41.0,12.7,0.93
35,Bishop,Bishop,2023-07-30,211,6.18,0.0,311.0,1.67,40.8,13.3,26.2,82.0,24.0,49.0,14.7,0.81
35,Bishop,Bishop,2023-07-31,212,6.85,0.0,316.0,1.46,43.2,12.7,27.3,80.0,24.0,40.0,12.6,1.23
35,Bishop,Bishop,2023-08-01,213,4.97,0.0,212.0,1.36,39.9,15.6,25.3,71.0,28.0,42.0,11.5,1.44
35,Bishop,Bishop,2023-08-03,215,6.97,0.0,349.0,1.2,40.2,10.7,24.8,80.0,23.0,38.0,9.7,1.21
35,Bishop,Bishop,2023-08-05,217,6.71,0.0,347.0,1.32,42.2,10.7,25.0,68.0,20.0,42.0,11.0,0.96
35,Bishop,Bishop,2023-08-06,218,6.61,0.0,344.0,1.57,43.6,12.2,24.9,75.0,22.0,50.0,13.7,0.95
35,Bishop,Bishop,2023-08-07,219,7.23,0.0,341.0,1.35,43.6,10.9,26.4,86.0,18.0,39.0,11.5,1.29
35,Bishop,Bishop,2023-08-09,221,7.04,0.0,343.0,1.27,40.4,9.9,24.8,86.0,21.0,40.0,10.5,1.22
35,Bishop,Bishop,2023-08-10,222,5.97,0.0,269.0,1.3,36.2,10.3,24.2,73.0,31.0,43.0,10.9,1.75
35,Bishop,Bishop,2023-08-11,223,6.32,0.2,317.0,1.63,33.6,14.1,24.1,87.0,34.0,54.0,14.3,1.5
35,Bishop,Bishop,2023-08-14,226,6.27,0.0,313.0,1.55,38.9,14.6,24.5,85.0,24.0,51.0,13.5,1.12
35,Bishop,Bishop,2023-08-15,227,4.01,0.0,205.0,1.63,34.5,11.9,22.6,88.0,38.0,60.0,14.3,0.94
35,Bishop,Bishop,2023-08-16,228,4.85,0.0,241.0,1.65,36.5,14.5,25.1,81.0,27.0,52.0,14.5,0.95
35,Bishop,Bishop,2023-08-17,229,5.73,0.0,289.0,1.6,35.5,14.6,24.5,77.0,28.0,52.0,14.0,1.24
35,Bishop,Bishop,2023-08-18,230,6.53,0.0,318.0,1.3,33.5,11.4,23.7,89.0,21.0,44.0,10.8,1.45
35,Bishop,Bishop,2023-08-19,231,4.14,1.9,186.0,1.35,31.2,9.4,20.0,97.0,36.0,58.0,11.4,2.07
35,Bishop,Bishop,2023-08-22,234,5.27,0.0,293.0,1.53,35.2,11.4,20.0,98.0,40.0,65.0,13.3,1.21
35,Bishop,Bishop,2023-08-23,235,6.09,0.0,322.0,1.52,39.4,9.6,21.3,98.0,29.0,60.0,13.2,1.1
35,Bishop,Bishop,2023-08-24,236,5.59,0.0,280.0,1.54,35.8,9.1,22.5,95.0,33.0,56.0,13.4,1.27
35,Bishop,Bishop,2023-08-25,237,7.01,0.0,316.0,1.31,35.4,14.0,24.3,90.0,19.0,43.0,10.9,1.98
35,Bishop,Bishop,2023-08-26,238,6.46,0.0,323.0,1.18,42.5,8.9,22.3,88.0,21.0,44.0,9.4,1.42
35,Bishop,Bishop,2023-08-27,239,5.99,0.0,322.0,1.18,37.4,8.5,21.9,95.0,22.0,45.0,9.4,0.92
35,Bishop,Bishop,2023-08-28,240,5.99,0.0,320.0,1.24,37.5,7.7,22.1,90.0,22.0,46.0,10.1,0.94
35,Bishop,Bishop,2023-08-29,241,5.98,0.0,317.0,1.48,41.9,9.9,23.3,89.0,26.0,52.0,12.8,0.93
35,Bishop,Bishop,2023-08-30,242,6.08,0.0,317.0,1.26,37.9,9.1,22.4,88.0,21.0,46.0,10.4,1.0
35,Bishop,Bishop,2023-08-31,243,7.3,0.0,316.0,0.86,38.3,7.9,24.2,77.0,6.0,28.0,4.7,1.92
35,Bishop,Bishop,2023-09-01,244,7.28,0.0,312.0,0.89,37.6,8.0,22.1,65.0,17.0,33.0,5.3,2.61
35,Bishop,Bishop,2023-09-02,245,4.4,0.0,173.0,1.64,29.3,18.6,22.9,82.0,44.0,59.0,14.4,3.59
35,Bishop,Bishop,2023-09-03,246,6.19,0.0,298.0,1.22,28.1,13.1,20.9,71.0,23.0,49.0,9.9,3.2
35,Bishop,Bishop,2023-09-04,247,5.24,0.0,304.0,1.22,38.6,6.2,19.0,93.0,30.0,55.0,9.9,0.98
35,Bishop,Bishop,2023-09-05,248,6.02,0.0,298.0,1.27,36.6,7.3,21.5,89.0,29.0,50.0,10.5,1.56
35,Bishop,Bishop,2023-09-06,249,6.03,0.0,294.0,1.26,33.2,8.5,22.1,88.0,29.0,47.0,10.4,1.6
35,Bishop,Bishop,2023-09-07,250,6.09,0.0,299.0,1.11,34.9,7.6,21.0,90.0,21.0,45.0,8.5,1.55
35,Bishop,Bishop,2023-09-08,251,5.5,0.0,293.0,1.12,33.2,6.8,20.6,84.0,27.0,46.0,8.7,1.14
35,Bishop,Bishop,2023-09-15,258,4.98,0.0,266.0,1.2,39.2,8.3,20.1,84.0,24.0,51.0,9.7,0.93
35,Bishop,Bishop,2023-09-16,259,5.02,0.0,264.0,1.21,41.2,9.1,19.9,89.0,23.0,52.0,9.7,0.97
35,Bishop,Bishop,2023-09-19,262,4.74,0.0,232.0,1.16,38.7,8.8,20.4,82.0,27.0,48.0,9.2,1.28
35,Bishop,Bishop,2023-09-20,263,4.98,0.0,262.0,1.14,36.5,7.3,19.6,90.0,23.0,50.0,8.9,1.1
35,Bishop,Bishop,2023-09-21,264,4.95,0.0,258.0,0.92,40.3,4.0,18.0,83.0,21.0,44.0,5.7,1.32
35,Bishop,Bishop,2023-09-22,265,4.81,0.0,258.0,0.85,35.8,0.4,16.4,90.0,26.0,45.0,4.6,1.26
35,Bishop,Bishop,2023-09-23,266,4.72,0.0,251.0,0.99,35.2,5.8,18.1,86.0,27.0,48.0,6.9,1.16
35,Bishop,Bishop,2023-09-24,267,5.05,0.0,252.0,0.91,36.0,3.4,17.8,87.0,22.0,45.0,5.6,1.44
35,Bishop,Bishop,2023-09-25,268,4.83,0.0,247.0,0.87,36.3,3.5,17.5,85.0,18.0,44.0,5.0,1.36
35,Bishop,Bishop,2023-09-26,269,4.77,0.0,248.0,0.84,37.5,2.6,17.6,81.0,17.0,42.0,4.4,1.16
35,Bishop,Bishop,2023-09-27,270,4.8,0.0,245.0,0.92,37.0,3.6,18.9,86.0,20.0,42.0,5.7,1.23
35,Bishop,Bishop,2023-09-28,271,4.77,0.0,239.0,1.16,43.5,6.1,20.3,86.0,26.0,49.0,9.1,1.29
35,Bishop,Bishop,2023-09-29,272,4.73,0.0,236.0,1.19,44.4,8.3,19.8,88.0,29.0,51.0,9.5,1.36
35,Bishop,Bishop,2023-09-30,273,2.06,5.4,103.0,0.94,24.2,8.2,14.6,97.0,37.0,56.0,6.0,1.53
35,Bishop,Bishop,2023-10-01,274,2.73,7.7,186.0,1.11,27.6,3.8,11.2,100.0,43.0,83.0,8.4,0.85
35,Bishop,Bishop,2023-10-02,275,3.62,0.1,225.0,1.02,27.2,5.8,13.7,100.0,39.0,65.0,7.2,1.25
35,Bishop,Bishop,2023-10-03,276,3.89,0.0,229.0,1.05,29.9,5.8,16.4,90.0,36.0,56.0,7.7,1.17
35,Bishop,Bishop,2023-10-05,278,3.89,0.0,228.0,1.17,41.1,5.4,16.5,96.0,28.0,63.0,9.3,0.8
35,Bishop,Bishop,2023-10-06,279,4.19,0.0,227.0,1.08,39.5,6.9,18.2,85.0,23.0,52.0,8.1,1.02
35,Bishop,Bishop,2023-10-07,280,4.13,0.0,223.0,1.04,36.4,5.0,17.5,88.0,21.0,52.0,7.5,0.96
35,Bishop,Bishop,2023-10-08,281,3.68,0.0,193.0,1.04,38.6,4.7,16.6,91.0,23.0,55.0,7.5,0.91
35,Bishop,Bishop,2023-10-09,282,2.91,0.0,153.0,0.97,34.8,4.4,15.8,90.0,23.0,54.0,6.5,0.99
35,Bishop,Bishop,2023-10-10,283,3.82,0.0,209.0,0.84,38.1,2.9,16.4,83.0,22.0,45.0,4.4,1.12
35,Bishop,Bishop,2023-10-11,284,4.82,0.0,220.0,0.72,40.4,2.8,16.7,81.0,19.0,38.0,2.3,2.24
35,Bishop,Bishop,2023-10-12,285,3.41,0.0,218.0,0.67,31.9,0.6,12.0,83.0,25.0,48.0,1.2,1.13
35,Bishop,Bishop,2023-10-13,286,3.41,0.0,186.0,0.78,36.4,0.7,13.1,88.0,28.0,52.0,3.4,1.27
35,Bishop,Bishop,2023-10-14,287,3.27,0.0,191.0,0.8,40.2,1.6,13.0,85.0,27.0,53.0,3.7,0.98
35,Bishop,Bishop,2023-10-15,288,3.65,0.0,206.0,0.91,37.6,0.9,14.2,91.0,24.0,56.0,5.6,0.87
35,Bishop,Bishop,2023-10-16,289,3.47,0.0,198.0,0.98,37.2,2.9,15.6,94.0,23.0,55.0,6.6,0.79
35,Bishop,Bishop,2023-10-17,290,3.6,0.0,204.0,0.9,38.6,3.0,16.5,87.0,16.0,48.0,5.5,0.92
35,Bishop,Bishop,2023-10-19,292,3.66,0.0,202.0,0.83,32.2,4.4,16.7,78.0,17.0,44.0,4.2,1.01
35,Bishop,Bishop,2023-10-20,293,3.31,0.0,185.0,0.93,31.9,4.1,16.7,83.0,19.0,49.0,5.9,0.89
35,Bishop,Bishop,2023-10-21,294,3.56,0.0,192.0,0.92,33.6,5.5,17.1,89.0,21.0,47.0,5.8,1.02
35,Bishop,Bishop,2023-10-22,295,3.58,0.0,192.0,0.91,33.5,4.8,17.6,91.0,24.0,45.0,5.6,1.14
35,Bishop,Bishop,2023-10-23,296,3.0,0.0,162.0,0.85,28.0,7.0,15.1,72.0,32.0,50.0,4.6,1.42
35,Bishop,Bishop,2023-10-24,297,3.26,0.0,190.0,0.88,32.4,0.8,13.4,92.0,29.0,57.0,5.1,0.95
35,Bishop,Bishop,2023-10-25,298,2.36,0.0,133.0,0.88,26.9,2.2,13.4,88.0,34.0,57.0,5.1,0.97
35,Bishop,Bishop,2023-10-26,299,3.26,0.0,189.0,0.58,25.7,1.4,13.7,81.0,20.0,37.0,-0.8,1.32
35,Bishop,Bishop,2023-10-27,300,2.69,0.0,174.0,0.72,29.1,-1.7,8.9,90.0,35.0,63.0,2.3,0.9
35,Bishop,Bishop,2023-10-28,301,3.64,0.0,186.0,0.45,23.5,-2.4,8.5,89.0,19.0,40.0,-4.2,2.82
35,Bishop,Bishop,2023-10-29,302,3.1,0.0,188.0,0.31,21.0,-4.1,7.2,67.0,13.0,31.0,-8.8,1.48
35,Bishop,Bishop,2023-10-30,303,2.92,0.0,188.0,0.34,26.4,-5.9,7.3,75.0,8.0,33.0,-8.0,1.02
35,Bishop,Bishop,2023-10-31,304,2.77,0.0,177.0,0.39,26.3,-5.4,8.2,68.0,12.0,36.0,-6.1,0.97
35,Bishop,Bishop,2023-11-01,305,2.81,0.0,177.0,0.42,26.8,-4.5,9.0,71.0,12.0,37.0,-5.0,0.96
35,Bishop,Bishop,2023-11-02,306,2.88,0.0,174.0,0.44,30.3,-3.6,10.1,74.0,12.0,36.0,-4.4,1.05
35,Bishop,Bishop,2023-11-03,307,3.08,0.0,172.0,0.51,36.0,-0.8,12.6,71.0,13.0,35.0,-2.5,1.06
35,Bishop,Bishop,2023-11-04,308,2.68,0.0,152.0,0.59,32.7,0.0,12.2,75.0,17.0,41.0,-0.5,1.01
35,Bishop,Bishop,2023-11-05,309,2.49,0.0,146.0,0.67,33.0,0.7,11.5,76.0,21.0,50.0,1.3,1.05
35,Bishop,Bishop,2023-11-06,310,3.61,0.0,167.0,0.63,33.5,2.0,15.4,73.0,14.0,36.0,0.4,1.78
35,Bishop,Bishop,2023-11-07,311,3.13,0.0,154.0,0.55,28.5,1.0,11.2,86.0,16.0,42.0,-1.4,2.12
35,Bishop,Bishop,2023-11-08,312,2.42,0.0,167.0,0.44,19.9,-3.8,6.8,80.0,20.0,44.0,-4.5,1.31
35,Bishop,Bishop,2023-11-09,313,2.39,0.0,167.0,0.31,23.5,-7.2,4.5,76.0,12.0,37.0,-8.9,1.11
35,Bishop,Bishop,2023-11-10,314,2.18,0.0,145.0,0.32,21.5,-5.6,5.2,70.0,12.0,37.0,-8.4,1.01
35,Bishop,Bishop,2023-11-11,315,2.46,0.0,159.0,0.36,30.3,-6.0,7.1,69.0,12.0,36.0,-7.0,1.01
35,Bishop,Bishop,2023-11-12,316,2.89,0.0,160.0,0.38,24.7,-6.0,9.0,77.0,15.0,33.0,-6.5,1.43
35,Bishop,Bishop,2023-11-13,317,3.24,0.0,158.0,0.42,31.0,-3.8,10.4,67.0,19.0,33.0,-5.2,2.13
35,Bishop,Bishop,2023-11-14,318,2.35,0.0,146.0,0.43,20.6,-2.9,7.7,75.0,16.0,41.0,-4.8,1.22
35,Bishop,Bishop,2023-11-15,319,2.1,1.8,113.0,0.61,18.8,-4.3,7.5,98.0,21.0,59.0,0.0,1.67
35,Bishop,Bishop,2023-11-17,321,2.04,0.6,139.0,0.81,27.0,-2.7,8.0,99.0,41.0,75.0,4.0,1.28
35,Bishop,Bishop,2023-11-18,322,2.12,0.0,139.0,0.85,25.5,2.6,10.0,96.0,38.0,69.0,4.6,1.37
35,Bishop,Bishop,2023-11-19,323,3.49,0.0,155.0,0.41,20.4,3.9,10.7,67.0,20.0,32.0,-5.5,3.56
35,Bishop,Bishop,2023-11-21,325,2.1,0.0,149.0,0.37,22.7,-7.1,5.2,76.0,13.0,41.0,-6.8,0.97
35,Bishop,Bishop,2023-11-22,326,2.09,0.0,140.0,0.41,25.0,-5.5,6.9,77.0,17.0,41.0,-5.3,0.98
35,Bishop,Bishop,2023-11-24,328,2.29,0.0,147.0,0.39,13.1,-0.7,5.9,56.0,28.0,42.0,-6.0,2.77
35,Bishop,Bishop,2023-11-25,329,1.98,0.0,146.0,0.4,26.8,-6.6,2.9,79.0,28.0,53.0,-5.6,1.42
35,Bishop,Bishop,2023-11-26,330,1.86,0.0,147.0,0.33,26.8,-9.8,1.0,85.0,16.0,50.0,-8.3,0.99
35,Bishop,Bishop,2023-11-27,331,1.92,0.0,147.0,0.25,16.4,-10.3,1.1,77.0,11.0,37.0,-11.8,1.14
35,Bishop,Bishop,2023-11-28,332,1.7,0.0,119.0,0.27,17.6,-9.5,1.7,74.0,15.0,39.0,-10.7,1.16
35,Bishop,Bishop,2023-11-29,333,1.82,0.0,136.0,0.4,23.3,-6.7,3.2,78.0,25.0,52.0,-5.5,1.12
35,Bishop,Bishop,2023-12-01,335,1.86,0.0,128.0,0.36,14.4,-7.7,3.4,86.0,21.0,46.0,-7.2,1.32
35,Bishop,Bishop,2023-12-02,336,1.29,0.0,100.0,0.38,13.2,-5.9,2.3,80.0,27.0,53.0,-6.3,1.02
35,Bishop,Bishop,2023-12-03,337,1.58,0.0,113.0,0.4,16.9,-6.1,4.3,81.0,23.0,49.0,-5.6,0.98
35,Bishop,Bishop,2023-12-04,338,1.82,0.0,128.0,0.42,19.6,-3.7,5.2,77.0,21.0,48.0,-5.0,1.05
35,Bishop,Bishop,2023-12-05,339,1.87,0.0,133.0,0.43,19.6,-5.2,5.2,77.0,22.0,48.0,-4.9,1.1
35,Bishop,Bishop,2023-12-06,340,2.12,0.0,126.0,0.44,18.2,-5.0,7.2,83.0,20.0,43.0,-4.5,1.55
35,Bishop,Bishop,2023-12-07,341,2.15,0.0,120.0,0.3,18.3,-4.1,7.0,63.0,11.0,30.0,-9.4,1.5
35,Bishop,Bishop,2023-12-08,342,1.79,0.0,132.0,0.28,14.2,-9.6,1.7,78.0,15.0,41.0,-10.3,1.3
35,Bishop,Bishop,2023-12-09,343,1.48,0.0,129.0,0.29,12.3,-9.4,0.3,80.0,21.0,47.0,-9.8,1.0
35,Bishop,Bishop,2023-12-10,344,1.4,0.0,111.0,0.32,14.2,-7.5,1.5,78.0,21.0,47.0,-8.7,0.95
35,Bishop,Bishop,2023-12-11,345,1.93,0.0,132.0,0.35,17.6,-6.6,3.4,79.0,19.0,44.0,-7.5,1.24
35,Bishop,Bishop,2023-12-12,346,2.18,0.0,128.0,0.39,15.3,-6.6,4.3,73.0,22.0,47.0,-5.9,2.09
35,Bishop,Bishop,2023-12-13,347,1.64,0.0,128.0,0.38,13.6,-6.1,1.9,83.0,28.0,54.0,-6.3,1.36
35,Bishop,Bishop,2023-12-14,348,1.49,0.0,117.0,0.33,13.6,-8.7,0.8,82.0,24.0,51.0,-8.2,1.06
35,Bishop,Bishop,2023-12-15,349,1.44,0.0,111.0,0.33,14.4,-6.2,1.8,78.0,21.0,47.0,-8.2,0.99
35,Bishop,Bishop,2023-12-16,350,1.77,0.0,129.0,0.29,17.0,-6.5,3.1,74.0,13.0,38.0,-9.9,1.09
35,Bishop,Bishop,2023-12-17,351,1.4,0.0,80.0,0.29,17.0,-5.1,4.1,66.0,12.0,35.0,-9.9,1.1
35,Bishop,Bishop,2023-12-18,352,1.1,0.0,59.0,0.37,14.4,-1.0,5.2,63.0,22.0,42.0,-6.6,1.09
35,Bishop,Bishop,2023-12-19,353,1.22,0.3,87.0,0.63,15.8,-4.3,5.1,92.0,44.0,72.0,0.4,1.21
35,Bishop,Bishop,2023-12-22,356,1.14,0.0,94.0,0.68,14.8,-2.0,4.2,98.0,44.0,82.0,1.5,0.95
35,Bishop,Bishop,2023-12-23,357,1.6,0.1,132.0,0.49,14.8,-5.4,2.5,97.0,31.0,66.0,-3.1,1.07
35,Bishop,Bishop,2023-12-24,358,1.53,0.0,127.0,0.41,14.1,-7.9,1.2,92.0,24.0,61.0,-5.4,1.04
35,Bishop,Bishop,2023-12-25,359,1.63,0.0,120.0,0.48,16.5,-5.1,4.5,89.0,24.0,57.0,-3.2,1.01
35,Bishop,Bishop,2023-12-26,360,1.53,0.0,114.0,0.56,15.7,-2.9,5.3,88.0,32.0,62.0,-1.3,1.14
35,Bishop,Bishop,2023-12-27,361,1.06,0.0,81.0,0.57,12.2,-1.5,3.7,88.0,46.0,71.0,-0.9,1.03
35,Bishop,Bishop,2023-12-28,362,1.55,0.0,126.0,0.49,16.5,-5.1,3.1,93.0,28.0,64.0,-3.0,0.98
35,Bishop,Bishop,2023-12-29,363,2.13,0.0,117.0,0.48,15.7,-4.5,5.7,91.0,29.0,52.0,-3.3,2.45
35,Bishop,Bishop,2023-12-30,364,0.81,0.0,54.0,0.47,10.8,-3.9,3.2,86.0,39.0,61.0,-3.6,1.22
35,Bishop,Bishop,2023-12-31,365,1.12,0.0,95.0,0.44,9.9,-7.9,1.1,91.0,41.0,67.0,-4.4,1.15
35,Bishop,Bishop,2024-01-01,1,1.5,0.0,127.0,0.41,12.6,-6.1,1.3,88.0,29.0,62.0,-5.2,1.1
35,Bishop,Bishop,2024-01-02,2,0.99,0.0,85.0,0.38,11.1,-8.4,-0.2,89.0,32.0,62.0,-6.5,1.07
35,Bishop,Bishop,2024-01-03,3,1.55,0.0,95.0,0.41,10.3,-2.0,3.9,85.0,25.0,50.0,-5.5,1.93
35,Bishop,Bishop,2024-01-04,4,2.13,0.0,128.0,0.32,11.4,-2.4,4.4,53.0,21.0,38.0,-8.6,2.42
35,Bishop,Bishop,2024-01-05,5,2.2,0.0,134.0,0.3,13.3,-4.0,4.4,65.0,17.0,36.0,-9.3,1.89
35,Bishop,Bishop,2024-01-06,6,1.29,0.0,93.0,0.26,10.2,-8.7,0.4,71.0,20.0,42.0,-11.0,1.63
35,Bishop,Bishop,2024-01-07,7,1.84,0.0,138.0,0.21,5.1,-5.8,-0.6,53.0,21.0,37.0,-13.6,2.52
35,Bishop,Bishop,2024-01-08,8,1.74,0.0,114.0,0.25,11.4,-6.6,1.5,61.0,14.0,36.0,-11.9,1.95
35,Bishop,Bishop,2024-01-09,9,1.6,0.0,131.0,0.31,12.3,-9.5,0.1,81.0,25.0,50.0,-9.2,1.18
35,Bishop,Bishop,2024-01-10,10,1.85,0.0,108.0,0.32,13.5,-8.2,2.5,77.0,20.0,43.0,-8.7,2.04
35,Bishop,Bishop,2024-01-11,11,1.75,0.0,141.0,0.23,8.6,-9.0,-0.1,68.0,11.0,37.0,-12.9,2.25
35,Bishop,Bishop,2024-01-12,12,0.72,0.0,48.0,0.24,6.4,-8.8,-1.7,71.0,23.0,44.0,-12.4,0.92
35,Bishop,Bishop,2024-01-13,13,1.43,0.0,93.0,0.36,12.8,-5.5,4.6,64.0,28.0,42.0,-7.2,1.17
35,Bishop,Bishop,2024-01-14,14,2.74,0.0,141.0,0.42,18.3,-2.8,9.3,75.0,19.0,36.0,-5.1,1.95
35,Bishop,Bishop,2024-01-15,15,1.72,0.0,122.0,0.42,15.9,-5.1,3.4,80.0,25.0,54.0,-5.1,1.12
35,Bishop,Bishop,2024-01-16,16,1.53,0.0,114.0,0.41,13.6,-7.4,3.0,85.0,30.0,54.0,-5.3,1.11
35,Bishop,Bishop,2024-01-17,17,1.79,0.0,104.0,0.41,18.6,-3.7,6.3,75.0,10.0,43.0,-5.3,1.54
35,Bishop,Bishop,2024-01-18,18,1.53,0.0,90.0,0.34,14.0,-6.0,3.7,75.0,19.0,43.0,-7.7,1.17
35,Bishop,Bishop,2024-01-19,19,1.67,0.0,87.0,0.47,15.1,-3.0,6.0,73.0,32.0,50.0,-3.7,1.89
35,Bishop,Bishop,2024-01-20,20,1.88,0.0,125.0,0.58,15.3,-1.1,7.7,78.0,40.0,55.0,-0.7,1.76
35,Bishop,Bishop,2024-01-21,21,1.85,0.0,136.0,0.57,14.6,-2.6,6.0,82.0,39.0,61.0,-0.9,1.47
35,Bishop,Bishop,2024-01-22,22,0.66,2.1,56.0,0.76,8.4,1.6,5.4,96.0,72.0,85.0,3.0,1.47
35,Bishop,Bishop,2024-01-23,23,2.06,0.1,151.0,0.6,13.5,-2.7,5.4,97.0,37.0,67.0,-0.2,1.69
35,Bishop,Bishop,2024-01-24,24,0.82,0.0,59.0,0.53,11.2,-3.6,2.4,90.0,46.0,72.0,-2.1,0.92
35,Bishop,Bishop,2024-01-25,25,2.56,0.0,160.0,0.37,15.1,-6.2,4.5,93.0,14.0,43.0,-6.9,1.78
35,Bishop,Bishop,2024-01-26,26,1.74,0.0,118.0,0.36,15.9,-6.8,3.8,78.0,20.0,45.0,-7.1,1.2
35,Bishop,Bishop,2024-01-27,27,2.08,0.0,143.0,0.48,19.5,-2.8,6.4,78.0,25.0,50.0,-3.2,1.05
35,Bishop,Bishop,2024-01-28,28,2.47,0.0,149.0,0.55,22.6,-2.2,9.3,84.0,23.0,47.0,-1.4,1.32
35,Bishop,Bishop,2024-01-29,29,2.94,0.0,160.0,0.54,23.5,-0.9,11.0,79.0,19.0,41.0,-1.7,1.54
35,Bishop,Bishop,2024-01-30,30,2.51,0.0,137.0,0.51,20.3,-3.3,8.7,83.0,23.0,45.0,-2.5,1.63
35,Bishop,Bishop,2024-01-31,31,2.97,0.0,93.0,0.55,18.0,4.3,11.5,63.0,27.0,41.0,-1.4,3.91
35,Bishop,Bishop,2024-02-01,32,1.16,8.8,104.0,0.69,10.7,2.4,5.1,93.0,39.0,79.0,1.8,3.75
35,Bishop,Bishop,2024-02-02,33,1.97,0.0,164.0,0.49,12.4,-4.9,3.5,95.0,29.0,62.0,-3.0,1.2
35,Bishop,Bishop,2024-02-03,34,1.3,0.0,99.0,0.36,9.7,-6.9,1.8,80.0,24.0,52.0,-7.0,1.12
35,Bishop,Bishop,2024-02-04,35,0.1,52.0,18.0,0.63,4.1,0.1,1.9,96.0,63.0,89.0,0.3,4.65
35,Bishop,Bishop,2024-02-05,36,1.26,11.2,104.0,0.75,11.0,2.2,5.4,96.0,61.0,84.0,2.8,2.31
35,Bishop,Bishop,2024-02-06,37,0.87,5.3,88.0,0.68,8.5,0.8,3.6,96.0,62.0,86.0,1.5,1.27
35,Bishop,Bishop,2024-02-07,38,1.7,0.0,158.0,0.55,10.7,-4.5,3.0,95.0,48.0,72.0,-1.5,1.81
35,Bishop,Bishop,2024-02-08,39,2.16,1.0,189.0,0.54,10.7,-1.8,3.4,96.0,37.0,68.0,-1.8,1.73
35,Bishop,Bishop,2024-02-09,40,1.87,0.1,152.0,0.43,9.3,-5.7,2.3,95.0,35.0,59.0,-4.8,1.85
35,Bishop,Bishop,2024-02-10,41,2.29,0.0,189.0,0.31,7.8,-2.5,2.1,61.0,31.0,44.0,-8.8,2.4
35,Bishop,Bishop,2024-02-11,42,2.07,0.0,182.0,0.32,11.5,-8.5,0.7,87.0,18.0,50.0,-8.6,1.03
35,Bishop,Bishop,2024-02-12,43,2.44,0.0,188.0,0.39,16.2,-7.6,3.3,87.0,20.0,51.0,-5.9,1.17
35,Bishop,Bishop,2024-02-13,44,1.83,0.0,146.0,0.44,13.2,-5.7,2.3,86.0,28.0,62.0,-4.3,1.03
35,Bishop,Bishop,2024-02-14,45,2.11,0.0,156.0,0.48,14.1,-4.9,3.7,86.0,37.0,60.0,-3.3,1.5
35,Bishop,Bishop,2024-02-15,46,2.39,0.0,160.0,0.48,16.3,-2.8,7.5,81.0,20.0,46.0,-3.3,1.29
35,Bishop,Bishop,2024-02-16,47,2.09,0.0,148.0,0.47,15.5,-5.2,5.0,85.0,26.0,53.0,-3.7,1.1
35,Bishop,Bishop,2024-02-17,48,1.79,0.0,110.0,0.57,14.9,-1.7,6.9,84.0,37.0,57.0,-1.0,1.5
35,Bishop,Bishop,2024-02-18,49,3.1,0.0,201.0,0.57,16.7,-3.7,7.4,89.0,30.0,55.0,-0.9,2.32
35,Bishop,Bishop,2024-02-19,50,0.98,26.7,79.0,0.83,12.6,-0.7,6.7,95.0,57.0,84.0,4.3,2.25
35,Bishop,Bishop,2024-02-20,51,2.32,0.2,185.0,0.67,13.8,-2.4,5.9,95.0,49.0,73.0,1.4,1.86
35,Bishop,Bishop,2024-02-21,52,2.68,0.0,201.0,0.53,15.2,-1.5,6.0,95.0,23.0,57.0,-1.9,1.24
35,Bishop,Bishop,2024-02-22,53,2.76,0.0,205.0,0.48,15.5,-3.7,4.7,88.0,31.0,56.0,-3.3,1.37
35,Bishop,Bishop,2024-02-23,54,2.15,0.0,160.0,0.51,16.1,-2.7,5.4,84.0,31.0,57.0,-2.5,1.08
35,Bishop,Bishop,2024-02-24,55,2.42,0.0,173.0,0.5,16.8,-2.8,5.8,86.0,24.0,54.0,-2.7,1.16
35,Bishop,Bishop,2024-02-25,56,3.14,0.0,213.0,0.49,17.5,-5.2,6.5,89.0,26.0,50.0,-3.1,1.49
35,Bishop,Bishop,2024-02-26,57,3.38,0.0,191.0,0.46,19.0,-3.3,8.8,85.0,20.0,41.0,-3.7,1.95
35,Bishop,Bishop,2024-02-27,58,3.86,0.0,217.0,0.35,16.9,-2.9,8.8,75.0,14.0,31.0,-7.3,2.35
35,Bishop,Bishop,2024-02-28,59,3.21,0.0,218.0,0.44,17.4,-5.5,5.9,83.0,24.0,47.0,-4.5,1.46
35,Bishop,Bishop,2024-02-29,60,4.55,0.0,225.0,0.43,19.4,-2.4,9.6,84.0,19.0,36.0,-4.7,3.81
35,Bishop,Bishop,2024-03-01,61,4.04,1.0,204.0,0.44,18.6,0.3,9.7,89.0,18.0,36.0,-4.5,3.12
35,Bishop,Bishop,2024-03-02,62,0.86,5.3,63.0,0.6,6.0,2.1,3.9,91.0,50.0,74.0,-0.3,2.7
35,Bishop,Bishop,2024-03-03,63,3.85,0.0,236.0,0.3,14.8,-0.9,7.8,70.0,15.0,28.0,-9.4,2.16
35,Bishop,Bishop,2024-03-04,64,3.1,0.0,195.0,0.35,18.6,-3.9,6.4,68.0,16.0,36.0,-7.6,1.6
35,Bishop,Bishop,2024-03-05,65,2.99,0.0,197.0,0.37,15.9,-5.4,5.7,83.0,21.0,41.0,-6.6,1.4
35,Bishop,Bishop,2024-03-06,66,3.2,0.0,206.0,0.45,16.3,-1.8,7.4,74.0,23.0,43.0,-4.2,1.75
35,Bishop,Bishop,2024-03-07,67,3.05,0.0,197.0,0.47,14.9,-3.4,6.4,88.0,28.0,49.0,-3.4,2.24
35,Bishop,Bishop,2024-03-08,68,3.45,0.0,244.0,0.36,16.8,-3.5,6.4,63.0,14.0,38.0,-7.0,1.79
35,Bishop,Bishop,2024-03-09,69,2.78,0.0,172.0,0.35,15.1,-5.9,4.8,78.0,18.0,40.0,-7.5,1.53
35,Bishop,Bishop,2024-03-10,70,3.32,0.0,213.0,0.45,16.3,-4.2,6.8,78.0,27.0,46.0,-4.1,1.91
35,Bishop,Bishop,2024-03-11,71,3.81,0.0,248.0,0.43,18.6,-3.9,8.5,77.0,18.0,39.0,-4.6,1.53
35,Bishop,Bishop,2024-03-12,72,3.42,0.0,182.0,0.5,19.4,0.5,10.5,77.0,17.0,39.0,-2.9,1.87
35,Bishop,Bishop,2024-03-13,73,4.29,0.0,245.0,0.34,15.3,3.3,8.7,48.0,18.0,30.0,-7.9,3.63
35,Bishop,Bishop,2024-03-14,74,3.27,0.0,224.0,0.3,12.2,-2.8,6.0,46.0,21.0,32.0,-9.3,2.31
35,Bishop,Bishop,2024-03-15,75,2.11,0.0,129.0,0.46,12.0,1.9,6.7,70.0,28.0,47.0,-3.9,1.72
35,Bishop,Bishop,2024-03-16,76,3.08,0.0,192.0,0.54,19.5,-1.0,9.5,80.0,25.0,46.0,-1.6,1.51
35,Bishop,Bishop,2024-03-17,77,4.09,0.0,256.0,0.53,21.0,-0.2,10.9,83.0,20.0,41.0,-2.0,1.43
35,Bishop,Bishop,2024-03-18,78,4.25,0.0,266.0,0.49,21.7,-0.9,10.0,75.0,19.0,40.0,-3.0,1.39
35,Bishop,Bishop,2024-03-19,79,4.49,0.0,263.0,0.47,23.2,-1.1,12.0,73.0,15.0,34.0,-3.5,1.52
35,Bishop,Bishop,2024-03-20,80,4.52,0.0,256.0,0.52,23.9,-0.6,11.8,78.0,17.0,38.0,-2.2,1.67
35,Bishop,Bishop,2024-03-21,81,4.49,0.0,267.0,0.49,23.7,1.8,12.8,71.0,13.0,33.0,-3.0,1.32
35,Bishop,Bishop,2024-03-22,82,4.82,0.0,263.0,0.49,22.9,3.1,12.6,70.0,16.0,34.0,-2.9,2.06
35,Bishop,Bishop,2024-03-23,83,4.07,0.3,244.0,0.44,16.3,2.7,9.7,69.0,18.0,36.0,-4.5,2.7
35,Bishop,Bishop,2024-03-24,84,2.37,0.0,148.0,0.38,13.0,-2.6,4.9,73.0,25.0,44.0,-6.4,1.93
35,Bishop,Bishop,2024-03-25,85,4.43,0.0,284.0,0.32,16.9,-3.5,7.8,73.0,13.0,30.0,-8.5,2.09
35,Bishop,Bishop,2024-03-26,86,4.63,0.0,283.0,0.34,17.5,-2.0,9.5,59.0,15.0,28.0,-8.0,2.08
35,Bishop,Bishop,2024-03-27,87,4.4,0.0,255.0,0.46,19.9,-3.7,9.5,77.0,20.0,38.0,-3.9,2.2
35,Bishop,Bishop,2024-03-28,88,5.62,0.0,320.0,0.43,19.7,3.1,11.5,64.0,10.0,32.0,-4.8,2.71
35,Bishop,Bishop,2024-03-29,89,2.92,0.0,164.0,0.45,13.7,-2.4,7.3,73.0,25.0,44.0,-4.1,2.37
35,Bishop,Bishop,2024-03-30,90,2.39,2.6,206.0,0.64,11.0,0.1,5.3,93.0,45.0,72.0,0.7,3.09
35,Bishop,Bishop,2024-03-31,91,2.55,0.6,204.0,0.57,14.2,-3.3,4.3,94.0,39.0,68.0,-1.0,1.45
35,Bishop,Bishop,2024-04-01,92,4.22,0.1,286.0,0.46,16.8,-3.9,7.8,94.0,22.0,44.0,-3.8,2.17
35,Bishop,Bishop,2024-04-02,93,4.92,0.0,302.0,0.53,23.7,-0.3,12.6,72.0,18.0,36.0,-2.0,1.54
35,Bishop,Bishop,2024-04-03,94,5.34,0.0,303.0,0.6,23.0,-0.8,12.4,84.0,24.0,42.0,-0.2,2.18
35,Bishop,Bishop,2024-04-04,95,5.1,0.0,277.0,0.4,18.6,-2.9,9.4,54.0,18.0,34.0,-5.8,3.48
35,Bishop,Bishop,2024-04-05,96,2.9,0.0,203.0,0.25,10.2,-5.2,3.1,59.0,20.0,33.0,-11.5,2.01
35,Bishop,Bishop,2024-04-06,97,4.21,0.0,317.0,0.27,14.3,-7.6,4.8,60.0,15.0,32.0,-10.5,1.5
35,Bishop,Bishop,2024-04-07,98,4.45,0.0,304.0,0.36,16.3,-4.1,7.0,69.0,18.0,36.0,-6.9,1.97
35,Bishop,Bishop,2024-04-08,99,4.51,0.0,298.0,0.33,16.5,-3.9,7.9,73.0,14.0,31.0,-8.2,2.0
35,Bishop,Bishop,2024-04-09,100,5.14,0.0,316.0,0.39,24.5,-2.6,11.5,62.0,14.0,28.0,-6.1,1.53
35,Bishop,Bishop,2024-04-10,101,5.5,0.0,313.0,0.51,26.3,-0.2,14.4,75.0,13.0,31.0,-2.5,1.48
35,Bishop,Bishop,2024-04-11,102,5.78,0.0,313.0,0.59,27.0,2.1,15.4,75.0,17.0,33.0,-0.6,1.62
35,Bishop,Bishop,2024-04-12,103,6.04,0.0,294.0,0.56,25.6,2.2,15.1,75.0,17.0,33.0,-1.2,2.58
35,Bishop,Bishop,2024-04-13,104,6.2,0.0,303.0,0.46,20.2,4.2,12.6,58.0,17.0,31.0,-3.9,4.99
35,Bishop,Bishop,2024-04-14,105,4.18,0.0,302.0,0.5,15.0,-3.0,7.4,87.0,27.0,49.0,-2.7,2.1
35,Bishop,Bishop,2024-04-15,106,5.18,0.0,322.0,0.52,21.7,5.5,12.8,64.0,16.0,35.0,-2.2,2.14
35,Bishop,Bishop,2024-04-16,107,5.45,0.0,325.0,0.6,25.2,0.8,13.8,77.0,19.0,38.0,-0.2,1.42
35,Bishop,Bishop,2024-04-17,108,5.6,0.0,303.0,0.54,27.9,2.4,16.7,74.0,12.0,29.0,-1.6,1.48
35,Bishop,Bishop,2024-04-18,109,5.97,0.0,319.0,0.58,26.7,1.5,15.7,80.0,15.0,33.0,-0.7,1.72
35,Bishop,Bishop,2024-04-19,110,5.69,0.0,317.0,0.6,27.0,4.3,16.9,75.0,15.0,31.0,-0.2,1.3
35,Bishop,Bishop,2024-04-20,111,5.2,0.0,293.0,0.68,28.9,3.4,16.9,79.0,17.0,35.0,1.5,1.24
35,Bishop,Bishop,2024-04-21,112,6.05,0.0,332.0,0.72,29.8,4.7,17.8,78.0,15.0,35.0,2.3,1.36
35,Bishop,Bishop,2024-04-22,113,5.74,0.0,306.0,0.79,28.7,5.1,18.1,78.0,21.0,38.0,3.5,1.4
35,Bishop,Bishop,2024-04-23,114,6.08,0.0,334.0,0.76,26.8,5.5,17.2,79.0,20.0,39.0,3.1,1.61
35,Bishop,Bishop,2024-04-24,115,3.38,0.0,190.0,0.78,22.8,7.6,14.6,75.0,30.0,47.0,3.4,1.36
35,Bishop,Bishop,2024-04-25,116,5.59,0.0,323.0,0.62,24.6,3.4,14.8,83.0,20.0,37.0,0.2,1.71
35,Bishop,Bishop,2024-04-26,117,5.35,0.0,309.0,0.54,19.1,6.3,12.7,56.0,18.0,36.0,-1.8,2.99
35,Bishop,Bishop,2024-04-27,118,5.61,0.0,343.0,0.52,22.9,5.1,13.9,61.0,17.0,33.0,-2.2,1.8
35,Bishop,Bishop,2024-04-28,119,5.52,0.0,343.0,0.66,23.8,0.3,14.1,79.0,24.0,41.0,1.1,1.35
35,Bishop,Bishop,2024-04-29,120,6.02,0.0,347.0,0.58,26.1,4.9,16.4,76.0,14.0,31.0,-0.7,1.41
35,Bishop,Bishop,2024-04-30,121,6.41,0.0,355.0,0.49,27.7,-0.2,15.9,79.0,13.0,27.0,-3.1,1.62
35,Bishop,Bishop,2024-05-01,122,6.29,0.0,353.0,0.38,23.8,6.3,15.4,38.0,13.0,22.0,-6.3,1.98
35,Bishop,Bishop,2024-05-02,123,6.06,0.0,352.0,0.53,25.2,-0.8,15.0,72.0,18.0,31.0,-2.0,1.5
35,Bishop,Bishop,2024-05-03,124,5.7,0.0,332.0,0.7,26.5,2.2,15.1,81.0,21.0,41.0,1.8,1.42
35,Bishop,Bishop,2024-05-04,125,4.56,0.0,243.0,0.67,22.7,3.7,12.5,79.0,23.0,46.0,1.2,2.26
35,Bishop,Bishop,2024-05-05,126,5.06,0.0,332.0,0.33,15.3,2.5,9.1,47.0,17.0,28.0,-8.2,2.73
35,Bishop,Bishop,2024-05-06,127,5.81,0.0,359.0,0.47,23.1,-2.3,12.3,77.0,16.0,33.0,-3.6,1.58
35,Bishop,Bishop,2024-05-07,128,6.87,0.0,361.0,0.41,25.4,0.3,14.8,70.0,13.0,25.0,-5.3,2.48
35,Bishop,Bishop,2024-05-08,129,6.09,0.0,363.0,0.35,19.2,3.7,12.1,41.0,15.0,25.0,-7.6,2.95
35,Bishop,Bishop,2024-05-09,130,5.52,0.0,359.0,0.52,22.3,-0.5,12.0,69.0,22.0,37.0,-2.3,1.33
35,Bishop,Bishop,2024-05-10,131,5.97,0.0,343.0,0.6,24.0,3.9,15.6,76.0,16.0,34.0,-0.3,1.67
35,Bishop,Bishop,2024-05-11,132,6.21,0.0,359.0,0.59,27.5,2.1,16.7,76.0,15.0,31.0,-0.6,1.32
35,Bishop,Bishop,2024-05-12,133,6.33,0.0,363.0,0.67,29.9,3.5,17.7,73.0,14.0,33.0,1.3,1.15
35,Bishop,Bishop,2024-05-13,134,6.42,0.0,334.0,0.85,29.9,6.6,19.1,82.0,20.0,38.0,4.6,1.48
35,Bishop,Bishop,2024-05-14,135,5.46,0.0,376.0,0.85,29.4,13.0,23.3,71.0,19.0,30.0,4.6,1.34
35,Bishop,Bishop,2024-05-15,136,6.95,0.0,352.0,0.68,29.9,7.2,20.0,73.0,12.0,29.0,1.5,1.65
35,Bishop,Bishop,2024-05-16,137,6.54,0.0,357.0,0.78,32.4,5.5,20.3,65.0,14.0,33.0,3.4,1.26
35,Bishop,Bishop,2024-05-17,138,6.58,0.0,338.0,0.98,32.8,8.7,22.3,77.0,18.0,36.0,6.6,1.39
35,Bishop,Bishop,2024-05-18,139,3.93,0.0,182.0,0.92,29.3,8.7,19.3,71.0,23.0,41.0,5.8,1.62
35,Bishop,Bishop,2024-05-19,140,7.39,0.0,360.0,0.7,28.6,4.9,19.1,86.0,15.0,32.0,1.8,2.37
35,Bishop,Bishop,2024-05-20,141,6.79,0.0,335.0,0.52,26.9,6.5,17.8,48.0,18.0,26.0,-2.1,2.5
35,Bishop,Bishop,2024-05-21,142,5.87,0.0,360.0,0.49,25.6,4.1,15.2,59.0,16.0,28.0,-3.0,1.29
35,Bishop,Bishop,2024-05-22,143,6.34,0.0,354.0,0.66,29.0,2.4,17.2,83.0,20.0,34.0,1.1,1.39
35,Bishop,Bishop,2024-05-23,144,6.14,0.0,336.0,0.6,27.2,4.3,17.6,64.0,20.0,30.0,-0.2,1.62
35,Bishop,Bishop,2024-05-24,145,4.15,0.0,228.0,0.76,26.2,4.0,14.4,78.0,25.0,46.0,3.0,1.34
35,Bishop,Bishop,2024-05-25,146,6.13,0.0,360.0,0.72,27.0,3.2,17.1,77.0,21.0,37.0,2.3,1.23
35,Bishop,Bishop,2024-05-26,147,6.42,0.0,359.0,0.78,29.3,4.0,18.5,78.0,21.0,37.0,3.4,1.3
35,Bishop,Bishop,2024-05-27,148,6.73,0.0,347.0,0.78,29.8,6.1,20.0,72.0,19.0,33.0,3.4,1.51
35,Bishop,Bishop,2024-05-28,149,6.55,0.0,351.0,0.88,31.1,8.1,20.4,74.0,19.0,37.0,5.1,1.28
35,Bishop,Bishop,2024-05-29,150,6.78,0.0,365.0,0.85,31.6,5.7,21.0,78.0,17.0,34.0,4.6,1.31
35,Bishop,Bishop,2024-05-30,151,6.81,0.0,359.0,0.77,32.0,5.7,21.5,73.0,15.0,30.0,3.2,1.48
35,Bishop,Bishop,2024-05-31,152,6.95,0.0,363.0,0.76,32.6,5.7,21.4,73.0,17.0,30.0,3.1,1.42
35,Bishop,Bishop,2024-06-01,153,6.79,0.0,365.0,0.83,33.0,9.6,21.7,63.0,13.0,32.0,4.2,1.2
35,Bishop,Bishop,2024-06-02,154,6.35,0.0,341.0,0.98,32.7,8.3,22.0,75.0,20.0,37.0,6.6,1.14
35,Bishop,Bishop,2024-06-03,155,4.47,0.0,218.0,1.1,29.1,9.8,21.4,79.0,24.0,43.0,8.4,1.28
35,Bishop,Bishop,2024-06-04,156,6.65,0.0,355.0,1.19,33.3,13.0,22.5,68.0,25.0,44.0,9.5,1.39
35,Bishop,Bishop,2024-06-05,157,6.72,0.0,360.0,1.35,36.9,10.3,24.0,78.0,19.0,45.0,11.4,0.9
35,Bishop,Bishop,2024-06-06,158,6.07,0.0,302.0,1.39,36.4,12.7,25.7,78.0,22.0,42.0,11.8,1.01
35,Bishop,Bishop,2024-06-07,159,6.75,0.0,331.0,1.28,36.7,15.7,26.2,70.0,23.0,38.0,10.6,1.15
35,Bishop,Bishop,2024-06-08,160,5.84,0.0,273.0,1.14,34.2,12.7,24.5,69.0,25.0,37.0,8.9,1.31
35,Bishop,Bishop,2024-06-09,161,7.42,0.0,361.0,1.12,32.4,11.6,23.7,77.0,23.0,38.0,8.6,1.63
35,Bishop,Bishop,2024-06-10,162,6.53,0.0,348.0,1.11,34.2,11.8,24.0,71.0,18.0,37.0,8.5,0.97
35,Bishop,Bishop,2024-06-11,163,6.64,0.0,346.0,1.22,36.3,10.4,24.5,80.0,20.0,40.0,9.9,0.97
35,Bishop,Bishop,2024-06-12,164,7.47,0.0,356.0,1.02,34.4,10.9,24.6,82.0,15.0,33.0,7.3,1.44
35,Bishop,Bishop,2024-06-13,165,7.09,0.0,351.0,1.07,33.4,10.0,23.5,80.0,20.0,37.0,8.0,1.36
35,Bishop,Bishop,2024-06-14,166,7.45,0.0,362.0,0.96,35.0,9.9,23.9,79.0,13.0,32.0,6.4,1.36
35,Bishop,Bishop,2024-06-15,167,6.86,0.0,366.0,0.95,34.6,8.7,23.6,60.0,19.0,32.0,6.2,0.98
35,Bishop,Bishop,2024-06-16,168,7.15,0.0,357.0,0.82,33.6,8.7,23.8,66.0,17.0,28.0,4.1,1.36
35,Bishop,Bishop,2024-06-17,169,8.21,0.0,363.0,0.5,29.2,9.4,20.7,56.0,9.0,21.0,-2.6,2.87
35,Bishop,Bishop,2024-06-18,170,5.69,0.0,336.0,0.52,26.5,1.1,16.1,64.0,17.0,29.0,-2.1,1.02
35,Bishop,Bishop,2024-06-19,171,6.02,0.0,340.0,0.76,30.8,3.9,18.2,75.0,18.0,37.0,3.1,0.94
35,Bishop,Bishop,2024-06-20,172,6.67,0.0,358.0,0.87,31.0,5.7,20.7,76.0,20.0,36.0,4.9,1.16
35,Bishop,Bishop,2024-06-21,173,6.59,0.0,361.0,1.07,35.1,8.9,22.3,72.0,17.0,40.0,8.0,0.84
35,Bishop,Bishop,2024-06-22,174,7.4,0.0,363.0,0.91,34.9,9.0,23.9,69.0,16.0,31.0,5.6,1.31
35,Bishop,Bishop,2024-06-23,175,7.79,0.0,361.0,1.03,36.6,11.4,26.1,71.0,17.0,31.0,7.4,1.58
35,Bishop,Bishop,2024-06-24,176,5.22,1.4,256.0,1.47,36.7,13.3,23.9,82.0,23.0,50.0,12.7,1.1
35,Bishop,Bishop,2024-06-25,177,5.41,0.0,252.0,1.51,35.2,14.8,24.8,80.0,27.0,48.0,13.2,1.28
35,Bishop,Bishop,2024-06-26,178,6.64,0.0,322.0,1.5,35.9,14.7,26.3,83.0,24.0,44.0,13.0,1.15
35,Bishop,Bishop,2024-06-27,179,7.07,0.0,355.0,1.13,35.8,13.2,25.7,70.0,20.0,34.0,8.8,1.12
35,Bishop,Bishop,2024-06-28,180,6.83,0.0,354.0,1.05,34.4,8.5,23.5,77.0,23.0,36.0,7.7,1.14
35,Bishop,Bishop,2024-06-29,181,7.13,0.0,356.0,1.02,33.5,9.9,23.3,78.0,18.0,36.0,7.3,1.33
35,Bishop,Bishop,2024-06-30,182,6.69,0.0,356.0,1.1,34.5,8.9,23.4,77.0,21.0,38.0,8.3,0.97
35,Bishop,Bishop,2024-07-01,183,6.59,0.0,351.0,1.26,35.9,12.5,24.6,69.0,25.0,41.0,10.4,0.93
35,Bishop,Bishop,2024-07-02,184,6.49,0.0,354.0,1.31,36.4,11.0,23.5,73.0,22.0,45.0,11.0,0.81
35,Bishop,Bishop,2024-07-03,185,6.96,0.0,355.0,1.25,37.6,10.8,26.1,71.0,15.0,37.0,10.2,0.98
35,Bishop,Bishop,2024-07-04,186,6.63,0.0,349.0,1.43,37.9,12.6,26.1,73.0,24.0,42.0,12.3,0.72
35,Bishop,Bishop,2024-07-05,187,6.9,0.0,358.0,1.42,38.0,10.8,25.2,74.0,23.0,44.0,12.1,0.92
35,Bishop,Bishop,2024-07-06,188,7.03,0.0,361.0,1.38,38.2,11.1,26.4,72.0,21.0,40.0,11.7,0.9
35,Bishop,Bishop,2024-07-07,189,6.9,0.0,334.0,1.45,40.0,14.6,28.1,66.0,18.0,38.0,12.5,1.04
35,Bishop,Bishop,2024-07-08,190,7.3,0.0,356.0,1.38,39.4,14.9,27.9,68.0,13.0,37.0,11.7,1.02
35,Bishop,Bishop,2024-07-09,191,7.09,0.0,351.0,1.18,38.9,11.2,26.3,75.0,15.0,34.0,9.3,0.96
35,Bishop,Bishop,2024-07-10,192,7.48,0.0,356.0,1.05,38.7,11.2,26.6,75.0,11.0,30.0,7.7,1.23
35,Bishop,Bishop,2024-07-11,193,6.66,0.0,337.0,1.34,39.7,10.3,26.3,68.0,18.0,39.0,11.3,0.83
35,Bishop,Bishop,2024-07-12,194,5.99,0.0,284.0,1.42,38.6,15.0,27.2,66.0,20.0,39.0,12.2,1.05
35,Bishop,Bishop,2024-07-13,195,5.15,1.3,224.0,1.45,35.6,16.2,24.8,82.0,26.0,46.0,12.5,1.54
35,Bishop,Bishop,2024-07-14,196,4.81,0.1,253.0,1.54,31.8,13.3,23.1,92.0,34.0,54.0,13.4,0.96
35,Bishop,Bishop,2024-07-15,197,4.15,0.0,209.0,1.47,33.0,12.9,22.4,84.0,33.0,54.0,12.7,0.89
35,Bishop,Bishop,2024-07-16,198,6.52,0.0,337.0,1.4,35.9,12.6,25.0,83.0,25.0,44.0,11.9,0.93
35,Bishop,Bishop,2024-07-17,199,6.26,0.0,319.0,1.25,35.5,11.0,24.6,78.0,23.0,40.0,10.3,0.97
35,Bishop,Bishop,2024-07-18,200,4.31,0.0,205.0,1.4,34.3,15.7,24.2,63.0,31.0,47.0,12.0,1.1
35,Bishop,Bishop,2024-07-19,201,6.71,0.0,331.0,1.49,36.5,14.4,25.9,80.0,26.0,45.0,12.9,1.11
35,Bishop,Bishop,2024-07-20,202,6.2,0.0,291.0,1.44,37.1,14.2,25.7,82.0,26.0,44.0,12.4,1.11
35,Bishop,Bishop,2024-07-21,203,5.58,0.0,267.0,1.48,36.2,13.6,25.5,81.0,23.0,45.0,12.8,1.09
35,Bishop,Bishop,2024-07-22,204,5.58,0.0,280.0,1.62,36.2,14.2,25.2,82.0,32.0,51.0,14.2,1.02
35,Bishop,Bishop,2024-07-23,205,5.73,0.0,274.0,1.57,36.4,14.7,25.7,82.0,27.0,47.0,13.7,1.11
35,Bishop,Bishop,2024-07-24,206,3.94,0.0,195.0,1.65,35.2,14.0,23.8,83.0,32.0,56.0,14.5,1.03
35,Bishop,Bishop,2024-07-25,207,6.16,0.0,304.0,1.55,35.8,13.7,25.8,86.0,27.0,47.0,13.5,1.03
35,Bishop,Bishop,2024-07-26,208,6.51,0.0,300.0,1.24,35.6,13.5,25.3,81.0,14.0,38.0,10.1,1.47
35,Bishop,Bishop,2024-07-27,209,6.84,0.0,348.0,0.9,33.7,7.9,22.6,78.0,15.0,33.0,5.4,1.21
35,Bishop,Bishop,2024-07-28,210,6.38,0.0,343.0,0.92,32.1,6.7,20.9,79.0,20.0,37.0,5.8,1.05
35,Bishop,Bishop,2024-07-29,211,5.96,0.0,335.0,1.06,33.9,8.1,20.6,84.0,21.0,44.0,7.8,0.79
35,Bishop,Bishop,2024-07-30,212,6.16,0.0,334.0,0.94,34.9,9.7,22.9,70.0,18.0,34.0,6.0,0.85
35,Bishop,Bishop,2024-07-31,213,6.65,0.0,333.0,0.87,34.3,7.9,23.7,81.0,15.0,30.0,5.0,1.2
35,Bishop,Bishop,2024-08-01,214,6.83,0.0,326.0,1.02,36.1,9.5,24.8,61.0,20.0,33.0,7.2,1.3
35,Bishop,Bishop,2024-08-02,215,3.4,0.0,159.0,1.57,33.1,16.7,23.5,79.0,36.0,54.0,13.8,1.08
35,Bishop,Bishop,2024-08-03,216,5.14,0.0,257.0,1.58,35.1,14.2,24.4,85.0,28.0,52.0,13.8,1.0
35,Bishop,Bishop,2024-08-04,217,6.3,0.0,323.0,1.38,37.1,12.6,25.0,86.0,22.0,43.0,11.7,0.99
35,Bishop,Bishop,2024-08-05,218,5.73,0.0,299.0,1.46,38.4,12.7,24.1,82.0,19.0,49.0,12.7,0.79
35,Bishop,Bishop,2024-08-06,219,6.31,0.0,324.0,1.46,38.8,12.3,26.1,81.0,19.0,43.0,12.6,0.88
35,Bishop,Bishop,2024-08-07,220,6.15,0.0,308.0,1.47,39.3,14.2,26.5,72.0,19.0,43.0,12.7,1.01
35,Bishop,Bishop,2024-08-08,221,4.94,0.0,235.0,1.43,37.5,14.5,25.2,80.0,22.0,45.0,12.3,1.16
35,Bishop,Bishop,2024-08-09,222,5.73,0.0,293.0,1.43,36.8,12.7,24.5,81.0,25.0,47.0,12.3,0.86
35,Bishop,Bishop,2024-08-10,223,6.27,0.0,323.0,1.34,37.5,12.2,25.1,77.0,20.0,42.0,11.3,0.91
35,Bishop,Bishop,2024-08-11,224,6.67,0.0,323.0,1.18,36.7,14.1,27.0,72.0,18.0,33.0,9.5,1.19
35,Bishop,Bishop,2024-08-12,225,6.04,0.0,279.0,1.18,34.9,16.6,26.6,57.0,22.0,34.0,9.4,1.35
35,Bishop,Bishop,2024-08-13,226,6.02,0.0,327.0,1.02,34.1,9.5,23.0,78.0,19.0,36.0,7.2,0.88
35,Bishop,Bishop,2024-08-14,227,6.2,0.0,324.0,0.94,34.0,7.7,22.7,82.0,20.0,34.0,6.1,1.03
35,Bishop,Bishop,2024-08-15,228,5.88,0.0,323.0,1.07,34.7,8.6,21.9,75.0,21.0,41.0,8.0,0.88
35,Bishop,Bishop,2024-08-16,229,6.7,0.0,322.0,0.87,33.4,8.0,23.0,78.0,16.0,31.0,4.9,1.41
35,Bishop,Bishop,2024-08-17,230,6.87,0.0,318.0,0.78,33.3,7.4,22.2,62.0,11.0,29.0,3.3,1.71
35,Bishop,Bishop,2024-08-18,231,6.81,0.0,323.0,0.73,32.2,7.2,21.9,69.0,13.0,28.0,2.4,1.71
35,Bishop,Bishop,2024-08-19,232,6.53,0.0,322.0,0.71,33.8,7.9,21.7,61.0,11.0,27.0,2.1,1.38
35,Bishop,Bishop,2024-08-20,233,6.12,0.0,322.0,0.76,34.3,4.7,20.1,79.0,12.0,32.0,2.9,1.12
35,Bishop,Bishop,2024-08-21,234,5.8,0.0,320.0,0.81,32.6,4.6,19.5,79.0,15.0,36.0,3.9,0.94
35,Bishop,Bishop,2024-08-22,235,6.32,0.0,311.0,0.76,30.4,6.9,19.9,74.0,16.0,33.0,3.1,1.58
35,Bishop,Bishop,2024-08-23,236,5.8,0.0,299.0,0.65,29.9,4.8,18.1,75.0,15.0,31.0,0.9,1.4
35,Bishop,Bishop,2024-08-24,237,6.37,0.0,320.0,0.71,28.2,8.7,19.1,58.0,19.0,32.0,2.1,2.06
35,Bishop,Bishop,2024-08-25,238,5.01,0.0,308.0,0.78,27.2,7.4,16.2,69.0,20.0,43.0,3.4,1.18
35,Bishop,Bishop,2024-08-26,239,5.35,0.0,307.0,0.78,30.3,3.2,17.6,85.0,20.0,39.0,3.4,0.95
35,Bishop,Bishop,2024-08-27,240,5.83,0.0,307.0,0.77,32.2,5.8,19.9,76.0,16.0,33.0,3.1,1.14
35,Bishop,Bishop,2024-08-28,241,5.84,0.0,304.0,0.79,33.4,5.4,21.1,79.0,16.0,32.0,3.6,1.03
35,Bishop,Bishop,2024-08-29,242,5.75,0.0,301.0,0.84,34.2,8.4,21.7,66.0,16.0,32.0,4.4,0.99
35,Bishop,Bishop,2024-08-30,243,5.72,0.0,297.0,0.92,33.7,9.3,22.2,66.0,18.0,34.0,5.7,1.0
35,Bishop,Bishop,2024-08-31,244,5.55,0.0,283.0,1.05,33.9,9.5,21.8,73.0,20.0,40.0,7.7,1.11
35,Bishop,Bishop,2024-09-01,245,5.52,0.0,285.0,1.08,34.5,10.4,22.5,75.0,22.0,40.0,8.2,1.02
35,Bishop,Bishop,2024-09-02,246,5.63,0.0,254.0,1.05,33.3,8.9,21.8,82.0,19.0,40.0,7.7,1.53
35,Bishop,Bishop,2024-09-03,247,5.32,0.0,287.0,1.15,34.6,8.2,21.6,81.0,21.0,44.0,9.0,0.92
35,Bishop,Bishop,2024-09-04,248,5.2,0.0,284.0,1.15,35.1,9.1,21.0,80.0,20.0,46.0,9.0,0.84
35,Bishop,Bishop,2024-09-05,249,5.17,0.0,281.0,1.19,35.8,8.3,21.3,79.0,18.0,47.0,9.5,0.84
35,Bishop,Bishop,2024-09-06,250,4.25,0.0,183.0,1.11,34.5,10.0,22.7,79.0,19.0,40.0,8.5,1.31
35,Bishop,Bishop,2024-09-07,251,4.37,0.0,198.0,1.13,34.5,9.9,22.6,77.0,19.0,41.0,8.8,1.26
35,Bishop,Bishop,2024-09-08,252,5.34,0.0,249.0,1.02,35.4,8.8,21.8,76.0,19.0,39.0,7.3,1.37
35,Bishop,Bishop,2024-09-09,253,5.27,0.0,272.0,0.95,34.1,7.8,20.9,79.0,16.0,38.0,6.2,1.02
35,Bishop,Bishop,2024-09-10,254,5.15,0.0,276.0,0.81,33.2,6.4,20.2,75.0,15.0,34.0,3.9,0.93
35,Bishop,Bishop,2024-09-11,255,5.31,0.0,278.0,0.59,33.3,2.6,19.0,77.0,13.0,27.0,-0.5,1.12
35,Bishop,Bishop,2024-09-12,256,4.78,0.0,274.0,0.72,28.8,2.9,16.3,70.0,18.0,39.0,2.2,1.21
35,Bishop,Bishop,2024-09-13,257,4.8,0.0,265.0,0.75,29.4,2.9,16.9,86.0,19.0,39.0,2.9,0.99
35,Bishop,Bishop,2024-09-14,258,5.2,0.0,255.0,0.75,30.1,4.5,19.0,81.0,18.0,34.0,2.8,1.36
35,Bishop,Bishop,2024-09-15,259,5.2,0.0,244.0,0.74,30.2,5.0,19.1,75.0,18.0,33.0,2.7,1.65
35,Bishop,Bishop,2024-09-16,260,2.58,0.0,136.0,0.71,21.7,2.4,12.8,87.0,26.0,48.0,2.1,1.47
35,Bishop,Bishop,2024-09-17,261,4.09,0.0,248.0,0.69,25.2,-0.3,13.7,93.0,27.0,44.0,1.6,1.11
35,Bishop,Bishop,2024-09-18,262,3.38,0.1,170.0,0.86,24.4,5.9,15.4,80.0,27.0,49.0,4.8,1.38
35,Bishop,Bishop,2024-09-19,263,3.61,0.0,205.0,0.93,24.9,6.1,15.2,94.0,28.0,54.0,6.0,1.24
35,Bishop,Bishop,2024-09-20,264,4.17,0.0,243.0,0.84,28.6,4.7,15.7,87.0,21.0,47.0,4.4,1.05
35,Bishop,Bishop,2024-09-21,265,4.29,0.0,242.0,0.91,30.6,5.4,16.7,76.0,22.0,48.0,5.7,0.95
35,Bishop,Bishop,2024-09-22,266,4.16,0.0,239.0,0.97,31.1,6.4,17.2,78.0,20.0,49.0,6.5,0.85
35,Bishop,Bishop,2024-09-23,267,4.13,0.0,233.0,0.92,31.7,5.4,16.6,79.0,17.0,49.0,5.8,0.99
35,Bishop,Bishop,2024-09-24,268,4.66,0.0,242.0,0.72,32.0,4.1,17.8,80.0,14.0,35.0,2.3,1.09
35,Bishop,Bishop,2024-09-25,269,4.87,0.0,239.0,0.74,32.1,4.2,19.0,81.0,15.0,34.0,2.6,1.27
35,Bishop,Bishop,2024-09-26,270,4.49,0.0,239.0,0.77,32.3,4.9,17.6,76.0,14.0,38.0,3.1,0.95
35,Bishop,Bishop,2024-09-27,271,4.47,0.0,238.0,0.72,33.4,5.0,17.4,68.0,14.0,36.0,2.3,1.01
35,Bishop,Bishop,2024-09-28,272,4.72,0.0,235.0,0.66,33.5,3.4,18.7,79.0,11.0,31.0,1.1,1.07
35,Bishop,Bishop,2024-09-29,273,4.26,0.0,237.0,0.76,33.7,3.3,17.2,81.0,11.0,39.0,3.0,0.91
35,Bishop,Bishop,2024-09-30,274,4.27,0.0,229.0,0.7,33.0,2.3,16.7,79.0,12.0,37.0,1.9,1.02
35,Bishop,Bishop,2024-10-01,275,4.14,0.0,226.0,0.88,34.7,4.8,17.9,79.0,13.0,43.0,5.1,0.96
35,Bishop,Bishop,2024-10-02,276,4.14,0.0,223.0,0.93,35.7,6.2,19.1,79.0,15.0,42.0,5.9,0.9
35,Bishop,Bishop,2024-10-03,277,4.08,0.0,216.0,0.89,34.9,6.3,19.4,79.0,14.0,40.0,5.4,0.86
35,Bishop,Bishop,2024-10-04,278,3.24,0.0,150.0,0.93,32.0,7.0,18.1,76.0,19.0,45.0,6.0,1.1
35,Bishop,Bishop,2024-10-05,279,3.28,0.0,166.0,0.87,33.1,5.4,18.2,82.0,17.0,42.0,5.0,0.85
35,Bishop,Bishop,2024-10-06,280,3.12,0.0,148.0,0.95,32.9,7.2,18.9,81.0,18.0,43.0,6.2,1.01
35,Bishop,Bishop,2024-10-07,281,2.53,0.0,125.0,0.92,31.8,6.8,17.8,81.0,23.0,45.0,5.8,0.87
35,Bishop,Bishop,2024-10-08,282,2.8,0.0,140.0,0.91,28.2,8.4,17.0,71.0,25.0,47.0,5.7,1.12
35,Bishop,Bishop,2024-10-09,283,3.81,0.0,207.0,0.79,32.0,5.0,17.4,85.0,16.0,40.0,3.6,0.96
35,Bishop,Bishop,2024-10-10,284,3.35,0.0,170.0,0.67,30.0,4.9,16.5,85.0,11.0,36.0,1.3,0.96
35,Bishop,Bishop,2024-10-11,285,3.48,0.0,190.0,0.65,28.6,3.2,15.3,79.0,16.0,38.0,0.9,0.93
35,Bishop,Bishop,2024-10-12,286,3.69,0.0,207.0,0.61,29.7,1.4,15.0,85.0,13.0,36.0,0.0,0.93
35,Bishop,Bishop,2024-10-13,287,3.45,0.0,203.0,0.6,29.7,1.2,14.8,80.0,14.0,35.0,-0.4,0.78
35,Bishop,Bishop,2024-10-14,288,3.35,0.0,201.0,0.71,29.7,1.7,13.6,83.0,14.0,46.0,2.1,0.75
35,Bishop,Bishop,2024-10-15,289,3.59,0.0,200.0,0.6,30.5,2.0,14.6,81.0,12.0,36.0,-0.2,0.93
35,Bishop,Bishop,2024-10-16,290,3.26,0.0,167.0,0.7,27.9,1.6,14.2,80.0,17.0,43.0,1.9,1.52
35,Bishop,Bishop,2024-10-17,291,3.49,0.0,183.0,0.57,24.4,0.5,11.7,93.0,15.0,42.0,-0.9,2.11
35,Bishop,Bishop,2024-10-18,292,3.7,0.0,200.0,0.3,15.7,2.0,8.7,49.0,12.0,27.0,-9.3,2.92
35,Bishop,Bishop,2024-10-19,293,3.28,0.0,198.0,0.34,22.7,-2.6,9.7,58.0,12.0,28.0,-7.9,1.26
35,Bishop,Bishop,2024-10-20,294,3.37,0.0,193.0,0.42,24.1,-2.3,10.5,69.0,14.0,33.0,-5.1,1.11
35,Bishop,Bishop,2024-10-21,295,3.11,0.0,190.0,0.49,24.4,-1.4,10.4,76.0,16.0,39.0,-2.9,0.88
35,Bishop,Bishop,2024-10-22,296,3.16,0.0,187.0,0.53,26.2,-1.2,10.9,82.0,16.0,41.0,-1.8,0.98
35,Bishop,Bishop,2024-10-23,297,3.27,0.0,187.0,0.55,27.2,0.0,12.2,79.0,15.0,39.0,-1.4,1.1
35,Bishop,Bishop,2024-10-24,298,2.16,0.0,127.0,0.57,25.0,-0.1,9.8,80.0,16.0,47.0,-1.0,0.91
35,Bishop,Bishop,2024-10-25,299,3.03,0.0,182.0,0.53,26.6,-2.4,10.3,87.0,15.0,42.0,-1.9,0.95
35,Bishop,Bishop,2024-10-26,300,2.7,0.0,164.0,0.54,26.5,-0.5,11.1,83.0,15.0,41.0,-1.6,0.85
35,Bishop,Bishop,2024-10-27,301,2.37,0.0,127.0,0.52,25.9,1.1,12.7,77.0,15.0,36.0,-2.1,1.05
35,Bishop,Bishop,2024-10-28,302,4.1,0.0,170.0,0.41,22.6,6.0,14.5,53.0,17.0,25.0,-5.3,3.08
35,Bishop,Bishop,2024-10-29,303,2.33,0.0,156.0,0.48,13.1,-3.9,6.5,79.0,30.0,49.0,-3.3,1.94
35,Bishop,Bishop,2024-10-30,304,2.2,0.0,164.0,0.38,15.1,-6.6,3.4,85.0,23.0,49.0,-6.2,1.1
35,Bishop,Bishop,2024-10-31,305,2.26,0.0,159.0,0.41,17.3,-3.7,4.9,77.0,21.0,47.0,-5.3,1.04
35,Bishop,Bishop,2024-11-01,306,2.5,0.0,163.0,0.43,18.3,-3.8,7.1,83.0,21.0,43.0,-4.8,1.12
35,Bishop,Bishop,2024-11-02,307,2.54,0.0,169.0,0.46,19.7,1.1,9.8,66.0,17.0,38.0,-3.7,1.06
35,Bishop,Bishop,2024-11-03,308,2.77,0.0,154.0,0.44,15.1,3.0,8.9,53.0,22.0,38.0,-4.5,2.32
35,Bishop,Bishop,2024-11-04,309,2.91,0.0,166.0,0.39,20.6,1.1,10.3,52.0,15.0,31.0,-6.1,1.84
35,Bishop,Bishop,2024-11-05,310,2.79,0.0,129.0,0.42,18.8,-2.9,8.7,80.0,22.0,38.0,-4.9,2.2
35,Bishop,Bishop,2024-11-06,311,2.21,0.0,161.0,0.31,12.1,-4.8,4.1,60.0,20.0,38.0,-9.0,1.76
35,Bishop,Bishop,2024-11-07,312,2.46,0.0,164.0,0.25,19.4,-6.1,5.0,60.0,8.0,28.0,-11.7,1.13
35,Bishop,Bishop,2024-11-08,313,2.69,0.0,161.0,0.36,23.4,-3.3,8.1,66.0,15.0,33.0,-7.1,1.1
35,Bishop,Bishop,2024-11-09,314,2.36,0.0,154.0,0.35,19.6,-5.6,6.2,76.0,15.0,37.0,-7.4,0.96
35,Bishop,Bishop,2024-11-10,315,1.77,0.0,117.0,0.37,17.8,-3.5,5.3,69.0,16.0,41.0,-6.8,0.84
35,Bishop,Bishop,2024-11-11,316,2.2,0.0,121.0,0.36,21.7,-5.6,5.9,75.0,15.0,39.0,-7.0,1.59
35,Bishop,Bishop,2024-11-12,317,2.22,0.0,155.0,0.29,15.4,-5.1,4.1,64.0,16.0,35.0,-9.8,1.31
35,Bishop,Bishop,2024-11-13,318,1.86,0.0,140.0,0.29,14.8,-7.5,1.5,75.0,17.0,42.0,-10.0,1.0
35,Bishop,Bishop,2024-11-14,319,1.88,0.0,130.0,0.3,16.2,-8.5,2.5,77.0,17.0,41.0,-9.4,1.08
35,Bishop,Bishop,2024-11-15,320,1.86,0.0,113.0,0.35,13.3,-0.3,5.2,61.0,20.0,40.0,-7.4,1.89
35,Bishop,Bishop,2024-11-16,321,1.96,0.0,148.0,0.33,11.0,-5.7,3.1,79.0,24.0,43.0,-8.1,1.53
35,Bishop,Bishop,2024-11-17,322,1.98,0.0,128.0,0.25,14.6,-6.3,3.3,67.0,13.0,32.0,-11.8,1.32
35,Bishop,Bishop,2024-11-18,323,2.62,0.0,146.0,0.24,17.8,-7.8,4.2,59.0,8.0,29.0,-12.3,1.85
35,Bishop,Bishop,2024-11-19,324,1.97,0.0,135.0,0.23,12.2,-10.2,1.7,72.0,16.0,33.0,-12.8,1.51
35,Bishop,Bishop,2024-11-20,325,1.59,0.0,120.0,0.24,14.5,-8.7,1.1,68.0,15.0,36.0,-12.2,1.03
35,Bishop,Bishop,2024-11-21,326,1.86,0.0,139.0,0.25,15.9,-8.3,2.2,66.0,15.0,35.0,-11.5,0.98
35,Bishop,Bishop,2024-11-22,327,1.85,0.0,117.0,0.29,18.4,-6.6,5.1,68.0,14.0,33.0,-9.9,1.14
35,Bishop,Bishop,2024-11-23,328,2.12,1.2,110.0,0.58,20.6,-1.2,11.1,92.0,17.0,44.0,-0.7,1.65
35,Bishop,Bishop,2024-11-24,329,1.83,0.0,138.0,0.37,14.9,-5.7,3.2,81.0,21.0,47.0,-6.9,1.03
35,Bishop,Bishop,2024-11-25,330,0.02,14.7,16.0,0.52,1.7,-5.7,-0.3,98.0,58.0,87.0,-2.2,0.71
35,Bishop,Bishop,2024-11-26,331,0.31,9.1,35.0,0.78,7.7,1.2,4.4,98.0,59.0,92.0,3.3,0.78
35,Bishop,Bishop,2024-11-27,332,1.58,0.0,136.0,0.42,9.9,-5.1,2.8,90.0,32.0,56.0,-4.9,1.3
35,Bishop,Bishop,2024-11-28,333,1.52,0.0,135.0,0.38,12.1,-7.0,0.5,90.0,24.0,60.0,-6.4,0.83
35,Bishop,Bishop,2024-11-29,334,1.46,0.0,127.0,0.37,14.4,-8.5,0.6,90.0,19.0,58.0,-6.7,0.78
35,Bishop,Bishop,2024-11-30,335,1.71,0.0,135.0,0.36,16.9,-6.0,2.5,89.0,13.0,49.0,-7.0,0.9
35,Bishop,Bishop,2024-12-01,336,1.08,0.0,69.0,0.45,14.7,-3.0,4.9,87.0,22.0,52.0,-4.2,0.87
35,Bishop,Bishop,2024-12-02,337,1.7,0.0,119.0,0.5,20.4,-3.8,5.3,92.0,19.0,57.0,-2.6,0.87
35,Bishop,Bishop,2024-12-03,338,1.74,0.0,126.0,0.47,19.8,-3.7,5.8,89.0,15.0,51.0,-3.7,0.86
35,Bishop,Bishop,2024-12-04,339,1.92,0.0,129.0,0.44,21.4,-3.9,6.9,83.0,16.0,44.0,-4.4,1.0
35,Bishop,Bishop,2024-12-05,340,1.93,0.0,131.0,0.41,20.6,-3.7,6.8,84.0,15.0,42.0,-5.3,0.93
35,Bishop,Bishop,2024-12-06,341,1.96,0.0,131.0,0.37,21.2,-3.9,6.3,77.0,14.0,39.0,-6.6,1.05
35,Bishop,Bishop,2024-12-07,342,1.86,0.0,130.0,0.36,18.0,-5.6,4.3,80.0,16.0,44.0,-6.9,1.03
35,Bishop,Bishop,2024-12-08,343,1.48,0.0,102.0,0.42,19.7,-4.7,5.1,81.0,19.0,47.0,-5.2,0.77
35,Bishop,Bishop,2024-12-09,344,2.27,0.0,130.0,0.27,11.9,-6.0,3.3,84.0,15.0,35.0,-10.8,2.14
35,Bishop,Bishop,2024-12-10,345,1.58,0.0,132.0,0.23,11.5,-10.0,-0.3,74.0,11.0,38.0,-12.8,1.06
35,Bishop,Bishop,2024-12-11,346,1.33,0.0,110.0,0.24,11.7,-9.4,-1.4,75.0,13.0,43.0,-12.4,0.93
35,Bishop,Bishop,2024-12-12,347,1.06,0.0,80.0,0.31,10.3,-8.9,-0.6,76.0,24.0,52.0,-9.1,1.2
35,Bishop,Bishop,2024-12-13,348,1.28,0.0,108.0,0.35,12.1,-7.5,0.7,82.0,26.0,54.0,-7.5,0.95
35,Bishop,Bishop,2024-12-14,349,1.39,0.0,56.0,0.4,14.1,-5.2,4.5,72.0,19.0,48.0,-5.5,2.2
35,Bishop,Bishop,2024-12-15,350,1.5,0.0,127.0,0.28,12.4,-9.3,-0.1,82.0,17.0,46.0,-10.2,1.06
35,Bishop,Bishop,2024-12-16,351,1.28,0.0,102.0,0.31,11.5,-7.5,0.7,77.0,21.0,48.0,-9.0,1.06
35,Bishop,Bishop,2024-12-17,352,1.99,0.0,116.0,0.41,18.1,-5.1,5.8,74.0,23.0,44.0,-5.4,1.45
35,Bishop,Bishop,2024-12-18,353,1.83,0.0,120.0,0.45,22.0,-3.2,6.5,77.0,20.0,46.0,-4.3,1.06
35,Bishop,Bishop,2024-12-19,354,1.62,0.0,112.0,0.39,19.4,-5.3,4.3,80.0,18.0,47.0,-6.0,1.01
35,Bishop,Bishop,2024-12-20,355,1.71,0.0,123.0,0.39,18.3,-6.0,4.1,83.0,19.0,48.0,-6.1,0.95
35,Bishop,Bishop,2024-12-21,356,1.32,0.0,95.0,0.43,16.4,-4.1,4.4,79.0,23.0,51.0,-4.8,0.94
35,Bishop,Bishop,2024-12-22,357,1.33,0.0,86.0,0.54,20.4,-0.3,7.3,81.0,30.0,53.0,-1.6,0.91
35,Bishop,Bishop,2024-12-23,358,1.55,0.0,110.0,0.57,19.9,-0.9,7.0,86.0,28.0,57.0,-1.0,0.96
35,Bishop,Bishop,2024-12-24,359,1.47,0.0,83.0,0.49,15.5,-3.7,4.8,87.0,38.0,57.0,-2.9,1.88
35,Bishop,Bishop,2024-12-25,360,1.39,0.0,109.0,0.35,12.0,-5.6,3.4,72.0,23.0,45.0,-7.3,1.07
35,Bishop,Bishop,2024-12-26,361,1.37,0.0,96.0,0.39,13.6,-5.3,4.4,76.0,27.0,47.0,-5.9,1.1
35,Bishop,Bishop,2024-12-27,362,2.67,0.0,126.0,0.39,22.3,0.5,9.8,68.0,10.0,32.0,-6.2,1.74
35,Bishop,Bishop,2024-12-28,363,1.53,0.0,103.0,0.44,18.6,-3.3,6.7,78.0,21.0,44.0,-4.5,1.0
35,Bishop,Bishop,2024-12-29,364,2.04,0.0,123.0,0.45,18.9,-4.7,5.4,83.0,24.0,50.0,-4.2,1.63
35,Bishop,Bishop,2024-12-30,365,1.76,0.0,126.0,0.35,15.3,-4.8,3.7,70.0,19.0,44.0,-7.4,1.3
35,Bishop,Bishop,2024-12-31,366,1.57,0.0,129.0,0.31,13.8,-8.6,1.1,80.0,19.0,46.0,-9.1,1.09
35,Bishop,Bishop,2025-01-01,1,1.22,0.0,95.0,0.34,12.5,-7.3,1.0,77.0,26.0,52.0,-7.7,1.0
35,Bishop,Bishop,2025-01-02,2,1.68,0.0,119.0,0.43,17.2,-5.0,3.8,81.0,25.0,53.0,-4.9,1.14
35,Bishop,Bishop,2025-01-03,3,2.01,0.0,116.0,0.39,16.1,-5.3,5.1,84.0,17.0,44.0,-6.0,1.9
35,Bishop,Bishop,2025-01-04,4,2.15,0.0,127.0,0.23,14.4,-3.7,5.1,60.0,15.0,26.0,-12.8,1.62
35,Bishop,Bishop,2025-01-05,5,1.71,0.0,120.0,0.41,17.7,-5.6,3.9,73.0,27.0,50.0,-5.5,1.04
35,Bishop,Bishop,2025-01-06,6,2.26,0.0,128.0,0.46,17.6,-5.5,6.3,81.0,23.0,48.0,-3.9,1.96
35,Bishop,Bishop,2025-01-07,7,2.01,0.0,130.0,0.37,9.1,-3.8,4.6,58.0,30.0,43.0,-6.8,2.37
35,Bishop,Bishop,2025-01-08,8,2.03,0.0,129.0,0.24,13.8,-3.4,4.3,59.0,10.0,29.0,-12.2,1.67
35,Bishop,Bishop,2025-01-09,9,3.03,0.0,135.0,0.2,15.6,-2.9,7.5,43.0,8.0,19.0,-14.5,2.75
35,Bishop,Bishop,2025-01-10,10,2.07,0.0,133.0,0.18,15.0,-6.2,3.2,50.0,9.0,24.0,-15.4,1.36
35,Bishop,Bishop,2025-01-11,11,2.6,0.0,136.0,0.28,13.0,-6.5,5.2,52.0,14.0,31.0,-10.5,3.22
35,Bishop,Bishop,2025-01-12,12,2.15,0.0,136.0,0.26,9.6,-2.9,2.8,52.0,21.0,34.0,-11.4,2.58
35,Bishop,Bishop,2025-01-13,13,1.79,0.0,137.0,0.26,8.4,-7.3,0.9,67.0,24.0,40.0,-11.2,1.95
35,Bishop,Bishop,2025-01-14,14,2.24,0.0,136.0,0.27,16.6,-4.4,4.8,59.0,18.0,31.0,-10.7,1.55
35,Bishop,Bishop,2025-01-15,15,2.16,0.0,139.0,0.29,17.4,-8.1,4.9,75.0,15.0,33.0,-10.0,1.49
35,Bishop,Bishop,2025-01-16,16,1.76,0.0,141.0,0.29,14.7,-8.6,1.2,75.0,19.0,43.0,-9.9,1.03
35,Bishop,Bishop,2025-01-17,17,2.07,0.0,141.0,0.3,18.7,-8.1,2.8,74.0,15.0,40.0,-9.3,1.24
35,Bishop,Bishop,2025-01-18,18,2.27,0.0,145.0,0.22,17.3,-7.2,4.1,62.0,8.0,26.0,-13.5,1.35
35,Bishop,Bishop,2025-01-19,19,2.16,0.0,144.0,0.22,16.3,-10.0,3.3,72.0,13.0,28.0,-13.4,1.47
35,Bishop,Bishop,2025-01-20,20,2.24,0.0,147.0,0.19,10.0,-8.3,2.4,47.0,10.0,26.0,-15.0,2.22
35,Bishop,Bishop,2025-01-21,21,1.85,0.0,148.0,0.15,14.2,-11.7,-1.0,61.0,8.0,27.0,-17.6,1.05
35,Bishop,Bishop,2025-01-22,22,2.78,0.0,150.0,0.15,18.3,-7.7,4.7,56.0,4.0,17.0,-18.1,1.74
35,Bishop,Bishop,2025-01-23,23,2.27,0.0,151.0,0.13,19.4,-7.1,4.6,41.0,4.0,16.0,-19.2,1.24
35,Bishop,Bishop,2025-01-24,24,2.21,0.0,164.0,0.17,13.2,-9.2,0.7,58.0,8.0,26.0,-16.6,1.16
35,Bishop,Bishop,2025-01-25,25,1.81,0.0,114.0,0.27,10.5,-9.4,0.6,95.0,18.0,43.0,-10.6,2.15
35,Bishop,Bishop,2025-01-26,26,0.69,3.5,77.0,0.47,3.4,-2.7,-0.1,96.0,57.0,78.0,-3.4,0.97
35,Bishop,Bishop,2025-01-27,27,1.34,0.1,114.0,0.38,8.2,-6.8,0.7,86.0,39.0,59.0,-6.3,1.6
35,Bishop,Bishop,2025-01-28,28,2.29,0.0,157.0,0.3,13.0,-6.8,3.0,77.0,16.0,39.0,-9.6,1.84
35,Bishop,Bishop,2025-01-29,29,2.31,0.0,161.0,0.29,16.2,-4.9,4.1,64.0,14.0,35.0,-10.0,1.46
35,Bishop,Bishop,2025-01-30,30,2.43,0.0,165.0,0.28,18.9,-6.8,3.8,72.0,9.0,35.0,-10.2,1.19
35,Bishop,Bishop,2025-01-31,31,1.12,0.0,74.0,0.36,11.1,-7.5,3.0,73.0,27.0,47.0,-7.0,0.93
35,Bishop,Bishop,2025-02-01,32,1.96,0.0,134.0,0.5,16.2,0.7,7.5,69.0,30.0,48.0,-2.7,1.22
35,Bishop,Bishop,2025-02-04,35,3.79,3.6,156.0,0.45,22.5,0.3,12.5,93.0,9.0,31.0,-4.0,3.09
35,Bishop,Bishop,2025-02-05,36,2.49,0.7,169.0,0.68,18.1,-2.7,8.5,98.0,11.0,61.0,1.4,1.83
35,Bishop,Bishop,2025-02-06,37,1.74,0.7,125.0,0.62,14.2,-3.8,5.6,82.0,35.0,68.0,0.2,1.87
35,Bishop,Bishop,2025-02-07,38,3.16,0.7,179.0,0.44,18.5,-3.3,8.9,88.0,8.0,39.0,-4.4,1.86
35,Bishop,Bishop,2025-02-08,39,2.37,0.0,182.0,0.28,13.7,-9.0,2.4,87.0,14.0,38.0,-10.3,1.2
35,Bishop,Bishop,2025-02-09,40,2.1,0.0,181.0,0.3,11.3,-9.1,0.3,81.0,24.0,48.0,-9.5,1.19
35,Bishop,Bishop,2025-02-10,41,2.17,0.0,181.0,0.31,12.7,-9.2,0.6,85.0,21.0,48.0,-9.1,1.06
35,Bishop,Bishop,2025-02-11,42,2.81,0.0,175.0,0.24,12.0,-8.5,2.9,80.0,13.0,31.0,-12.4,2.35
35,Bishop,Bishop,2025-02-12,43,2.31,0.0,171.0,0.25,11.6,-10.0,1.5,73.0,17.0,37.0,-11.6,1.66
35,Bishop,Bishop,2025-02-13,44,0.15,59.4,17.0,0.67,6.2,-0.1,3.0,98.0,57.0,88.0,1.3,2.36
35,Bishop,Bishop,2025-02-14,45,2.18,0.2,176.0,0.58,13.1,-0.6,4.9,98.0,30.0,67.0,-0.7,1.7
35,Bishop,Bishop,2025-02-15,46,2.42,0.0,169.0,0.39,15.6,-3.1,4.8,86.0,18.0,45.0,-6.2,1.47
35,Bishop,Bishop,2025-02-16,47,2.33,0.0,173.0,0.47,16.2,-4.1,4.6,86.0,24.0,55.0,-3.7,1.09
35,Bishop,Bishop,2025-02-17,48,2.95,0.0,184.0,0.4,18.6,-5.3,6.6,89.0,13.0,41.0,-5.6,1.5
35,Bishop,Bishop,2025-02-18,49,2.75,0.0,196.0,0.4,15.5,-1.4,6.5,76.0,20.0,42.0,-5.5,1.59
35,Bishop,Bishop,2025-02-19,50,3.63,0.0,199.0,0.41,19.4,-2.9,8.9,81.0,13.0,36.0,-5.4,2.5
35,Bishop,Bishop,2025-02-20,51,3.09,0.0,199.0,0.4,14.4,-2.7,7.3,77.0,22.0,39.0,-5.8,2.26
35,Bishop,Bishop,2025-02-21,52,2.7,0.0,201.0,0.38,16.0,-5.2,4.8,80.0,18.0,44.0,-6.3,1.24
35,Bishop,Bishop,2025-02-22,53,2.77,0.0,196.0,0.41,19.2,-5.4,5.8,83.0,17.0,45.0,-5.2,1.05
35,Bishop,Bishop,2025-02-23,54,2.73,0.0,174.0,0.54,22.0,-3.1,10.0,83.0,20.0,44.0,-1.8,1.05
35,Bishop,Bishop,2025-02-24,55,3.34,0.0,186.0,0.58,24.1,2.8,12.6,77.0,15.0,39.0,-0.8,1.29
35,Bishop,Bishop,2025-02-25,56,3.55,0.0,199.0,0.33,22.4,-2.1,10.2,62.0,10.0,27.0,-8.1,1.45
35,Bishop,Bishop,2025-02-26,57,3.35,0.0,214.0,0.34,22.1,-3.7,8.4,69.0,10.0,31.0,-7.8,1.25
35,Bishop,Bishop,2025-02-27,58,3.53,0.0,198.0,0.33,21.5,-3.9,8.6,72.0,10.0,30.0,-8.1,1.55
35,Bishop,Bishop,2025-02-28,59,3.6,0.0,215.0,0.29,21.3,-5.4,7.1,71.0,9.0,29.0,-9.9,1.37
35,Bishop,Bishop,2025-03-01,60,3.75,0.0,208.0,0.35,22.5,-2.2,10.7,62.0,10.0,27.0,-7.4,1.72
35,Bishop,Bishop,2025-03-02,61,3.73,0.0,200.0,0.31,13.2,0.3,7.7,56.0,18.0,29.0,-9.0,3.45
35,Bishop,Bishop,2025-03-03,62,3.36,0.0,181.0,0.38,14.0,1.7,7.7,50.0,27.0,36.0,-6.5,3.15
35,Bishop,Bishop,2025-03-04,63,3.25,0.0,227.0,0.43,17.5,-4.3,7.4,82.0,22.0,42.0,-4.7,1.3
35,Bishop,Bishop,2025-03-05,64,0.99,1.3,73.0,0.63,10.7,0.2,4.5,95.0,45.0,75.0,0.4,1.76
35,Bishop,Bishop,2025-03-06,65,2.64,0.0,185.0,0.41,10.6,-1.6,4.4,87.0,22.0,49.0,-5.3,2.24
35,Bishop,Bishop,2025-03-07,66,2.55,0.0,174.0,0.33,9.1,-1.1,3.4,67.0,27.0,42.0,-8.4,2.69
35,Bishop,Bishop,2025-03-08,67,3.68,0.0,239.0,0.29,18.3,-2.8,6.9,58.0,11.0,29.0,-10.0,1.8
35,Bishop,Bishop,2025-03-09,68,4.03,0.0,240.0,0.3,17.7,-6.4,6.7,75.0,15.0,31.0,-9.3,2.14
35,Bishop,Bishop,2025-03-10,69,3.54,0.0,219.0,0.33,17.5,-5.2,6.8,72.0,16.0,33.0,-8.2,1.6
35,Bishop,Bishop,2025-03-11,70,3.58,0.0,198.0,0.42,17.0,-1.9,8.1,69.0,17.0,39.0,-5.1,2.52
35,Bishop,Bishop,2025-03-12,71,3.75,0.0,232.0,0.58,17.0,-2.7,8.0,86.0,32.0,54.0,-0.7,4.1
35,Bishop,Bishop,2025-03-13,72,3.21,0.0,221.0,0.38,11.3,-2.4,5.3,78.0,19.0,43.0,-6.4,2.88
35,Bishop,Bishop,2025-03-14,73,1.69,0.0,145.0,0.38,6.5,-4.0,1.7,64.0,40.0,55.0,-6.3,1.86
35,Bishop,Bishop,2025-03-15,74,3.45,0.0,250.0,0.35,16.3,-5.9,5.3,77.0,18.0,39.0,-7.5,1.44
35,Bishop,Bishop,2025-03-16,75,4.02,0.0,237.0,0.39,17.7,-5.1,8.4,81.0,14.0,35.0,-6.2,2.43
35,Bishop,Bishop,2025-03-17,76,2.7,0.0,131.0,0.43,16.9,0.9,7.9,70.0,22.0,40.0,-4.7,2.42
35,Bishop,Bishop,2025-03-18,77,3.94,0.0,258.0,0.27,15.0,-1.9,6.7,53.0,11.0,28.0,-10.6,2.27
35,Bishop,Bishop,2025-03-19,78,4.09,0.0,245.0,0.33,17.1,-6.9,6.6,69.0,18.0,34.0,-8.3,2.5
35,Bishop,Bishop,2025-03-20,79,3.95,0.0,243.0,0.31,19.6,0.9,9.9,56.0,12.0,25.0,-9.2,1.48
35,Bishop,Bishop,2025-03-21,80,3.59,0.0,222.0,0.46,20.6,-2.0,10.3,70.0,20.0,36.0,-3.9,1.25
35,Bishop,Bishop,2025-03-22,81,3.3,0.0,188.0,0.63,21.5,2.4,13.2,72.0,26.0,42.0,0.4,1.26
35,Bishop,Bishop,2025-03-23,82,3.97,0.0,256.0,0.68,23.9,3.4,13.1,74.0,24.0,45.0,1.5,0.93
35,Bishop,Bishop,2025-03-24,83,4.43,0.0,264.0,0.63,27.1,1.5,13.9,81.0,18.0,40.0,0.4,0.92
35,Bishop,Bishop,2025-03-25,84,5.06,0.0,269.0,0.59,27.5,1.4,15.3,75.0,16.0,34.0,-0.6,1.32
35,Bishop,Bishop,2025-03-26,85,5.36,0.0,270.0,0.54,26.9,2.2,15.8,66.0,14.0,30.0,-1.6,1.7
35,Bishop,Bishop,2025-03-27,86,6.54,0.0,281.0,0.35,24.6,5.3,15.8,59.0,6.0,20.0,-7.3,3.27
35,Bishop,Bishop,2025-03-28,87,4.04,0.0,214.0,0.36,20.4,3.2,12.2,47.0,14.0,25.0,-7.0,1.72
35,Bishop,Bishop,2025-03-29,88,4.52,0.0,273.0,0.28,18.9,-0.1,10.6,47.0,9.0,22.0,-10.3,1.87
35,Bishop,Bishop,2025-03-30,89,5.21,0.0,278.0,0.34,20.6,1.6,12.8,52.0,9.0,23.0,-7.9,2.42
35,Bishop,Bishop,2025-03-31,90,2.56,0.0,112.0,0.42,13.7,2.0,9.8,44.0,24.0,35.0,-5.0,2.17
35,Bishop,Bishop,2025-04-01,91,3.38,0.0,225.0,0.31,13.4,-5.4,5.6,74.0,17.0,34.0,-8.9,1.87
35,Bishop,Bishop,2025-04-02,92,3.32,0.1,242.0,0.36,11.7,-3.1,4.8,71.0,27.0,42.0,-7.1,2.29
35,Bishop,Bishop,2025-04-03,93,3.8,0.0,280.0,0.33,14.6,-6.3,5.9,82.0,17.0,36.0,-8.2,1.56
35,Bishop,Bishop,2025-04-04,94,4.42,0.0,291.0,0.34,15.7,-3.0,8.2,69.0,18.0,31.0,-7.8,1.95
35,Bishop,Bishop,2025-04-05,95,4.54,0.0,303.0,0.34,21.3,-2.8,9.0,63.0,12.0,30.0,-7.8,1.47
35,Bishop,Bishop,2025-04-06,96,4.89,0.0,286.0,0.36,24.1,-3.5,11.0,69.0,11.0,28.0,-7.0,1.42
35,Bishop,Bishop,2025-04-07,97,4.34,0.0,225.0,0.52,25.2,2.8,13.7,72.0,14.0,33.0,-2.2,1.53
35,Bishop,Bishop,2025-04-08,98,5.14,0.0,293.0,0.54,27.8,0.5,15.3,75.0,13.0,31.0,-1.8,1.27
35,Bishop,Bishop,2025-04-09,99,5.75,0.0,304.0,0.56,29.0,1.2,16.3,77.0,13.0,30.0,-1.2,1.47
35,Bishop,Bishop,2025-04-10,100,5.77,0.0,306.0,0.58,29.9,5.7,17.7,64.0,11.0,29.0,-0.8,1.38
35,Bishop,Bishop,2025-04-11,101,6.19,0.0,295.0,0.52,29.8,5.7,18.8,55.0,8.0,24.0,-2.1,1.83
35,Bishop,Bishop,2025-04-12,102,6.57,0.0,319.0,0.4,27.5,3.7,17.4,49.0,8.0,20.0,-5.7,2.1
35,Bishop,Bishop,2025-04-13,103,5.45,0.0,308.0,0.47,23.9,4.9,15.7,56.0,17.0,26.0,-3.7,1.87
35,Bishop,Bishop,2025-04-14,104,5.2,0.0,288.0,0.49,25.6,-0.1,14.2,76.0,14.0,30.0,-3.0,1.42
35,Bishop,Bishop,2025-04-15,105,5.45,0.0,283.0,0.55,26.2,4.8,15.8,68.0,13.0,31.0,-1.4,1.53
35,Bishop,Bishop,2025-04-16,106,5.24,0.0,277.0,0.58,25.5,3.8,16.5,64.0,16.0,31.0,-0.7,1.69
35,Bishop,Bishop,2025-04-17,107,6.23,0.0,308.0,0.43,22.3,3.2,14.0,70.0,11.0,27.0,-4.7,2.8
35,Bishop,Bishop,2025-04-18,108,6.06,0.0,327.0,0.22,17.6,0.9,11.0,30.0,9.0,17.0,-13.0,3.47
35,Bishop,Bishop,2025-04-19,109,5.52,0.0,329.0,0.25,23.1,-3.6,11.2,49.0,8.0,19.0,-11.6,1.65
35,Bishop,Bishop,2025-04-20,110,5.74,0.0,328.0,0.45,24.8,-1.4,13.7,69.0,15.0,28.0,-4.2,1.49
35,Bishop,Bishop,2025-04-21,111,5.38,0.0,316.0,0.6,26.3,3.5,15.4,77.0,14.0,34.0,-0.3,1.2
35,Bishop,Bishop,2025-04-22,112,5.42,0.0,283.0,0.59,25.6,1.7,15.2,81.0,16.0,34.0,-0.5,1.61
35,Bishop,Bishop,2025-04-23,113,6.57,0.0,342.0,0.48,25.3,4.9,15.5,70.0,11.0,27.0,-3.3,2.04
35,Bishop,Bishop,2025-04-24,114,5.75,0.0,304.0,0.44,24.2,0.2,14.6,68.0,14.0,26.0,-4.6,1.92
35,Bishop,Bishop,2025-04-25,115,4.34,0.0,215.0,0.52,20.7,8.3,14.6,51.0,22.0,31.0,-2.3,2.25
35,Bishop,Bishop,2025-04-26,116,2.25,3.0,165.0,0.6,13.2,-0.3,6.0,97.0,40.0,64.0,-0.2,2.25
35,Bishop,Bishop,2025-04-27,117,3.59,0.1,271.0,0.62,15.4,-1.5,8.2,98.0,32.0,57.0,0.1,1.09
35,Bishop,Bishop,2025-04-28,118,5.3,0.0,316.0,0.63,21.4,4.2,14.0,73.0,24.0,40.0,0.5,1.88
35,Bishop,Bishop,2025-04-29,119,5.3,0.0,332.0,0.68,24.7,1.6,14.6,82.0,20.0,41.0,1.6,1.19
35,Bishop,Bishop,2025-04-30,120,3.22,2.4,188.0,0.97,22.2,5.2,13.3,96.0,35.0,63.0,6.5,1.24
35,Bishop,Bishop,2025-05-01,121,4.91,0.1,308.0,0.9,24.3,4.7,15.0,97.0,26.0,53.0,5.4,1.21
35,Bishop,Bishop,2025-05-02,122,5.79,0.0,330.0,0.83,26.6,5.0,16.6,86.0,20.0,44.0,4.3,1.37
35,Bishop,Bishop,2025-05-03,123,3.6,0.2,191.0,0.86,24.5,6.5,14.1,81.0,24.0,53.0,4.8,1.75
35,Bishop,Bishop,2025-05-04,124,2.66,0.5,165.0,0.89,19.1,7.3,12.3,89.0,39.0,62.0,5.2,1.43
35,Bishop,Bishop,2025-05-05,125,5.66,0.0,303.0,0.69,21.3,10.3,15.4,63.0,26.0,39.0,1.6,2.95
35,Bishop,Bishop,2025-05-06,126,6.32,0.0,348.0,0.44,20.6,6.9,14.6,44.0,17.0,27.0,-4.3,2.69
35,Bishop,Bishop,2025-05-07,127,5.84,0.0,346.0,0.63,26.6,2.0,15.7,69.0,21.0,35.0,0.3,1.36
35,Bishop,Bishop,2025-05-08,128,6.01,0.0,343.0,0.78,28.7,5.1,17.9,74.0,19.0,38.0,3.4,1.16
35,Bishop,Bishop,2025-05-09,129,6.54,0.0,348.0,0.78,29.8,7.5,19.1,72.0,18.0,36.0,3.5,1.41
35,Bishop,Bishop,2025-05-10,130,6.04,0.0,288.0,0.81,30.9,5.9,20.5,78.0,19.0,34.0,4.0,1.56
35,Bishop,Bishop,2025-05-11,131,7.62,0.0,346.0,0.61,27.8,10.3,21.4,54.0,13.0,24.0,0.0,2.52
35,Bishop,Bishop,2025-05-12,132,7.69,0.0,365.0,0.46,27.8,5.5,17.7,48.0,9.0,23.0,-3.9,2.82
35,Bishop,Bishop,2025-05-13,133,4.72,0.0,293.0,0.48,16.9,4.4,10.5,68.0,23.0,38.0,-3.2,2.39
35,Bishop,Bishop,2025-05-14,134,5.33,0.0,350.0,0.56,21.1,2.2,12.7,67.0,21.0,38.0,-1.3,1.49
35,Bishop,Bishop,2025-05-15,135,5.51,0.0,334.0,0.66,25.2,3.5,15.5,65.0,23.0,37.0,1.0,1.2
35,Bishop,Bishop,2025-05-16,136,5.37,0.0,315.0,0.81,27.8,4.2,16.7,79.0,23.0,43.0,3.9,0.95
35,Bishop,Bishop,2025-05-17,137,5.65,0.0,285.0,0.7,22.3,8.1,15.3,77.0,22.0,40.0,1.8,2.73
35,Bishop,Bishop,2025-05-18,138,6.62,0.0,350.0,0.53,23.6,5.8,16.0,54.0,17.0,29.0,-2.0,2.63
35,Bishop,Bishop,2025-05-19,139,6.57,0.0,357.0,0.6,27.4,8.0,18.3,47.0,15.0,28.0,-0.3,1.8
35,Bishop,Bishop,2025-05-20,140,5.97,0.0,354.0,0.76,30.8,3.5,17.3,78.0,16.0,39.0,3.1,0.95
35,Bishop,Bishop,2025-05-21,141,6.39,0.0,353.0,0.77,31.2,4.5,19.5,75.0,17.0,34.0,3.2,1.18
35,Bishop,Bishop,2025-05-22,142,7.32,0.0,351.0,0.63,29.7,4.9,19.2,69.0,12.0,28.0,0.4,1.96
35,Bishop,Bishop,2025-05-23,143,6.71,0.0,344.0,0.56,30.3,2.8,19.6,65.0,13.0,24.0,-1.2,1.52
35,Bishop,Bishop,2025-05-24,144,5.31,0.0,261.0,0.66,28.1,9.3,20.3,61.0,19.0,28.0,1.0,1.4
35,Bishop,Bishop,2025-05-25,145,6.55,0.0,358.0,0.76,31.4,4.9,20.0,77.0,15.0,32.0,2.9,1.17
35,Bishop,Bishop,2025-05-26,146,5.35,0.0,267.0,0.74,29.6,4.7,19.5,72.0,20.0,33.0,2.7,1.31
35,Bishop,Bishop,2025-05-27,147,6.45,0.0,352.0,0.72,29.8,6.0,18.9,77.0,16.0,33.0,2.2,1.23
35,Bishop,Bishop,2025-05-28,148,6.74,0.0,356.0,0.71,30.8,5.8,20.2,61.0,16.0,30.0,2.1,1.3
35,Bishop,Bishop,2025-05-29,149,6.44,0.0,353.0,0.92,33.1,9.0,21.4,62.0,16.0,36.0,5.7,0.96
35,Bishop,Bishop,2025-05-30,150,6.74,0.0,358.0,0.95,36.1,8.5,22.9,63.0,16.0,34.0,6.2,1.02
35,Bishop,Bishop,2025-05-31,151,6.92,0.0,329.0,0.95,36.7,9.5,24.3,71.0,14.0,31.0,6.2,1.3
35,Bishop,Bishop,2025-06-01,152,4.96,0.2,242.0,1.12,34.7,12.9,22.5,73.0,21.0,41.0,8.7,1.15
35,Bishop,Bishop,2025-06-02,153,4.94,0.1,258.0,1.06,31.1,9.2,20.7,81.0,26.0,43.0,7.8,1.08
35,Bishop,Bishop,2025-06-03,154,6.71,0.0,332.0,0.98,32.0,10.3,22.5,69.0,21.0,36.0,6.6,1.51
35,Bishop,Bishop,2025-06-04,155,6.46,0.0,344.0,0.83,30.2,9.5,20.6,68.0,21.0,34.0,4.3,1.31
35,Bishop,Bishop,2025-06-05,156,5.69,0.0,297.0,0.97,30.7,7.6,20.7,79.0,23.0,40.0,6.6,1.12
35,Bishop,Bishop,2025-06-06,157,6.28,0.0,328.0,1.05,31.4,10.1,21.7,79.0,20.0,40.0,7.6,1.14
35,Bishop,Bishop,2025-06-07,158,6.89,0.0,360.0,0.99,32.8,9.2,23.5,73.0,20.0,34.0,6.8,1.15
35,Bishop,Bishop,2025-06-08,159,7.29,0.0,357.0,1.0,34.4,10.9,24.1,70.0,17.0,33.0,7.0,1.38
35,Bishop,Bishop,2025-06-09,160,6.64,0.0,351.0,1.17,35.6,11.1,24.5,67.0,19.0,38.0,9.3,0.95
35,Bishop,Bishop,2025-06-10,161,7.45,0.0,357.0,1.11,36.0,13.0,25.6,69.0,17.0,34.0,8.6,1.42
35,Bishop,Bishop,2025-06-11,162,7.76,0.0,369.0,0.87,35.0,9.5,24.1,69.0,14.0,29.0,4.9,1.53
35,Bishop,Bishop,2025-06-12,163,7.41,0.0,376.0,0.7,34.2,5.7,22.7,65.0,14.0,25.0,1.8,1.35
35,Bishop,Bishop,2025-06-13,164,7.2,0.0,375.0,0.67,33.4,5.7,21.7,54.0,13.0,26.0,1.2,1.21
35,Bishop,Bishop,2025-06-14,165,7.21,0.0,365.0,0.73,34.1,9.0,22.6,64.0,11.0,27.0,2.5,1.28
35,Bishop,Bishop,2025-06-15,166,7.48,0.0,375.0,0.67,34.5,5.8,22.7,66.0,12.0,24.0,1.3,1.33
35,Bishop,Bishop,2025-06-16,167,8.01,0.0,371.0,0.6,33.4,8.8,24.0,46.0,13.0,20.0,-0.4,1.83
35,Bishop,Bishop,2025-06-17,168,6.64,0.0,370.0,0.85,34.2,5.3,20.7,61.0,15.0,35.0,4.6,0.96
35,Bishop,Bishop,2025-06-18,169,7.13,0.0,368.0,0.89,36.6,7.8,23.5,69.0,14.0,31.0,5.3,1.06
35,Bishop,Bishop,2025-06-19,170,8.42,0.0,366.0,0.81,35.7,9.5,25.0,61.0,15.0,26.0,4.0,2.11
35,Bishop,Bishop,2025-06-20,171,8.3,0.0,376.0,0.66,32.8,7.8,23.2,61.0,13.0,23.0,1.2,2.02
35,Bishop,Bishop,2025-06-21,172,7.55,0.0,369.0,0.54,27.2,6.5,17.9,59.0,10.0,26.0,-1.6,2.55
35,Bishop,Bishop,2025-06-22,173,6.14,0.0,358.0,0.54,25.6,0.4,15.7,76.0,18.0,30.0,-1.8,1.3
35,Bishop,Bishop,2025-06-23,174,5.33,0.0,298.0,0.7,26.1,4.3,16.7,71.0,21.0,37.0,1.8,1.21
35,Bishop,Bishop,2025-06-24,175,6.26,0.0,364.0,0.79,30.7,5.0,18.7,74.0,17.0,37.0,3.5,0.94
35,Bishop,Bishop,2025-06-25,176,6.47,0.0,362.0,0.86,33.6,6.2,21.2,75.0,17.0,34.0,4.8,0.9
35,Bishop,Bishop,2025-06-26,177,7.2,0.0,359.0,0.89,33.1,8.1,22.9,76.0,17.0,32.0,5.3,1.38
35,Bishop,Bishop,2025-06-27,178,7.46,0.0,358.0,0.87,33.1,9.5,23.9,67.0,17.0,29.0,4.9,1.59
35,Bishop,Bishop,2025-06-28,179,7.03,0.0,323.0,0.82,33.6,10.5,24.5,68.0,12.0,27.0,4.1,1.57
35,Bishop,Bishop,2025-06-29,180,7.42,0.0,368.0,0.76,33.6,8.8,23.6,63.0,15.0,26.0,3.0,1.35
35,Bishop,Bishop,2025-06-30,181,7.74,0.0,365.0,0.81,33.0,8.5,22.8,67.0,17.0,29.0,4.0,1.8
35,Bishop,Bishop,2025-07-01,182,7.77,0.0,349.0,0.67,33.3,9.1,23.8,63.0,11.0,23.0,1.4,1.85
35,Bishop,Bishop,2025-07-02,183,6.14,4.6,293.0,0.99,31.7,7.1,19.7,92.0,23.0,43.0,6.8,1.54
35,Bishop,Bishop,2025-07-03,184,6.84,0.1,343.0,1.13,31.8,8.0,21.7,97.0,22.0,43.0,8.7,1.43
35,Bishop,Bishop,2025-07-04,185,6.94,0.0,365.0,0.88,32.7,9.8,22.3,62.0,17.0,33.0,5.1,1.24
35,Bishop,Bishop,2025-07-05,186,6.98,0.0,362.0,0.82,31.8,7.3,22.1,75.0,18.0,31.0,4.1,1.32
35,Bishop,Bishop,2025-07-06,187,7.43,0.0,365.0,0.75,32.8,8.2,23.2,74.0,14.0,26.0,2.9,1.48
35,Bishop,Bishop,2025-07-07,188,7.89,0.0,371.0,0.7,33.8,6.7,23.4,68.0,12.0,24.0,1.8,1.69
35,Bishop,Bishop,2025-07-08,189,7.73,0.0,369.0,0.76,35.4,8.0,23.5,65.0,11.0,26.0,3.1,1.56
35,Bishop,Bishop,2025-07-09,190,7.55,0.0,373.0,0.69,36.5,6.3,23.8,68.0,11.0,23.0,1.6,1.29
35,Bishop,Bishop,2025-07-10,191,6.64,0.0,364.0,0.99,36.5,7.3,22.8,66.0,14.0,36.0,6.9,0.9
35,Bishop,Bishop,2025-07-11,192,6.81,0.0,359.0,0.98,39.0,9.7,25.1,68.0,12.0,31.0,6.6,0.89
35,Bishop,Bishop,2025-07-12,193,7.54,0.0,355.0,0.95,38.5,10.7,26.9,72.0,13.0,27.0,6.3,1.29
35,Bishop,Bishop,2025-07-13,194,7.49,0.0,345.0,0.97,38.3,11.0,26.8,70.0,13.0,27.0,6.5,1.37
35,Bishop,Bishop,2025-07-14,195,7.34,0.0,341.0,1.01,39.2,11.8,27.5,71.0,12.0,28.0,7.1,1.27
35,Bishop,Bishop,2025-07-15,196,6.6,0.0,310.0,1.09,38.8,13.1,26.8,67.0,14.0,31.0,8.3,1.17
35,Bishop,Bishop,2025-07-16,197,7.49,0.0,343.0,0.95,36.4,11.2,25.8,68.0,16.0,28.0,6.2,1.53
35,Bishop,Bishop,2025-07-17,198,7.56,0.0,352.0,0.94,35.1,10.6,24.8,71.0,15.0,30.0,6.1,1.6
35,Bishop,Bishop,2025-07-18,199,7.13,0.0,334.0,1.03,33.2,10.9,24.9,65.0,23.0,33.0,7.4,1.6
35,Bishop,Bishop,2025-07-19,200,6.46,0.0,318.0,1.15,35.2,11.9,24.6,73.0,21.0,37.0,9.0,1.11
35,Bishop,Bishop,2025-07-20,201,6.46,0.0,290.0,1.13,34.8,11.8,24.3,76.0,21.0,37.0,8.8,1.49
35,Bishop,Bishop,2025-07-21,202,7.1,0.0,354.0,0.88,33.3,10.9,23.6,65.0,16.0,30.0,5.1,1.36
35,Bishop,Bishop,2025-07-22,203,7.01,0.0,343.0,0.92,31.5,10.2,23.5,66.0,21.0,32.0,5.8,1.59
35,Bishop,Bishop,2025-07-23,204,7.1,0.0,348.0,0.86,31.1,10.0,23.0,72.0,19.0,31.0,4.8,1.66
35,Bishop,Bishop,2025-07-24,205,6.43,0.0,327.0,0.74,30.6,7.5,21.2,70.0,17.0,29.0,2.6,1.4
35,Bishop,Bishop,2025-07-25,206,6.6,0.0,327.0,0.71,30.0,7.4,21.6,64.0,16.0,28.0,2.1,1.62
35,Bishop,Bishop,2025-07-26,207,6.64,0.0,345.0,0.9,31.1,7.3,21.8,80.0,21.0,35.0,5.5,1.38
35,Bishop,Bishop,2025-07-27,208,7.02,0.0,343.0,0.89,31.3,9.2,22.8,75.0,16.0,32.0,5.2,1.67
35,Bishop,Bishop,2025-07-28,209,6.99,0.0,341.0,0.77,32.8,9.1,23.3,60.0,16.0,27.0,3.2,1.47
35,Bishop,Bishop,2025-07-29,210,6.87,0.0,343.0,0.82,33.7,9.0,23.9,63.0,16.0,28.0,4.2,1.29
35,Bishop,Bishop,2025-07-30,211,6.0,0.0,293.0,1.0,33.3,9.8,21.6,68.0,21.0,39.0,6.9,1.41
35,Bishop,Bishop,2025-07-31,212,6.52,0.0,341.0,0.94,33.3,8.3,22.5,77.0,19.0,34.0,6.0,1.17
35,Bishop,Bishop,2025-08-01,213,6.84,0.0,339.0,0.87,33.7,9.3,23.3,66.0,12.0,30.0,4.9,1.33
35,Bishop,Bishop,2025-08-02,214,6.33,0.0,344.0,0.91,35.4,7.9,22.8,60.0,14.0,33.0,5.6,0.94
35,Bishop,Bishop,2025-08-03,215,6.74,0.0,342.0,0.89,35.6,8.2,23.6,73.0,15.0,31.0,5.3,1.17
35,Bishop,Bishop,2025-08-04,216,6.13,0.0,329.0,0.82,35.4,8.1,22.5,62.0,14.0,30.0,4.0,0.94
35,Bishop,Bishop,2025-08-05,217,6.74,0.0,335.0,0.85,34.2,7.7,22.9,70.0,17.0,30.0,4.6,1.33
35,Bishop,Bishop,2025-08-06,218,6.69,0.0,335.0,0.85,35.0,8.0,23.4,75.0,15.0,29.0,4.6,1.21
35,Bishop,Bishop,2025-08-07,219,6.65,0.0,335.0,0.89,35.6,9.2,24.1,70.0,13.0,30.0,5.2,1.17
35,Bishop,Bishop,2025-08-08,220,6.3,0.0,333.0,0.97,36.5,9.2,23.3,66.0,14.0,34.0,6.5,1.0
35,Bishop,Bishop,2025-08-09,221,5.95,0.0,314.0,1.14,36.7,10.9,23.6,67.0,19.0,39.0,8.9,0.9
35,Bishop,Bishop,2025-08-10,222,6.06,0.0,321.0,1.18,37.5,10.2,24.0,70.0,20.0,40.0,9.4,0.83
35,Bishop,Bishop,2025-08-11,223,6.22,0.0,320.0,1.2,37.5,11.3,24.7,64.0,18.0,38.0,9.6,0.95
35,Bishop,Bishop,2025-08-12,224,6.24,0.2,313.0,1.18,38.4,11.2,25.9,71.0,17.0,35.0,9.4,0.95
35,Bishop,Bishop,2025-08-13,225,4.64,0.0,221.0,1.19,36.4,12.8,24.4,75.0,17.0,39.0,9.5,1.14
35,Bishop,Bishop,2025-08-14,226,5.63,0.0,273.0,1.09,35.3,11.1,24.4,78.0,18.0,35.0,8.2,1.13
35,Bishop,Bishop,2025-08-15,227,5.82,0.0,278.0,0.94,32.9,10.8,22.7,71.0,18.0,34.0,6.1,1.3
35,Bishop,Bishop,2025-08-16,228,5.39,0.0,257.0,1.05,31.8,9.9,21.4,75.0,24.0,41.0,7.7,1.41
35,Bishop,Bishop,2025-08-17,229,6.32,0.0,317.0,1.01,31.1,9.0,22.1,83.0,19.0,38.0,7.1,1.43
35,Bishop,Bishop,2025-08-18,230,6.81,0.0,321.0,0.85,32.5,7.4,22.7,78.0,17.0,31.0,4.5,1.71
35,Bishop,Bishop,2025-08-19,231,6.99,0.0,316.0,0.71,32.8,8.2,23.5,60.0,12.0,25.0,2.1,1.76
35,Bishop,Bishop,2025-08-20,232,6.24,0.0,317.0,0.76,34.0,7.5,22.8,61.0,15.0,27.0,3.1,1.13
35,Bishop,Bishop,2025-08-21,233,6.08,0.0,295.0,1.02,35.6,9.2,24.9,68.0,19.0,32.0,7.2,1.16
35,Bishop,Bishop,2025-08-22,234,5.08,0.0,231.0,1.27,36.6,14.2,25.0,68.0,25.0,40.0,10.5,1.26
35,Bishop,Bishop,2025-08-23,235,3.79,0.0,175.0,1.49,34.6,13.4,23.0,76.0,31.0,53.0,12.9,1.3
35,Bishop,Bishop,2025-08-24,236,3.96,0.3,189.0,1.48,32.3,16.5,23.1,81.0,34.0,53.0,12.8,1.29
35,Bishop,Bishop,2025-08-25,237,4.45,0.0,261.0,1.3,31.9,18.8,24.9,86.0,31.0,41.0,10.9,1.89
35,Bishop,Bishop,2025-08-26,238,3.22,0.0,163.0,1.43,28.0,10.8,19.2,85.0,42.0,64.0,12.3,1.25
35,Bishop,Bishop,2025-08-27,239,5.07,0.0,265.0,1.11,31.5,6.8,19.7,92.0,26.0,49.0,8.5,1.27
35,Bishop,Bishop,2025-08-28,240,4.23,0.0,234.0,1.15,30.6,9.1,19.6,82.0,26.0,51.0,9.1,0.79
35,Bishop,Bishop,2025-08-29,241,4.38,0.0,253.0,1.19,31.8,7.7,19.1,81.0,26.0,54.0,9.5,0.61
35,Bishop,Bishop,2025-08-30,242,5.09,0.0,285.0,1.11,33.8,9.0,20.6,78.0,20.0,46.0,8.5,0.63
35,Bishop,Bishop,2025-08-31,243,5.35,0.0,280.0,1.06,33.9,10.4,22.1,70.0,22.0,40.0,7.9,0.89
35,Bishop,Bishop,2025-09-01,244,5.19,0.0,282.0,1.17,35.0,9.7,22.1,80.0,20.0,44.0,9.2,0.7
35,Bishop,Bishop,2025-09-02,245,3.93,0.0,184.0,1.19,33.3,12.6,21.5,69.0,25.0,46.0,9.5,1.16
35,Bishop,Bishop,2025-09-03,246,4.95,0.0,271.0,1.33,32.6,13.4,23.2,76.0,30.0,47.0,11.2,0.83
35,Bishop,Bishop,2025-09-04,247,4.82,0.0,250.0,1.34,32.8,12.6,22.9,80.0,29.0,48.0,11.3,0.84
35,Bishop,Bishop,2025-09-05,248,4.5,0.0,208.0,1.2,31.6,11.1,20.5,83.0,29.0,50.0,9.7,1.35
35,Bishop,Bishop,2025-09-06,249,5.73,0.0,281.0,0.87,31.4,6.7,19.4,90.0,12.0,39.0,5.0,1.41
35,Bishop,Bishop,2025-09-07,250,4.46,0.0,245.0,0.75,31.5,4.9,17.3,71.0,17.0,38.0,2.8,0.94
35,Bishop,Bishop,2025-09-08,251,4.33,0.0,250.0,0.81,31.4,3.5,16.5,79.0,18.0,43.0,4.0,0.74
35,Bishop,Bishop,2025-09-09,252,4.56,0.0,242.0,0.84,28.8,5.1,17.7,81.0,20.0,41.0,4.4,1.04
35,Bishop,Bishop,2025-09-10,253,4.06,0.0,229.0,0.9,26.7,6.5,17.6,81.0,26.0,45.0,5.4,0.93
35,Bishop,Bishop,2025-09-11,254,3.6,0.0,208.0,0.96,26.3,6.7,16.6,85.0,31.0,51.0,6.3,0.85
35,Bishop,Bishop,2025-09-12,255,3.41,0.0,195.0,0.99,24.7,5.9,15.4,87.0,36.0,56.0,6.8,0.82
35,Bishop,Bishop,2025-09-13,256,4.32,0.0,258.0,1.01,29.3,5.3,16.5,90.0,27.0,54.0,7.1,0.61
35,Bishop,Bishop,2025-09-14,257,4.76,0.0,255.0,0.95,30.9,6.5,19.4,85.0,23.0,42.0,6.3,0.94
35,Bishop,Bishop,2025-09-15,258,4.96,0.0,250.0,0.92,30.9,7.4,20.0,82.0,22.0,39.0,5.7,1.12
35,Bishop,Bishop,2025-09-16,259,4.69,0.0,246.0,0.94,31.5,8.0,19.4,71.0,22.0,42.0,6.1,0.89
35,Bishop,Bishop,2025-09-17,260,4.54,0.0,249.0,0.96,33.0,6.8,19.8,77.0,20.0,42.0,6.4,0.74
35,Bishop,Bishop,2025-09-18,261,2.02,0.0,91.0,1.2,26.5,11.2,17.4,87.0,34.0,60.0,9.7,1.17
35,Bishop,Bishop,2025-09-20,263,4.24,0.0,220.0,1.34,28.5,9.4,19.5,97.0,34.0,59.0,11.3,1.24
35,Bishop,Bishop,2025-09-21,264,4.1,0.0,222.0,1.1,29.7,7.8,18.2,91.0,28.0,52.0,8.3,0.94
35,Bishop,Bishop,2025-09-22,265,4.2,0.0,240.0,1.04,30.1,7.2,18.2,83.0,24.0,50.0,7.5,0.78
35,Bishop,Bishop,2025-09-23,266,4.51,0.0,241.0,0.89,31.2,5.7,18.7,83.0,21.0,41.0,5.3,0.9
35,Bishop,Bishop,2025-09-24,267,4.99,0.0,237.0,0.86,31.0,6.7,19.5,78.0,20.0,38.0,4.7,1.34
35,Bishop,Bishop,2025-09-25,268,3.9,1.0,204.0,1.29,30.1,10.3,18.8,92.0,28.0,59.0,10.8,1.15
35,Bishop,Bishop,2025-09-26,269,4.05,0.0,223.0,1.18,30.4,8.7,19.5,91.0,27.0,52.0,9.5,0.84
35,Bishop,Bishop,2025-09-27,270,3.67,0.0,174.0,1.03,29.7,8.1,19.4,82.0,26.0,46.0,7.5,1.34
35,Bishop,Bishop,2025-09-28,271,3.87,0.0,205.0,1.26,28.0,11.3,19.6,85.0,35.0,55.0,10.3,1.43
35,Bishop,Bishop,2025-09-29,272,3.69,0.0,177.0,1.15,26.6,7.8,17.8,89.0,39.0,56.0,9.0,1.67
35,Bishop,Bishop,2025-09-30,273,3.98,0.0,325.0,0.87,27.2,6.3,18.9,78.0,23.0,40.0,5.0,1.25
35,Bishop,Bishop,2025-10-01,274,4.22,0.0,223.0,0.86,27.6,3.3,16.3,84.0,26.0,46.0,4.8,1.48
35,Bishop,Bishop,2025-10-02,275,4.5,0.0,214.0,0.95,27.9,5.5,17.8,87.0,30.0,47.0,6.3,1.96
35,Bishop,Bishop,2025-10-03,276,3.38,0.0,153.0,0.8,22.5,9.0,15.4,74.0,23.0,46.0,3.7,2.2
35,Bishop,Bishop,2025-10-04,277,3.68,0.0,222.0,0.74,23.4,4.9,14.0,70.0,26.0,46.0,2.7,1.44
35,Bishop,Bishop,2025-10-05,278,3.57,0.0,217.0,0.75,23.5,0.9,13.3,92.0,28.0,49.0,2.8,1.18
35,Bishop,Bishop,2025-10-06,279,3.58,0.0,215.0,0.76,25.2,2.5,13.3,88.0,25.0,50.0,3.0,1.12
35,Bishop,Bishop,2025-10-07,280,3.82,0.0,213.0,0.72,25.9,2.4,14.8,87.0,22.0,43.0,2.3,1.22
35,Bishop,Bishop,2025-10-08,281,5.01,0.0,216.0,0.57,26.8,0.5,15.9,87.0,15.0,32.0,-0.9,2.34
35,Bishop,Bishop,2025-10-10,283,5.14,0.0,210.0,0.8,29.8,10.9,20.6,58.0,10.0,33.0,3.7,2.64
35,Bishop,Bishop,2025-10-11,284,4.53,0.0,213.0,0.48,24.7,2.6,14.7,74.0,10.0,28.0,-3.4,2.09
35,Bishop,Bishop,2025-10-12,285,3.66,0.0,212.0,0.4,21.9,-3.2,10.2,73.0,13.0,32.0,-5.8,1.46
35,Bishop,Bishop,2025-10-13,286,2.38,0.0,105.0,0.47,19.4,-2.4,10.2,67.0,19.0,38.0,-3.6,1.79
35,Bishop,Bishop,2025-10-14,287,1.67,14.3,44.0,0.8,11.0,-0.6,5.5,98.0,52.0,89.0,3.9,2.31
35,Bishop,Bishop,2025-10-15,288,2.43,0.0,190.0,0.7,16.1,-1.0,6.9,99.0,39.0,70.0,1.9,1.18
35,Bishop,Bishop,2025-10-16,289,2.92,0.0,194.0,0.65,19.2,-0.7,8.9,93.0,27.0,57.0,0.9,1.22
35,Bishop,Bishop,2025-10-17,290,3.16,0.0,198.0,0.57,24.1,-1.3,9.6,89.0,16.0,48.0,-0.9,1.22
35,Bishop,Bishop,2025-10-18,291,3.33,0.0,194.0,0.59,24.5,-0.9,11.5,92.0,18.0,43.0,-0.5,1.19
35,Bishop,Bishop,2025-10-19,292,3.29,0.0,193.0,0.65,24.6,0.1,11.3,91.0,21.0,49.0,0.9,1.21
35,Bishop,Bishop,2025-10-20,293,3.21,0.0,192.0,0.7,25.3,0.7,12.2,88.0,22.0,49.0,1.8,1.12
35,Bishop,Bishop,2025-10-21,294,3.14,0.0,189.0,0.73,25.6,0.7,12.1,90.0,21.0,52.0,2.5,1.12
35,Bishop,Bishop,2025-10-22,295,2.06,0.4,122.0,0.89,19.9,5.5,12.0,85.0,39.0,63.0,5.3,1.37
35,Bishop,Bishop,2025-10-23,296,3.06,0.0,184.0,0.79,25.3,4.4,13.3,87.0,24.0,52.0,3.6,1.19
35,Bishop,Bishop,2025-10-24,297,3.13,0.0,183.0,0.68,24.5,0.7,11.8,88.0,22.0,49.0,1.5,1.17
35,Bishop,Bishop,2025-10-25,298,3.03,0.0,165.0,0.65,25.4,2.0,13.3,84.0,21.0,43.0,1.0,1.31
35,Bishop,Bishop,2025-10-26,299,3.51,0.0,176.0,0.59,25.6,1.0,13.1,78.0,20.0,39.0,-0.4,1.62
35,Bishop,Bishop,2025-10-27,300,3.17,0.0,181.0,0.44,26.5,0.6,12.8,73.0,10.0,30.0,-4.4,1.12
35,Bishop,Bishop,2025-10-28,301,3.24,0.0,178.0,0.47,25.1,-0.9,11.8,79.0,15.0,34.0,-3.4,1.27
35,Bishop,Bishop,2025-10-29,302,2.92,0.0,176.0,0.53,26.0,0.3,11.2,77.0,15.0,40.0,-1.9,1.09
35,Bishop,Bishop,2025-10-30,303,3.04,0.0,174.0,0.55,26.6,-0.1,12.2,79.0,16.0,38.0,-1.5,1.09
35,Bishop,Bishop,2025-10-31,304,2.91,0.0,174.0,0.56,28.1,1.3,12.0,77.0,14.0,40.0,-1.1,1.05
35,Bishop,Bishop,2025-11-01,305,2.93,0.0,172.0,0.55,26.0,-0.3,11.0,80.0,16.0,42.0,-1.5,1.11
35,Bishop,Bishop,2025-11-02,306,2.79,0.0,163.0,0.55,25.6,-0.5,11.3,80.0,18.0,41.0,-1.5,1.05
35,Bishop,Bishop,2025-11-03,307,2.94,0.0,167.0,0.53,24.8,-0.8,10.9,80.0,18.0,41.0,-1.9,1.24
35,Bishop,Bishop,2025-11-04,308,3.2,0.0,171.0,0.5,23.4,-1.4,12.3,78.0,17.0,35.0,-2.8,1.55
35,Bishop,Bishop,2025-11-05,309,4.06,0.0,172.0,0.53,28.1,5.1,16.5,48.0,11.0,28.0,-2.0,2.1
35,Bishop,Bishop,2025-11-06,310,2.56,0.0,161.0,0.51,24.1,0.6,10.7,75.0,15.0,40.0,-2.5,1.03
35,Bishop,Bishop,2025-11-07,311,2.62,0.0,157.0,0.63,24.6,-0.7,11.5,81.0,23.0,47.0,0.5,1.11
35,Bishop,Bishop,2025-11-08,312,2.49,0.0,157.0,0.71,25.1,1.5,11.1,87.0,24.0,54.0,2.1,1.03
35,Bishop,Bishop,2025-11-09,313,2.59,0.0,157.0,0.58,26.0,0.6,11.1,81.0,17.0,44.0,-0.6,1.06
35,Bishop,Bishop,2025-11-10,314,2.46,0.0,153.0,0.55,24.9,0.5,10.8,72.0,18.0,42.0,-1.4,0.98
35,Bishop,Bishop,2025-11-11,315,1.9,0.0,113.0,0.56,22.9,-0.6,10.2,79.0,21.0,45.0,-1.1,0.88
35,Bishop,Bishop,2025-11-12,316,2.86,0.0,137.0,0.58,23.0,5.3,13.5,68.0,20.0,38.0,-0.6,1.61
35,Bishop,Bishop,2025-11-13,317,2.66,0.3,109.0,0.83,23.2,5.7,14.2,77.0,34.0,51.0,4.4,2.65
35,Bishop,Bishop,2025-11-16,320,0.7,1.3,53.0,0.85,9.8,0.1,6.4,99.0,73.0,89.0,4.7,1.94
35,Bishop,Bishop,2025-11-17,321,1.1,21.1,93.0,0.78,11.2,0.0,5.2,99.0,65.0,88.0,3.4,2.2
35,Bishop,Bishop,2025-11-18,322,0.33,13.4,44.0,0.7,6.3,-0.1,2.5,99.0,80.0,95.0,1.8,0.95
35,Bishop,Bishop,2025-11-19,323,1.33,0.0,116.0,0.75,12.9,-1.5,5.2,99.0,58.0,85.0,2.9,0.95
35,Bishop,Bishop,2025-11-20,324,0.23,4.6,30.0,0.75,7.6,-1.4,3.7,99.0,82.0,94.0,2.9,0.83
35,Bishop,Bishop,2025-11-21,325,0.97,0.5,78.0,0.78,10.7,2.2,5.9,99.0,65.0,84.0,3.4,0.96
35,Bishop,Bishop,2025-11-22,326,0.64,0.0,51.0,0.67,11.6,-0.7,4.7,97.0,50.0,79.0,1.3,0.87
35,Bishop,Bishop,2025-11-23,327,1.81,0.0,142.0,0.59,17.1,-2.0,5.1,96.0,31.0,67.0,-0.4,1.01
35,Bishop,Bishop,2025-11-24,328,1.94,0.0,144.0,0.56,20.1,-3.4,5.5,97.0,25.0,63.0,-1.1,0.98
35,Bishop,Bishop,2025-11-25,329,1.91,0.0,140.0,0.54,19.1,-3.9,5.3,95.0,23.0,61.0,-1.6,0.94
35,Bishop,Bishop,2025-11-26,330,1.93,0.0,140.0,0.56,19.3,-2.9,5.6,94.0,23.0,61.0,-1.3,1.03
35,Bishop,Bishop,2025-11-27,331,1.76,0.0,120.0,0.53,20.2,-3.7,5.5,92.0,22.0,59.0,-1.9,1.02
35,Bishop,Bishop,2025-11-28,332,1.99,0.0,136.0,0.52,19.9,-3.4,5.5,90.0,23.0,58.0,-2.1,1.18
35,Bishop,Bishop,2025-11-29,333,1.68,0.0,116.0,0.48,16.5,-3.7,3.8,88.0,27.0,60.0,-3.2,1.08
35,Bishop,Bishop,2025-11-30,334,2.15,0.0,127.0,0.5,17.9,-4.1,5.7,89.0,26.0,54.0,-2.8,1.58
35,Bishop,Bishop,2025-12-01,335,1.68,0.0,133.0,0.45,14.5,-5.0,2.7,92.0,24.0,60.0,-4.1,1.09
35,Bishop,Bishop,2025-12-02,336,1.86,0.0,119.0,0.45,15.0,-4.2,4.9,85.0,28.0,52.0,-4.0,1.49
35,Bishop,Bishop,2025-12-03,337,1.98,0.0,128.0,0.38,11.8,-4.9,4.7,73.0,25.0,44.0,-6.4,2.17
35,Bishop,Bishop,2025-12-04,338,1.5,0.0,118.0,0.32,13.8,-7.8,1.4,82.0,17.0,48.0,-8.4,0.99
35,Bishop,Bishop,2025-12-05,339,1.92,0.0,126.0,0.5,19.4,-2.2,6.3,88.0,28.0,53.0,-2.6,1.17
35,Bishop,Bishop,2025-12-06,340,2.02,0.0,126.0,0.55,21.9,-4.3,7.0,91.0,23.0,55.0,-1.5,1.19
35,Bishop,Bishop,2025-12-07,341,1.78,0.0,127.0,0.54,18.3,-3.5,5.6,91.0,29.0,59.0,-1.7,1.07
35,Bishop,Bishop,2025-12-08,342,1.77,0.0,128.0,0.48,20.2,-3.8,5.6,89.0,21.0,53.0,-3.3,1.03
35,Bishop,Bishop,2025-12-09,343,1.97,0.0,128.0,0.44,24.6,-3.7,7.2,80.0,14.0,44.0,-4.3,1.14
35,Bishop,Bishop,2025-12-10,344,2.06,0.0,125.0,0.45,24.8,-3.3,8.3,76.0,14.0,41.0,-4.2,1.15
35,Bishop,Bishop,2025-12-11,345,1.95,0.0,125.0,0.55,25.2,-1.7,8.5,82.0,20.0,50.0,-1.4,1.1
35,Bishop,Bishop,2025-12-12,346,2.01,0.0,128.0,0.45,23.3,-3.8,6.9,82.0,16.0,45.0,-4.1,1.15
35,Bishop,Bishop,2025-12-13,347,1.93,0.0,128.0,0.39,21.4,-4.8,5.2,79.0,14.0,44.0,-5.9,1.11
35,Bishop,Bishop,2025-12-14,348,1.82,0.0,122.0,0.41,19.8,-2.6,5.7,75.0,17.0,45.0,-5.4,1.08
35,Bishop,Bishop,2025-12-15,349,1.74,0.0,114.0,0.39,21.5,-4.6,6.1,73.0,14.0,41.0,-6.1,1.1
35,Bishop,Bishop,2025-12-16,350,1.64,0.0,100.0,0.45,21.7,-3.0,6.9,75.0,17.0,45.0,-4.3,1.01
35,Bishop,Bishop,2025-12-17,351,2.7,0.0,121.0,0.48,25.4,-1.2,10.5,81.0,16.0,37.0,-3.4,1.74
35,Bishop,Bishop,2025-12-18,352,2.01,0.0,127.0,0.42,20.3,-2.0,7.1,70.0,16.0,41.0,-5.2,1.19
35,Bishop,Bishop,2025-12-19,353,1.87,0.0,111.0,0.5,20.1,-4.5,9.1,77.0,22.0,43.0,-2.8,1.68
35,Bishop,Bishop,2025-12-20,354,1.78,0.0,84.0,0.66,22.0,3.4,13.0,71.0,28.0,44.0,1.0,1.35
35,Bishop,Bishop,2025-12-21,355,1.78,0.0,99.0,0.52,23.6,1.0,12.4,83.0,13.0,36.0,-2.3,1.86
35,Bishop,Bishop,2025-12-23,357,2.03,0.0,71.0,0.57,17.6,1.5,9.3,69.0,30.0,49.0,-0.9,3.17
35,Bishop,Bishop,2025-12-25,359,0.2,27.4,12.0,0.8,8.8,4.4,6.4,95.0,67.0,83.0,3.8,3.3
35,Bishop,Bishop,2025-12-26,360,1.15,6.2,92.0,0.71,12.2,-1.6,6.1,91.0,51.0,76.0,2.2,2.01
35,Bishop,Bishop,2025-12-27,361,1.62,0.0,127.0,0.41,10.9,-4.4,2.6,91.0,27.0,56.0,-5.4,1.42
35,Bishop,Bishop,2025-12-28,362,1.43,0.0,111.0,0.36,11.1,-7.0,1.0,88.0,26.0,55.0,-6.9,1.33
35,Bishop,Bishop,2025-12-29,363,1.6,0.0,128.0,0.36,12.3,-6.9,2.1,88.0,24.0,51.0,-6.9,1.24
35,Bishop,Bishop,2025-12-30,364,0.91,0.0,64.0,0.44,11.6,-3.7,2.5,87.0,30.0,59.0,-4.6,0.94
35,Bishop,Bishop,2025-12-31,365,0.48,0.0,39.0,0.58,8.8,-2.8,3.4,97.0,45.0,75.0,-0.6,0.98
35,Bishop,Bishop,2026-01-01,1,0.23,9.4,33.0,0.75,7.8,-1.5,3.4,99.0,82.0,97.0,2.9,0.87
35,Bishop,Bishop,2026-01-02,2,0.27,0.1,33.0,0.68,6.5,-3.4,2.3,99.0,83.0,94.0,1.5,0.91
35,Bishop,Bishop,2026-01-03,3,0.31,15.0,34.0,0.85,11.0,-0.1,5.7,98.0,74.0,93.0,4.6,1.88
35,Bishop,Bishop,2026-01-04,4,0.71,0.0,63.0,0.69,11.0,-1.5,3.6,99.0,69.0,87.0,1.8,1.12
35,Bishop,Bishop,2026-01-05,5,1.5,0.0,123.0,0.53,11.3,-4.7,3.9,96.0,34.0,66.0,-1.9,1.61
35,Bishop,Bishop,2026-01-06,6,1.39,0.0,126.0,0.56,11.2,-3.7,2.4,97.0,47.0,78.0,-1.1,0.99
35,Bishop,Bishop,2026-01-07,7,1.06,0.0,94.0,0.51,10.4,-5.1,0.9,97.0,50.0,79.0,-2.4,1.05
35,Bishop,Bishop,2026-01-08,8,1.76,0.0,128.0,0.35,6.1,-3.0,1.4,90.0,28.0,51.0,-7.6,2.82
35,Bishop,Bishop,2026-01-09,9,1.77,0.0,135.0,0.27,11.1,-6.2,1.1,78.0,19.0,41.0,-10.6,1.58
35,Bishop,Bishop,2026-01-10,10,1.66,0.0,128.0,0.32,13.2,-6.6,1.9,81.0,18.0,46.0,-8.5,1.17
35,Bishop,Bishop,2026-01-11,11,1.73,0.0,134.0,0.37,15.9,-4.4,3.7,78.0,18.0,46.0,-6.8,1.09
35,Bishop,Bishop,2026-01-12,12,2.09,0.0,137.0,0.38,18.3,-3.9,5.9,79.0,17.0,41.0,-6.3,1.29
35,Bishop,Bishop,2026-01-13,13,2.24,0.0,135.0,0.39,20.9,-2.3,7.8,71.0,15.0,37.0,-6.0,1.35
35,Bishop,Bishop,2026-01-14,14,2.36,0.0,140.0,0.4,22.4,-1.5,8.7,67.0,14.0,36.0,-5.6,1.29
35,Bishop,Bishop,2026-01-15,15,2.39,0.0,140.0,0.41,22.3,-2.6,7.9,74.0,14.0,38.0,-5.4,1.35
35,Bishop,Bishop,2026-01-16,16,2.42,0.0,144.0,0.36,19.8,-4.1,7.1,77.0,14.0,36.0,-7.0,1.46
35,Bishop,Bishop,2026-01-17,17,2.29,0.0,143.0,0.35,22.3,-4.0,7.0,74.0,13.0,35.0,-7.3,1.24
35,Bishop,Bishop,2026-01-18,18,1.83,0.0,127.0,0.43,19.6,-3.2,5.5,79.0,18.0,48.0,-4.7,1.14
35,Bishop,Bishop,2026-01-19,19,2.35,0.0,145.0,0.4,20.4,-3.9,6.8,77.0,15.0,40.0,-5.8,1.37
35,Bishop,Bishop,2026-01-20,20,1.89,0.0,137.0,0.4,17.8,-5.7,4.1,83.0,20.0,50.0,-5.5,1.09
35,Bishop,Bishop,2026-01-21,21,1.61,0.0,110.0,0.49,17.0,-1.9,5.9,79.0,24.0,52.0,-3.1,0.97
35,Bishop,Bishop,2026-01-22,22,1.42,0.0,87.0,0.55,16.3,-1.0,6.1,79.0,29.0,58.0,-1.4,1.17
35,Bishop,Bishop,2026-01-23,23,2.15,0.0,148.0,0.45,17.8,-5.3,6.0,88.0,23.0,48.0,-4.2,1.26
35,Bishop,Bishop,2026-01-24,24,2.4,0.0,152.0,0.33,12.1,-4.7,5.7,54.0,17.0,37.0,-8.0,2.26
35,Bishop,Bishop,2026-01-25,25,1.87,0.0,134.0,0.24,14.2,-7.1,2.6,62.0,11.0,33.0,-12.0,1.14
35,Bishop,Bishop,2026-01-26,26,2.17,0.0,157.0,0.31,13.8,-5.3,2.5,73.0,15.0,42.0,-9.1,1.27
35,Bishop,Bishop,2026-01-27,27,1.89,0.0,150.0,0.31,13.6,-8.6,1.6,82.0,18.0,45.0,-9.0,1.16
35,Bishop,Bishop,2026-01-28,28,2.32,0.0,155.0,0.31,18.5,-5.6,4.9,71.0,13.0,35.0,-9.1,1.3
35,Bishop,Bishop,2026-01-29,29,2.32,0.0,152.0,0.37,19.7,-6.2,5.2,79.0,16.0,42.0,-6.7,1.24
35,Bishop,Bishop,2026-01-30,30,2.23,0.0,151.0,0.45,19.3,-4.1,6.0,80.0,21.0,48.0,-4.2,1.12
35,Bishop,Bishop,2026-01-31,31,2.22,0.0,153.0,0.47,19.5,-2.4,6.5,78.0,22.0,49.0,-3.5,1.11
35,Bishop,Bishop,2026-02-01,32,1.74,0.0,113.0,0.49,18.8,-4.0,6.9,82.0,25.0,49.0,-2.9,1.11
35,Bishop,Bishop,2026-02-02,33,2.73,0.0,163.0,0.41,20.9,-2.9,8.6,69.0,15.0,37.0,-5.3,1.4
35,Bishop,Bishop,2026-02-03,34,2.67,0.0,168.0,0.34,23.5,-4.1,7.6,71.0,10.0,32.0,-7.9,1.22
35,Bishop,Bishop,2026-02-04,35,2.67,0.0,169.0,0.34,22.3,-4.3,7.2,68.0,12.0,33.0,-7.8,1.22
35,Bishop,Bishop,2026-02-05,36,2.98,0.0,167.0,0.39,21.7,-4.0,8.9,71.0,15.0,35.0,-5.9,1.56
35,Bishop,Bishop,2026-02-06,37,1.42,0.0,72.0,0.53,16.1,0.3,7.9,79.0,30.0,49.0,-2.0,1.14
35,Bishop,Bishop,2026-02-07,38,2.47,0.0,163.0,0.49,19.7,-2.8,7.2,87.0,22.0,48.0,-3.0,1.21
35,Bishop,Bishop,2026-02-08,39,2.69,0.0,169.0,0.48,19.8,-3.5,7.2,81.0,22.0,48.0,-3.1,1.39
35,Bishop,Bishop,2026-02-09,40,2.42,0.0,110.0,0.42,16.1,-1.8,7.9,82.0,17.0,39.0,-5.0,1.82
35,Bishop,Bishop,2026-02-10,41,1.84,0.0,84.0,0.57,13.1,1.4,7.7,76.0,36.0,54.0,-0.9,2.87
35,Bishop,Bishop,2026-02-11,42,2.73,0.7,165.0,0.57,16.7,-0.2,8.1,84.0,20.0,53.0,-0.9,2.86
35,Bishop,Bishop,2026-02-12,43,2.26,0.0,162.0,0.4,14.4,-5.2,4.3,78.0,24.0,48.0,-5.8,1.38
35,Bishop,Bishop,2026-02-13,44,2.53,0.0,186.0,0.39,15.7,-4.9,3.9,83.0,21.0,48.0,-6.0,1.38
35,Bishop,Bishop,2026-02-14,45,3.08,0.0,165.0,0.39,16.1,-6.7,5.8,77.0,23.0,42.0,-6.2,2.93
35,Bishop,Bishop,2026-02-15,46,3.97,0.0,188.0,0.35,15.7,3.4,9.3,51.0,17.0,30.0,-7.5,3.91
35,Bishop,Bishop,2026-02-16,47,0.88,2.4,62.0,0.57,9.1,-2.4,3.6,97.0,48.0,72.0,-1.0,2.8
35,Bishop,Bishop,2026-02-17,48,0.76,2.1,73.0,0.57,6.1,-1.6,0.7,99.0,46.0,88.0,-1.1,1.89
35,Bishop,Bishop,2026-02-18,49,1.0,11.6,105.0,0.38,3.6,-7.9,-1.5,99.0,45.0,70.0,-6.2,0.72
35,Bishop,Bishop,2026-02-19,50,0.75,4.2,94.0,0.36,-0.4,-10.6,-4.7,89.0,60.0,83.0,-7.2,1.45
35,Bishop,Bishop,2026-02-20,51,1.53,9.5,192.0,0.31,2.4,-13.6,-5.2,92.0,50.0,74.0,-9.2,1.08
35,Bishop,Bishop,2026-02-21,52,1.68,3.4,202.0,0.34,5.3,-11.8,-3.8,92.0,49.0,74.0,-7.8,1.07
35,Bishop,Bishop,2026-02-22,53,1.61,0.0,170.0,0.44,7.0,-8.2,-1.3,93.0,56.0,79.0,-4.5,1.02
35,Bishop,Bishop,2026-02-23,54,2.05,0.0,198.0,0.5,9.5,-5.6,1.7,92.0,49.0,73.0,-2.7,1.21
35,Bishop,Bishop,2026-02-24,55,2.51,0.0,160.0,0.65,20.4,-1.4,9.4,87.0,32.0,55.0,0.8,1.75
35,Bishop,Bishop,2026-02-25,56,4.07,0.0,191.0,0.79,24.7,8.4,16.8,64.0,24.0,41.0,3.6,2.19
35,Bishop,Bishop,2026-02-26,57,3.24,0.0,188.0,0.81,24.5,3.7,13.5,85.0,27.0,52.0,4.0,1.28
35,Bishop,Bishop,2026-02-27,58,3.21,0.0,192.0,0.79,24.5,1.8,12.8,89.0,27.0,54.0,3.7,1.23
35,Bishop,Bishop,2026-02-28,59,3.62,0.0,202.0,0.75,25.2,4.3,14.1,86.0,17.0,47.0,2.9,1.42
35,Bishop,Bishop,2026-03-01,60,4.28,0.0,210.0,0.6,24.1,0.0,12.4,84.0,17.0,42.0,-0.3,2.37
35,Bishop,Bishop,2026-03-02,61,4.01,0.0,219.0,0.51,20.1,3.7,11.9,66.0,18.0,37.0,-2.5,1.97
35,Bishop,Bishop,2026-03-03,62,3.32,0.0,222.0,0.49,20.0,-1.8,8.2,82.0,17.0,44.0,-3.1,1.29
35,Bishop,Bishop,2026-03-04,63,3.78,0.0,220.0,0.45,21.9,-2.8,9.4,81.0,15.0,38.0,-4.1,2.06
35,Bishop,Bishop,2026-03-05,64,3.74,0.0,230.0,0.34,14.3,0.8,7.8,49.0,18.0,32.0,-7.8,3.02
35,Bishop,Bishop,2026-03-06,65,3.66,0.0,227.0,0.32,14.8,-0.6,7.0,54.0,17.0,32.0,-8.4,2.47
35,Bishop,Bishop,2026-03-07,66,3.36,0.0,223.0,0.37,18.3,-2.8,7.1,66.0,18.0,36.0,-6.8,1.55
35,Bishop,Bishop,2026-03-08,67,3.59,0.0,228.0,0.53,22.5,-3.0,10.1,76.0,21.0,43.0,-1.9,1.29
35,Bishop,Bishop,2026-03-09,68,4.15,0.0,230.0,0.56,22.8,-1.7,11.2,83.0,21.0,42.0,-1.1,1.78
35,Bishop,Bishop,2026-03-10,69,4.43,0.0,227.0,0.5,24.9,-0.9,13.0,84.0,15.0,34.0,-2.6,1.83
35,Bishop,Bishop,2026-03-11,70,4.15,0.0,240.0,0.42,24.4,-2.0,11.3,75.0,11.0,31.0,-5.0,1.4
35,Bishop,Bishop,2026-03-12,71,4.19,0.0,240.0,0.49,25.9,-1.0,12.1,75.0,13.0,35.0,-2.9,1.35
35,Bishop,Bishop,2026-03-13,72,3.94,0.0,212.0,0.53,25.3,0.1,12.1,73.0,17.0,38.0,-1.9,1.44
35,Bishop,Bishop,2026-03-14,73,5.25,0.0,243.0,0.5,26.8,1.8,16.2,66.0,13.0,27.0,-2.7,2.04
35,Bishop,Bishop,2026-03-15,74,4.64,0.0,229.0,0.55,25.9,3.3,16.1,62.0,18.0,30.0,-1.5,1.9
35,Bishop,Bishop,2026-03-16,75,4.66,0.0,242.0,0.66,29.0,6.1,17.6,56.0,17.0,33.0,1.0,1.49
35,Bishop,Bishop,2026-03-17,76,4.64,0.0,247.0,0.74,29.3,3.0,16.4,76.0,20.0,39.0,2.6,1.34
35,Bishop,Bishop,2026-03-18,77,4.96,0.0,249.0,0.77,29.9,3.4,17.0,78.0,20.0,40.0,3.2,1.51
35,Bishop,Bishop,2026-03-19,78,4.95,0.0,254.0,0.7,32.0,4.8,18.1,70.0,11.0,34.0,1.9,1.35
35,Bishop,Bishop,2026-03-20,79,5.23,0.0,252.0,0.74,31.3,5.5,18.9,69.0,17.0,34.0,2.6,1.54
35,Bishop,Bishop,2026-03-21,80,3.76,0.0,195.0,0.71,29.3,4.5,17.1,72.0,15.0,37.0,2.1,1.19
35,Bishop,Bishop,2026-03-22,81,4.98,0.0,255.0,0.68,29.8,4.4,17.3,76.0,17.0,35.0,1.6,1.46
35,Bishop,Bishop,2026-03-23,82,4.8,0.0,242.0,0.7,32.1,4.3,18.4,69.0,16.0,33.0,1.8,1.39
35,Bishop,Bishop,2026-03-26,85,5.12,0.0,249.0,0.57,29.1,2.7,16.7,75.0,14.0,30.0,-0.9,1.68
35,Bishop,Bishop,2026-03-27,86,3.88,0.0,204.0,0.67,26.4,2.3,14.6,80.0,19.0,40.0,1.2,1.32
35,Bishop,Bishop,2026-03-28,87,5.13,0.0,269.0,0.69,29.1,3.1,16.7,82.0,16.0,36.0,1.7,1.43
35,Bishop,Bishop,2026-03-29,88,5.02,0.0,265.0,0.66,27.5,2.8,16.2,76.0,17.0,36.0,1.1,1.49
35,Bishop,Bishop,2026-03-30,89,4.9,0.0,243.0,0.59,26.2,5.1,16.1,71.0,13.0,32.0,-0.6,1.7
35,Bishop,Bishop,2026-03-31,90,3.15,0.0,127.0,0.56,21.4,6.5,14.1,53.0,23.0,35.0,-1.1,2.17
35,Bishop,Bishop,2026-04-01,91,4.63,0.0,238.0,0.56,21.0,0.7,12.6,79.0,24.0,38.0,-1.2,2.53
35,Bishop,Bishop,2026-04-02,92,5.99,0.0,289.0,0.38,23.2,1.2,13.6,67.0,9.0,25.0,-6.2,3.18
35,Bishop,Bishop,2026-04-03,93,4.57,0.0,296.0,0.29,19.3,-0.3,9.2,54.0,11.0,25.0,-10.0,1.73
35,Bishop,Bishop,2026-04-04,94,5.13,0.0,295.0,0.3,22.9,-2.0,11.6,57.0,10.0,22.0,-9.3,1.55
35,Bishop,Bishop,2026-04-05,95,5.41,0.0,299.0,0.39,24.8,-2.3,12.4,67.0,11.0,27.0,-6.0,1.66
35,Bishop,Bishop,2026-04-06,96,4.96,0.0,280.0,0.54,27.1,3.4,15.7,62.0,13.0,30.0,-1.7,1.28
35,Bishop,Bishop,2026-04-07,97,5.27,0.0,297.0,0.63,28.1,3.6,16.3,74.0,13.0,34.0,0.4,1.35
35,Bishop,Bishop,2026-04-08,98,5.28,0.0,281.0,0.66,27.9,2.6,16.4,81.0,16.0,35.0,1.0,1.47
35,Bishop,Bishop,2026-04-09,99,4.16,0.0,214.0,0.7,25.9,5.9,16.8,76.0,20.0,36.0,1.9,1.45
35,Bishop,Bishop,2026-04-15,105,1.34,0.0,122.0,0.52,22.3,8.4,17.4,41.0,21.0,26.0,-2.1,1.71
35,Bishop,Bishop,2026-04-16,106,6.12,0.1,316.0,0.4,23.6,2.6,13.5,62.0,12.0,26.0,-5.6,2.8
35,Bishop,Bishop,2026-04-17,107,4.68,0.0,324.0,0.24,18.2,-0.9,8.5,49.0,10.0,22.0,-12.0,1.8
35,Bishop,Bishop,2026-04-18,108,5.73,0.0,319.0,0.28,22.5,-2.3,11.9,65.0,11.0,20.0,-10.1,1.93
35,Bishop,Bishop,2026-04-19,109,6.19,0.0,319.0,0.36,24.2,1.0,14.5,62.0,11.0,22.0,-7.1,2.23
35,Bishop,Bishop,2026-04-20,110,6.05,0.0,291.0,0.41,25.2,3.2,15.8,58.0,13.0,23.0,-5.3,2.43
35,Bishop,Bishop,2026-04-21,111,5.08,0.4,276.0,0.58,21.0,1.9,12.4,90.0,26.0,40.0,-0.8,3.28
35,Bishop,Bishop,2026-04-22,112,5.05,0.0,331.0,0.48,17.8,-2.0,8.9,95.0,20.0,42.0,-3.2,2.18
35,Bishop,Bishop,2026-04-23,113,4.97,0.0,333.0,0.43,21.1,-0.3,10.7,66.0,16.0,33.0,-4.7,1.42
35,Bishop,Bishop,2026-04-24,114,4.51,0.0,263.0,0.52,22.2,0.0,11.8,75.0,22.0,38.0,-2.1,1.54
35,Bishop,Bishop,2026-04-25,115,2.63,10.8,144.0,0.69,19.1,3.1,10.9,93.0,28.0,53.0,1.7,1.5
35,Bishop,Bishop,2026-04-26,116,4.24,0.3,287.0,0.73,18.0,4.2,10.7,91.0,33.0,57.0,2.4,1.7
35,Bishop,Bishop,2026-04-27,117,4.61,0.0,316.0,0.63,17.6,0.6,10.0,88.0,29.0,51.0,0.3,1.6
35,Bishop,Bishop,2026-04-28,118,3.59,0.0,228.0,0.69,18.9,2.7,10.3,87.0,33.0,55.0,1.7,1.52
35,Bishop,Bishop,2026-04-29,119,5.16,0.0,335.0,0.65,22.3,1.4,13.0,86.0,22.0,43.0,0.8,1.23
35,Bishop,Bishop,2026-04-30,120,5.67,0.0,337.0,0.62,24.5,4.6,15.2,79.0,18.0,36.0,0.1,1.3
35,Bishop,Bishop,2026-05-01,121,5.75,0.0,336.0,0.56,25.4,3.4,16.6,71.0,16.0,30.0,-1.2,1.22
35,Bishop,Bishop,2026-05-02,122,5.59,0.0,282.0,0.67,25.5,4.2,16.0,71.0,22.0,37.0,1.3,2.0
35,Bishop,Bishop,2026-05-03,123,5.14,0.0,265.0,0.68,24.1,3.2,14.6,83.0,21.0,41.0,1.4,1.99
35,Bishop,Bishop,2026-05-04,124,4.87,0.7,308.0,0.78,20.8,5.0,12.7,92.0,31.0,53.0,3.3,1.7
35,Bishop,Bishop,2026-05-05,125,4.0,0.0,272.0,0.86,20.3,6.6,11.9,90.0,32.0,62.0,4.8,1.41
35,Bishop,Bishop,2026-05-06,126,5.95,0.0,340.0,0.77,27.4,4.4,17.2,82.0,19.0,39.0,3.3,1.36
35,Bishop,Bishop,2026-05-07,127,6.26,0.0,347.0,0.76,30.5,5.2,19.4,71.0,16.0,34.0,3.1,1.27
35,Bishop,Bishop,2026-05-08,128,6.37,0.0,352.0,0.75,31.3,6.2,20.1,78.0,13.0,32.0,2.9,1.16
35,Bishop,Bishop,2026-05-09,129,6.16,0.0,346.0,0.83,31.8,6.2,19.0,69.0,17.0,38.0,4.3,1.14
35,Bishop,Bishop,2026-05-10,130,6.73,0.0,346.0,0.78,32.0,5.5,20.5,71.0,17.0,32.0,3.4,1.4
35,Bishop,Bishop,2026-05-11,131,6.9,0.0,346.0,0.81,33.0,7.1,21.7,73.0,16.0,31.0,4.0,1.46
35,Bishop,Bishop,2026-05-12,132,6.95,0.0,333.0,0.85,32.4,8.2,21.8,73.0,16.0,33.0,4.7,1.65
35,Bishop,Bishop,2026-05-13,133,6.68,0.0,341.0,0.83,30.3,9.8,22.1,57.0,20.0,31.0,4.3,1.41
35,Bishop,Bishop,2026-05-14,134,6.33,0.0,349.0,0.74,30.9,7.3,20.6,62.0,19.0,31.0,2.8,1.21
35,Bishop,Bishop,2026-05-15,135,6.57,0.0,346.0,0.83,30.3,6.7,20.2,80.0,16.0,35.0,4.2,1.48
35,Bishop,Bishop,2026-05-16,136,6.98,0.0,345.0,0.62,26.6,8.6,19.3,62.0,17.0,28.0,0.2,2.21
35,Bishop,Bishop,2026-05-17,137,5.82,0.0,332.0,0.52,24.9,4.3,12.7,61.0,23.0,35.0,-2.2,2.9
35,Bishop,Bishop,2026-05-18,138,5.96,0.0,365.0,0.38,20.0,-0.1,11.6,66.0,14.0,28.0,-6.4,2.0
35,Bishop,Bishop,2026-05-19,139,5.64,0.0,360.0,0.49,23.0,-0.5,12.4,71.0,18.0,34.0,-2.9,1.24
35,Bishop,Bishop,2026-05-20,140,5.73,0.0,344.0,0.58,26.4,2.3,15.4,63.0,18.0,33.0,-0.8,1.12
35,Bishop,Bishop,2026-05-21,141,6.36,0.0,340.0,0.75,29.9,3.9,19.1,75.0,19.0,34.0,2.9,1.42
35,Bishop,Bishop,2026-05-22,142,5.11,0.0,272.0,1.0,28.2,7.8,18.9,78.0,27.0,46.0,7.0,1.34
35,Bishop,Bishop,2026-05-23,143,4.22,0.0,226.0,0.96,28.9,6.6,18.6,82.0,24.0,45.0,6.4,1.05
35,Bishop,Bishop,2026-05-24,144,6.48,0.0,342.0,0.9,28.9,6.8,18.6,77.0,22.0,42.0,5.5,1.68
35,Bishop,Bishop,2026-05-25,145,6.46,0.0,331.0,0.87,29.6,5.6,19.1,85.0,21.0,39.0,4.9,1.56
35,Bishop,Bishop,2026-05-26,146,6.73,0.0,340.0,0.63,24.6,6.1,15.5,67.0,20.0,36.0,0.5,3.01
35,Bishop,Bishop,2026-05-27,147,4.08,0.0,277.0,0.69,18.1,1.6,9.7,94.0,27.0,57.0,1.6,1.61
35,Bishop,Bishop,2026-05-28,148,3.36,2.4,228.0,0.81,15.7,2.6,9.3,96.0,46.0,69.0,3.9,1.8
35,Bishop,Bishop,2026-05-29,149,4.11,1.4,273.0,0.93,21.5,6.0,12.3,97.0,35.0,65.0,5.9,1.06
35,Bishop,Bishop,2026-05-30,150,5.74,0.0,357.0,0.89,26.1,3.5,15.2,95.0,25.0,51.0,5.2,1.13
35,Bishop,Bishop,2026-05-31,151,6.3,0.0,363.0,0.87,29.0,4.8,17.8,84.0,24.0,43.0,5.0,1.29
35,Bishop,Bishop,2026-06-01,152,6.6,0.0,363.0,0.84,31.2,5.2,19.5,80.0,19.0,37.0,4.5,1.2
35,Bishop,Bishop,2026-06-02,153,6.7,0.0,364.0,0.91,32.4,7.1,20.9,74.0,17.0,37.0,5.6,1.17
35,Bishop,Bishop,2026-06-03,154,6.64,0.0,354.0,1.02,33.2,8.6,22.4,77.0,19.0,38.0,7.3,1.11
35,Bishop,Bishop,2026-06-04,155,6.98,0.0,361.0,1.05,34.0,9.1,23.2,82.0,21.0,37.0,7.6,1.23
35,Bishop,Bishop,2026-06-05,156,7.37,0.0,359.0,1.03,33.8,9.6,24.0,78.0,21.0,35.0,7.4,1.51
35,Bishop,Bishop,2026-06-06,157,7.83,0.0,362.0,0.8,31.3,8.8,22.7,63.0,17.0,29.0,3.7,2.09
35,Bishop,Bishop,2026-06-07,158,6.72,0.0,369.0,0.75,30.6,6.5,20.6,62.0,17.0,31.0,2.8,1.19
35,Bishop,Bishop,2026-06-08,159,5.65,0.0,282.0,0.82,28.7,7.7,20.0,77.0,22.0,35.0,4.1,1.52
35,Bishop,Bishop,2026-06-09,160,6.72,0.0,362.0,1.02,32.2,8.1,22.6,66.0,24.0,37.0,7.2,1.14
35,Bishop,Bishop,2026-06-10,161,7.03,0.0,366.0,0.96,34.4,7.8,24.1,70.0,19.0,32.0,6.4,1.22
35,Bishop,Bishop,2026-06-11,162,6.61,0.0,351.0,1.1,33.5,10.1,22.6,65.0,24.0,40.0,8.3,1.17
35,Bishop,Bishop,2026-06-12,163,7.08,0.0,359.0,1.19,35.7,10.3,25.1,78.0,22.0,37.0,9.5,1.2
35,Bishop,Bishop,2026-06-13,164,6.33,0.0,311.0,1.2,35.4,11.8,24.9,73.0,22.0,38.0,9.7,1.31
35,Bishop,Bishop,2026-06-14,165,5.21,0.0,252.0,1.2,33.8,13.5,23.9,69.0,23.0,41.0,9.7,1.32
35,Bishop,Bishop,2026-06-15,166,6.83,0.0,356.0,1.2,35.3,13.0,23.9,64.0,22.0,41.0,9.7,1.09
35,Bishop,Bishop,2026-06-16,167,6.86,0.0,363.0,1.18,36.7,11.3,24.4,67.0,20.0,39.0,9.4,0.99
35,Bishop,Bishop,2026-06-17,168,6.53,0.0,338.0,1.38,37.1,12.6,25.1,76.0,22.0,43.0,11.7,1.01
35,Bishop,Bishop,2026-06-18,169,7.42,0.0,347.0,1.15,35.7,12.5,26.4,71.0,18.0,34.0,9.1,1.44
35,Bishop,Bishop,2026-06-19,170,7.49,0.0,357.0,1.05,33.7,11.6,24.2,75.0,19.0,35.0,7.7,1.7
35,Bishop,Bishop,2026-06-20,171,6.93,0.0,364.0,1.0,32.8,8.8,22.4,79.0,21.0,37.0,7.0,1.23
35,Bishop,Bishop,2026-06-21,172,7.59,0.0,366.0,0.83,33.7,9.3,23.7,71.0,14.0,28.0,4.3,1.57
35,Bishop,Bishop,2026-06-22,173,7.72,0.0,365.0,0.83,33.2,8.7,24.2,70.0,14.0,27.0,4.2,1.66
35,Bishop,Bishop,2026-06-23,174,7.4,0.0,364.0,0.98,34.8,10.6,24.6,68.0,18.0,32.0,6.6,1.45
35,Bishop,Bishop,2026-06-24,175,7.46,0.0,360.0,1.08,34.7,12.2,24.9,65.0,17.0,34.0,8.1,1.48
35,Bishop,Bishop,2026-06-25,176,7.37,0.0,365.0,0.97,34.1,10.8,24.1,71.0,16.0,32.0,6.5,1.4
35,Bishop,Bishop,2026-06-26,177,6.08,0.0,291.0,0.99,31.4,8.7,20.8,67.0,24.0,40.0,6.8,1.79
35,Bishop,Bishop,2026-06-27,178,7.3,0.0,371.0,0.74,30.3,6.9,20.8,75.0,13.0,30.0,2.7,1.64
35,Bishop,Bishop,2026-06-28,179,7.07,0.0,365.0,0.61,26.6,6.5,18.8,57.0,19.0,28.0,-0.1,2.11
35,Bishop,Bishop,2026-06-29,180,5.86,0.0,320.0,0.73,26.3,3.8,17.3,71.0,26.0,37.0,2.5,1.56
35,Bishop,Bishop,2026-06-30,181,6.34,0.0,362.0,0.91,30.6,7.4,20.1,68.0,23.0,39.0,5.6,1.08
35,Bishop,Bishop,2026-07-01,182,6.76,0.0,342.0,0.95,30.3,9.3,21.5,74.0,24.0,37.0,6.2,1.58
35,Bishop,Bishop,2026-07-02,183,6.89,0.0,352.0,0.92,30.9,8.7,21.3,76.0,20.0,36.0,5.7,1.42
35,Bishop,Bishop,2026-07-03,184,7.17,0.0,361.0,0.86,32.0,8.4,22.7,70.0,19.0,31.0,4.9,1.44
35,Bishop,Bishop,2026-07-04,185,7.33,0.0,347.0,0.93,33.4,8.8,23.9,71.0,15.0,31.0,5.9,1.55
35,Bishop,Bishop,2026-07-05,186,4.47,0.0,214.0,1.44,31.2,14.9,23.8,72.0,36.0,49.0,12.3,1.27
35,Bishop,Bishop,2026-07-06,187,6.68,0.0,337.0,1.35,34.3,12.2,23.4,83.0,25.0,47.0,11.4,1.25
35,Bishop,Bishop,2026-07-07,188,7.03,0.0,356.0,1.23,35.9,12.4,24.9,78.0,22.0,39.0,10.0,1.17
35,Bishop,Bishop,2026-07-08,189,7.18,0.0,359.0,1.05,37.4,10.9,25.5,75.0,14.0,32.0,7.7,1.16
35,Bishop,Bishop,2026-07-09,190,7.24,0.0,371.0,0.92,37.2,7.0,24.7,58.0,14.0,30.0,5.7,1.12
35,Bishop,Bishop,2026-07-10,191,7.03,0.0,361.0,1.05,38.6,10.0,25.3,71.0,15.0,33.0,7.7,1.04
35,Bishop,Bishop,2026-07-11,192,7.59,0.0,337.0,0.97,37.5,10.5,26.5,72.0,14.0,28.0,6.6,1.59
35,Bishop,Bishop,2026-07-12,193,4.06,0.0,176.0,1.23,33.0,15.1,24.6,63.0,20.0,40.0,10.0,1.17
35,Bishop,Bishop,2026-07-13,194,4.27,0.0,200.0,1.54,34.3,14.7,24.0,75.0,29.0,52.0,13.4,1.29
35,Bishop,Bishop,2026-07-14,195,5.85,0.0,296.0,1.66,35.0,15.1,24.5,88.0,30.0,54.0,14.6,1.21
35,Bishop,Bishop,2026-07-15,196,6.79,0.0,341.0,1.58,36.0,15.1,26.1,85.0,27.0,47.0,13.8,1.2
35,Bishop,Bishop,2026-07-16,197,7.23,0.0,346.0,1.25,35.8,15.0,26.5,75.0,20.0,36.0,10.2,1.37
35,Bishop,Bishop,2026-07-17,198,7.24,0.0,349.0,1.12,34.7,12.4,25.9,66.0,23.0,34.0,8.7,1.42
35,Bishop,Bishop,2026-07-18,199,5.64,0.0,284.0,1.45,35.9,12.7,23.8,72.0,28.0,49.0,12.5,1.09
35,Bishop,Bishop,2026-07-20,201,5.08,0.0,232.0,1.66,36.0,16.8,25.5,76.0,29.0,51.0,14.6,1.49
35,Bishop,Bishop,2026-07-21,202,4.64,0.0,230.0,1.73,34.6,15.8,24.0,86.0,35.0,58.0,15.3,1.18
35,Bishop,Bishop,2026-07-22,203,5.62,0.0,291.0,1.75,35.5,14.2,25.6,88.0,35.0,53.0,15.4,0.9
35,Bishop,Bishop,2026-07-23,204,7.1,0.0,333.0,1.42,36.9,15.1,27.2,80.0,22.0,40.0,12.2,1.37
35,Bishop,Bishop,2026-07-24,205,5.91,0.5,276.0,1.5,37.7,12.7,25.9,72.0,27.0,45.0,13.0,1.27
35,Bishop,Bishop,2026-07-25,206,6.32,0.0,295.0,1.51,37.5,14.9,27.0,85.0,22.0,42.0,13.1,1.21
35,Bishop,Bishop,2026-07-26,207,5.63,0.0,246.0,1.3,35.8,14.0,26.5,77.0,20.0,37.0,10.8,1.29
35,Bishop,Bishop,2026-07-27,208,6.87,0.0,343.0,1.12,36.0,12.1,25.6,69.0,20.0,34.0,8.7,1.15
35,Bishop,Bishop,2026-07-28,209,7.29,0.0,349.0,0.93,35.2,9.8,25.2,76.0,15.0,29.0,6.0,1.38
35,Bishop,Bishop,2026-07-29,210,6.71,0.0,349.0,0.96,35.8,9.7,23.9,69.0,16.0,32.0,6.4,1.04
35,Bishop,Bishop,2026-07-30,211,7.12,0.0,347.0,0.85,35.9,8.4,24.6,75.0,12.0,28.0,4.6,1.31
35,Bishop,Bishop,2026-07-31,212,7.21,0.0,349.0,0.81,37.1,10.4,25.4,60.0,13.0,25.0,4.0,1.28
35,Bishop,Bishop,2026-08-01,213,7.07,0.0,345.0,0.92,38.0,9.9,25.9,63.0,13.0,27.0,5.7,1.19
35,Bishop,Bishop,2026-08-02,214,6.85,0.0,338.0,1.1,39.0,11.3,26.1,64.0,17.0,32.0,8.3,1.13
35,Bishop,Bishop,2026-08-03,215,6.68,0.0,338.0,1.15,39.1,10.4,24.8,70.0,16.0,37.0,9.1,1.1
35,Bishop,Bishop,2026-08-04,216,6.77,0.0,334.0,0.99,38.8,9.5,25.5,70.0,15.0,30.0,6.8,1.14
35,Bishop,Bishop,2026-08-05,217,6.61,0.0,330.0,1.11,39.8,10.1,25.9,75.0,15.0,33.0,8.5,1.04
35,Bishop,Bishop,2026-08-06,218,5.99,0.0,294.0,1.28,39.9,12.6,25.6,63.0,16.0,39.0,10.6,1.05
35,Bishop,Bishop,2026-08-07,219,6.45,0.0,310.0,1.25,39.8,13.5,27.2,70.0,17.0,35.0,10.3,1.05
35,Bishop,Bishop,2026-08-08,220,6.0,0.0,260.0,1.35,39.0,14.6,26.0,75.0,22.0,40.0,11.5,1.47
35,Bishop,Bishop,2026-08-09,221,6.6,0.0,309.0,1.34,38.1,13.7,27.3,79.0,21.0,37.0,11.3,1.24
35,Bishop,Bishop,2026-08-10,222,5.8,0.0,272.0,1.34,36.3,13.8,26.0,72.0,22.0,40.0,11.3,1.22
35,Bishop,Bishop,2026-08-11,223,3.5,0.1,156.0,1.41,34.7,14.5,23.6,72.0,28.0,49.0,12.1,1.28
35,Bishop,Bishop,2026-08-12,224,3.06,0.1,131.0,1.56,29.8,13.1,20.7,84.0,39.0,64.0,13.6,1.08
35,Bishop,Bishop,2026-08-13,225,3.55,0.0,172.0,1.41,29.2,10.1,17.8,93.0,45.0,69.0,12.1,1.08
35,Bishop,Bishop,2026-08-14,226,5.87,0.0,314.0,1.13,31.5,7.8,19.6,96.0,23.0,50.0,8.8,1.32
35,Bishop,Bishop,2026-08-15,227,6.58,0.0,324.0,0.88,31.7,7.4,21.8,80.0,20.0,34.0,5.1,1.67
35,Bishop,Bishop,2026-08-16,228,5.82,0.0,271.0,1.04,33.0,8.2,23.1,77.0,25.0,37.0,7.6,1.46
35,Bishop,Bishop,2026-08-17,229,6.06,0.0,291.0,1.2,34.6,12.8,24.2,70.0,23.0,40.0,9.7,1.41
35,Bishop,Bishop,2026-08-18,230,5.83,0.0,300.0,1.22,36.1,11.6,24.7,77.0,21.0,39.0,9.9,0.97
35,Bishop,Bishop,2026-08-19,231,5.55,0.0,261.0,1.18,35.0,11.9,24.6,79.0,20.0,38.0,9.4,1.2
35,Bishop,Bishop,2026-08-20,232,6.6,0.0,312.0,1.06,35.7,10.7,25.7,75.0,18.0,32.0,7.8,1.38
35,Bishop,Bishop,2026-08-21,233,5.71,0.0,263.0,1.2,35.7,14.6,25.1,61.0,23.0,38.0,9.7,1.36
35,Bishop,Bishop,2026-08-22,234,4.75,0.0,229.0,1.22,35.2,12.0,24.9,77.0,25.0,39.0,9.9,1.07
35,Bishop,Bishop,2026-08-23,235,5.84,0.0,261.0,1.07,34.7,10.5,23.5,79.0,19.0,37.0,8.0,1.49
35,Bishop,Bishop,2026-08-24,236,5.9,0.0,262.0,1.02,34.9,10.1,23.4,74.0,18.0,35.0,7.2,1.55
35,Bishop,Bishop,2026-08-25,237,5.03,0.0,264.0,1.22,36.0,9.1,22.8,74.0,21.0,44.0,9.8,0.92
35,Bishop,Bishop,2026-08-26,238,4.82,0.0,238.0,1.19,35.7,10.7,23.7,77.0,22.0,41.0,9.6,1.01
35,Bishop,Bishop,2026-08-27,239,3.28,0.0,157.0,1.29,33.7,11.3,21.6,74.0,27.0,50.0,10.8,1.16
35,Bishop,Bishop,2026-08-28,240,3.03,0.0,190.0,1.53,30.3,15.2,24.1,84.0,39.0,51.0,13.3,1.06
35,Bishop,Bishop,2026-08-29,241,5.45,0.0,266.0,1.19,33.2,12.3,23.0,84.0,22.0,42.0,9.5,1.27
35,Bishop,Bishop,2026-08-30,242,5.69,0.0,297.0,0.89,32.0,6.9,21.4,77.0,20.0,35.0,5.3,1.17
35,Bishop,Bishop,2026-08-31,243,6.2,0.0,289.0,0.9,30.5,8.2,21.6,79.0,19.0,35.0,5.5,1.82
35,Bishop,Bishop,2026-09-01,244,6.48,0.0,301.0,0.61,29.0,9.7,21.3,49.0,10.0,24.0,0.0,2.04
35,Bishop,Bishop,2026-09-02,245,5.2,0.0,291.0,0.67,29.1,3.6,17.6,64.0,18.0,33.0,1.2,1.18
41,Calipatria/Mulberry,Imperial/Coachella Valley,2021-09-01,244,6.11,0.0,295.0,2.64,36.3,23.5,29.1,95.0,37.0,66.0,22.0,1.89
41,Calipatria/Mulberry,Imperial/Coachella Valley,2021-09-02,245,6.53,0.0,294.0,2.56,37.7,22.8,30.3,93.0,37.0,59.0,21.5,2.08
41,Calipatria/Mulberry,Imperial/Coachella Valley,2021-09-03,246,6.64,0.0,306.0,2.04,40.8,23.5,31.1,80.0,16.0,45.0,17.8,1.42
41,Calipatria/Mulberry,Imperial/Coachella Valley,2021-09-04,247,7.05,0.0,303.0,1.51,41.7,21.0,31.8,65.0,12.0,32.0,13.1,1.44
41,Calipatria/Mulberry,Imperial/Coachella Valley,2021-09-05,248,7.32,0.0,299.0,1.92,42.7,24.5,33.5,71.0,12.0,37.0,16.9,2.22
41,Calipatria/Mulberry,Imperial/Coachella Valley,2021-09-06,249,7.89,0.0,286.0,2.64,39.8,27.8,33.4,70.0,33.0,51.0,22.0,3.58
41,Calipatria/Mulberry,Imperial/Coachella Valley,2021-09-07,250,7.0,0.0,284.0,2.48,41.0,26.7,33.6,68.0,29.0,48.0,20.9,2.15
41,Calipatria/Mulberry,Imperial/Coachella Valley,2021-09-08,251,8.18,0.0,275.0,2.34,40.7,27.7,33.7,70.0,29.0,45.0,20.0,3.58
41,Calipatria/Mulberry,Imperial/Coachella Valley,2021-09-09,252,7.63,0.0,282.0,2.26,42.3,26.7,34.3,62.0,25.0,42.0,19.5,2.34
41,Calipatria/Mulberry,Imperial/Coachella Valley,2021-09-10,253,8.42,0.0,273.0,2.14,42.7,27.0,34.1,56.0,17.0,40.0,18.6,3.19
41,Calipatria/Mulberry,Imperial/Coachella Valley,2021-09-11,254,7.18,0.0,282.0,2.32,41.5,27.5,34.0,67.0,23.0,44.0,19.9,2.13
41,Calipatria/Mulberry,Imperial/Coachella Valley,2021-09-12,255,7.06,0.0,285.0,1.87,43.3,26.5,34.5,60.0,16.0,34.0,16.4,1.52
41,Calipatria/Mulberry,Imperial/Coachella Valley,2021-09-13,256,7.47,0.0,286.0,1.1,44.0,24.9,34.5,40.0,9.0,20.0,8.4,1.72
41,Calipatria/Mulberry,Imperial/Coachella Valley,2021-09-14,257,8.02,0.0,282.0,1.01,42.0,23.1,32.5,37.0,12.0,21.0,7.1,2.11
41,Calipatria/Mulberry,Imperial/Coachella Valley,2021-09-15,258,7.05,0.0,290.0,0.95,40.7,20.9,31.3,40.0,10.0,21.0,6.2,1.51
41,Calipatria/Mulberry,Imperial/Coachella Valley,2021-09-16,259,6.72,0.0,290.0,0.79,40.4,18.7,30.2,35.0,7.0,18.0,3.6,1.4
41,Calipatria/Mulberry,Imperial/Coachella Valley,2021-09-17,260,6.72,0.1,256.0,1.85,39.5,23.7,31.1,57.0,30.0,41.0,16.3,2.11
41,Calipatria/Mulberry,Imperial/Coachella Valley,2021-09-18,261,7.51,0.0,278.0,0.98,39.6,22.0,30.6,43.0,11.0,22.0,6.7,2.1
41,Calipatria/Mulberry,Imperial/Coachella Valley,2021-09-19,262,6.65,0.0,279.0,0.87,39.1,18.7,28.7,41.0,10.0,22.0,4.9,1.61
41,Calipatria/Mulberry,Imperial/Coachella Valley,2021-09-20,263,6.96,0.0,284.0,1.02,38.2,16.6,28.2,48.0,15.0,27.0,7.2,1.88
41,Calipatria/Mulberry,Imperial/Coachella Valley,2021-09-21,264,6.55,0.0,278.0,1.07,40.0,18.7,29.5,56.0,10.0,26.0,7.9,1.53
41,Calipatria/Mulberry,Imperial/Coachella Valley,2021-09-22,265,6.73,0.0,277.0,0.93,41.4,18.1,30.2,45.0,8.0,22.0,5.9,1.53
41,Calipatria/Mulberry,Imperial/Coachella Valley,2021-09-23,266,6.12,0.3,169.0,2.04,37.9,25.4,30.6,67.0,28.0,46.0,17.8,3.17
41,Calipatria/Mulberry,Imperial/Coachella Valley,2021-09-24,267,3.05,0.0,96.0,1.97,32.3,21.4,25.7,78.0,47.0,60.0,17.3,2.21
41,Calipatria/Mulberry,Imperial/Coachella Valley,2021-09-25,268,5.56,0.0,264.0,1.68,33.7,18.7,26.1,76.0,31.0,50.0,14.7,1.7
41,Calipatria/Mulberry,Imperial/Coachella Valley,2021-09-26,269,4.9,0.0,204.0,2.02,34.9,20.9,27.4,74.0,37.0,55.0,17.6,2.08
41,Calipatria/Mulberry,Imperial/Coachella Valley,2021-09-27,270,5.52,0.0,251.0,1.8,35.2,20.5,27.7,74.0,29.0,48.0,15.8,1.76
41,Calipatria/Mulberry,Imperial/Coachella Valley,2021-09-28,271,6.24,0.0,246.0,1.32,36.3,18.3,25.9,68.0,19.0,39.0,11.1,2.17
41,Calipatria/Mulberry,Imperial/Coachella Valley,2021-09-29,272,5.67,0.0,254.0,1.13,32.2,16.9,24.3,54.0,21.0,37.0,8.8,2.01
41,Calipatria/Mulberry,Imperial/Coachella Valley,2021-09-30,273,6.7,0.0,267.0,0.8,35.1,15.0,25.0,52.0,9.0,25.0,3.7,1.97
41,Calipatria/Mulberry,Imperial/Coachella Valley,2021-10-01,274,6.06,0.0,274.0,0.66,35.1,10.9,23.4,51.0,8.0,23.0,1.0,1.59
41,Calipatria/Mulberry,Imperial/Coachella Valley,2021-10-02,275,5.68,0.0,253.0,0.89,36.0,13.6,25.1,58.0,12.0,28.0,5.2,1.47
41,Calipatria/Mulberry,Imperial/Coachella Valley,2021-10-03,276,5.73,0.0,242.0,0.91,37.1,15.4,26.1,54.0,11.0,27.0,5.6,1.52
41,Calipatria/Mulberry,Imperial/Coachella Valley,2021-10-04,277,5.29,0.0,221.0,0.93,37.2,17.2,26.7,45.0,14.0,26.0,5.9,1.48
41,Calipatria/Mulberry,Imperial/Coachella Valley,2021-10-05,278,5.82,0.0,242.0,1.51,32.9,21.2,26.9,67.0,29.0,43.0,13.1,2.52
41,Calipatria/Mulberry,Imperial/Coachella Valley,2021-10-06,279,4.48,0.0,211.0,1.61,33.0,18.4,26.0,67.0,32.0,48.0,14.1,1.41
41,Calipatria/Mulberry,Imperial/Coachella Valley,2021-10-07,280,4.18,0.0,185.0,1.45,32.1,20.8,26.1,64.0,26.0,43.0,12.5,1.44
41,Calipatria/Mulberry,Imperial/Coachella Valley,2021-10-08,281,4.09,0.0,112.0,1.43,27.9,17.8,23.5,71.0,37.0,49.0,12.2,3.01
41,Calipatria/Mulberry,Imperial/Coachella Valley,2021-10-09,282,5.05,0.0,239.0,1.0,29.8,13.1,21.4,63.0,15.0,39.0,7.0,1.87
41,Calipatria/Mulberry,Imperial/Coachella Valley,2021-10-10,283,5.44,0.0,250.0,0.8,31.1,11.9,21.9,72.0,14.0,31.0,3.8,1.74
41,Calipatria/Mulberry,Imperial/Coachella Valley,2021-10-11,284,7.93,0.0,247.0,0.72,32.8,11.8,21.1,49.0,9.0,29.0,2.3,5.03
41,Calipatria/Mulberry,Imperial/Coachella Valley,2021-10-12,285,5.11,0.0,242.0,0.47,23.7,10.1,17.2,40.0,13.0,24.0,-3.5,2.44
41,Calipatria/Mulberry,Imperial/Coachella Valley,2021-10-13,286,4.38,0.0,242.0,0.58,26.2,5.9,16.8,57.0,16.0,30.0,-0.7,1.33
41,Calipatria/Mulberry,Imperial/Coachella Valley,2021-10-14,287,4.48,0.0,239.0,0.64,28.7,8.1,18.4,54.0,12.0,30.0,0.6,1.36
41,Calipatria/Mulberry,Imperial/Coachella Valley,2021-10-15,288,6.08,0.0,240.0,0.64,29.7,10.0,20.3,56.0,11.0,27.0,0.6,2.6
41,Calipatria/Mulberry,Imperial/Coachella Valley,2021-10-16,289,5.06,0.0,239.0,0.63,32.3,8.2,20.5,45.0,9.0,26.0,0.4,1.5
41,Calipatria/Mulberry,Imperial/Coachella Valley,2021-10-17,290,5.14,0.0,225.0,0.67,32.5,11.2,21.1,49.0,11.0,27.0,1.3,1.76
41,Calipatria/Mulberry,Imperial/Coachella Valley,2021-10-18,291,5.74,0.0,219.0,0.93,26.4,13.5,19.7,53.0,32.0,40.0,5.8,4.6
41,Calipatria/Mulberry,Imperial/Coachella Valley,2021-10-19,292,4.09,0.0,228.0,0.84,26.4,9.1,17.5,62.0,23.0,42.0,4.4,1.42
41,Calipatria/Mulberry,Imperial/Coachella Valley,2021-10-20,293,4.24,0.0,227.0,0.89,28.5,8.0,18.2,69.0,21.0,42.0,5.2,1.36
41,Calipatria/Mulberry,Imperial/Coachella Valley,2021-10-21,294,4.18,0.0,224.0,0.96,30.7,9.6,19.6,65.0,22.0,42.0,6.3,1.25
41,Calipatria/Mulberry,Imperial/Coachella Valley,2021-10-22,295,4.25,0.0,222.0,0.99,31.5,10.2,20.5,67.0,20.0,41.0,6.8,1.4
41,Calipatria/Mulberry,Imperial/Coachella Valley,2021-10-23,296,4.53,0.0,199.0,1.12,29.2,12.9,21.0,59.0,29.0,45.0,8.7,2.12
41,Calipatria/Mulberry,Imperial/Coachella Valley,2021-10-24,297,3.89,0.0,209.0,1.18,29.6,12.9,20.7,79.0,26.0,49.0,9.4,1.46
41,Calipatria/Mulberry,Imperial/Coachella Valley,2021-10-25,298,4.62,0.0,207.0,1.54,29.6,15.1,21.4,93.0,36.0,60.0,13.4,3.7
41,Calipatria/Mulberry,Imperial/Coachella Valley,2021-10-26,299,4.52,0.0,217.0,0.87,25.6,11.4,18.3,69.0,21.0,41.0,5.0,2.51
41,Calipatria/Mulberry,Imperial/Coachella Valley,2021-10-27,300,3.88,0.0,211.0,0.9,29.3,8.9,18.8,70.0,20.0,41.0,5.4,1.28
41,Calipatria/Mulberry,Imperial/Coachella Valley,2021-10-28,301,4.52,0.0,210.0,0.94,32.7,11.3,21.2,60.0,16.0,37.0,6.0,1.49
41,Calipatria/Mulberry,Imperial/Coachella Valley,2021-10-29,302,3.95,0.0,208.0,1.09,33.4,11.9,21.6,67.0,19.0,42.0,8.2,1.17
41,Calipatria/Mulberry,Imperial/Coachella Valley,2021-10-30,303,4.59,0.0,204.0,1.23,32.5,13.8,22.4,64.0,24.0,45.0,10.0,2.22
41,Calipatria/Mulberry,Imperial/Coachella Valley,2021-10-31,304,4.21,0.0,205.0,1.24,31.0,13.9,22.2,80.0,26.0,46.0,10.2,1.82
41,Calipatria/Mulberry,Imperial/Coachella Valley,2021-11-01,305,3.21,0.0,169.0,1.3,29.3,13.4,20.8,79.0,27.0,53.0,10.8,1.54
41,Calipatria/Mulberry,Imperial/Coachella Valley,2021-11-02,306,3.71,0.0,204.0,1.12,29.7,11.8,20.0,83.0,19.0,48.0,8.6,1.37
41,Calipatria/Mulberry,Imperial/Coachella Valley,2021-11-03,307,3.79,0.0,202.0,1.02,31.6,11.1,20.4,73.0,19.0,42.0,7.2,1.21
41,Calipatria/Mulberry,Imperial/Coachella Valley,2021-11-04,308,3.85,0.0,202.0,1.0,32.3,10.9,20.7,68.0,20.0,41.0,7.0,1.23
41,Calipatria/Mulberry,Imperial/Coachella Valley,2021-11-05,309,3.86,0.0,201.0,1.03,32.7,11.7,21.2,76.0,20.0,41.0,7.4,1.31
41,Calipatria/Mulberry,Imperial/Coachella Valley,2021-11-06,310,4.05,0.0,196.0,1.29,31.2,11.4,20.9,74.0,29.0,52.0,10.8,1.75
41,Calipatria/Mulberry,Imperial/Coachella Valley,2021-11-07,311,3.2,0.0,171.0,1.48,30.1,14.0,20.0,83.0,34.0,63.0,12.8,1.58
41,Calipatria/Mulberry,Imperial/Coachella Valley,2021-11-08,312,3.17,0.0,194.0,1.35,28.7,12.2,18.8,99.0,27.0,62.0,11.4,1.51
41,Calipatria/Mulberry,Imperial/Coachella Valley,2021-11-09,313,3.2,0.0,190.0,1.32,29.5,12.4,19.9,99.0,20.0,57.0,11.1,1.59
41,Calipatria/Mulberry,Imperial/Coachella Valley,2021-11-10,314,3.56,0.0,189.0,1.33,29.5,12.6,20.3,89.0,29.0,56.0,11.2,1.56
41,Calipatria/Mulberry,Imperial/Coachella Valley,2021-11-11,315,4.16,0.0,190.0,1.06,31.8,12.6,21.8,80.0,20.0,41.0,7.9,1.57
41,Calipatria/Mulberry,Imperial/Coachella Valley,2021-11-12,316,4.34,0.0,190.0,1.04,32.6,13.0,21.8,71.0,15.0,40.0,7.5,1.63
41,Calipatria/Mulberry,Imperial/Coachella Valley,2021-11-13,317,3.4,0.0,188.0,1.12,31.8,9.8,19.6,77.0,21.0,49.0,8.7,1.15
41,Calipatria/Mulberry,Imperial/Coachella Valley,2021-11-14,318,3.24,0.0,187.0,1.1,32.0,10.3,19.3,79.0,20.0,49.0,8.4,1.09
41,Calipatria/Mulberry,Imperial/Coachella Valley,2021-11-15,319,3.29,0.0,189.0,1.05,32.9,9.6,18.7,75.0,16.0,48.0,7.6,1.16
41,Calipatria/Mulberry,Imperial/Coachella Valley,2021-11-16,320,2.92,0.0,152.0,0.96,29.7,9.6,17.8,78.0,17.0,47.0,6.4,1.38
41,Calipatria/Mulberry,Imperial/Coachella Valley,2021-11-17,321,3.09,0.0,175.0,1.08,28.7,11.5,18.0,72.0,22.0,52.0,8.1,1.32
41,Calipatria/Mulberry,Imperial/Coachella Valley,2021-11-18,322,2.89,0.0,170.0,0.92,27.6,7.8,16.7,81.0,21.0,48.0,5.7,1.11
41,Calipatria/Mulberry,Imperial/Coachella Valley,2021-11-19,323,2.95,0.0,166.0,0.97,28.2,7.9,16.5,79.0,20.0,52.0,6.6,1.27
41,Calipatria/Mulberry,Imperial/Coachella Valley,2021-11-20,324,2.47,0.0,149.0,1.02,25.3,7.8,16.0,81.0,29.0,56.0,7.3,1.1
41,Calipatria/Mulberry,Imperial/Coachella Valley,2021-11-21,325,3.95,0.0,144.0,0.8,27.7,9.7,18.1,74.0,15.0,38.0,3.7,2.08
41,Calipatria/Mulberry,Imperial/Coachella Valley,2021-11-22,326,3.03,0.0,152.0,0.88,26.8,7.7,17.5,77.0,19.0,44.0,5.2,1.4
41,Calipatria/Mulberry,Imperial/Coachella Valley,2021-11-23,327,1.66,0.0,72.0,1.08,24.3,10.0,17.1,72.0,34.0,55.0,8.0,1.31
41,Calipatria/Mulberry,Imperial/Coachella Valley,2021-11-24,328,4.01,0.0,169.0,0.68,25.8,8.2,15.3,80.0,13.0,39.0,1.5,2.31
41,Calipatria/Mulberry,Imperial/Coachella Valley,2021-11-25,329,4.74,0.0,166.0,0.44,23.0,8.7,16.1,49.0,12.0,24.0,-4.4,3.21
41,Calipatria/Mulberry,Imperial/Coachella Valley,2021-11-26,330,2.92,0.0,168.0,0.66,24.9,5.4,14.0,75.0,18.0,41.0,1.1,1.3
41,Calipatria/Mulberry,Imperial/Coachella Valley,2021-11-27,331,2.62,0.0,166.0,0.71,25.5,3.8,13.4,74.0,20.0,47.0,2.2,1.12
41,Calipatria/Mulberry,Imperial/Coachella Valley,2021-11-28,332,2.7,0.0,164.0,0.73,25.9,4.3,13.7,78.0,19.0,47.0,2.5,1.16
41,Calipatria/Mulberry,Imperial/Coachella Valley,2021-11-29,333,2.69,0.0,164.0,0.86,29.2,5.9,15.0,73.0,24.0,50.0,4.7,1.19
41,Calipatria/Mulberry,Imperial/Coachella Valley,2021-11-30,334,2.48,0.0,150.0,0.9,28.2,6.0,15.0,76.0,24.0,53.0,5.4,1.14
41,Calipatria/Mulberry,Imperial/Coachella Valley,2021-12-01,335,2.63,0.0,153.0,0.94,28.0,6.5,15.5,79.0,24.0,54.0,6.1,1.18
41,Calipatria/Mulberry,Imperial/Coachella Valley,2021-12-02,336,2.76,0.0,163.0,0.91,28.2,7.6,16.1,76.0,20.0,50.0,5.7,1.17
41,Calipatria/Mulberry,Imperial/Coachella Valley,2021-12-03,337,2.56,0.0,154.0,0.99,26.8,7.3,15.4,82.0,28.0,57.0,6.9,1.33
41,Calipatria/Mulberry,Imperial/Coachella Valley,2021-12-04,338,2.54,0.0,163.0,0.96,27.6,6.7,15.1,82.0,19.0,56.0,6.4,1.14
41,Calipatria/Mulberry,Imperial/Coachella Valley,2021-12-05,339,2.71,0.0,167.0,0.93,28.1,5.5,14.8,85.0,24.0,55.0,5.9,1.14
41,Calipatria/Mulberry,Imperial/Coachella Valley,2021-12-06,340,3.05,0.0,161.0,0.84,27.3,6.6,15.4,76.0,21.0,48.0,4.4,1.74
41,Calipatria/Mulberry,Imperial/Coachella Valley,2021-12-07,341,0.79,0.0,37.0,1.15,20.3,10.3,14.4,88.0,49.0,70.0,9.0,1.64
41,Calipatria/Mulberry,Imperial/Coachella Valley,2021-12-08,342,2.24,0.0,148.0,1.14,24.1,8.6,14.7,93.0,35.0,68.0,8.8,1.18
41,Calipatria/Mulberry,Imperial/Coachella Valley,2021-12-09,343,1.59,0.0,84.0,1.16,20.3,8.2,14.3,89.0,55.0,71.0,9.2,2.18
41,Calipatria/Mulberry,Imperial/Coachella Valley,2021-12-10,344,2.74,0.0,141.0,0.74,20.1,5.7,12.9,85.0,28.0,50.0,2.7,2.09
41,Calipatria/Mulberry,Imperial/Coachella Valley,2021-12-11,345,2.82,0.0,165.0,0.51,18.8,1.2,9.3,80.0,16.0,44.0,-2.4,1.66
41,Calipatria/Mulberry,Imperial/Coachella Valley,2021-12-12,346,2.18,0.0,162.0,0.58,19.8,-0.3,8.3,84.0,21.0,53.0,-0.6,1.11
41,Calipatria/Mulberry,Imperial/Coachella Valley,2021-12-13,347,1.24,0.0,81.0,0.69,16.8,1.9,8.7,84.0,32.0,62.0,1.8,1.07
41,Calipatria/Mulberry,Imperial/Coachella Valley,2021-12-14,348,2.92,0.0,115.0,0.9,21.1,8.3,14.0,79.0,41.0,56.0,5.5,4.16
41,Calipatria/Mulberry,Imperial/Coachella Valley,2021-12-15,349,2.26,0.0,157.0,0.64,16.4,2.0,8.8,83.0,31.0,57.0,0.7,1.62
41,Calipatria/Mulberry,Imperial/Coachella Valley,2021-12-16,350,2.0,0.0,158.0,0.6,17.2,-1.1,7.4,91.0,27.0,58.0,-0.3,1.12
41,Calipatria/Mulberry,Imperial/Coachella Valley,2021-12-17,351,2.88,0.0,161.0,0.6,20.1,2.1,10.4,83.0,20.0,48.0,-0.2,1.88
41,Calipatria/Mulberry,Imperial/Coachella Valley,2021-12-18,352,2.48,0.0,164.0,0.52,19.5,0.0,9.0,75.0,18.0,45.0,-2.2,1.32
41,Calipatria/Mulberry,Imperial/Coachella Valley,2021-12-19,353,2.19,0.0,161.0,0.58,20.4,-1.7,7.9,85.0,22.0,55.0,-0.6,1.16
41,Calipatria/Mulberry,Imperial/Coachella Valley,2021-12-20,354,2.14,0.0,149.0,0.67,20.4,-0.6,9.0,85.0,30.0,58.0,1.2,1.2
41,Calipatria/Mulberry,Imperial/Coachella Valley,2021-12-21,355,1.34,0.0,72.0,0.9,19.2,7.5,12.3,85.0,36.0,63.0,5.5,1.1
41,Calipatria/Mulberry,Imperial/Coachella Valley,2021-12-22,356,2.08,0.0,138.0,0.88,21.7,6.1,13.3,87.0,25.0,58.0,5.1,1.0
41,Calipatria/Mulberry,Imperial/Coachella Valley,2021-12-23,357,2.49,1.1,116.0,1.08,23.7,10.1,16.8,89.0,30.0,56.0,8.1,1.9
41,Calipatria/Mulberry,Imperial/Coachella Valley,2021-12-24,358,2.14,2.1,115.0,1.26,21.6,7.6,14.9,99.0,47.0,75.0,10.4,3.12
41,Calipatria/Mulberry,Imperial/Coachella Valley,2021-12-25,359,1.79,0.0,102.0,1.0,17.7,5.4,12.1,95.0,54.0,71.0,7.0,2.32
41,Calipatria/Mulberry,Imperial/Coachella Valley,2021-12-26,360,2.98,0.0,155.0,0.84,20.5,6.3,13.6,71.0,32.0,54.0,4.4,2.59
41,Calipatria/Mulberry,Imperial/Coachella Valley,2021-12-27,361,1.77,0.0,76.0,0.76,15.8,4.9,10.4,83.0,40.0,60.0,2.9,2.58
41,Calipatria/Mulberry,Imperial/Coachella Valley,2021-12-28,362,2.49,0.0,142.0,0.81,18.0,5.3,11.9,75.0,41.0,58.0,4.0,2.3
41,Calipatria/Mulberry,Imperial/Coachella Valley,2021-12-29,363,2.05,0.0,139.0,0.8,17.1,2.8,9.8,84.0,46.0,66.0,3.8,1.83
41,Calipatria/Mulberry,Imperial/Coachella Valley,2021-12-30,364,1.61,0.0,112.0,1.07,19.3,5.3,12.1,88.0,55.0,76.0,8.0,1.48
41,Calipatria/Mulberry,Imperial/Coachella Valley,2021-12-31,365,2.17,0.3,134.0,1.22,19.2,10.3,14.5,99.0,49.0,74.0,9.9,2.04
41,Calipatria/Mulberry,Imperial/Coachella Valley,2022-01-01,1,3.53,0.0,169.0,0.48,17.1,4.0,10.9,62.0,14.0,37.0,-3.2,3.15
41,Calipatria/Mulberry,Imperial/Coachella Valley,2022-01-02,2,2.49,0.0,169.0,0.42,16.0,-2.3,6.5,81.0,17.0,43.0,-5.1,1.57
41,Calipatria/Mulberry,Imperial/Coachella Valley,2022-01-03,3,2.26,0.0,170.0,0.48,17.5,-3.1,5.7,87.0,21.0,53.0,-3.2,1.16
41,Calipatria/Mulberry,Imperial/Coachella Valley,2022-01-04,4,2.18,0.0,150.0,0.56,18.2,-0.9,7.5,83.0,22.0,53.0,-1.3,1.32
41,Calipatria/Mulberry,Imperial/Coachella Valley,2022-01-05,5,2.25,0.0,152.0,0.67,20.7,-0.5,9.0,88.0,25.0,58.0,1.2,1.24
41,Calipatria/Mulberry,Imperial/Coachella Valley,2022-01-06,6,2.06,0.0,146.0,0.77,23.2,1.3,10.6,93.0,28.0,60.0,3.2,1.12
41,Calipatria/Mulberry,Imperial/Coachella Valley,2022-01-07,7,2.29,0.0,149.0,0.83,22.5,2.8,11.1,94.0,29.0,63.0,4.3,1.31
41,Calipatria/Mulberry,Imperial/Coachella Valley,2022-01-08,8,1.8,0.0,128.0,0.97,20.6,4.7,11.5,92.0,44.0,72.0,6.5,1.2
41,Calipatria/Mulberry,Imperial/Coachella Valley,2022-01-09,9,2.42,0.0,155.0,0.79,23.9,2.6,11.4,96.0,25.0,59.0,3.7,1.29
41,Calipatria/Mulberry,Imperial/Coachella Valley,2022-01-10,10,1.98,0.0,113.0,0.8,22.8,3.0,11.3,89.0,31.0,60.0,3.8,1.34
41,Calipatria/Mulberry,Imperial/Coachella Valley,2022-01-11,11,2.04,0.0,127.0,0.79,22.6,3.7,11.0,84.0,25.0,60.0,3.6,1.23
41,Calipatria/Mulberry,Imperial/Coachella Valley,2022-01-12,12,1.78,0.0,114.0,0.78,21.1,2.9,10.3,88.0,33.0,62.0,3.4,1.19
41,Calipatria/Mulberry,Imperial/Coachella Valley,2022-01-13,13,2.22,0.0,143.0,0.81,23.1,0.9,11.5,87.0,27.0,59.0,3.9,1.17
41,Calipatria/Mulberry,Imperial/Coachella Valley,2022-01-14,14,2.91,0.0,154.0,0.85,25.1,8.3,15.4,81.0,25.0,49.0,4.7,1.57
41,Calipatria/Mulberry,Imperial/Coachella Valley,2022-01-15,15,1.97,0.0,106.0,0.84,23.6,6.2,13.5,84.0,22.0,54.0,4.4,1.18
41,Calipatria/Mulberry,Imperial/Coachella Valley,2022-01-16,16,2.3,0.0,148.0,0.83,23.2,4.0,12.6,90.0,21.0,57.0,4.2,1.12
41,Calipatria/Mulberry,Imperial/Coachella Valley,2022-01-17,17,2.81,0.0,170.0,0.84,24.1,6.3,14.2,81.0,21.0,52.0,4.4,1.3
41,Calipatria/Mulberry,Imperial/Coachella Valley,2022-01-18,18,2.83,0.0,169.0,1.05,23.3,8.0,15.1,87.0,39.0,61.0,7.7,1.52
41,Calipatria/Mulberry,Imperial/Coachella Valley,2022-01-19,19,2.69,0.0,176.0,1.01,24.0,5.0,13.0,98.0,31.0,67.0,7.2,1.23
41,Calipatria/Mulberry,Imperial/Coachella Valley,2022-01-20,20,3.98,0.0,183.0,0.69,24.6,4.6,13.8,84.0,15.0,44.0,1.8,2.15
41,Calipatria/Mulberry,Imperial/Coachella Valley,2022-01-21,21,3.26,0.0,181.0,0.68,22.2,1.8,12.8,85.0,24.0,46.0,1.5,2.02
41,Calipatria/Mulberry,Imperial/Coachella Valley,2022-01-22,22,3.68,0.0,125.0,0.63,21.5,8.9,15.3,64.0,23.0,37.0,0.5,3.16
41,Calipatria/Mulberry,Imperial/Coachella Valley,2022-01-23,23,3.4,0.0,183.0,0.7,24.4,5.9,14.0,77.0,18.0,44.0,1.9,1.62
41,Calipatria/Mulberry,Imperial/Coachella Valley,2022-01-24,24,2.87,0.0,185.0,0.79,25.0,1.4,11.7,87.0,23.0,57.0,3.6,1.32
41,Calipatria/Mulberry,Imperial/Coachella Valley,2022-01-25,25,2.64,0.0,165.0,0.8,23.1,2.2,12.3,85.0,33.0,56.0,3.8,1.41
41,Calipatria/Mulberry,Imperial/Coachella Valley,2022-01-26,26,3.29,0.0,193.0,0.57,21.3,2.9,12.0,77.0,17.0,41.0,-0.9,1.53
41,Calipatria/Mulberry,Imperial/Coachella Valley,2022-01-27,27,3.14,0.0,194.0,0.61,22.1,-0.5,9.5,91.0,15.0,51.0,0.0,1.46
41,Calipatria/Mulberry,Imperial/Coachella Valley,2022-01-28,28,3.14,0.0,145.0,0.52,22.2,1.4,10.5,80.0,10.0,41.0,-2.1,1.89
41,Calipatria/Mulberry,Imperial/Coachella Valley,2022-01-29,29,2.11,0.0,125.0,0.71,20.5,-0.1,9.4,89.0,32.0,60.0,2.0,1.33
41,Calipatria/Mulberry,Imperial/Coachella Valley,2022-01-30,30,3.15,0.0,195.0,0.67,24.7,0.2,10.6,86.0,15.0,52.0,1.3,1.37
41,Calipatria/Mulberry,Imperial/Coachella Valley,2022-01-31,31,2.34,0.0,155.0,0.72,21.9,0.7,10.7,80.0,27.0,56.0,2.3,1.21
41,Calipatria/Mulberry,Imperial/Coachella Valley,2022-02-01,32,2.63,0.0,153.0,0.73,21.9,5.0,12.7,79.0,26.0,50.0,2.5,1.35
41,Calipatria/Mulberry,Imperial/Coachella Valley,2022-02-02,33,4.77,0.0,202.0,0.3,16.5,1.9,10.1,69.0,12.0,25.0,-9.2,4.09
41,Calipatria/Mulberry,Imperial/Coachella Valley,2022-02-03,34,4.05,0.0,203.0,0.31,18.3,1.4,10.3,57.0,11.0,25.0,-9.0,2.73
41,Calipatria/Mulberry,Imperial/Coachella Valley,2022-02-04,35,3.55,0.0,204.0,0.43,19.6,-1.2,8.6,79.0,12.0,38.0,-4.9,1.79
41,Calipatria/Mulberry,Imperial/Coachella Valley,2022-02-05,36,3.14,0.0,207.0,0.5,21.5,-2.3,8.2,82.0,14.0,46.0,-2.7,1.33
41,Calipatria/Mulberry,Imperial/Coachella Valley,2022-02-06,37,4.49,0.0,209.0,0.47,26.5,-0.6,12.4,78.0,10.0,33.0,-3.4,2.18
41,Calipatria/Mulberry,Imperial/Coachella Valley,2022-02-07,38,3.9,0.0,208.0,0.49,25.7,2.8,14.7,70.0,10.0,29.0,-3.1,1.76
41,Calipatria/Mulberry,Imperial/Coachella Valley,2022-02-08,39,3.48,0.0,204.0,0.63,25.1,0.5,11.8,82.0,16.0,46.0,0.5,1.37
41,Calipatria/Mulberry,Imperial/Coachella Valley,2022-02-09,40,4.82,0.0,214.0,0.61,28.9,3.7,16.8,71.0,9.0,32.0,0.0,1.95
41,Calipatria/Mulberry,Imperial/Coachella Valley,2022-02-10,41,5.55,0.0,209.0,0.73,28.0,7.4,19.0,77.0,19.0,33.0,2.4,2.99
41,Calipatria/Mulberry,Imperial/Coachella Valley,2022-02-11,42,3.68,0.0,213.0,0.97,30.0,5.4,15.9,82.0,24.0,54.0,6.5,1.25
41,Calipatria/Mulberry,Imperial/Coachella Valley,2022-02-12,43,3.86,0.0,217.0,0.84,29.7,5.8,16.0,79.0,15.0,46.0,4.5,1.32
41,Calipatria/Mulberry,Imperial/Coachella Valley,2022-02-13,44,3.61,0.0,224.0,0.8,28.4,2.4,13.4,85.0,15.0,52.0,3.7,1.14
41,Calipatria/Mulberry,Imperial/Coachella Valley,2022-02-14,45,3.74,0.0,224.0,0.8,27.6,1.9,13.0,87.0,18.0,53.0,3.7,1.39
41,Calipatria/Mulberry,Imperial/Coachella Valley,2022-02-15,46,4.27,0.0,200.0,0.81,22.1,5.3,14.1,77.0,39.0,50.0,3.9,3.69
41,Calipatria/Mulberry,Imperial/Coachella Valley,2022-02-16,47,3.45,0.0,215.0,0.77,22.6,2.0,12.4,92.0,24.0,54.0,3.3,1.75
41,Calipatria/Mulberry,Imperial/Coachella Valley,2022-02-17,48,4.35,0.0,229.0,0.59,22.1,3.1,12.4,86.0,16.0,41.0,-0.6,2.3
41,Calipatria/Mulberry,Imperial/Coachella Valley,2022-02-18,49,3.81,0.0,230.0,0.6,23.7,0.4,10.7,85.0,15.0,47.0,-0.2,1.5
41,Calipatria/Mulberry,Imperial/Coachella Valley,2022-02-19,50,3.69,0.0,229.0,0.72,25.8,1.1,12.7,83.0,18.0,49.0,2.3,1.24
41,Calipatria/Mulberry,Imperial/Coachella Valley,2022-02-20,51,4.22,0.0,233.0,0.78,25.7,2.3,13.9,84.0,20.0,49.0,3.4,1.95
41,Calipatria/Mulberry,Imperial/Coachella Valley,2022-02-21,52,4.45,0.0,201.0,0.81,22.0,8.2,15.1,73.0,33.0,47.0,3.9,3.59
41,Calipatria/Mulberry,Imperial/Coachella Valley,2022-02-22,53,4.05,0.0,216.0,0.83,19.9,6.1,13.5,77.0,40.0,53.0,4.2,3.82
41,Calipatria/Mulberry,Imperial/Coachella Valley,2022-02-23,54,3.66,0.0,230.0,0.69,15.7,3.0,10.4,75.0,34.0,55.0,1.6,3.74
41,Calipatria/Mulberry,Imperial/Coachella Valley,2022-02-24,55,3.48,0.0,241.0,0.49,17.8,-1.4,7.8,91.0,16.0,46.0,-3.0,1.52
41,Calipatria/Mulberry,Imperial/Coachella Valley,2022-02-25,56,3.54,0.0,239.0,0.5,19.7,-2.2,8.2,85.0,14.0,46.0,-2.6,1.36
41,Calipatria/Mulberry,Imperial/Coachella Valley,2022-02-26,57,4.34,0.0,251.0,0.42,21.5,-0.8,10.3,78.0,9.0,33.0,-5.1,1.75
41,Calipatria/Mulberry,Imperial/Coachella Valley,2022-02-27,58,3.36,0.0,208.0,0.57,22.8,-0.5,10.8,81.0,13.0,44.0,-0.9,1.33
41,Calipatria/Mulberry,Imperial/Coachella Valley,2022-02-28,59,4.53,0.0,249.0,0.62,28.6,1.4,13.6,82.0,9.0,40.0,0.3,1.44
41,Calipatria/Mulberry,Imperial/Coachella Valley,2022-03-01,60,4.64,0.0,253.0,0.74,30.1,2.3,15.2,81.0,10.0,43.0,2.7,1.48
41,Calipatria/Mulberry,Imperial/Coachella Valley,2022-03-02,61,4.15,0.0,226.0,0.89,29.7,3.7,16.5,81.0,17.0,47.0,5.3,1.44
41,Calipatria/Mulberry,Imperial/Coachella Valley,2022-03-03,62,5.09,0.0,235.0,0.8,28.4,5.2,17.4,80.0,21.0,40.0,3.7,2.28
41,Calipatria/Mulberry,Imperial/Coachella Valley,2022-03-04,63,4.12,0.0,181.0,0.91,21.5,12.3,16.8,57.0,39.0,48.0,5.6,3.65
41,Calipatria/Mulberry,Imperial/Coachella Valley,2022-03-05,64,5.0,0.0,243.0,0.73,20.3,9.1,14.4,72.0,27.0,45.0,2.6,4.32
41,Calipatria/Mulberry,Imperial/Coachella Valley,2022-03-06,65,3.9,0.0,261.0,0.69,20.7,3.8,11.7,79.0,21.0,50.0,1.7,1.73
41,Calipatria/Mulberry,Imperial/Coachella Valley,2022-03-07,66,5.38,0.0,266.0,0.51,22.4,1.7,11.6,86.0,12.0,37.0,-2.4,2.76
41,Calipatria/Mulberry,Imperial/Coachella Valley,2022-03-08,67,4.39,0.0,269.0,0.53,21.9,0.5,10.8,79.0,12.0,41.0,-1.9,1.58
41,Calipatria/Mulberry,Imperial/Coachella Valley,2022-03-09,68,4.82,0.0,266.0,0.65,25.1,1.2,13.8,82.0,17.0,41.0,0.8,2.1
41,Calipatria/Mulberry,Imperial/Coachella Valley,2022-03-10,69,5.77,0.0,252.0,0.58,24.7,5.4,14.6,76.0,11.0,35.0,-0.7,3.6
41,Calipatria/Mulberry,Imperial/Coachella Valley,2022-03-11,70,5.32,0.0,280.0,0.35,23.0,2.4,12.7,70.0,6.0,24.0,-7.3,2.3
41,Calipatria/Mulberry,Imperial/Coachella Valley,2022-03-12,71,4.58,0.0,279.0,0.59,25.3,0.7,12.5,77.0,12.0,41.0,-0.4,1.36
41,Calipatria/Mulberry,Imperial/Coachella Valley,2022-03-13,72,4.81,0.0,265.0,0.69,29.1,2.8,16.4,82.0,15.0,37.0,1.8,1.6
41,Calipatria/Mulberry,Imperial/Coachella Valley,2022-03-14,73,4.81,0.0,273.0,0.91,29.3,5.7,17.0,81.0,18.0,47.0,5.6,1.42
41,Calipatria/Mulberry,Imperial/Coachella Valley,2022-03-15,74,4.92,0.0,278.0,0.92,30.7,5.8,18.3,83.0,15.0,44.0,5.7,1.22
41,Calipatria/Mulberry,Imperial/Coachella Valley,2022-03-16,75,5.78,0.0,272.0,0.99,29.9,8.5,19.5,79.0,20.0,44.0,6.8,2.27
41,Calipatria/Mulberry,Imperial/Coachella Valley,2022-03-17,76,6.04,0.0,289.0,0.81,29.0,9.9,19.5,80.0,10.0,36.0,3.9,2.24
41,Calipatria/Mulberry,Imperial/Coachella Valley,2022-03-18,77,5.12,0.0,286.0,0.79,30.1,6.2,17.7,77.0,11.0,39.0,3.6,1.31
41,Calipatria/Mulberry,Imperial/Coachella Valley,2022-03-19,78,6.09,0.0,278.0,0.84,30.8,7.5,19.0,78.0,15.0,38.0,4.5,2.57
41,Calipatria/Mulberry,Imperial/Coachella Valley,2022-03-20,79,6.51,0.0,278.0,0.89,26.1,10.2,19.0,73.0,23.0,41.0,5.3,4.31
41,Calipatria/Mulberry,Imperial/Coachella Valley,2022-03-21,80,6.61,0.0,281.0,0.65,27.9,9.6,19.7,77.0,14.0,28.0,0.8,2.87
41,Calipatria/Mulberry,Imperial/Coachella Valley,2022-03-22,81,7.29,0.0,283.0,0.73,29.7,10.0,21.4,74.0,16.0,29.0,2.4,3.36
41,Calipatria/Mulberry,Imperial/Coachella Valley,2022-03-23,82,6.14,0.0,296.0,0.71,29.2,10.1,20.6,73.0,9.0,29.0,2.1,1.97
41,Calipatria/Mulberry,Imperial/Coachella Valley,2022-03-24,83,5.34,0.0,293.0,0.93,31.2,7.1,18.4,80.0,14.0,44.0,6.0,1.43
41,Calipatria/Mulberry,Imperial/Coachella Valley,2022-03-25,84,5.11,0.0,288.0,1.08,34.5,9.3,20.5,80.0,16.0,45.0,8.1,1.18
41,Calipatria/Mulberry,Imperial/Coachella Valley,2022-03-26,85,6.09,0.0,273.0,1.11,33.6,12.0,21.1,80.0,21.0,45.0,8.5,2.26
41,Calipatria/Mulberry,Imperial/Coachella Valley,2022-03-27,86,6.12,0.0,295.0,0.98,32.0,11.6,21.0,69.0,16.0,40.0,6.7,1.93
41,Calipatria/Mulberry,Imperial/Coachella Valley,2022-03-28,87,5.01,0.8,236.0,1.06,26.7,15.2,19.9,68.0,25.0,46.0,7.8,2.51
41,Calipatria/Mulberry,Imperial/Coachella Valley,2022-03-29,88,5.38,0.0,304.0,1.03,24.7,10.0,17.4,79.0,31.0,52.0,7.4,2.62
41,Calipatria/Mulberry,Imperial/Coachella Valley,2022-03-30,89,5.43,0.0,304.0,1.15,28.4,8.0,18.4,90.0,25.0,55.0,9.1,1.87
41,Calipatria/Mulberry,Imperial/Coachella Valley,2022-03-31,90,4.89,0.0,293.0,1.18,26.7,9.3,18.0,85.0,31.0,57.0,9.4,1.61
41,Calipatria/Mulberry,Imperial/Coachella Valley,2022-04-01,91,5.35,0.0,302.0,1.25,28.9,9.3,18.9,91.0,28.0,57.0,10.2,1.63
41,Calipatria/Mulberry,Imperial/Coachella Valley,2022-04-02,92,5.34,0.0,306.0,1.24,27.8,10.4,18.9,85.0,31.0,56.0,10.1,1.89
41,Calipatria/Mulberry,Imperial/Coachella Valley,2022-04-03,93,5.22,0.0,300.0,1.3,28.0,11.5,19.4,83.0,32.0,58.0,10.8,1.78
41,Calipatria/Mulberry,Imperial/Coachella Valley,2022-04-04,94,5.51,0.0,308.0,1.38,30.7,11.0,20.2,88.0,27.0,58.0,11.8,1.81
41,Calipatria/Mulberry,Imperial/Coachella Valley,2022-04-05,95,5.81,0.0,311.0,1.41,32.1,12.3,21.6,79.0,28.0,55.0,12.1,2.08
41,Calipatria/Mulberry,Imperial/Coachella Valley,2022-04-06,96,7.46,0.0,322.0,0.92,33.9,11.3,22.7,80.0,13.0,33.0,5.8,2.26
41,Calipatria/Mulberry,Imperial/Coachella Valley,2022-04-07,97,7.75,0.0,329.0,0.73,34.6,12.0,24.1,50.0,10.0,24.0,2.5,2.15
41,Calipatria/Mulberry,Imperial/Coachella Valley,2022-04-08,98,6.87,0.0,333.0,1.05,35.6,10.0,23.1,80.0,12.0,37.0,7.7,1.57
41,Calipatria/Mulberry,Imperial/Coachella Valley,2022-04-09,99,7.81,0.0,328.0,1.01,37.1,11.0,23.9,75.0,14.0,34.0,7.1,2.53
41,Calipatria/Mulberry,Imperial/Coachella Valley,2022-04-10,100,7.0,0.0,320.0,1.0,32.6,12.0,22.3,79.0,14.0,37.0,7.0,2.55
41,Calipatria/Mulberry,Imperial/Coachella Valley,2022-04-11,101,7.08,0.0,314.0,0.98,29.3,13.6,21.3,52.0,25.0,38.0,6.6,3.65
41,Calipatria/Mulberry,Imperial/Coachella Valley,2022-04-12,102,6.29,0.0,330.0,0.62,23.2,8.9,17.2,62.0,13.0,32.0,0.2,2.98
41,Calipatria/Mulberry,Imperial/Coachella Valley,2022-04-13,103,5.69,0.0,341.0,0.62,24.8,5.6,15.6,83.0,12.0,35.0,0.2,1.57
41,Calipatria/Mulberry,Imperial/Coachella Valley,2022-04-14,104,6.26,0.0,332.0,0.76,29.1,6.3,18.5,80.0,16.0,36.0,3.1,1.92
41,Calipatria/Mulberry,Imperial/Coachella Valley,2022-04-15,105,6.26,0.0,324.0,0.93,29.0,7.4,19.7,74.0,22.0,40.0,5.9,2.13
41,Calipatria/Mulberry,Imperial/Coachella Valley,2022-04-16,106,7.78,0.0,329.0,0.87,31.2,13.7,22.5,60.0,13.0,32.0,5.0,2.99
41,Calipatria/Mulberry,Imperial/Coachella Valley,2022-04-17,107,6.32,0.0,340.0,1.1,32.2,9.4,20.5,84.0,17.0,45.0,8.3,1.67
41,Calipatria/Mulberry,Imperial/Coachella Valley,2022-04-18,108,6.96,0.0,336.0,0.92,37.0,9.5,24.1,81.0,7.0,31.0,5.8,1.73
41,Calipatria/Mulberry,Imperial/Coachella Valley,2022-04-19,109,8.9,0.0,322.0,0.79,34.7,15.3,24.9,68.0,9.0,25.0,3.5,3.2
41,Calipatria/Mulberry,Imperial/Coachella Valley,2022-04-20,110,7.56,0.0,334.0,0.96,30.9,15.1,22.8,51.0,20.0,35.0,6.4,3.06
41,Calipatria/Mulberry,Imperial/Coachella Valley,2022-04-21,111,7.39,0.0,336.0,0.9,31.9,10.2,21.7,78.0,18.0,35.0,5.4,2.62
41,Calipatria/Mulberry,Imperial/Coachella Valley,2022-04-22,112,7.57,0.0,331.0,0.83,24.7,11.0,18.8,60.0,21.0,38.0,4.3,5.04
41,Calipatria/Mulberry,Imperial/Coachella Valley,2022-04-23,113,6.84,0.0,346.0,0.8,28.9,7.7,18.9,77.0,14.0,37.0,3.8,1.87
41,Calipatria/Mulberry,Imperial/Coachella Valley,2022-04-24,114,7.6,0.0,347.0,0.76,30.4,7.8,20.3,71.0,12.0,32.0,3.0,2.38
41,Calipatria/Mulberry,Imperial/Coachella Valley,2022-04-25,115,7.05,0.0,350.0,0.84,33.0,8.2,21.4,62.0,10.0,33.0,4.4,1.59
41,Calipatria/Mulberry,Imperial/Coachella Valley,2022-04-26,116,6.0,0.0,281.0,0.86,34.1,10.0,22.8,73.0,14.0,31.0,4.7,1.59
41,Calipatria/Mulberry,Imperial/Coachella Valley,2022-04-27,117,8.0,0.0,347.0,0.68,34.0,12.9,24.0,39.0,10.0,23.0,1.5,2.24
41,Calipatria/Mulberry,Imperial/Coachella Valley,2022-04-28,118,7.81,0.0,348.0,0.82,32.1,9.8,21.8,69.0,10.0,31.0,4.1,2.7
41,Calipatria/Mulberry,Imperial/Coachella Valley,2022-04-29,119,6.6,0.0,350.0,1.09,32.0,10.9,21.0,76.0,17.0,44.0,8.2,1.73
41,Calipatria/Mulberry,Imperial/Coachella Valley,2022-04-30,120,7.32,0.0,351.0,0.98,35.0,10.0,23.7,76.0,8.0,33.0,6.6,1.79
41,Calipatria/Mulberry,Imperial/Coachella Valley,2022-05-01,121,7.63,0.0,350.0,0.93,33.6,11.2,23.6,72.0,19.0,32.0,5.9,2.15
41,Calipatria/Mulberry,Imperial/Coachella Valley,2022-05-02,122,7.06,0.0,351.0,1.09,33.3,12.0,23.0,78.0,18.0,39.0,8.2,1.86
41,Calipatria/Mulberry,Imperial/Coachella Valley,2022-05-03,123,6.45,0.0,348.0,1.38,32.4,14.2,22.8,91.0,20.0,50.0,11.8,1.58
41,Calipatria/Mulberry,Imperial/Coachella Valley,2022-05-04,124,7.17,0.0,358.0,1.18,33.7,11.6,23.1,89.0,13.0,42.0,9.5,1.74
41,Calipatria/Mulberry,Imperial/Coachella Valley,2022-05-05,125,7.02,0.0,358.0,1.06,35.8,11.6,24.9,79.0,10.0,34.0,7.8,1.29
41,Calipatria/Mulberry,Imperial/Coachella Valley,2022-05-06,126,7.85,0.0,353.0,0.99,37.3,11.8,26.0,73.0,13.0,29.0,6.8,1.95
41,Calipatria/Mulberry,Imperial/Coachella Valley,2022-05-07,127,8.25,0.0,347.0,1.09,37.1,14.7,26.3,71.0,18.0,32.0,8.2,2.58
41,Calipatria/Mulberry,Imperial/Coachella Valley,2022-05-08,128,8.62,0.0,335.0,0.96,30.7,14.4,22.9,49.0,21.0,34.0,6.3,4.05
41,Calipatria/Mulberry,Imperial/Coachella Valley,2022-05-09,129,7.57,0.0,351.0,0.81,29.0,11.5,20.8,58.0,20.0,33.0,3.9,3.14
41,Calipatria/Mulberry,Imperial/Coachella Valley,2022-05-10,130,7.57,0.0,354.0,0.65,29.3,12.7,21.2,49.0,13.0,26.0,0.8,2.8
41,Calipatria/Mulberry,Imperial/Coachella Valley,2022-05-11,131,7.56,0.0,369.0,0.57,26.6,11.1,19.0,41.0,15.0,26.0,-0.9,2.87
41,Calipatria/Mulberry,Imperial/Coachella Valley,2022-05-12,132,7.1,0.0,370.0,0.69,29.5,7.6,19.9,73.0,10.0,30.0,1.8,1.77
41,Calipatria/Mulberry,Imperial/Coachella Valley,2022-05-13,133,7.26,0.0,366.0,0.94,34.9,9.1,22.5,75.0,10.0,34.0,6.1,1.57
41,Calipatria/Mulberry,Imperial/Coachella Valley,2022-05-14,134,7.34,0.0,368.0,1.06,38.8,11.6,25.6,81.0,9.0,32.0,7.8,1.33
41,Calipatria/Mulberry,Imperial/Coachella Valley,2022-05-15,135,8.21,0.0,363.0,0.9,40.6,12.8,27.5,76.0,7.0,24.0,5.4,1.69
41,Calipatria/Mulberry,Imperial/Coachella Valley,2022-05-16,136,7.83,0.0,360.0,1.05,38.9,12.5,26.8,69.0,15.0,30.0,7.6,1.65
41,Calipatria/Mulberry,Imperial/Coachella Valley,2022-05-17,137,7.99,0.0,365.0,1.17,36.9,14.3,26.4,70.0,14.0,34.0,9.2,2.09
41,Calipatria/Mulberry,Imperial/Coachella Valley,2022-05-18,138,7.78,0.0,357.0,1.31,35.8,14.9,25.6,70.0,15.0,40.0,11.0,2.0
41,Calipatria/Mulberry,Imperial/Coachella Valley,2022-05-19,139,8.11,0.0,359.0,1.41,36.2,15.5,25.5,77.0,21.0,43.0,12.0,2.66
41,Calipatria/Mulberry,Imperial/Coachella Valley,2022-05-20,140,7.85,0.0,354.0,1.29,36.0,14.0,24.1,72.0,23.0,43.0,10.7,2.61
41,Calipatria/Mulberry,Imperial/Coachella Valley,2022-05-21,141,6.95,0.0,354.0,1.34,32.3,14.1,23.6,74.0,23.0,46.0,11.3,1.83
41,Calipatria/Mulberry,Imperial/Coachella Valley,2022-05-22,142,7.17,0.0,355.0,1.36,34.0,15.4,24.9,81.0,22.0,43.0,11.6,1.72
41,Calipatria/Mulberry,Imperial/Coachella Valley,2022-05-23,143,7.47,0.0,353.0,1.35,35.1,15.1,25.5,82.0,21.0,41.0,11.4,1.94
41,Calipatria/Mulberry,Imperial/Coachella Valley,2022-05-24,144,8.35,0.0,356.0,1.3,37.4,15.9,26.9,60.0,20.0,37.0,10.9,2.45
41,Calipatria/Mulberry,Imperial/Coachella Valley,2022-05-25,145,8.66,0.0,346.0,1.22,38.8,17.7,28.0,53.0,13.0,32.0,10.0,2.73
41,Calipatria/Mulberry,Imperial/Coachella Valley,2022-05-26,146,8.98,0.0,357.0,1.26,39.3,18.5,28.6,51.0,17.0,32.0,10.4,2.67
41,Calipatria/Mulberry,Imperial/Coachella Valley,2022-05-27,147,8.47,0.0,351.0,1.0,38.4,15.5,28.3,67.0,10.0,26.0,6.9,2.1
41,Calipatria/Mulberry,Imperial/Coachella Valley,2022-05-28,148,9.03,0.0,350.0,1.02,35.2,16.7,26.9,46.0,17.0,29.0,7.3,3.11
41,Calipatria/Mulberry,Imperial/Coachella Valley,2022-05-29,149,8.42,0.0,355.0,1.18,34.7,17.6,25.8,59.0,19.0,35.0,9.3,3.13
41,Calipatria/Mulberry,Imperial/Coachella Valley,2022-05-30,150,7.65,0.0,364.0,1.05,35.1,16.4,25.9,68.0,11.0,31.0,7.7,1.87
41,Calipatria/Mulberry,Imperial/Coachella Valley,2022-05-31,151,7.58,0.0,370.0,1.15,34.9,14.2,25.2,69.0,15.0,36.0,9.1,1.7
41,Calipatria/Mulberry,Imperial/Coachella Valley,2022-06-01,152,8.25,0.0,369.0,1.15,38.3,14.1,27.2,77.0,9.0,32.0,9.0,1.82
41,Calipatria/Mulberry,Imperial/Coachella Valley,2022-06-02,153,8.61,0.0,352.0,1.22,39.4,16.0,27.9,64.0,12.0,32.0,9.9,2.47
41,Calipatria/Mulberry,Imperial/Coachella Valley,2022-06-03,154,8.2,0.0,347.0,1.21,38.1,16.0,28.1,60.0,15.0,32.0,9.7,2.43
41,Calipatria/Mulberry,Imperial/Coachella Valley,2022-06-04,155,9.32,0.0,356.0,1.24,38.9,16.8,28.2,62.0,15.0,32.0,10.1,3.08
41,Calipatria/Mulberry,Imperial/Coachella Valley,2022-06-05,156,7.78,0.0,353.0,1.43,38.3,18.2,28.8,66.0,21.0,36.0,12.3,1.83
41,Calipatria/Mulberry,Imperial/Coachella Valley,2022-06-06,157,8.03,0.0,363.0,1.53,39.4,18.5,29.6,66.0,20.0,37.0,13.3,1.89
41,Calipatria/Mulberry,Imperial/Coachella Valley,2022-06-07,158,8.56,0.0,367.0,1.71,39.9,19.4,29.7,73.0,17.0,41.0,15.1,2.2
41,Calipatria/Mulberry,Imperial/Coachella Valley,2022-06-08,159,8.64,0.0,365.0,1.84,40.0,20.1,29.6,68.0,24.0,44.0,16.2,2.34
41,Calipatria/Mulberry,Imperial/Coachella Valley,2022-06-09,160,8.6,0.0,345.0,1.71,40.8,22.1,30.8,61.0,19.0,38.0,15.0,2.38
41,Calipatria/Mulberry,Imperial/Coachella Valley,2022-06-10,161,8.57,0.0,356.0,1.82,42.2,22.5,32.4,57.0,21.0,37.0,16.0,2.11
41,Calipatria/Mulberry,Imperial/Coachella Valley,2022-06-11,162,9.33,0.0,354.0,1.95,44.5,23.0,33.4,61.0,19.0,38.0,17.1,2.53
41,Calipatria/Mulberry,Imperial/Coachella Valley,2022-06-12,163,10.06,0.0,363.0,1.56,43.5,21.4,32.0,65.0,17.0,33.0,13.6,2.87
41,Calipatria/Mulberry,Imperial/Coachella Valley,2022-06-13,164,11.61,0.0,374.0,1.07,40.1,19.7,30.6,58.0,8.0,24.0,7.9,3.87
41,Calipatria/Mulberry,Imperial/Coachella Valley,2022-06-14,165,7.94,0.0,372.0,1.29,38.4,17.2,28.1,67.0,13.0,34.0,10.7,1.65
41,Calipatria/Mulberry,Imperial/Coachella Valley,2022-06-15,166,8.89,0.0,371.0,1.49,40.4,18.1,29.4,70.0,12.0,36.0,12.9,2.3
41,Calipatria/Mulberry,Imperial/Coachella Valley,2022-06-16,167,9.5,0.0,378.0,1.22,42.5,18.9,30.2,60.0,10.0,29.0,9.9,2.23
41,Calipatria/Mulberry,Imperial/Coachella Valley,2022-06-17,168,9.28,0.0,371.0,0.88,40.9,16.3,29.2,55.0,10.0,22.0,5.1,2.19
41,Calipatria/Mulberry,Imperial/Coachella Valley,2022-06-18,169,10.25,0.0,376.0,0.53,37.3,16.7,27.6,40.0,6.0,14.0,-1.9,3.1
41,Calipatria/Mulberry,Imperial/Coachella Valley,2022-06-19,170,8.24,0.0,390.0,0.76,35.3,14.3,26.1,59.0,8.0,23.0,3.1,1.75
41,Calipatria/Mulberry,Imperial/Coachella Valley,2022-06-20,171,8.28,0.0,383.0,1.03,38.7,13.9,27.5,74.0,8.0,28.0,7.4,1.61
41,Calipatria/Mulberry,Imperial/Coachella Valley,2022-06-21,172,9.25,0.0,354.0,1.36,41.4,16.7,29.9,58.0,15.0,32.0,11.5,2.39
41,Calipatria/Mulberry,Imperial/Coachella Valley,2022-06-22,173,8.7,0.0,344.0,1.92,41.4,24.8,32.9,59.0,19.0,39.0,16.9,2.49
41,Calipatria/Mulberry,Imperial/Coachella Valley,2022-06-23,174,8.37,0.0,354.0,1.8,41.7,23.3,33.2,67.0,19.0,35.0,15.8,1.81
41,Calipatria/Mulberry,Imperial/Coachella Valley,2022-06-24,175,8.9,0.0,357.0,1.71,41.9,21.5,32.6,63.0,20.0,35.0,15.0,2.19
41,Calipatria/Mulberry,Imperial/Coachella Valley,2022-06-25,176,8.72,0.0,363.0,1.76,42.2,20.0,32.3,62.0,16.0,36.0,15.5,2.19
41,Calipatria/Mulberry,Imperial/Coachella Valley,2022-06-26,177,9.72,0.0,353.0,2.31,41.0,25.6,32.9,69.0,30.0,46.0,19.8,3.6
41,Calipatria/Mulberry,Imperial/Coachella Valley,2022-06-27,178,8.3,0.0,344.0,2.22,39.5,25.5,32.9,64.0,28.0,44.0,19.1,2.22
41,Calipatria/Mulberry,Imperial/Coachella Valley,2022-06-28,179,9.49,0.0,354.0,1.85,42.9,25.0,34.7,64.0,18.0,33.0,16.3,2.44
41,Calipatria/Mulberry,Imperial/Coachella Valley,2022-06-29,180,9.47,0.0,352.0,1.29,43.7,23.5,34.1,51.0,12.0,24.0,10.7,2.25
41,Calipatria/Mulberry,Imperial/Coachella Valley,2022-06-30,181,9.7,0.0,351.0,1.56,42.2,26.3,34.3,46.0,18.0,29.0,13.6,2.77
41,Calipatria/Mulberry,Imperial/Coachella Valley,2022-07-01,182,9.6,0.0,366.0,1.18,42.6,22.9,33.1,51.0,11.0,23.0,9.4,2.34
41,Calipatria/Mulberry,Imperial/Coachella Valley,2022-07-02,183,10.32,0.0,367.0,1.09,42.5,22.1,32.5,39.0,14.0,22.0,8.2,2.62
41,Calipatria/Mulberry,Imperial/Coachella Valley,2022-07-03,184,9.99,0.0,378.0,0.8,41.1,19.5,30.3,34.0,8.0,19.0,3.8,2.39
41,Calipatria/Mulberry,Imperial/Coachella Valley,2022-07-04,185,8.94,0.0,377.0,0.87,38.8,16.9,29.6,42.0,11.0,21.0,4.9,2.04
41,Calipatria/Mulberry,Imperial/Coachella Valley,2022-07-05,186,8.61,0.0,360.0,1.4,39.6,20.0,29.9,55.0,17.0,33.0,12.0,2.1
41,Calipatria/Mulberry,Imperial/Coachella Valley,2022-07-06,187,8.94,0.0,360.0,1.6,39.5,21.5,30.8,60.0,19.0,36.0,14.0,2.55
41,Calipatria/Mulberry,Imperial/Coachella Valley,2022-07-07,188,10.19,0.0,367.0,1.3,42.4,21.6,31.5,58.0,11.0,28.0,10.9,2.81
41,Calipatria/Mulberry,Imperial/Coachella Valley,2022-07-08,189,8.77,0.0,365.0,1.31,42.8,21.6,32.8,57.0,11.0,26.0,10.9,1.89
41,Calipatria/Mulberry,Imperial/Coachella Valley,2022-07-09,190,7.96,0.0,329.0,1.17,42.4,21.2,32.8,51.0,8.0,23.0,9.3,1.56
41,Calipatria/Mulberry,Imperial/Coachella Valley,2022-07-10,191,8.17,0.0,357.0,1.41,44.5,22.1,34.0,60.0,10.0,26.0,12.0,1.34
41,Calipatria/Mulberry,Imperial/Coachella Valley,2022-07-11,192,9.11,0.0,352.0,1.44,45.7,22.9,35.0,60.0,11.0,25.0,12.3,1.92
41,Calipatria/Mulberry,Imperial/Coachella Valley,2022-07-12,193,10.02,0.0,344.0,1.66,44.3,24.4,33.8,50.0,15.0,32.0,14.6,2.73
41,Calipatria/Mulberry,Imperial/Coachella Valley,2022-07-13,194,9.73,0.0,332.0,1.86,43.4,24.9,34.7,49.0,21.0,34.0,16.4,2.84
41,Calipatria/Mulberry,Imperial/Coachella Valley,2022-07-14,195,8.92,0.0,291.0,1.6,43.4,27.8,35.1,48.0,15.0,28.0,14.1,2.65
41,Calipatria/Mulberry,Imperial/Coachella Valley,2022-07-15,196,8.79,0.0,349.0,1.63,44.7,25.9,35.7,54.0,12.0,28.0,14.3,1.76
41,Calipatria/Mulberry,Imperial/Coachella Valley,2022-07-16,197,9.52,0.0,343.0,2.03,45.1,27.1,36.4,52.0,18.0,33.0,17.7,2.78
41,Calipatria/Mulberry,Imperial/Coachella Valley,2022-07-17,198,10.31,0.0,341.0,2.22,44.3,29.5,36.3,55.0,21.0,37.0,19.2,3.25
41,Calipatria/Mulberry,Imperial/Coachella Valley,2022-07-18,199,9.67,0.0,330.0,2.33,43.7,28.7,35.2,66.0,19.0,41.0,19.9,3.11
41,Calipatria/Mulberry,Imperial/Coachella Valley,2022-07-19,200,8.91,0.0,322.0,2.04,43.9,26.0,35.6,64.0,20.0,35.0,17.8,2.44
41,Calipatria/Mulberry,Imperial/Coachella Valley,2022-07-20,201,7.25,0.0,267.0,2.2,42.7,27.9,34.9,67.0,22.0,39.0,19.0,2.23
41,Calipatria/Mulberry,Imperial/Coachella Valley,2022-07-21,202,8.23,0.0,310.0,1.92,43.0,25.0,34.3,60.0,17.0,36.0,16.8,2.33
41,Calipatria/Mulberry,Imperial/Coachella Valley,2022-07-22,203,8.13,0.0,300.0,1.81,44.4,24.0,34.4,55.0,18.0,33.0,16.0,2.06
41,Calipatria/Mulberry,Imperial/Coachella Valley,2022-07-23,204,8.96,0.2,283.0,2.17,41.8,27.6,33.5,61.0,27.0,42.0,18.8,3.36
41,Calipatria/Mulberry,Imperial/Coachella Valley,2022-07-24,205,9.22,0.0,328.0,2.58,40.7,27.5,33.4,77.0,30.0,50.0,21.6,4.05
41,Calipatria/Mulberry,Imperial/Coachella Valley,2022-07-25,206,7.11,12.6,290.0,2.62,38.2,26.0,31.7,85.0,30.0,56.0,21.8,2.88
41,Calipatria/Mulberry,Imperial/Coachella Valley,2022-07-26,207,8.3,0.0,334.0,2.29,40.6,25.8,33.4,75.0,26.0,44.0,19.6,2.42
41,Calipatria/Mulberry,Imperial/Coachella Valley,2022-07-27,208,7.93,0.0,295.0,2.42,39.7,26.2,32.6,65.0,34.0,49.0,20.6,2.78
41,Calipatria/Mulberry,Imperial/Coachella Valley,2022-07-28,209,7.9,0.0,286.0,2.13,39.6,26.1,33.1,57.0,29.0,42.0,18.5,2.53
41,Calipatria/Mulberry,Imperial/Coachella Valley,2022-07-29,210,6.61,0.0,236.0,2.45,37.2,28.2,32.3,66.0,40.0,51.0,20.7,2.74
41,Calipatria/Mulberry,Imperial/Coachella Valley,2022-07-30,211,6.67,0.0,254.0,2.51,38.7,26.9,31.5,68.0,34.0,54.0,21.2,2.64
41,Calipatria/Mulberry,Imperial/Coachella Valley,2022-07-31,212,9.21,0.0,339.0,2.1,39.4,25.3,32.7,69.0,26.0,42.0,18.3,2.99
41,Calipatria/Mulberry,Imperial/Coachella Valley,2022-08-01,213,6.81,0.0,290.0,2.6,38.7,26.7,32.3,79.0,34.0,54.0,21.7,2.0
41,Calipatria/Mulberry,Imperial/Coachella Valley,2022-08-02,214,7.89,0.0,323.0,2.06,41.7,25.6,34.0,63.0,27.0,39.0,17.9,1.81
41,Calipatria/Mulberry,Imperial/Coachella Valley,2022-08-03,215,7.69,0.0,293.0,2.16,41.5,25.9,34.1,59.0,26.0,40.0,18.7,2.19
41,Calipatria/Mulberry,Imperial/Coachella Valley,2022-08-04,216,7.11,0.0,237.0,2.35,36.0,26.4,31.0,66.0,39.0,52.0,20.1,3.3
41,Calipatria/Mulberry,Imperial/Coachella Valley,2022-08-05,217,7.27,0.0,326.0,2.2,40.2,24.8,32.9,73.0,27.0,44.0,19.0,1.34
41,Calipatria/Mulberry,Imperial/Coachella Valley,2022-08-06,218,7.44,0.0,308.0,2.06,42.8,26.3,34.6,70.0,19.0,37.0,17.9,1.46
41,Calipatria/Mulberry,Imperial/Coachella Valley,2022-08-07,219,8.08,0.0,261.0,2.37,40.5,28.0,33.9,63.0,27.0,45.0,20.2,3.85
41,Calipatria/Mulberry,Imperial/Coachella Valley,2022-08-08,220,7.19,0.0,262.0,2.58,39.5,28.3,32.8,70.0,33.0,52.0,21.6,2.92
41,Calipatria/Mulberry,Imperial/Coachella Valley,2022-08-09,221,8.22,0.0,317.0,2.21,41.5,27.5,33.9,69.0,22.0,42.0,19.1,2.17
41,Calipatria/Mulberry,Imperial/Coachella Valley,2022-08-10,222,8.4,0.0,322.0,2.32,41.9,27.9,35.0,60.0,27.0,41.0,19.9,2.42
41,Calipatria/Mulberry,Imperial/Coachella Valley,2022-08-11,223,6.65,0.0,218.0,2.14,40.3,28.7,34.5,57.0,28.0,39.0,18.6,2.09
41,Calipatria/Mulberry,Imperial/Coachella Valley,2022-08-12,224,8.17,0.0,251.0,2.3,41.4,27.3,34.3,57.0,25.0,43.0,19.7,3.43
41,Calipatria/Mulberry,Imperial/Coachella Valley,2022-08-13,225,7.46,0.0,292.0,2.54,40.5,26.8,33.6,74.0,31.0,49.0,21.3,2.21
41,Calipatria/Mulberry,Imperial/Coachella Valley,2022-08-14,226,8.44,0.0,298.0,2.51,41.7,28.9,34.4,71.0,28.0,46.0,21.1,3.18
41,Calipatria/Mulberry,Imperial/Coachella Valley,2022-08-15,227,7.44,0.0,313.0,2.33,41.1,26.2,34.0,71.0,26.0,44.0,20.0,1.7
41,Calipatria/Mulberry,Imperial/Coachella Valley,2022-08-16,228,8.73,0.0,307.0,2.57,42.4,28.6,35.0,65.0,27.0,46.0,21.5,3.09
41,Calipatria/Mulberry,Imperial/Coachella Valley,2022-08-17,229,8.85,0.0,311.0,2.63,41.9,28.7,35.4,68.0,27.0,46.0,21.9,3.25
41,Calipatria/Mulberry,Imperial/Coachella Valley,2022-08-18,230,7.82,0.0,128.0,2.16,40.9,30.6,36.6,76.0,26.0,35.0,18.7,2.96
41,Calipatria/Mulberry,Imperial/Coachella Valley,2022-08-19,231,7.46,0.0,286.0,2.56,39.6,27.3,33.4,68.0,33.0,50.0,21.5,3.16
41,Calipatria/Mulberry,Imperial/Coachella Valley,2022-08-20,232,8.47,0.0,292.0,2.45,39.4,26.6,33.1,72.0,32.0,49.0,20.7,3.87
41,Calipatria/Mulberry,Imperial/Coachella Valley,2022-08-21,233,7.82,0.0,284.0,2.84,39.5,28.4,33.5,78.0,37.0,55.0,23.2,3.71
41,Calipatria/Mulberry,Imperial/Coachella Valley,2022-08-22,234,7.29,0.0,270.0,2.44,39.0,25.4,32.3,72.0,31.0,50.0,20.7,3.35
41,Calipatria/Mulberry,Imperial/Coachella Valley,2022-08-23,235,8.26,0.0,287.0,2.52,41.5,28.0,34.6,72.0,27.0,46.0,21.2,3.05
41,Calipatria/Mulberry,Imperial/Coachella Valley,2022-08-24,236,7.23,0.0,114.0,2.49,40.9,29.7,33.6,66.0,33.0,48.0,21.0,2.78
41,Calipatria/Mulberry,Imperial/Coachella Valley,2022-08-25,237,6.73,0.0,266.0,2.36,40.0,26.7,33.8,66.0,30.0,45.0,20.2,1.81
41,Calipatria/Mulberry,Imperial/Coachella Valley,2022-08-26,238,7.37,0.0,287.0,2.06,42.7,26.9,34.9,66.0,21.0,37.0,18.0,1.8
41,Calipatria/Mulberry,Imperial/Coachella Valley,2022-08-27,239,7.8,0.0,289.0,1.75,42.1,25.0,34.1,58.0,20.0,33.0,15.4,2.01
41,Calipatria/Mulberry,Imperial/Coachella Valley,2022-08-28,240,7.79,0.0,271.0,2.49,40.9,27.3,33.3,76.0,30.0,49.0,21.0,2.82
41,Calipatria/Mulberry,Imperial/Coachella Valley,2022-08-29,241,7.27,0.0,285.0,2.35,41.4,25.9,33.5,68.0,28.0,45.0,20.1,1.96
41,Calipatria/Mulberry,Imperial/Coachella Valley,2022-08-30,242,6.88,0.0,285.0,2.07,44.3,26.3,35.2,66.0,18.0,36.0,18.1,1.31
41,Calipatria/Mulberry,Imperial/Coachella Valley,2022-08-31,243,8.67,0.0,277.0,2.16,44.4,26.0,35.2,67.0,20.0,38.0,18.7,2.69
41,Calipatria/Mulberry,Imperial/Coachella Valley,2022-09-01,244,8.43,0.0,275.0,2.38,43.1,29.4,35.4,62.0,25.0,41.0,20.3,3.22
41,Calipatria/Mulberry,Imperial/Coachella Valley,2022-09-02,245,8.43,0.0,271.0,2.73,41.2,28.7,34.9,71.0,32.0,49.0,22.5,4.05
41,Calipatria/Mulberry,Imperial/Coachella Valley,2022-09-03,246,7.49,0.0,276.0,2.49,41.3,28.0,34.7,65.0,30.0,45.0,21.0,2.38
41,Calipatria/Mulberry,Imperial/Coachella Valley,2022-09-04,247,7.3,0.0,265.0,2.24,43.0,29.4,35.6,57.0,25.0,38.0,19.3,1.83
41,Calipatria/Mulberry,Imperial/Coachella Valley,2022-09-05,248,8.8,0.0,280.0,1.66,46.1,26.8,36.1,60.0,9.0,28.0,14.6,2.31
41,Calipatria/Mulberry,Imperial/Coachella Valley,2022-09-06,249,8.16,0.0,273.0,2.0,44.7,26.0,35.4,68.0,17.0,35.0,17.5,2.67
41,Calipatria/Mulberry,Imperial/Coachella Valley,2022-09-07,250,7.63,0.0,269.0,2.68,40.1,29.2,34.0,75.0,32.0,51.0,22.2,3.63
41,Calipatria/Mulberry,Imperial/Coachella Valley,2022-09-08,251,5.71,0.0,174.0,1.99,40.1,27.4,32.6,52.0,24.0,40.0,17.4,2.4
41,Calipatria/Mulberry,Imperial/Coachella Valley,2022-09-09,252,3.26,5.4,47.0,2.68,30.8,24.2,26.5,88.0,55.0,77.0,22.2,3.07
41,Calipatria/Mulberry,Imperial/Coachella Valley,2022-09-10,253,3.01,0.5,149.0,2.79,31.0,23.8,26.7,92.0,64.0,80.0,22.9,1.74
41,Calipatria/Mulberry,Imperial/Coachella Valley,2022-09-11,254,4.56,0.0,216.0,2.6,34.9,22.1,28.0,99.0,46.0,69.0,21.7,1.35
41,Calipatria/Mulberry,Imperial/Coachella Valley,2022-09-12,255,5.1,0.0,225.0,2.39,35.1,24.4,29.1,80.0,44.0,59.0,20.4,1.75
41,Calipatria/Mulberry,Imperial/Coachella Valley,2022-09-13,256,6.23,0.0,255.0,2.11,36.6,24.8,30.0,73.0,32.0,50.0,18.4,2.17
41,Calipatria/Mulberry,Imperial/Coachella Valley,2022-09-14,257,5.72,0.0,258.0,1.87,36.2,22.8,29.3,72.0,30.0,46.0,16.4,1.54
41,Calipatria/Mulberry,Imperial/Coachella Valley,2022-09-15,258,6.36,0.0,278.0,1.27,36.4,19.6,28.0,68.0,13.0,34.0,10.5,1.65
41,Calipatria/Mulberry,Imperial/Coachella Valley,2022-09-16,259,6.08,0.0,277.0,1.18,36.9,17.6,27.6,70.0,11.0,32.0,9.4,1.52
41,Calipatria/Mulberry,Imperial/Coachella Valley,2022-09-17,260,6.35,0.0,277.0,1.16,37.1,19.1,28.0,64.0,14.0,31.0,9.1,1.59
41,Calipatria/Mulberry,Imperial/Coachella Valley,2022-09-18,261,6.13,0.0,275.0,1.09,36.3,16.3,27.3,57.0,17.0,30.0,8.2,1.5
41,Calipatria/Mulberry,Imperial/Coachella Valley,2022-09-19,262,5.52,0.0,266.0,1.19,36.7,17.7,27.6,60.0,16.0,32.0,9.6,1.18
41,Calipatria/Mulberry,Imperial/Coachella Valley,2022-09-20,263,5.79,0.0,263.0,1.43,37.7,18.7,29.1,57.0,15.0,36.0,12.3,1.31
41,Calipatria/Mulberry,Imperial/Coachella Valley,2022-09-21,264,6.01,0.0,236.0,1.58,37.6,23.8,30.0,70.0,21.0,37.0,13.8,1.77
41,Calipatria/Mulberry,Imperial/Coachella Valley,2022-09-22,265,5.49,0.0,241.0,1.87,38.2,21.9,29.9,55.0,31.0,44.0,16.4,1.39
41,Calipatria/Mulberry,Imperial/Coachella Valley,2022-09-23,266,6.14,0.0,248.0,1.99,39.7,23.9,32.0,66.0,28.0,42.0,17.4,1.62
41,Calipatria/Mulberry,Imperial/Coachella Valley,2022-09-24,267,5.87,0.0,245.0,1.97,40.2,25.7,32.6,60.0,25.0,40.0,17.3,1.4
41,Calipatria/Mulberry,Imperial/Coachella Valley,2022-09-25,268,6.26,0.0,250.0,1.72,42.5,24.3,32.7,67.0,13.0,35.0,15.1,1.45
41,Calipatria/Mulberry,Imperial/Coachella Valley,2022-09-26,269,6.2,0.0,262.0,1.15,41.9,19.9,30.7,55.0,9.0,26.0,9.1,1.38
41,Calipatria/Mulberry,Imperial/Coachella Valley,2022-09-27,270,6.23,0.0,241.0,1.49,41.6,22.3,31.6,54.0,18.0,32.0,12.9,1.59
41,Calipatria/Mulberry,Imperial/Coachella Valley,2022-09-28,271,7.49,0.0,238.0,2.16,39.9,25.7,32.2,67.0,28.0,45.0,18.7,3.25
41,Calipatria/Mulberry,Imperial/Coachella Valley,2022-09-29,272,6.52,0.0,237.0,2.34,38.1,26.2,31.7,77.0,30.0,50.0,20.0,2.82
41,Calipatria/Mulberry,Imperial/Coachella Valley,2022-09-30,273,6.44,0.0,234.0,2.23,37.7,25.8,31.1,63.0,29.0,49.0,19.2,2.85
41,Calipatria/Mulberry,Imperial/Coachella Valley,2022-10-01,274,6.15,0.0,226.0,2.34,37.0,25.8,30.1,74.0,32.0,55.0,20.0,3.07
41,Calipatria/Mulberry,Imperial/Coachella Valley,2022-10-02,275,5.29,0.0,231.0,2.34,36.4,24.9,30.2,79.0,36.0,55.0,20.0,1.96
41,Calipatria/Mulberry,Imperial/Coachella Valley,2022-10-03,276,5.57,0.0,232.0,1.95,37.7,25.0,30.7,71.0,26.0,44.0,17.1,1.78
41,Calipatria/Mulberry,Imperial/Coachella Valley,2022-10-04,277,5.51,0.0,232.0,1.59,37.3,22.4,29.7,61.0,22.0,38.0,13.9,1.5
41,Calipatria/Mulberry,Imperial/Coachella Valley,2022-10-05,278,5.2,0.0,202.0,1.91,36.9,22.1,29.4,72.0,28.0,47.0,16.8,2.17
41,Calipatria/Mulberry,Imperial/Coachella Valley,2022-10-06,279,5.36,1.3,221.0,2.19,36.2,20.1,27.0,82.0,35.0,61.0,18.9,2.87
41,Calipatria/Mulberry,Imperial/Coachella Valley,2022-10-07,280,4.55,0.0,216.0,1.83,34.6,19.5,26.3,89.0,27.0,53.0,16.1,1.36
41,Calipatria/Mulberry,Imperial/Coachella Valley,2022-10-08,281,5.19,0.0,223.0,1.67,35.0,19.6,27.8,78.0,24.0,45.0,14.6,1.83
41,Calipatria/Mulberry,Imperial/Coachella Valley,2022-10-09,282,4.84,0.0,220.0,1.6,34.4,21.1,27.4,67.0,27.0,44.0,14.0,1.41
41,Calipatria/Mulberry,Imperial/Coachella Valley,2022-10-10,283,5.03,0.0,222.0,1.52,35.8,19.1,27.3,69.0,22.0,42.0,13.2,1.47
41,Calipatria/Mulberry,Imperial/Coachella Valley,2022-10-11,284,5.16,0.0,217.0,1.55,35.9,20.4,27.6,67.0,22.0,42.0,13.5,1.76
41,Calipatria/Mulberry,Imperial/Coachella Valley,2022-10-12,285,4.89,0.0,218.0,1.55,35.9,19.4,27.2,68.0,23.0,43.0,13.5,1.52
41,Calipatria/Mulberry,Imperial/Coachella Valley,2022-10-13,286,4.9,0.0,218.0,1.43,36.6,19.5,27.5,68.0,18.0,39.0,12.3,1.38
41,Calipatria/Mulberry,Imperial/Coachella Valley,2022-10-14,287,5.55,0.0,216.0,1.52,37.0,18.6,27.7,70.0,19.0,41.0,13.2,2.18
41,Calipatria/Mulberry,Imperial/Coachella Valley,2022-10-15,288,2.31,32.5,104.0,1.93,30.3,16.7,22.1,91.0,47.0,73.0,16.9,2.51
41,Calipatria/Mulberry,Imperial/Coachella Valley,2022-10-16,289,3.35,1.2,201.0,2.0,27.6,17.6,22.0,95.0,53.0,76.0,17.5,1.2
41,Calipatria/Mulberry,Imperial/Coachella Valley,2022-10-17,290,4.08,0.0,209.0,1.85,30.9,17.0,23.1,99.0,32.0,65.0,16.3,1.48
41,Calipatria/Mulberry,Imperial/Coachella Valley,2022-10-18,291,4.58,0.0,211.0,1.6,33.1,16.7,24.3,95.0,23.0,53.0,14.1,1.54
41,Calipatria/Mulberry,Imperial/Coachella Valley,2022-10-19,292,4.5,0.0,212.0,1.47,33.1,16.2,24.1,86.0,20.0,49.0,12.7,1.42
41,Calipatria/Mulberry,Imperial/Coachella Valley,2022-10-20,293,3.87,0.0,199.0,1.52,33.4,15.4,23.5,86.0,23.0,53.0,13.2,1.11
41,Calipatria/Mulberry,Imperial/Coachella Valley,2022-10-21,294,3.99,0.0,204.0,1.55,33.7,16.3,23.9,84.0,24.0,52.0,13.5,1.29
41,Calipatria/Mulberry,Imperial/Coachella Valley,2022-10-22,295,4.97,0.0,202.0,1.51,30.6,18.2,23.1,89.0,31.0,54.0,13.2,3.23
41,Calipatria/Mulberry,Imperial/Coachella Valley,2022-10-23,296,4.42,0.0,208.0,1.01,26.4,15.1,20.6,75.0,21.0,42.0,7.0,2.22
41,Calipatria/Mulberry,Imperial/Coachella Valley,2022-10-24,297,4.58,0.0,214.0,0.55,24.5,9.2,17.3,57.0,13.0,28.0,-1.6,1.98
41,Calipatria/Mulberry,Imperial/Coachella Valley,2022-10-25,298,3.48,0.0,211.0,0.67,26.9,6.5,16.3,72.0,12.0,36.0,1.2,1.09
41,Calipatria/Mulberry,Imperial/Coachella Valley,2022-10-26,299,3.74,0.0,205.0,0.79,28.4,9.0,18.2,68.0,16.0,38.0,3.6,1.25
41,Calipatria/Mulberry,Imperial/Coachella Valley,2022-10-27,300,4.95,0.0,206.0,0.63,28.1,10.4,19.4,74.0,9.0,28.0,0.4,2.07
41,Calipatria/Mulberry,Imperial/Coachella Valley,2022-10-28,301,3.97,0.0,206.0,0.59,28.6,7.7,17.7,64.0,9.0,29.0,-0.6,1.45
41,Calipatria/Mulberry,Imperial/Coachella Valley,2022-10-29,302,3.78,0.0,205.0,0.72,28.8,6.8,17.3,75.0,11.0,37.0,2.3,1.22
41,Calipatria/Mulberry,Imperial/Coachella Valley,2022-10-30,303,3.58,0.0,189.0,0.72,31.1,7.6,18.2,66.0,11.0,35.0,2.3,1.19
41,Calipatria/Mulberry,Imperial/Coachella Valley,2022-10-31,304,3.81,0.0,193.0,0.82,30.5,8.4,19.2,65.0,14.0,37.0,4.2,1.4
41,Calipatria/Mulberry,Imperial/Coachella Valley,2022-11-01,305,4.08,0.0,158.0,0.96,29.5,13.0,20.9,55.0,21.0,39.0,6.3,2.38
41,Calipatria/Mulberry,Imperial/Coachella Valley,2022-11-02,306,4.77,0.0,171.0,0.96,25.6,12.8,19.1,62.0,24.0,43.0,6.4,4.01
41,Calipatria/Mulberry,Imperial/Coachella Valley,2022-11-03,307,4.08,0.0,186.0,0.7,20.6,7.6,14.7,59.0,22.0,42.0,1.9,3.16
41,Calipatria/Mulberry,Imperial/Coachella Valley,2022-11-04,308,3.39,0.0,188.0,0.55,22.8,4.1,13.3,72.0,12.0,36.0,-1.5,1.46
41,Calipatria/Mulberry,Imperial/Coachella Valley,2022-11-05,309,3.37,0.0,192.0,0.6,24.5,5.5,14.5,65.0,18.0,36.0,-0.3,1.39
41,Calipatria/Mulberry,Imperial/Coachella Valley,2022-11-06,310,3.34,0.0,183.0,0.89,26.0,6.8,16.1,77.0,26.0,49.0,5.2,1.53
41,Calipatria/Mulberry,Imperial/Coachella Valley,2022-11-07,311,3.95,0.0,181.0,1.29,27.4,11.0,19.6,93.0,33.0,57.0,10.8,2.71
41,Calipatria/Mulberry,Imperial/Coachella Valley,2022-11-08,312,4.29,1.9,162.0,1.29,27.5,14.1,20.6,91.0,33.0,53.0,10.8,3.71
41,Calipatria/Mulberry,Imperial/Coachella Valley,2022-11-09,313,3.55,0.2,173.0,0.96,21.3,8.3,15.7,79.0,28.0,54.0,6.4,2.76
41,Calipatria/Mulberry,Imperial/Coachella Valley,2022-11-10,314,3.2,0.0,186.0,0.74,22.5,4.9,13.0,89.0,18.0,49.0,2.6,1.58
41,Calipatria/Mulberry,Imperial/Coachella Valley,2022-11-11,315,3.55,0.0,181.0,0.51,22.2,5.4,12.6,77.0,12.0,35.0,-2.5,1.76
41,Calipatria/Mulberry,Imperial/Coachella Valley,2022-11-12,316,2.85,0.0,184.0,0.58,22.4,2.1,11.5,82.0,15.0,43.0,-0.7,1.22
41,Calipatria/Mulberry,Imperial/Coachella Valley,2022-11-13,317,3.5,0.0,179.0,0.62,21.4,3.9,12.7,74.0,23.0,42.0,0.2,2.13
41,Calipatria/Mulberry,Imperial/Coachella Valley,2022-11-14,318,2.98,0.0,177.0,0.63,22.1,3.6,12.3,78.0,19.0,44.0,0.4,1.4
41,Calipatria/Mulberry,Imperial/Coachella Valley,2022-11-15,319,2.94,0.0,168.0,0.62,22.2,3.8,12.5,76.0,21.0,43.0,0.2,1.39
41,Calipatria/Mulberry,Imperial/Coachella Valley,2022-11-16,320,4.59,0.0,179.0,0.34,22.1,5.4,14.4,46.0,10.0,21.0,-7.8,3.07
41,Calipatria/Mulberry,Imperial/Coachella Valley,2022-11-17,321,2.91,0.0,160.0,0.55,22.8,1.9,12.0,75.0,16.0,39.0,-1.3,1.44
41,Calipatria/Mulberry,Imperial/Coachella Valley,2022-11-18,322,2.88,0.0,175.0,0.58,23.6,1.8,12.1,84.0,14.0,41.0,-0.8,1.32
41,Calipatria/Mulberry,Imperial/Coachella Valley,2022-11-19,323,3.68,0.0,170.0,0.49,22.6,3.1,12.6,69.0,12.0,34.0,-2.9,1.99
41,Calipatria/Mulberry,Imperial/Coachella Valley,2022-11-20,324,3.12,0.0,169.0,0.52,24.7,3.4,13.1,76.0,10.0,34.0,-2.3,1.41
41,Calipatria/Mulberry,Imperial/Coachella Valley,2022-11-21,325,2.59,0.0,159.0,0.55,24.0,2.0,11.9,72.0,15.0,40.0,-1.4,1.15
41,Calipatria/Mulberry,Imperial/Coachella Valley,2022-11-22,326,2.77,0.0,162.0,0.59,23.2,1.7,10.9,79.0,14.0,45.0,-0.5,1.34
41,Calipatria/Mulberry,Imperial/Coachella Valley,2022-11-23,327,2.78,0.0,170.0,0.53,23.4,0.5,11.5,75.0,15.0,39.0,-1.9,1.32
41,Calipatria/Mulberry,Imperial/Coachella Valley,2022-11-24,328,5.32,0.0,168.0,0.4,24.2,6.8,17.4,38.0,12.0,20.0,-5.7,3.52
41,Calipatria/Mulberry,Imperial/Coachella Valley,2022-11-25,329,2.9,0.0,166.0,0.64,24.2,5.4,13.2,73.0,15.0,42.0,0.6,1.48
41,Calipatria/Mulberry,Imperial/Coachella Valley,2022-11-26,330,2.61,0.0,162.0,0.63,23.2,2.0,11.3,74.0,20.0,47.0,0.4,1.39
41,Calipatria/Mulberry,Imperial/Coachella Valley,2022-11-27,331,2.54,0.0,162.0,0.72,24.0,2.9,12.0,78.0,20.0,51.0,2.2,1.32
41,Calipatria/Mulberry,Imperial/Coachella Valley,2022-11-28,332,3.18,0.0,161.0,0.8,22.7,5.0,13.9,75.0,31.0,50.0,3.7,2.34
41,Calipatria/Mulberry,Imperial/Coachella Valley,2022-11-29,333,2.69,0.0,153.0,0.87,21.5,6.9,13.9,78.0,32.0,55.0,5.0,1.87
41,Calipatria/Mulberry,Imperial/Coachella Valley,2022-11-30,334,2.27,0.0,153.0,0.77,21.5,3.7,11.8,83.0,28.0,55.0,3.2,1.15
41,Calipatria/Mulberry,Imperial/Coachella Valley,2022-12-01,335,2.05,0.0,130.0,0.85,19.7,3.9,11.8,86.0,38.0,61.0,4.6,1.46
41,Calipatria/Mulberry,Imperial/Coachella Valley,2022-12-02,336,1.61,0.0,104.0,0.99,20.0,7.3,12.7,87.0,46.0,67.0,6.8,1.12
41,Calipatria/Mulberry,Imperial/Coachella Valley,2022-12-03,337,1.21,0.0,72.0,1.12,18.4,6.9,11.7,99.0,57.0,81.0,8.6,1.32
41,Calipatria/Mulberry,Imperial/Coachella Valley,2022-12-04,338,1.5,0.0,113.0,1.21,20.7,6.6,12.2,99.0,58.0,85.0,9.8,0.99
41,Calipatria/Mulberry,Imperial/Coachella Valley,2022-12-05,339,2.84,0.0,155.0,1.1,23.7,9.0,14.9,99.0,34.0,65.0,8.3,2.28
41,Calipatria/Mulberry,Imperial/Coachella Valley,2022-12-06,340,2.52,0.0,150.0,0.86,20.9,6.4,13.7,79.0,33.0,55.0,4.8,1.68
41,Calipatria/Mulberry,Imperial/Coachella Valley,2022-12-07,341,2.57,0.0,152.0,0.83,20.2,6.1,13.1,84.0,29.0,55.0,4.4,1.61
41,Calipatria/Mulberry,Imperial/Coachella Valley,2022-12-08,342,2.2,0.0,155.0,0.75,20.5,2.7,10.2,91.0,26.0,60.0,2.8,1.17
41,Calipatria/Mulberry,Imperial/Coachella Valley,2022-12-09,343,2.11,0.0,153.0,0.76,19.8,1.2,9.4,99.0,29.0,64.0,3.0,1.18
41,Calipatria/Mulberry,Imperial/Coachella Valley,2022-12-10,344,2.22,0.0,154.0,0.73,20.8,0.8,9.6,97.0,27.0,61.0,2.4,1.41
41,Calipatria/Mulberry,Imperial/Coachella Valley,2022-12-11,345,2.4,1.2,120.0,0.88,21.3,2.3,11.7,85.0,47.0,64.0,5.2,2.86
41,Calipatria/Mulberry,Imperial/Coachella Valley,2022-12-12,346,1.67,0.0,94.0,0.77,15.9,2.2,9.6,91.0,47.0,64.0,3.1,1.94
41,Calipatria/Mulberry,Imperial/Coachella Valley,2022-12-13,347,2.0,0.0,152.0,0.68,16.3,0.4,7.2,98.0,34.0,67.0,1.5,1.52
41,Calipatria/Mulberry,Imperial/Coachella Valley,2022-12-14,348,2.0,0.0,151.0,0.64,17.7,-0.7,7.3,94.0,30.0,63.0,0.7,1.27
41,Calipatria/Mulberry,Imperial/Coachella Valley,2022-12-15,349,2.03,0.0,139.0,0.64,17.8,-0.2,9.0,91.0,30.0,56.0,0.7,1.33
41,Calipatria/Mulberry,Imperial/Coachella Valley,2022-12-16,350,2.03,0.0,121.0,0.63,17.9,3.9,9.8,87.0,26.0,52.0,0.3,1.51
41,Calipatria/Mulberry,Imperial/Coachella Valley,2022-12-17,351,2.05,0.0,142.0,0.52,17.5,-1.0,8.6,78.0,22.0,46.0,-2.3,1.2
41,Calipatria/Mulberry,Imperial/Coachella Valley,2022-12-18,352,2.15,0.0,141.0,0.6,19.0,3.1,10.4,77.0,18.0,48.0,-0.2,1.3
41,Calipatria/Mulberry,Imperial/Coachella Valley,2022-12-19,353,2.09,0.0,154.0,0.58,19.0,-0.6,7.7,89.0,20.0,55.0,-0.8,1.14
41,Calipatria/Mulberry,Imperial/Coachella Valley,2022-12-20,354,1.83,0.0,130.0,0.62,19.2,-0.3,7.3,93.0,24.0,60.0,0.2,1.2
41,Calipatria/Mulberry,Imperial/Coachella Valley,2022-12-21,355,2.16,0.0,152.0,0.66,22.0,0.3,9.3,91.0,23.0,56.0,1.0,1.12
41,Calipatria/Mulberry,Imperial/Coachella Valley,2022-12-22,356,2.05,0.0,140.0,0.75,21.6,1.7,10.0,87.0,28.0,61.0,2.8,1.18
41,Calipatria/Mulberry,Imperial/Coachella Valley,2022-12-23,357,2.1,0.0,145.0,0.78,22.1,2.6,10.6,92.0,31.0,61.0,3.5,1.16
41,Calipatria/Mulberry,Imperial/Coachella Valley,2022-12-24,358,2.22,0.0,150.0,0.85,24.4,2.3,11.9,94.0,27.0,61.0,4.7,1.11
41,Calipatria/Mulberry,Imperial/Coachella Valley,2022-12-25,359,2.45,0.0,151.0,0.84,26.1,4.3,13.4,85.0,23.0,55.0,4.5,1.24
41,Calipatria/Mulberry,Imperial/Coachella Valley,2022-12-26,360,2.15,0.0,139.0,0.97,26.0,4.6,13.2,93.0,32.0,64.0,6.5,1.16
41,Calipatria/Mulberry,Imperial/Coachella Valley,2022-12-27,361,1.52,0.0,83.0,1.0,21.2,6.5,13.3,88.0,39.0,65.0,7.0,1.39
41,Calipatria/Mulberry,Imperial/Coachella Valley,2022-12-28,362,2.19,1.0,149.0,1.34,22.4,10.6,15.6,99.0,42.0,76.0,11.4,1.7
41,Calipatria/Mulberry,Imperial/Coachella Valley,2022-12-29,363,1.51,0.0,110.0,1.31,20.3,9.0,13.8,99.0,51.0,83.0,11.0,1.49
41,Calipatria/Mulberry,Imperial/Coachella Valley,2022-12-30,364,1.33,0.0,104.0,1.34,19.3,8.0,13.0,100.0,62.0,89.0,11.3,1.71
41,Calipatria/Mulberry,Imperial/Coachella Valley,2022-12-31,365,1.03,0.0,76.0,1.5,18.6,10.7,14.2,100.0,73.0,93.0,13.0,2.15
41,Calipatria/Mulberry,Imperial/Coachella Valley,2023-01-01,1,2.69,3.6,146.0,1.17,19.9,8.2,14.4,99.0,42.0,71.0,9.2,3.02
41,Calipatria/Mulberry,Imperial/Coachella Valley,2023-01-02,2,2.46,0.0,145.0,0.89,19.0,5.5,12.9,93.0,34.0,60.0,5.3,2.02
41,Calipatria/Mulberry,Imperial/Coachella Valley,2023-01-03,3,2.28,0.0,133.0,1.02,20.4,6.7,14.2,81.0,43.0,63.0,7.2,2.07
41,Calipatria/Mulberry,Imperial/Coachella Valley,2023-01-04,4,2.05,0.0,124.0,1.12,21.3,8.4,14.9,91.0,38.0,66.0,8.6,1.41
41,Calipatria/Mulberry,Imperial/Coachella Valley,2023-01-05,5,1.9,0.0,103.0,1.07,20.3,7.7,13.4,94.0,48.0,70.0,8.0,2.2
41,Calipatria/Mulberry,Imperial/Coachella Valley,2023-01-06,6,2.26,0.0,145.0,0.92,20.5,4.9,11.6,94.0,40.0,67.0,5.7,1.57
41,Calipatria/Mulberry,Imperial/Coachella Valley,2023-01-07,7,2.17,0.0,152.0,0.85,20.8,2.2,10.4,97.0,36.0,67.0,4.6,1.2
41,Calipatria/Mulberry,Imperial/Coachella Valley,2023-01-08,8,2.23,0.0,159.0,0.86,21.8,3.0,11.3,99.0,32.0,64.0,4.8,1.15
41,Calipatria/Mulberry,Imperial/Coachella Valley,2023-01-09,9,1.67,0.0,90.0,0.95,20.2,4.8,11.9,99.0,38.0,68.0,6.2,1.54
41,Calipatria/Mulberry,Imperial/Coachella Valley,2023-01-10,10,2.97,0.0,147.0,0.94,22.8,7.8,14.7,73.0,34.0,56.0,6.0,2.76
41,Calipatria/Mulberry,Imperial/Coachella Valley,2023-01-11,11,1.78,0.0,114.0,0.89,19.6,5.4,11.9,90.0,43.0,64.0,5.3,1.28
41,Calipatria/Mulberry,Imperial/Coachella Valley,2023-01-12,12,2.23,0.0,135.0,0.82,21.3,2.4,10.8,99.0,32.0,63.0,4.1,1.36
41,Calipatria/Mulberry,Imperial/Coachella Valley,2023-01-13,13,1.88,0.0,128.0,0.89,21.5,3.0,10.7,99.0,36.0,70.0,5.4,1.04
41,Calipatria/Mulberry,Imperial/Coachella Valley,2023-01-14,14,1.1,0.2,51.0,0.99,17.3,4.7,11.4,99.0,50.0,73.0,6.8,1.74
41,Calipatria/Mulberry,Imperial/Coachella Valley,2023-01-15,15,1.62,2.1,71.0,1.14,19.6,10.3,14.4,96.0,49.0,69.0,8.9,2.2
41,Calipatria/Mulberry,Imperial/Coachella Valley,2023-01-16,16,2.39,0.6,129.0,1.18,21.8,9.8,14.5,99.0,51.0,72.0,9.4,3.06
41,Calipatria/Mulberry,Imperial/Coachella Valley,2023-01-17,17,3.36,0.0,166.0,0.73,18.0,3.8,11.5,85.0,34.0,54.0,2.6,3.63
41,Calipatria/Mulberry,Imperial/Coachella Valley,2023-01-18,18,2.32,0.0,165.0,0.69,18.6,2.2,8.8,89.0,25.0,61.0,1.7,1.4
41,Calipatria/Mulberry,Imperial/Coachella Valley,2023-01-19,19,2.34,0.0,167.0,0.69,18.2,0.0,8.7,90.0,27.0,61.0,1.6,1.5
41,Calipatria/Mulberry,Imperial/Coachella Valley,2023-01-20,20,3.18,0.0,173.0,0.58,17.8,2.1,10.3,88.0,19.0,46.0,-0.7,2.15
41,Calipatria/Mulberry,Imperial/Coachella Valley,2023-01-21,21,2.54,0.0,175.0,0.55,18.6,-0.9,7.5,88.0,21.0,53.0,-1.5,1.39
41,Calipatria/Mulberry,Imperial/Coachella Valley,2023-01-22,22,2.64,0.0,175.0,0.5,18.9,-0.5,7.9,85.0,19.0,47.0,-2.7,1.7
41,Calipatria/Mulberry,Imperial/Coachella Valley,2023-01-23,23,3.75,0.0,157.0,0.39,17.3,2.6,10.6,61.0,18.0,30.0,-6.0,3.37
41,Calipatria/Mulberry,Imperial/Coachella Valley,2023-01-24,24,2.94,0.0,180.0,0.5,20.7,-0.1,9.5,80.0,15.0,42.0,-2.6,1.48
41,Calipatria/Mulberry,Imperial/Coachella Valley,2023-01-25,25,3.76,0.0,180.0,0.48,22.0,-1.0,10.4,85.0,14.0,38.0,-3.4,2.36
41,Calipatria/Mulberry,Imperial/Coachella Valley,2023-01-26,26,4.76,0.0,183.0,0.4,20.2,5.5,13.2,47.0,14.0,26.0,-5.8,3.73
41,Calipatria/Mulberry,Imperial/Coachella Valley,2023-01-27,27,2.7,0.0,184.0,0.55,20.8,-0.5,9.0,79.0,19.0,48.0,-1.5,1.2
41,Calipatria/Mulberry,Imperial/Coachella Valley,2023-01-28,28,2.67,0.0,184.0,0.6,20.7,-0.4,8.8,87.0,20.0,53.0,-0.3,1.43
41,Calipatria/Mulberry,Imperial/Coachella Valley,2023-01-29,29,2.98,0.0,177.0,0.83,19.5,1.2,10.4,99.0,39.0,66.0,4.4,2.98
41,Calipatria/Mulberry,Imperial/Coachella Valley,2023-01-30,30,1.26,1.4,86.0,1.05,15.8,6.2,10.9,99.0,53.0,80.0,7.7,1.91
41,Calipatria/Mulberry,Imperial/Coachella Valley,2023-01-31,31,2.07,0.3,89.0,0.67,17.7,6.2,11.6,97.0,22.0,49.0,1.2,1.9
41,Calipatria/Mulberry,Imperial/Coachella Valley,2023-02-01,32,3.2,0.0,178.0,0.49,20.8,2.0,11.5,78.0,14.0,36.0,-3.0,1.56
41,Calipatria/Mulberry,Imperial/Coachella Valley,2023-02-02,33,2.85,0.0,191.0,0.6,22.2,-0.4,9.7,92.0,18.0,50.0,-0.2,1.25
41,Calipatria/Mulberry,Imperial/Coachella Valley,2023-02-03,34,2.18,0.0,127.0,0.78,21.2,3.2,10.0,96.0,26.0,64.0,3.4,1.45
41,Calipatria/Mulberry,Imperial/Coachella Valley,2023-02-04,35,2.92,0.0,191.0,0.73,24.4,0.9,11.1,97.0,19.0,55.0,2.4,1.22
41,Calipatria/Mulberry,Imperial/Coachella Valley,2023-02-05,36,3.98,0.0,192.0,0.76,25.3,2.5,13.5,89.0,30.0,49.0,3.1,2.52
41,Calipatria/Mulberry,Imperial/Coachella Valley,2023-02-06,37,4.69,0.0,197.0,0.57,22.6,5.8,14.4,81.0,13.0,35.0,-1.0,3.2
41,Calipatria/Mulberry,Imperial/Coachella Valley,2023-02-07,38,3.83,0.0,204.0,0.49,22.1,3.0,12.2,78.0,13.0,35.0,-2.9,1.81
41,Calipatria/Mulberry,Imperial/Coachella Valley,2023-02-08,39,3.04,0.0,198.0,0.65,23.4,0.5,10.8,82.0,20.0,51.0,0.9,1.15
41,Calipatria/Mulberry,Imperial/Coachella Valley,2023-02-09,40,4.92,0.0,200.0,0.46,25.3,1.7,12.6,88.0,7.0,32.0,-3.8,2.65
41,Calipatria/Mulberry,Imperial/Coachella Valley,2023-02-10,41,3.5,0.0,201.0,0.48,23.4,-0.1,10.8,75.0,9.0,37.0,-3.4,1.51
41,Calipatria/Mulberry,Imperial/Coachella Valley,2023-02-11,42,3.63,0.0,205.0,0.66,23.5,4.5,12.9,84.0,13.0,44.0,1.1,1.59
41,Calipatria/Mulberry,Imperial/Coachella Valley,2023-02-12,43,3.25,0.0,198.0,0.7,20.4,5.1,11.7,78.0,27.0,50.0,1.8,1.77
41,Calipatria/Mulberry,Imperial/Coachella Valley,2023-02-13,44,3.04,0.0,200.0,0.82,20.2,6.7,12.3,81.0,32.0,57.0,4.1,1.74
41,Calipatria/Mulberry,Imperial/Coachella Valley,2023-02-14,45,3.77,0.0,196.0,0.83,18.6,2.9,11.7,96.0,41.0,60.0,4.2,4.46
41,Calipatria/Mulberry,Imperial/Coachella Valley,2023-02-15,46,3.61,0.0,219.0,0.44,17.0,-1.4,7.0,98.0,13.0,44.0,-4.3,2.18
41,Calipatria/Mulberry,Imperial/Coachella Valley,2023-02-16,47,3.79,0.0,219.0,0.33,17.8,-2.2,8.1,76.0,10.0,31.0,-8.1,2.02
41,Calipatria/Mulberry,Imperial/Coachella Valley,2023-02-17,48,2.79,0.0,160.0,0.42,19.2,-0.5,8.9,76.0,10.0,37.0,-5.0,1.33
41,Calipatria/Mulberry,Imperial/Coachella Valley,2023-02-18,49,2.96,0.0,187.0,0.53,21.6,-0.1,10.3,84.0,16.0,42.0,-1.9,1.25
41,Calipatria/Mulberry,Imperial/Coachella Valley,2023-02-19,50,3.04,0.0,188.0,0.67,23.2,0.1,10.9,84.0,19.0,51.0,1.2,1.42
41,Calipatria/Mulberry,Imperial/Coachella Valley,2023-02-20,51,3.27,0.0,205.0,0.79,23.7,3.2,13.4,87.0,27.0,52.0,3.6,1.29
41,Calipatria/Mulberry,Imperial/Coachella Valley,2023-02-21,52,4.57,0.0,204.0,0.89,27.0,5.4,15.8,87.0,21.0,50.0,5.3,3.71
41,Calipatria/Mulberry,Imperial/Coachella Valley,2023-02-22,53,4.39,0.0,214.0,0.57,16.5,5.7,11.6,66.0,23.0,42.0,-0.9,5.06
41,Calipatria/Mulberry,Imperial/Coachella Valley,2023-02-23,54,2.17,0.0,101.0,0.69,16.4,3.1,10.2,77.0,37.0,55.0,1.7,2.39
41,Calipatria/Mulberry,Imperial/Coachella Valley,2023-02-24,55,3.29,0.0,210.0,0.82,19.4,1.4,10.8,90.0,38.0,63.0,4.2,2.29
41,Calipatria/Mulberry,Imperial/Coachella Valley,2023-02-25,56,1.87,0.7,101.0,0.98,19.2,5.4,11.2,99.0,50.0,73.0,6.6,3.64
41,Calipatria/Mulberry,Imperial/Coachella Valley,2023-02-26,57,3.79,0.0,233.0,0.65,17.2,1.8,9.9,95.0,30.0,54.0,0.9,3.16
41,Calipatria/Mulberry,Imperial/Coachella Valley,2023-02-27,58,3.37,0.0,234.0,0.69,19.2,-0.2,10.1,88.0,30.0,56.0,1.7,1.68
41,Calipatria/Mulberry,Imperial/Coachella Valley,2023-02-28,59,4.15,0.0,226.0,0.75,20.5,6.6,13.1,83.0,32.0,50.0,2.8,2.96
41,Calipatria/Mulberry,Imperial/Coachella Valley,2023-03-01,60,3.02,0.0,135.0,0.71,18.9,3.8,10.4,71.0,36.0,57.0,2.1,3.92
41,Calipatria/Mulberry,Imperial/Coachella Valley,2023-03-02,61,3.75,0.0,243.0,0.6,20.7,2.6,11.2,69.0,20.0,45.0,-0.4,1.62
41,Calipatria/Mulberry,Imperial/Coachella Valley,2023-03-03,62,3.49,0.0,240.0,0.77,21.1,1.7,11.5,93.0,28.0,56.0,3.1,1.57
41,Calipatria/Mulberry,Imperial/Coachella Valley,2023-03-04,63,4.05,0.0,242.0,0.76,23.0,3.0,12.8,90.0,25.0,52.0,3.1,1.96
41,Calipatria/Mulberry,Imperial/Coachella Valley,2023-03-05,64,3.67,0.0,164.0,0.73,21.5,4.8,13.8,67.0,31.0,46.0,2.4,3.4
41,Calipatria/Mulberry,Imperial/Coachella Valley,2023-03-06,65,3.58,0.0,181.0,0.79,21.0,10.1,14.8,62.0,28.0,47.0,3.6,2.52
41,Calipatria/Mulberry,Imperial/Coachella Valley,2023-03-07,66,3.65,0.0,212.0,0.79,21.9,7.0,14.2,76.0,18.0,49.0,3.6,2.0
41,Calipatria/Mulberry,Imperial/Coachella Valley,2023-03-08,67,3.96,0.0,247.0,0.74,23.9,3.3,13.5,90.0,15.0,48.0,2.7,1.57
41,Calipatria/Mulberry,Imperial/Coachella Valley,2023-03-09,68,3.96,0.0,228.0,0.84,25.8,4.8,14.5,88.0,17.0,51.0,4.4,1.42
41,Calipatria/Mulberry,Imperial/Coachella Valley,2023-03-10,69,4.0,0.0,176.0,1.03,26.9,9.8,17.8,77.0,20.0,51.0,7.4,2.38
41,Calipatria/Mulberry,Imperial/Coachella Valley,2023-03-11,70,4.16,0.0,191.0,1.37,28.8,12.8,20.5,89.0,37.0,57.0,11.6,2.28
41,Calipatria/Mulberry,Imperial/Coachella Valley,2023-03-12,71,4.73,0.0,243.0,1.13,28.0,9.7,19.6,87.0,29.0,49.0,8.8,2.11
41,Calipatria/Mulberry,Imperial/Coachella Valley,2023-03-13,72,4.77,0.0,239.0,1.06,28.7,10.8,20.4,76.0,22.0,44.0,7.8,2.06
41,Calipatria/Mulberry,Imperial/Coachella Valley,2023-03-14,73,2.92,0.1,147.0,1.25,25.3,11.3,18.6,85.0,32.0,58.0,10.3,1.68
41,Calipatria/Mulberry,Imperial/Coachella Valley,2023-03-15,74,4.22,4.2,194.0,1.41,25.9,13.5,18.6,95.0,43.0,66.0,12.1,3.62
41,Calipatria/Mulberry,Imperial/Coachella Valley,2023-03-16,75,4.16,0.0,256.0,1.05,24.9,7.4,16.4,91.0,32.0,56.0,7.6,1.55
41,Calipatria/Mulberry,Imperial/Coachella Valley,2023-03-17,76,4.7,0.0,268.0,0.83,25.5,7.0,16.2,91.0,19.0,45.0,4.2,1.57
41,Calipatria/Mulberry,Imperial/Coachella Valley,2023-03-18,77,4.67,0.0,266.0,0.78,25.8,6.4,16.8,76.0,17.0,41.0,3.4,1.46
41,Calipatria/Mulberry,Imperial/Coachella Valley,2023-03-19,78,3.56,0.0,158.0,0.97,26.1,12.0,18.4,78.0,23.0,46.0,6.5,1.81
41,Calipatria/Mulberry,Imperial/Coachella Valley,2023-03-20,79,5.25,0.0,231.0,1.05,25.7,12.1,18.3,79.0,30.0,50.0,7.6,3.58
41,Calipatria/Mulberry,Imperial/Coachella Valley,2023-03-21,80,2.2,2.0,105.0,1.11,19.7,9.9,15.1,86.0,45.0,64.0,8.4,3.14
41,Calipatria/Mulberry,Imperial/Coachella Valley,2023-03-22,81,4.46,0.0,258.0,0.81,21.3,8.5,14.5,71.0,33.0,49.0,4.0,2.64
41,Calipatria/Mulberry,Imperial/Coachella Valley,2023-03-23,82,5.04,0.0,274.0,0.82,21.9,6.9,14.2,77.0,33.0,51.0,4.1,3.42
41,Calipatria/Mulberry,Imperial/Coachella Valley,2023-03-24,83,4.86,0.0,285.0,0.74,23.3,7.5,15.1,75.0,19.0,43.0,2.6,2.24
41,Calipatria/Mulberry,Imperial/Coachella Valley,2023-03-25,84,4.7,0.0,284.0,0.75,22.9,5.2,14.2,87.0,19.0,46.0,2.8,1.75
41,Calipatria/Mulberry,Imperial/Coachella Valley,2023-03-26,85,4.66,0.0,290.0,0.65,22.9,5.7,14.3,84.0,15.0,40.0,0.8,1.39
41,Calipatria/Mulberry,Imperial/Coachella Valley,2023-03-27,86,5.92,0.0,293.0,0.43,22.7,6.2,14.6,62.0,8.0,26.0,-4.8,2.64
41,Calipatria/Mulberry,Imperial/Coachella Valley,2023-03-28,87,4.77,0.0,292.0,0.66,25.7,3.1,15.1,87.0,14.0,39.0,1.1,1.26
41,Calipatria/Mulberry,Imperial/Coachella Valley,2023-03-29,88,5.84,0.0,260.0,0.76,26.1,8.7,16.5,65.0,29.0,40.0,3.0,4.26
41,Calipatria/Mulberry,Imperial/Coachella Valley,2023-03-30,89,3.95,0.0,227.0,0.78,19.9,5.4,12.8,85.0,34.0,53.0,3.4,2.61
41,Calipatria/Mulberry,Imperial/Coachella Valley,2023-03-31,90,4.28,0.0,275.0,0.77,22.4,2.8,13.2,91.0,25.0,51.0,3.2,1.39
41,Calipatria/Mulberry,Imperial/Coachella Valley,2023-04-01,91,4.78,0.0,270.0,0.77,26.3,3.8,15.1,89.0,15.0,45.0,3.3,1.63
41,Calipatria/Mulberry,Imperial/Coachella Valley,2023-04-02,92,6.21,0.0,300.0,0.83,29.6,6.1,18.0,87.0,21.0,40.0,4.3,2.49
41,Calipatria/Mulberry,Imperial/Coachella Valley,2023-04-03,93,6.52,0.0,274.0,0.7,23.1,8.7,16.4,55.0,23.0,38.0,1.9,6.28
41,Calipatria/Mulberry,Imperial/Coachella Valley,2023-04-04,94,5.04,0.0,310.0,0.4,19.5,2.6,12.1,71.0,12.0,28.0,-5.8,2.1
41,Calipatria/Mulberry,Imperial/Coachella Valley,2023-04-05,95,5.04,0.0,305.0,0.51,22.8,2.9,13.6,77.0,11.0,33.0,-2.3,1.46
41,Calipatria/Mulberry,Imperial/Coachella Valley,2023-04-06,96,5.7,0.0,310.0,0.55,25.5,3.5,15.1,70.0,9.0,32.0,-1.4,1.87
41,Calipatria/Mulberry,Imperial/Coachella Valley,2023-04-07,97,5.04,0.0,296.0,0.75,28.4,3.8,16.2,80.0,12.0,41.0,2.9,1.24
41,Calipatria/Mulberry,Imperial/Coachella Valley,2023-04-08,98,5.12,0.0,287.0,0.96,29.7,7.7,18.9,80.0,18.0,44.0,6.4,1.37
41,Calipatria/Mulberry,Imperial/Coachella Valley,2023-04-09,99,5.7,0.0,303.0,1.18,33.3,9.0,20.9,87.0,18.0,48.0,9.5,1.39
41,Calipatria/Mulberry,Imperial/Coachella Valley,2023-04-10,100,5.93,0.0,309.0,1.23,34.8,10.5,22.4,78.0,21.0,45.0,10.1,1.28
41,Calipatria/Mulberry,Imperial/Coachella Valley,2023-04-11,101,6.42,0.0,312.0,1.14,35.3,11.8,23.5,79.0,16.0,39.0,8.9,1.55
41,Calipatria/Mulberry,Imperial/Coachella Valley,2023-04-12,102,6.12,0.0,267.0,1.05,32.2,11.5,21.5,74.0,21.0,41.0,7.7,2.61
41,Calipatria/Mulberry,Imperial/Coachella Valley,2023-04-13,103,6.06,0.0,276.0,0.93,25.3,12.1,18.2,69.0,27.0,45.0,6.0,3.77
41,Calipatria/Mulberry,Imperial/Coachella Valley,2023-04-14,104,5.36,0.0,310.0,0.93,26.1,8.9,17.1,84.0,26.0,48.0,6.0,2.06
41,Calipatria/Mulberry,Imperial/Coachella Valley,2023-04-15,105,5.22,0.0,308.0,1.19,28.8,9.4,18.9,85.0,29.0,55.0,9.5,1.55
41,Calipatria/Mulberry,Imperial/Coachella Valley,2023-04-16,106,5.19,0.0,287.0,1.22,31.3,10.3,20.7,81.0,27.0,50.0,9.9,1.34
41,Calipatria/Mulberry,Imperial/Coachella Valley,2023-04-17,107,6.43,0.0,320.0,0.99,32.0,10.0,21.2,84.0,17.0,39.0,6.8,1.99
41,Calipatria/Mulberry,Imperial/Coachella Valley,2023-04-18,108,7.0,0.0,308.0,0.86,29.1,11.5,20.5,60.0,16.0,35.0,4.7,3.08
41,Calipatria/Mulberry,Imperial/Coachella Valley,2023-04-19,109,5.79,0.0,314.0,0.84,26.6,8.0,17.9,74.0,18.0,41.0,4.4,1.83
41,Calipatria/Mulberry,Imperial/Coachella Valley,2023-04-20,110,6.01,0.0,326.0,0.95,29.4,8.0,18.8,80.0,14.0,44.0,6.2,1.52
41,Calipatria/Mulberry,Imperial/Coachella Valley,2023-04-21,111,6.27,0.0,326.0,1.08,32.8,9.2,21.2,75.0,14.0,43.0,8.1,1.48
41,Calipatria/Mulberry,Imperial/Coachella Valley,2023-04-22,112,6.28,0.0,315.0,1.36,35.1,10.8,23.4,79.0,19.0,47.0,11.6,1.45
41,Calipatria/Mulberry,Imperial/Coachella Valley,2023-04-23,113,6.52,0.0,316.0,1.39,34.5,13.4,23.9,79.0,24.0,47.0,11.9,1.72
41,Calipatria/Mulberry,Imperial/Coachella Valley,2023-04-24,114,6.68,0.0,318.0,1.31,33.4,13.2,23.1,74.0,23.0,46.0,11.0,2.28
41,Calipatria/Mulberry,Imperial/Coachella Valley,2023-04-25,115,5.93,0.0,316.0,1.45,33.0,14.4,22.8,87.0,22.0,52.0,12.5,1.83
41,Calipatria/Mulberry,Imperial/Coachella Valley,2023-04-26,116,7.2,0.0,332.0,1.17,34.0,11.3,22.6,86.0,13.0,42.0,9.3,2.0
41,Calipatria/Mulberry,Imperial/Coachella Valley,2023-04-27,117,6.59,0.0,333.0,1.15,36.2,10.7,23.3,79.0,9.0,40.0,9.1,1.39
41,Calipatria/Mulberry,Imperial/Coachella Valley,2023-04-28,118,6.73,0.0,329.0,1.4,37.8,12.6,25.0,81.0,14.0,44.0,12.0,1.47
41,Calipatria/Mulberry,Imperial/Coachella Valley,2023-04-29,119,6.8,0.0,331.0,1.4,38.6,13.3,25.7,76.0,15.0,42.0,12.0,1.51
41,Calipatria/Mulberry,Imperial/Coachella Valley,2023-04-30,120,6.83,0.0,325.0,1.25,37.9,14.5,26.0,77.0,14.0,37.0,10.3,1.46
41,Calipatria/Mulberry,Imperial/Coachella Valley,2023-05-01,121,7.67,0.0,318.0,0.9,30.5,14.2,21.6,67.0,18.0,35.0,5.4,3.41
41,Calipatria/Mulberry,Imperial/Coachella Valley,2023-05-02,122,6.18,0.0,316.0,0.86,25.9,11.8,18.9,60.0,26.0,40.0,4.8,3.03
41,Calipatria/Mulberry,Imperial/Coachella Valley,2023-05-03,123,6.52,0.0,332.0,0.81,27.6,9.7,18.5,67.0,23.0,38.0,4.0,2.67
41,Calipatria/Mulberry,Imperial/Coachella Valley,2023-05-04,124,6.12,0.0,310.0,0.93,24.2,11.1,17.6,67.0,34.0,46.0,5.9,3.53
41,Calipatria/Mulberry,Imperial/Coachella Valley,2023-05-05,125,6.1,0.0,335.0,0.93,26.2,10.5,18.2,67.0,27.0,44.0,5.9,2.34
41,Calipatria/Mulberry,Imperial/Coachella Valley,2023-05-06,126,6.03,0.0,339.0,0.98,28.2,8.2,19.4,84.0,22.0,44.0,6.6,1.77
41,Calipatria/Mulberry,Imperial/Coachella Valley,2023-05-07,127,6.38,0.0,334.0,1.09,30.5,11.3,20.8,80.0,21.0,44.0,8.2,1.85
41,Calipatria/Mulberry,Imperial/Coachella Valley,2023-05-08,128,6.84,0.0,341.0,1.12,32.2,10.8,21.9,86.0,18.0,43.0,8.7,1.89
41,Calipatria/Mulberry,Imperial/Coachella Valley,2023-05-09,129,7.62,0.0,337.0,0.8,31.7,11.7,22.2,58.0,14.0,30.0,3.8,2.63
41,Calipatria/Mulberry,Imperial/Coachella Valley,2023-05-10,130,6.91,0.0,335.0,1.0,27.6,12.2,19.8,78.0,28.0,43.0,6.9,3.5
41,Calipatria/Mulberry,Imperial/Coachella Valley,2023-05-11,131,5.8,0.0,337.0,1.2,30.7,9.9,20.4,86.0,23.0,50.0,9.6,1.22
41,Calipatria/Mulberry,Imperial/Coachella Valley,2023-05-12,132,6.39,0.0,334.0,1.46,33.9,11.7,23.4,86.0,27.0,51.0,12.6,1.38
41,Calipatria/Mulberry,Imperial/Coachella Valley,2023-05-13,133,8.21,0.0,340.0,1.29,37.8,13.7,26.4,79.0,13.0,37.0,10.7,2.23
41,Calipatria/Mulberry,Imperial/Coachella Valley,2023-05-14,134,8.24,0.0,337.0,1.28,35.9,15.9,25.9,61.0,23.0,38.0,10.6,2.84
41,Calipatria/Mulberry,Imperial/Coachella Valley,2023-05-15,135,6.7,0.0,335.0,1.4,35.6,14.6,25.8,65.0,21.0,42.0,12.0,1.37
41,Calipatria/Mulberry,Imperial/Coachella Valley,2023-05-16,136,6.86,0.0,333.0,1.42,38.8,15.3,27.0,74.0,18.0,40.0,12.1,1.48
41,Calipatria/Mulberry,Imperial/Coachella Valley,2023-05-17,137,7.7,0.0,341.0,1.39,34.8,16.3,27.5,59.0,19.0,38.0,11.9,2.18
41,Calipatria/Mulberry,Imperial/Coachella Valley,2023-05-18,138,6.82,0.0,277.0,1.64,35.9,18.7,26.8,68.0,31.0,46.0,14.4,2.63
41,Calipatria/Mulberry,Imperial/Coachella Valley,2023-05-19,139,7.82,0.0,332.0,1.77,35.5,18.5,27.4,77.0,27.0,49.0,15.6,2.94
41,Calipatria/Mulberry,Imperial/Coachella Valley,2023-05-20,140,6.64,0.0,337.0,1.78,34.4,19.6,26.9,74.0,35.0,50.0,15.7,1.49
41,Calipatria/Mulberry,Imperial/Coachella Valley,2023-05-21,141,7.15,0.0,338.0,1.66,36.4,16.6,26.8,71.0,29.0,47.0,14.6,1.96
41,Calipatria/Mulberry,Imperial/Coachella Valley,2023-05-22,142,7.23,0.0,337.0,1.62,36.1,17.9,26.7,65.0,34.0,46.0,14.2,1.98
41,Calipatria/Mulberry,Imperial/Coachella Valley,2023-05-23,143,7.24,0.0,335.0,1.42,36.1,14.9,26.0,76.0,25.0,42.0,12.2,1.89
41,Calipatria/Mulberry,Imperial/Coachella Valley,2023-05-24,144,6.93,0.0,342.0,1.44,34.8,16.3,25.3,79.0,23.0,45.0,12.4,1.54
41,Calipatria/Mulberry,Imperial/Coachella Valley,2023-05-25,145,7.32,0.0,349.0,0.97,34.5,13.6,24.2,65.0,15.0,32.0,6.6,1.77
41,Calipatria/Mulberry,Imperial/Coachella Valley,2023-05-26,146,7.17,0.0,352.0,0.98,31.6,14.0,22.6,59.0,18.0,36.0,6.7,2.22
41,Calipatria/Mulberry,Imperial/Coachella Valley,2023-05-27,147,6.59,0.0,348.0,1.23,33.7,12.2,23.6,76.0,16.0,42.0,10.0,1.39
41,Calipatria/Mulberry,Imperial/Coachella Valley,2023-05-28,148,6.95,0.0,347.0,1.22,35.2,14.1,24.7,77.0,19.0,39.0,9.9,1.53
41,Calipatria/Mulberry,Imperial/Coachella Valley,2023-05-29,149,7.18,0.0,349.0,1.14,34.0,13.5,24.6,75.0,15.0,37.0,8.8,1.66
41,Calipatria/Mulberry,Imperial/Coachella Valley,2023-05-30,150,7.38,0.0,345.0,1.1,32.9,13.6,23.4,75.0,18.0,38.0,8.4,2.31
41,Calipatria/Mulberry,Imperial/Coachella Valley,2023-05-31,151,7.47,0.0,341.0,1.12,30.5,14.3,22.3,65.0,25.0,42.0,8.7,2.87
41,Calipatria/Mulberry,Imperial/Coachella Valley,2023-06-01,152,6.46,0.0,341.0,1.39,32.9,13.0,22.9,84.0,26.0,50.0,11.9,1.59
41,Calipatria/Mulberry,Imperial/Coachella Valley,2023-06-02,153,6.35,0.0,344.0,1.63,33.8,15.0,24.2,84.0,30.0,54.0,14.3,1.4
41,Calipatria/Mulberry,Imperial/Coachella Valley,2023-06-03,154,6.84,0.0,349.0,1.51,37.1,15.2,25.9,79.0,17.0,45.0,13.2,1.6
41,Calipatria/Mulberry,Imperial/Coachella Valley,2023-06-04,155,7.26,0.0,353.0,1.54,37.3,15.6,26.4,78.0,22.0,45.0,13.5,1.72
41,Calipatria/Mulberry,Imperial/Coachella Valley,2023-06-05,156,8.27,0.0,343.0,1.15,35.8,15.1,25.1,74.0,14.0,36.0,9.0,2.7
41,Calipatria/Mulberry,Imperial/Coachella Valley,2023-06-06,157,7.22,0.0,351.0,1.03,32.9,14.0,23.1,61.0,22.0,36.0,7.4,2.11
41,Calipatria/Mulberry,Imperial/Coachella Valley,2023-06-07,158,6.61,0.0,339.0,1.23,32.6,15.3,23.9,69.0,25.0,41.0,10.0,1.57
41,Calipatria/Mulberry,Imperial/Coachella Valley,2023-06-08,159,6.47,0.0,334.0,1.33,34.3,14.4,24.8,82.0,17.0,42.0,11.2,1.4
41,Calipatria/Mulberry,Imperial/Coachella Valley,2023-06-09,160,6.79,0.0,350.0,1.48,35.5,15.5,25.0,75.0,22.0,47.0,12.8,1.47
41,Calipatria/Mulberry,Imperial/Coachella Valley,2023-06-10,161,6.6,0.0,318.0,1.48,34.8,15.6,24.7,76.0,25.0,48.0,12.8,1.8
41,Calipatria/Mulberry,Imperial/Coachella Valley,2023-06-11,162,7.36,0.0,342.0,1.3,29.6,15.4,22.5,76.0,33.0,48.0,10.9,2.95
41,Calipatria/Mulberry,Imperial/Coachella Valley,2023-06-12,163,6.6,0.0,344.0,1.38,32.6,13.3,23.4,77.0,29.0,48.0,11.7,1.7
41,Calipatria/Mulberry,Imperial/Coachella Valley,2023-06-13,164,6.51,0.0,346.0,1.48,35.2,14.6,24.7,80.0,21.0,48.0,12.8,1.48
41,Calipatria/Mulberry,Imperial/Coachella Valley,2023-06-14,165,7.33,0.0,349.0,1.39,36.8,16.5,26.2,71.0,20.0,41.0,11.9,1.77
41,Calipatria/Mulberry,Imperial/Coachella Valley,2023-06-15,166,6.96,0.0,334.0,1.48,36.0,16.1,26.4,69.0,22.0,43.0,12.8,1.63
41,Calipatria/Mulberry,Imperial/Coachella Valley,2023-06-16,167,6.78,0.0,335.0,1.71,37.2,17.5,27.7,72.0,27.0,46.0,15.1,1.47
41,Calipatria/Mulberry,Imperial/Coachella Valley,2023-06-17,168,7.12,0.0,341.0,1.96,38.8,20.1,29.4,72.0,25.0,48.0,17.1,1.45
41,Calipatria/Mulberry,Imperial/Coachella Valley,2023-06-18,169,8.31,0.0,348.0,1.47,36.0,19.2,27.7,69.0,25.0,40.0,12.8,2.37
41,Calipatria/Mulberry,Imperial/Coachella Valley,2023-06-19,170,8.7,0.0,353.0,1.4,33.9,17.2,27.1,57.0,30.0,39.0,11.9,3.1
41,Calipatria/Mulberry,Imperial/Coachella Valley,2023-06-20,171,7.48,0.0,350.0,0.97,36.7,16.2,26.9,63.0,11.0,28.0,6.6,1.61
41,Calipatria/Mulberry,Imperial/Coachella Valley,2023-06-21,172,7.77,0.0,361.0,0.91,37.8,15.7,26.8,56.0,7.0,26.0,5.6,1.7
41,Calipatria/Mulberry,Imperial/Coachella Valley,2023-06-22,173,8.93,0.0,360.0,0.66,35.7,13.8,26.1,42.0,10.0,20.0,1.1,2.84
41,Calipatria/Mulberry,Imperial/Coachella Valley,2023-06-23,174,7.53,0.0,367.0,0.85,33.8,13.4,24.6,49.0,13.0,28.0,4.7,1.95
41,Calipatria/Mulberry,Imperial/Coachella Valley,2023-06-24,175,7.25,0.0,363.0,1.02,37.5,13.4,26.2,77.0,10.0,30.0,7.2,1.34
41,Calipatria/Mulberry,Imperial/Coachella Valley,2023-06-25,176,7.78,0.0,366.0,0.89,38.1,14.3,27.7,54.0,9.0,24.0,5.3,1.53
41,Calipatria/Mulberry,Imperial/Coachella Valley,2023-06-26,177,8.55,0.0,355.0,0.87,38.3,17.3,28.4,41.0,9.0,22.0,4.9,2.22
41,Calipatria/Mulberry,Imperial/Coachella Valley,2023-06-27,178,7.77,0.0,358.0,1.02,38.5,16.3,27.9,51.0,13.0,27.0,7.3,1.57
41,Calipatria/Mulberry,Imperial/Coachella Valley,2023-06-28,179,7.73,0.0,361.0,0.86,38.2,13.1,27.2,59.0,7.0,24.0,4.8,1.52
41,Calipatria/Mulberry,Imperial/Coachella Valley,2023-06-29,180,7.39,0.0,350.0,1.37,39.1,16.3,28.2,67.0,13.0,36.0,11.7,1.4
41,Calipatria/Mulberry,Imperial/Coachella Valley,2023-06-30,181,7.89,0.0,348.0,1.5,42.1,18.5,30.0,71.0,12.0,35.0,13.1,1.71
41,Calipatria/Mulberry,Imperial/Coachella Valley,2023-07-01,182,8.3,0.0,346.0,1.6,43.7,18.4,31.4,67.0,13.0,35.0,14.0,1.86
41,Calipatria/Mulberry,Imperial/Coachella Valley,2023-07-02,183,8.71,0.0,344.0,1.87,43.0,20.8,31.4,60.0,22.0,41.0,16.4,2.36
41,Calipatria/Mulberry,Imperial/Coachella Valley,2023-07-03,184,8.71,0.0,344.0,1.63,44.1,20.4,32.8,61.0,17.0,33.0,14.3,2.19
41,Calipatria/Mulberry,Imperial/Coachella Valley,2023-07-04,185,9.35,0.0,348.0,1.29,42.8,19.5,31.2,59.0,12.0,28.0,10.7,2.57
41,Calipatria/Mulberry,Imperial/Coachella Valley,2023-07-05,186,7.45,0.0,360.0,0.92,40.6,14.4,29.2,54.0,6.0,23.0,5.7,1.19
41,Calipatria/Mulberry,Imperial/Coachella Valley,2023-07-06,187,8.15,0.0,357.0,0.97,42.0,17.5,30.1,59.0,7.0,23.0,6.6,1.6
41,Calipatria/Mulberry,Imperial/Coachella Valley,2023-07-07,188,7.67,0.0,360.0,0.84,42.2,14.1,28.8,50.0,7.0,21.0,4.5,1.41
41,Calipatria/Mulberry,Imperial/Coachella Valley,2023-07-08,189,7.4,0.0,349.0,1.14,42.2,17.0,29.5,65.0,11.0,28.0,8.9,1.36
41,Calipatria/Mulberry,Imperial/Coachella Valley,2023-07-09,190,7.79,0.0,336.0,1.6,39.9,19.2,29.8,63.0,21.0,38.0,14.0,1.69
41,Calipatria/Mulberry,Imperial/Coachella Valley,2023-07-10,191,7.69,0.0,326.0,2.07,40.7,21.0,31.2,70.0,26.0,45.0,18.0,1.9
41,Calipatria/Mulberry,Imperial/Coachella Valley,2023-07-11,192,7.76,0.0,325.0,1.93,43.2,24.1,33.7,68.0,16.0,37.0,16.9,1.75
41,Calipatria/Mulberry,Imperial/Coachella Valley,2023-07-12,193,8.07,0.0,323.0,1.79,43.6,25.9,34.8,53.0,21.0,32.0,15.8,1.63
41,Calipatria/Mulberry,Imperial/Coachella Valley,2023-07-13,194,8.1,0.0,323.0,1.85,44.1,25.1,34.6,56.0,19.0,34.0,16.3,1.72
41,Calipatria/Mulberry,Imperial/Coachella Valley,2023-07-14,195,7.61,0.0,329.0,2.03,43.5,23.2,34.0,62.0,18.0,38.0,17.8,1.45
41,Calipatria/Mulberry,Imperial/Coachella Valley,2023-07-15,196,8.14,0.0,318.0,2.18,46.5,25.5,35.6,65.0,16.0,37.0,18.9,1.99
41,Calipatria/Mulberry,Imperial/Coachella Valley,2023-07-16,197,9.49,0.0,314.0,2.5,44.9,28.1,35.3,58.0,28.0,44.0,21.1,3.26
41,Calipatria/Mulberry,Imperial/Coachella Valley,2023-07-17,198,8.7,0.0,317.0,2.29,44.5,28.4,35.7,68.0,20.0,39.0,19.6,2.34
41,Calipatria/Mulberry,Imperial/Coachella Valley,2023-07-18,199,8.09,0.0,318.0,1.85,45.8,26.0,35.7,59.0,18.0,32.0,16.3,1.63
41,Calipatria/Mulberry,Imperial/Coachella Valley,2023-07-19,200,7.87,0.0,324.0,1.97,44.9,25.3,35.6,59.0,18.0,34.0,17.3,1.45
41,Calipatria/Mulberry,Imperial/Coachella Valley,2023-07-20,201,7.93,0.0,328.0,1.84,46.5,24.6,35.9,63.0,16.0,31.0,16.2,1.48
41,Calipatria/Mulberry,Imperial/Coachella Valley,2023-07-21,202,7.9,0.0,328.0,2.05,45.2,25.6,35.7,65.0,16.0,35.0,17.9,1.7
41,Calipatria/Mulberry,Imperial/Coachella Valley,2023-07-22,203,6.39,0.0,229.0,2.26,42.1,28.1,35.2,54.0,25.0,40.0,19.4,1.91
41,Calipatria/Mulberry,Imperial/Coachella Valley,2023-07-23,204,6.38,0.0,202.0,2.31,40.2,29.8,34.8,57.0,30.0,41.0,19.8,2.46
41,Calipatria/Mulberry,Imperial/Coachella Valley,2023-07-24,205,7.38,0.0,306.0,2.18,44.7,27.9,35.2,60.0,20.0,38.0,18.8,1.41
41,Calipatria/Mulberry,Imperial/Coachella Valley,2023-07-25,206,7.66,0.0,295.0,1.91,45.2,26.9,36.4,50.0,16.0,31.0,16.8,1.58
41,Calipatria/Mulberry,Imperial/Coachella Valley,2023-07-26,207,8.73,0.0,314.0,1.83,45.7,27.0,36.9,50.0,16.0,29.0,16.1,1.99
41,Calipatria/Mulberry,Imperial/Coachella Valley,2023-07-27,208,8.15,0.0,283.0,2.29,44.2,27.9,35.5,62.0,22.0,40.0,19.6,2.51
41,Calipatria/Mulberry,Imperial/Coachella Valley,2023-07-28,209,8.8,0.0,294.0,2.33,44.2,29.0,36.0,52.0,24.0,39.0,19.9,2.92
41,Calipatria/Mulberry,Imperial/Coachella Valley,2023-07-29,210,7.6,0.0,271.0,2.16,43.5,29.8,35.9,53.0,23.0,36.0,18.7,2.04
41,Calipatria/Mulberry,Imperial/Coachella Valley,2023-07-30,211,7.73,0.0,240.0,2.07,43.5,29.5,35.9,52.0,22.0,35.0,18.0,2.72
41,Calipatria/Mulberry,Imperial/Coachella Valley,2023-07-31,212,5.02,1.2,200.0,2.41,37.1,24.9,31.0,84.0,34.0,54.0,20.5,2.79
41,Calipatria/Mulberry,Imperial/Coachella Valley,2023-08-01,213,7.09,0.0,283.0,2.2,41.0,26.8,33.1,68.0,26.0,43.0,19.0,1.82
41,Calipatria/Mulberry,Imperial/Coachella Valley,2023-08-02,214,8.06,0.0,319.0,1.57,43.1,24.6,33.9,65.0,14.0,30.0,13.7,1.78
41,Calipatria/Mulberry,Imperial/Coachella Valley,2023-08-03,215,8.81,0.0,335.0,0.88,43.0,21.5,32.7,41.0,8.0,18.0,5.1,1.96
41,Calipatria/Mulberry,Imperial/Coachella Valley,2023-08-04,216,7.3,0.0,338.0,1.24,42.1,18.5,30.5,58.0,9.0,28.0,10.1,1.23
41,Calipatria/Mulberry,Imperial/Coachella Valley,2023-08-05,217,8.15,0.0,334.0,1.53,43.9,20.4,32.0,66.0,10.0,32.0,13.3,1.86
41,Calipatria/Mulberry,Imperial/Coachella Valley,2023-08-06,218,8.92,0.0,312.0,2.42,42.9,24.5,33.8,69.0,27.0,46.0,20.5,2.98
41,Calipatria/Mulberry,Imperial/Coachella Valley,2023-08-07,219,8.45,0.0,303.0,2.26,43.5,27.1,34.7,81.0,20.0,41.0,19.4,2.49
41,Calipatria/Mulberry,Imperial/Coachella Valley,2023-08-08,220,7.81,0.0,264.0,1.83,41.2,25.5,33.2,48.0,26.0,36.0,16.1,2.45
41,Calipatria/Mulberry,Imperial/Coachella Valley,2023-08-09,221,8.48,0.0,301.0,1.66,42.1,24.9,33.8,52.0,17.0,32.0,14.6,2.25
41,Calipatria/Mulberry,Imperial/Coachella Valley,2023-08-10,222,8.38,0.0,308.0,1.76,40.2,26.0,33.0,48.0,23.0,35.0,15.5,2.65
41,Calipatria/Mulberry,Imperial/Coachella Valley,2023-08-11,223,7.23,0.0,310.0,1.84,39.7,23.6,32.0,67.0,21.0,39.0,16.2,1.66
41,Calipatria/Mulberry,Imperial/Coachella Valley,2023-08-12,224,6.86,0.0,298.0,1.85,40.5,24.0,32.1,61.0,22.0,39.0,16.3,1.46
41,Calipatria/Mulberry,Imperial/Coachella Valley,2023-08-13,225,7.56,0.0,306.0,1.98,41.6,24.7,33.1,62.0,20.0,39.0,17.3,1.85
41,Calipatria/Mulberry,Imperial/Coachella Valley,2023-08-14,226,8.05,0.0,316.0,1.9,43.8,25.6,35.1,64.0,18.0,34.0,16.7,1.83
41,Calipatria/Mulberry,Imperial/Coachella Valley,2023-08-15,227,7.59,0.0,298.0,1.87,44.8,26.3,35.7,63.0,15.0,32.0,16.5,1.5
41,Calipatria/Mulberry,Imperial/Coachella Valley,2023-08-16,228,6.19,0.0,237.0,1.98,43.3,28.6,35.1,53.0,19.0,35.0,17.4,1.39
41,Calipatria/Mulberry,Imperial/Coachella Valley,2023-08-17,229,7.44,0.0,292.0,1.84,45.5,25.6,35.5,61.0,16.0,32.0,16.2,1.55
41,Calipatria/Mulberry,Imperial/Coachella Valley,2023-08-18,230,8.65,0.0,277.0,2.27,42.7,26.2,34.7,64.0,23.0,41.0,19.5,3.28
41,Calipatria/Mulberry,Imperial/Coachella Valley,2023-08-19,231,6.6,3.9,66.0,2.58,32.8,23.4,26.8,99.0,37.0,73.0,21.6,2.21
41,Calipatria/Mulberry,Imperial/Coachella Valley,2023-08-20,232,5.17,9.2,94.0,2.72,31.2,23.2,25.8,99.0,59.0,82.0,22.5,5.91
41,Calipatria/Mulberry,Imperial/Coachella Valley,2023-08-21,233,5.38,0.0,280.0,2.56,33.0,21.5,26.7,99.0,45.0,73.0,21.5,1.68
41,Calipatria/Mulberry,Imperial/Coachella Valley,2023-08-22,234,6.24,0.0,307.0,2.26,36.1,21.1,28.6,99.0,28.0,58.0,19.5,1.4
41,Calipatria/Mulberry,Imperial/Coachella Valley,2023-08-23,235,6.61,0.0,299.0,2.03,40.3,21.9,31.0,90.0,20.0,45.0,17.7,1.33
41,Calipatria/Mulberry,Imperial/Coachella Valley,2023-08-24,236,6.85,0.0,293.0,2.07,40.8,23.7,32.4,70.0,21.0,43.0,18.1,1.55
41,Calipatria/Mulberry,Imperial/Coachella Valley,2023-08-25,237,7.17,0.0,299.0,2.0,42.7,24.7,33.5,77.0,17.0,38.0,17.5,1.54
41,Calipatria/Mulberry,Imperial/Coachella Valley,2023-08-26,238,7.23,0.0,299.0,1.74,44.5,23.5,34.2,71.0,14.0,32.0,15.3,1.51
41,Calipatria/Mulberry,Imperial/Coachella Valley,2023-08-27,239,8.51,0.0,299.0,1.55,44.8,23.7,35.0,69.0,10.0,28.0,13.6,2.09
41,Calipatria/Mulberry,Imperial/Coachella Valley,2023-08-28,240,8.02,0.0,298.0,1.66,45.7,25.0,35.3,64.0,11.0,29.0,14.6,1.78
41,Calipatria/Mulberry,Imperial/Coachella Valley,2023-08-29,241,7.26,0.0,293.0,1.9,46.5,23.1,35.2,72.0,11.0,33.0,16.7,1.51
41,Calipatria/Mulberry,Imperial/Coachella Valley,2023-08-30,242,8.12,0.0,281.0,2.63,44.5,26.6,34.5,70.0,23.0,48.0,21.9,3.04
41,Calipatria/Mulberry,Imperial/Coachella Valley,2023-08-31,243,6.28,0.0,192.0,2.87,41.2,27.6,32.8,79.0,34.0,58.0,23.4,3.34
41,Calipatria/Mulberry,Imperial/Coachella Valley,2023-09-01,244,6.47,5.0,159.0,2.7,38.7,23.4,28.4,99.0,38.0,70.0,22.3,3.36
41,Calipatria/Mulberry,Imperial/Coachella Valley,2023-09-02,245,4.51,0.0,218.0,2.87,34.8,23.5,28.9,99.0,47.0,72.0,23.3,1.38
41,Calipatria/Mulberry,Imperial/Coachella Valley,2023-09-03,246,6.73,0.0,278.0,2.31,37.3,23.1,29.9,89.0,26.0,55.0,19.8,2.37
41,Calipatria/Mulberry,Imperial/Coachella Valley,2023-09-04,247,6.34,0.0,292.0,1.53,34.7,19.2,26.9,65.0,25.0,43.0,13.4,2.07
41,Calipatria/Mulberry,Imperial/Coachella Valley,2023-09-05,248,6.72,0.0,285.0,1.76,37.6,17.8,27.7,78.0,23.0,47.0,15.5,2.05
41,Calipatria/Mulberry,Imperial/Coachella Valley,2023-09-06,249,6.16,0.0,285.0,2.03,37.9,21.9,29.4,76.0,27.0,50.0,17.7,1.48
41,Calipatria/Mulberry,Imperial/Coachella Valley,2023-09-07,250,6.2,0.0,278.0,1.86,41.0,20.5,30.9,80.0,17.0,41.0,16.3,1.45
41,Calipatria/Mulberry,Imperial/Coachella Valley,2023-09-08,251,5.84,0.0,250.0,2.04,41.7,23.9,32.4,76.0,21.0,42.0,17.8,1.39
41,Calipatria/Mulberry,Imperial/Coachella Valley,2023-09-09,252,6.93,0.0,273.0,1.97,43.9,23.5,34.3,72.0,16.0,36.0,17.3,1.63
41,Calipatria/Mulberry,Imperial/Coachella Valley,2023-09-10,253,5.46,0.0,156.0,2.15,39.8,25.5,32.6,71.0,27.0,44.0,18.7,2.1
41,Calipatria/Mulberry,Imperial/Coachella Valley,2023-09-11,254,3.78,0.0,142.0,2.09,38.6,24.2,30.8,71.0,26.0,47.0,18.2,1.12
41,Calipatria/Mulberry,Imperial/Coachella Valley,2023-09-12,255,7.58,0.0,263.0,1.5,41.2,20.7,31.9,72.0,12.0,32.0,13.0,2.26
41,Calipatria/Mulberry,Imperial/Coachella Valley,2023-09-13,256,6.33,0.0,281.0,1.16,38.5,16.5,28.3,62.0,14.0,30.0,9.1,1.47
41,Calipatria/Mulberry,Imperial/Coachella Valley,2023-09-14,257,6.1,0.0,275.0,1.34,39.0,18.7,28.2,67.0,12.0,35.0,11.3,1.38
41,Calipatria/Mulberry,Imperial/Coachella Valley,2023-09-15,258,6.05,0.0,270.0,1.54,39.9,18.5,28.9,73.0,16.0,39.0,13.4,1.44
41,Calipatria/Mulberry,Imperial/Coachella Valley,2023-09-16,259,6.8,0.0,269.0,1.81,39.2,19.9,29.0,74.0,23.0,45.0,16.0,2.28
41,Calipatria/Mulberry,Imperial/Coachella Valley,2023-09-17,260,6.29,0.0,274.0,1.55,38.2,19.8,28.3,67.0,17.0,40.0,13.5,1.73
41,Calipatria/Mulberry,Imperial/Coachella Valley,2023-09-18,261,5.85,0.0,265.0,1.66,36.3,19.7,27.5,81.0,25.0,45.0,14.6,1.89
41,Calipatria/Mulberry,Imperial/Coachella Valley,2023-09-19,262,5.48,0.0,265.0,1.58,35.9,16.2,26.5,75.0,25.0,46.0,13.8,1.34
41,Calipatria/Mulberry,Imperial/Coachella Valley,2023-09-20,263,6.37,0.0,267.0,1.32,34.9,17.6,25.6,82.0,17.0,40.0,11.1,2.17
41,Calipatria/Mulberry,Imperial/Coachella Valley,2023-09-21,264,6.05,0.0,265.0,1.2,36.0,14.3,25.0,70.0,17.0,38.0,9.6,1.9
41,Calipatria/Mulberry,Imperial/Coachella Valley,2023-09-22,265,4.7,0.0,205.0,1.27,33.8,17.4,24.7,74.0,17.0,41.0,10.4,1.38
41,Calipatria/Mulberry,Imperial/Coachella Valley,2023-09-23,266,5.89,0.0,239.0,1.41,36.5,18.8,27.7,70.0,20.0,38.0,12.1,1.71
41,Calipatria/Mulberry,Imperial/Coachella Valley,2023-09-24,267,5.7,0.0,261.0,1.26,38.0,15.8,26.2,74.0,13.0,37.0,10.4,1.42
41,Calipatria/Mulberry,Imperial/Coachella Valley,2023-09-25,268,5.82,0.0,265.0,1.14,38.5,15.4,26.8,71.0,9.0,32.0,8.9,1.38
41,Calipatria/Mulberry,Imperial/Coachella Valley,2023-09-26,269,5.53,0.0,262.0,1.17,39.3,14.9,26.9,72.0,10.0,33.0,9.3,1.26
41,Calipatria/Mulberry,Imperial/Coachella Valley,2023-09-27,270,4.88,0.0,220.0,1.19,39.2,14.7,25.8,70.0,14.0,36.0,9.6,1.34
41,Calipatria/Mulberry,Imperial/Coachella Valley,2023-09-28,271,5.49,0.0,257.0,1.22,38.4,15.4,26.4,71.0,10.0,36.0,9.9,1.47
41,Calipatria/Mulberry,Imperial/Coachella Valley,2023-09-29,272,5.94,0.0,251.0,1.42,36.5,16.0,26.9,79.0,20.0,40.0,12.1,1.93
41,Calipatria/Mulberry,Imperial/Coachella Valley,2023-09-30,273,6.8,0.0,232.0,1.2,29.0,18.1,23.2,59.0,31.0,42.0,9.6,4.58
41,Calipatria/Mulberry,Imperial/Coachella Valley,2023-10-01,274,4.22,0.0,172.0,1.1,26.7,15.3,20.5,63.0,33.0,46.0,8.4,2.46
41,Calipatria/Mulberry,Imperial/Coachella Valley,2023-10-02,275,4.65,0.0,245.0,1.1,29.0,10.5,20.3,80.0,26.0,46.0,8.3,1.53
41,Calipatria/Mulberry,Imperial/Coachella Valley,2023-10-03,276,5.08,0.0,243.0,1.05,32.1,11.7,22.4,77.0,18.0,39.0,7.7,1.47
41,Calipatria/Mulberry,Imperial/Coachella Valley,2023-10-04,277,5.4,0.0,243.0,1.11,35.4,13.1,23.9,74.0,14.0,37.0,8.5,1.52
41,Calipatria/Mulberry,Imperial/Coachella Valley,2023-10-05,278,5.34,0.0,241.0,1.15,37.0,13.9,25.2,73.0,15.0,36.0,9.0,1.44
41,Calipatria/Mulberry,Imperial/Coachella Valley,2023-10-06,279,5.46,0.0,244.0,1.2,38.5,14.2,25.9,73.0,14.0,36.0,9.7,1.38
41,Calipatria/Mulberry,Imperial/Coachella Valley,2023-10-07,280,5.08,0.0,232.0,1.3,38.9,14.5,26.5,74.0,13.0,38.0,10.9,1.32
41,Calipatria/Mulberry,Imperial/Coachella Valley,2023-10-08,281,5.23,0.0,239.0,1.29,39.1,16.8,27.2,64.0,14.0,36.0,10.7,1.29
41,Calipatria/Mulberry,Imperial/Coachella Valley,2023-10-09,282,5.1,0.0,232.0,1.37,39.0,16.0,27.5,70.0,15.0,37.0,11.7,1.34
41,Calipatria/Mulberry,Imperial/Coachella Valley,2023-10-10,283,5.88,0.0,231.0,1.2,36.9,16.3,26.5,65.0,13.0,35.0,9.6,2.11
41,Calipatria/Mulberry,Imperial/Coachella Valley,2023-10-11,284,5.4,0.0,229.0,1.28,31.2,16.1,24.3,58.0,27.0,42.0,10.6,2.4
41,Calipatria/Mulberry,Imperial/Coachella Valley,2023-10-12,285,6.15,0.0,233.0,0.95,31.6,13.2,22.3,80.0,12.0,35.0,6.2,2.53
41,Calipatria/Mulberry,Imperial/Coachella Valley,2023-10-13,286,4.36,0.0,219.0,0.9,31.5,9.5,20.5,76.0,14.0,37.0,5.4,1.33
41,Calipatria/Mulberry,Imperial/Coachella Valley,2023-10-14,287,4.02,0.0,209.0,0.92,32.5,9.6,20.3,73.0,13.0,39.0,5.8,1.16
41,Calipatria/Mulberry,Imperial/Coachella Valley,2023-10-15,288,4.84,0.0,229.0,0.95,34.4,10.4,21.9,75.0,13.0,36.0,6.2,1.39
41,Calipatria/Mulberry,Imperial/Coachella Valley,2023-10-16,289,4.63,0.0,221.0,1.12,37.1,12.6,24.1,68.0,13.0,37.0,8.6,1.29
41,Calipatria/Mulberry,Imperial/Coachella Valley,2023-10-17,290,4.46,0.0,218.0,1.18,38.5,14.0,24.8,70.0,14.0,38.0,9.4,1.18
41,Calipatria/Mulberry,Imperial/Coachella Valley,2023-10-18,291,4.35,0.0,217.0,1.21,38.6,14.3,25.0,73.0,12.0,38.0,9.7,1.16
41,Calipatria/Mulberry,Imperial/Coachella Valley,2023-10-19,292,4.35,0.0,214.0,1.28,39.3,14.0,25.4,79.0,15.0,39.0,10.7,1.12
41,Calipatria/Mulberry,Imperial/Coachella Valley,2023-10-20,293,4.39,0.0,210.0,1.34,39.5,15.1,25.8,77.0,12.0,40.0,11.3,1.14
41,Calipatria/Mulberry,Imperial/Coachella Valley,2023-10-21,294,5.33,0.0,209.0,1.37,38.3,15.7,26.9,74.0,20.0,39.0,11.7,1.85
41,Calipatria/Mulberry,Imperial/Coachella Valley,2023-10-22,295,5.68,0.0,212.0,1.2,35.5,15.1,25.1,74.0,13.0,38.0,9.6,2.82
41,Calipatria/Mulberry,Imperial/Coachella Valley,2023-10-23,296,4.83,0.0,208.0,1.19,28.5,16.3,22.2,68.0,28.0,44.0,9.5,2.66
41,Calipatria/Mulberry,Imperial/Coachella Valley,2023-10-24,297,3.94,0.0,205.0,1.23,30.0,12.3,20.2,83.0,27.0,52.0,10.1,1.58
41,Calipatria/Mulberry,Imperial/Coachella Valley,2023-10-25,298,4.18,0.0,199.0,1.37,30.3,13.5,21.4,75.0,31.0,54.0,11.6,2.04
41,Calipatria/Mulberry,Imperial/Coachella Valley,2023-10-26,299,3.53,0.0,198.0,1.32,28.8,12.1,20.2,84.0,32.0,56.0,11.0,1.27
41,Calipatria/Mulberry,Imperial/Coachella Valley,2023-10-27,300,3.56,0.0,197.0,1.46,30.3,12.4,20.7,89.0,30.0,60.0,12.7,1.4
41,Calipatria/Mulberry,Imperial/Coachella Valley,2023-10-28,301,3.72,0.0,200.0,1.11,29.3,11.0,19.3,83.0,19.0,49.0,8.5,1.41
41,Calipatria/Mulberry,Imperial/Coachella Valley,2023-10-29,302,5.78,0.0,206.0,0.38,24.3,10.8,17.8,34.0,8.0,19.0,-6.3,3.28
41,Calipatria/Mulberry,Imperial/Coachella Valley,2023-10-30,303,5.09,0.0,204.0,0.38,26.7,7.1,17.2,55.0,7.0,19.0,-6.3,2.17
41,Calipatria/Mulberry,Imperial/Coachella Valley,2023-10-31,304,4.07,0.0,204.0,0.52,28.7,4.1,15.7,68.0,6.0,29.0,-2.3,1.5
41,Calipatria/Mulberry,Imperial/Coachella Valley,2023-11-01,305,3.52,0.0,192.0,0.68,28.9,5.9,16.0,66.0,14.0,37.0,1.4,1.22
41,Calipatria/Mulberry,Imperial/Coachella Valley,2023-11-02,306,3.58,0.0,199.0,0.71,30.1,5.4,16.2,74.0,12.0,38.0,2.1,1.2
41,Calipatria/Mulberry,Imperial/Coachella Valley,2023-11-03,307,3.56,0.0,196.0,0.73,30.6,4.9,16.3,73.0,13.0,39.0,2.5,1.21
41,Calipatria/Mulberry,Imperial/Coachella Valley,2023-11-04,308,3.57,0.0,194.0,0.79,31.2,6.1,17.2,72.0,13.0,40.0,3.6,1.22
41,Calipatria/Mulberry,Imperial/Coachella Valley,2023-11-05,309,3.5,0.0,193.0,0.87,31.9,6.6,17.9,73.0,16.0,42.0,4.9,1.23
41,Calipatria/Mulberry,Imperial/Coachella Valley,2023-11-06,310,3.65,0.0,186.0,0.97,33.9,8.9,19.6,76.0,14.0,43.0,6.5,1.31
41,Calipatria/Mulberry,Imperial/Coachella Valley,2023-11-07,311,5.33,0.0,179.0,0.97,29.3,10.7,20.6,70.0,20.0,40.0,6.5,3.4
41,Calipatria/Mulberry,Imperial/Coachella Valley,2023-11-08,312,4.63,0.0,183.0,0.7,26.4,9.2,17.9,72.0,14.0,34.0,1.9,2.48
41,Calipatria/Mulberry,Imperial/Coachella Valley,2023-11-09,313,4.67,0.0,185.0,0.53,26.1,7.6,17.5,57.0,12.0,26.0,-2.0,2.38
41,Calipatria/Mulberry,Imperial/Coachella Valley,2023-11-10,314,3.32,0.0,187.0,0.65,25.9,3.5,13.9,78.0,12.0,41.0,0.9,1.35
41,Calipatria/Mulberry,Imperial/Coachella Valley,2023-11-11,315,3.17,0.0,182.0,0.69,26.7,3.2,13.9,76.0,15.0,44.0,1.8,1.28
41,Calipatria/Mulberry,Imperial/Coachella Valley,2023-11-12,316,3.29,0.0,178.0,0.78,27.5,5.3,15.2,77.0,17.0,45.0,3.3,1.4
41,Calipatria/Mulberry,Imperial/Coachella Valley,2023-11-13,317,2.63,0.0,156.0,0.94,26.9,5.7,15.5,80.0,27.0,53.0,6.0,1.13
41,Calipatria/Mulberry,Imperial/Coachella Valley,2023-11-14,318,2.69,0.0,159.0,1.02,27.3,6.7,16.0,85.0,26.0,56.0,7.2,1.08
41,Calipatria/Mulberry,Imperial/Coachella Valley,2023-11-15,319,1.02,2.3,62.0,1.29,21.2,9.3,14.9,98.0,45.0,76.0,10.8,1.4
41,Calipatria/Mulberry,Imperial/Coachella Valley,2023-11-16,320,1.46,0.1,109.0,1.6,20.9,11.0,15.1,100.0,72.0,93.0,14.0,1.15
41,Calipatria/Mulberry,Imperial/Coachella Valley,2023-11-17,321,2.08,0.3,144.0,1.55,25.1,10.2,16.1,100.0,48.0,85.0,13.6,1.04
41,Calipatria/Mulberry,Imperial/Coachella Valley,2023-11-18,322,2.84,0.0,165.0,1.47,26.1,11.3,17.6,100.0,41.0,73.0,12.7,1.51
41,Calipatria/Mulberry,Imperial/Coachella Valley,2023-11-19,323,3.7,0.0,169.0,1.07,26.3,12.2,19.1,78.0,23.0,48.0,7.9,2.35
41,Calipatria/Mulberry,Imperial/Coachella Valley,2023-11-20,324,4.86,0.0,170.0,0.5,24.3,7.9,17.1,51.0,15.0,26.0,-2.7,3.46
41,Calipatria/Mulberry,Imperial/Coachella Valley,2023-11-21,325,3.82,0.0,170.0,0.67,26.8,7.1,17.0,71.0,16.0,35.0,1.4,1.83
41,Calipatria/Mulberry,Imperial/Coachella Valley,2023-11-22,326,2.86,0.0,169.0,0.82,25.9,4.3,13.7,86.0,22.0,52.0,4.1,1.24
41,Calipatria/Mulberry,Imperial/Coachella Valley,2023-11-23,327,2.63,0.0,138.0,0.9,24.3,6.2,13.6,91.0,26.0,58.0,5.5,1.75
41,Calipatria/Mulberry,Imperial/Coachella Valley,2023-11-24,328,2.45,0.0,126.0,1.09,23.4,9.5,16.0,83.0,39.0,60.0,8.3,1.71
41,Calipatria/Mulberry,Imperial/Coachella Valley,2023-11-25,329,3.29,0.0,167.0,0.67,21.4,5.8,13.4,91.0,18.0,44.0,1.3,1.8
41,Calipatria/Mulberry,Imperial/Coachella Valley,2023-11-26,330,2.8,0.0,151.0,0.61,21.3,1.9,12.0,84.0,18.0,43.0,-0.1,1.57
41,Calipatria/Mulberry,Imperial/Coachella Valley,2023-11-27,331,2.91,0.0,155.0,0.71,23.1,5.3,13.7,83.0,16.0,45.0,2.0,1.4
41,Calipatria/Mulberry,Imperial/Coachella Valley,2023-11-28,332,2.64,0.0,159.0,0.79,23.5,5.4,13.3,82.0,25.0,52.0,3.6,1.23
41,Calipatria/Mulberry,Imperial/Coachella Valley,2023-11-29,333,2.74,0.0,144.0,0.86,23.0,4.0,13.2,85.0,27.0,56.0,4.7,1.96
41,Calipatria/Mulberry,Imperial/Coachella Valley,2023-11-30,334,1.8,0.0,104.0,1.09,20.9,6.6,13.3,91.0,49.0,72.0,8.3,1.69
41,Calipatria/Mulberry,Imperial/Coachella Valley,2023-12-01,335,2.21,0.0,153.0,0.97,22.3,5.9,12.5,93.0,34.0,67.0,6.5,1.29
41,Calipatria/Mulberry,Imperial/Coachella Valley,2023-12-02,336,2.19,0.0,155.0,0.88,22.0,4.1,11.7,93.0,34.0,64.0,5.2,1.18
41,Calipatria/Mulberry,Imperial/Coachella Valley,2023-12-03,337,2.11,0.0,146.0,0.93,21.5,3.7,11.5,96.0,39.0,68.0,5.9,1.1
41,Calipatria/Mulberry,Imperial/Coachella Valley,2023-12-04,338,1.97,0.0,125.0,0.97,22.0,4.3,11.6,99.0,38.0,71.0,6.5,1.17
41,Calipatria/Mulberry,Imperial/Coachella Valley,2023-12-05,339,2.49,0.0,150.0,0.96,26.0,4.7,13.6,99.0,28.0,62.0,6.4,1.21
41,Calipatria/Mulberry,Imperial/Coachella Valley,2023-12-06,340,2.2,0.0,151.0,0.98,26.6,5.1,14.0,92.0,28.0,62.0,6.7,0.83
41,Calipatria/Mulberry,Imperial/Coachella Valley,2023-12-07,341,2.47,0.0,150.0,0.94,25.9,6.6,14.5,90.0,27.0,57.0,6.1,1.31
41,Calipatria/Mulberry,Imperial/Coachella Valley,2023-12-08,342,2.42,0.0,153.0,0.88,23.0,4.9,13.0,99.0,28.0,59.0,5.1,1.36
41,Calipatria/Mulberry,Imperial/Coachella Valley,2023-12-09,343,4.2,0.0,154.0,0.36,21.0,2.0,12.9,68.0,9.0,24.0,-7.1,2.84
41,Calipatria/Mulberry,Imperial/Coachella Valley,2023-12-10,344,2.62,0.0,155.0,0.51,21.1,-0.3,9.1,86.0,14.0,45.0,-2.3,1.44
41,Calipatria/Mulberry,Imperial/Coachella Valley,2023-12-11,345,1.92,0.0,130.0,0.61,21.6,0.8,8.7,83.0,18.0,54.0,0.0,1.05
41,Calipatria/Mulberry,Imperial/Coachella Valley,2023-12-12,346,2.27,0.0,154.0,0.6,21.6,0.8,9.4,86.0,20.0,51.0,-0.2,1.13
41,Calipatria/Mulberry,Imperial/Coachella Valley,2023-12-13,347,2.29,0.0,151.0,0.65,23.1,0.0,10.1,92.0,21.0,53.0,0.9,1.19
41,Calipatria/Mulberry,Imperial/Coachella Valley,2023-12-14,348,2.26,0.0,151.0,0.72,22.6,0.9,10.1,92.0,22.0,58.0,2.3,1.12
41,Calipatria/Mulberry,Imperial/Coachella Valley,2023-12-15,349,2.4,0.0,149.0,0.75,23.0,1.5,11.0,98.0,24.0,57.0,2.8,1.29
41,Calipatria/Mulberry,Imperial/Coachella Valley,2023-12-16,350,1.85,0.0,116.0,0.8,23.8,2.2,10.0,96.0,29.0,65.0,3.8,1.22
41,Calipatria/Mulberry,Imperial/Coachella Valley,2023-12-17,351,2.32,0.0,145.0,0.77,25.7,1.8,11.7,97.0,20.0,56.0,3.2,1.2
41,Calipatria/Mulberry,Imperial/Coachella Valley,2023-12-18,352,1.22,0.0,76.0,0.97,19.3,3.6,11.3,94.0,51.0,73.0,6.6,1.1
41,Calipatria/Mulberry,Imperial/Coachella Valley,2023-12-19,353,1.98,0.0,121.0,0.93,24.0,5.6,13.1,99.0,24.0,62.0,5.9,1.21
41,Calipatria/Mulberry,Imperial/Coachella Valley,2023-12-20,354,1.78,0.0,103.0,1.1,22.6,6.7,14.7,99.0,35.0,66.0,8.4,1.15
41,Calipatria/Mulberry,Imperial/Coachella Valley,2023-12-21,355,1.54,0.0,111.0,1.38,22.1,6.8,13.7,100.0,64.0,88.0,11.8,1.2
41,Calipatria/Mulberry,Imperial/Coachella Valley,2023-12-22,356,0.62,2.6,47.0,1.53,19.3,10.5,14.5,99.0,77.0,93.0,13.3,2.05
41,Calipatria/Mulberry,Imperial/Coachella Valley,2023-12-23,357,1.78,0.0,144.0,1.32,20.6,7.0,12.7,100.0,58.0,90.0,11.0,1.41
41,Calipatria/Mulberry,Imperial/Coachella Valley,2023-12-24,358,1.78,0.2,138.0,1.2,20.7,5.4,11.8,100.0,54.0,87.0,9.7,1.02
41,Calipatria/Mulberry,Imperial/Coachella Valley,2023-12-25,359,1.86,0.0,146.0,1.03,20.9,3.1,10.7,100.0,39.0,80.0,7.4,0.95
41,Calipatria/Mulberry,Imperial/Coachella Valley,2023-12-26,360,1.67,0.0,121.0,1.05,20.7,3.5,11.0,100.0,43.0,80.0,7.7,1.0
41,Calipatria/Mulberry,Imperial/Coachella Valley,2023-12-27,361,1.47,0.0,108.0,1.0,20.2,4.7,10.9,99.0,41.0,77.0,7.0,0.99
41,Calipatria/Mulberry,Imperial/Coachella Valley,2023-12-28,362,2.04,0.0,147.0,0.94,21.9,3.9,11.0,100.0,34.0,71.0,6.0,0.96
41,Calipatria/Mulberry,Imperial/Coachella Valley,2023-12-29,363,1.66,0.0,125.0,1.01,21.9,3.7,10.8,100.0,41.0,78.0,7.1,0.86
41,Calipatria/Mulberry,Imperial/Coachella Valley,2023-12-30,364,2.4,0.0,140.0,0.94,22.6,3.1,12.1,100.0,38.0,66.0,6.0,1.75
41,Calipatria/Mulberry,Imperial/Coachella Valley,2023-12-31,365,1.36,0.0,99.0,1.05,19.2,4.2,10.3,99.0,54.0,84.0,7.7,1.19
41,Calipatria/Mulberry,Imperial/Coachella Valley,2024-01-01,1,1.55,0.0,106.0,0.94,20.3,2.3,9.1,100.0,37.0,82.0,6.1,1.16
41,Calipatria/Mulberry,Imperial/Coachella Valley,2024-01-02,2,2.06,0.0,154.0,0.88,20.9,1.6,9.7,100.0,35.0,73.0,5.1,1.15
41,Calipatria/Mulberry,Imperial/Coachella Valley,2024-01-03,3,1.18,0.4,83.0,0.99,19.6,4.6,9.6,99.0,47.0,83.0,6.8,1.56
41,Calipatria/Mulberry,Imperial/Coachella Valley,2024-01-04,4,2.17,0.0,154.0,0.79,20.5,1.4,9.4,100.0,27.0,67.0,3.6,1.29
41,Calipatria/Mulberry,Imperial/Coachella Valley,2024-01-05,5,2.05,0.0,137.0,0.75,20.8,0.8,8.8,99.0,26.0,66.0,2.8,1.31
41,Calipatria/Mulberry,Imperial/Coachella Valley,2024-01-06,6,2.45,0.0,155.0,0.63,19.3,-0.3,9.2,92.0,22.0,54.0,0.4,1.7
41,Calipatria/Mulberry,Imperial/Coachella Valley,2024-01-07,7,3.34,0.0,144.0,0.58,17.7,3.1,11.7,78.0,13.0,42.0,-0.6,3.41
41,Calipatria/Mulberry,Imperial/Coachella Valley,2024-01-08,8,3.47,0.0,164.0,0.34,16.7,0.7,8.6,59.0,12.0,30.0,-7.8,2.85
41,Calipatria/Mulberry,Imperial/Coachella Valley,2024-01-09,9,2.14,0.0,160.0,0.45,17.6,-2.6,5.9,82.0,15.0,49.0,-4.0,1.24
41,Calipatria/Mulberry,Imperial/Coachella Valley,2024-01-10,10,2.21,0.0,158.0,0.55,17.8,-2.2,7.8,85.0,22.0,52.0,-1.3,1.26
41,Calipatria/Mulberry,Imperial/Coachella Valley,2024-01-11,11,3.44,0.0,141.0,0.58,18.6,0.5,11.5,78.0,12.0,43.0,-0.7,3.06
41,Calipatria/Mulberry,Imperial/Coachella Valley,2024-01-12,12,2.17,0.0,161.0,0.49,18.0,-1.5,7.1,77.0,20.0,49.0,-2.9,1.11
41,Calipatria/Mulberry,Imperial/Coachella Valley,2024-01-13,13,2.23,0.0,160.0,0.56,19.0,-1.3,8.2,90.0,19.0,51.0,-1.2,1.17
41,Calipatria/Mulberry,Imperial/Coachella Valley,2024-01-14,14,2.41,0.0,158.0,0.74,22.0,1.7,10.1,88.0,30.0,60.0,2.7,1.36
41,Calipatria/Mulberry,Imperial/Coachella Valley,2024-01-15,15,2.32,0.0,155.0,0.83,22.7,1.6,10.5,99.0,33.0,65.0,4.3,1.28
41,Calipatria/Mulberry,Imperial/Coachella Valley,2024-01-16,16,2.41,0.0,163.0,0.8,23.7,1.9,11.2,97.0,24.0,60.0,3.7,1.12
41,Calipatria/Mulberry,Imperial/Coachella Valley,2024-01-17,17,2.28,0.0,138.0,0.86,23.0,4.6,12.4,86.0,32.0,60.0,4.8,1.34
41,Calipatria/Mulberry,Imperial/Coachella Valley,2024-01-18,18,2.41,0.0,161.0,0.98,23.8,3.9,12.4,93.0,38.0,68.0,6.7,1.25
41,Calipatria/Mulberry,Imperial/Coachella Valley,2024-01-19,19,2.05,0.0,136.0,1.0,24.1,5.1,12.6,99.0,30.0,68.0,7.0,1.06
41,Calipatria/Mulberry,Imperial/Coachella Valley,2024-01-20,20,1.46,0.0,83.0,1.23,20.5,7.9,13.8,99.0,46.0,78.0,10.1,1.33
41,Calipatria/Mulberry,Imperial/Coachella Valley,2024-01-21,21,1.1,1.8,86.0,1.46,19.2,10.1,13.6,100.0,66.0,93.0,12.6,1.64
41,Calipatria/Mulberry,Imperial/Coachella Valley,2024-01-22,22,0.08,20.9,19.0,1.51,15.7,10.8,13.1,100.0,99.0,100.0,13.1,1.77
41,Calipatria/Mulberry,Imperial/Coachella Valley,2024-01-23,23,1.56,0.1,122.0,1.43,19.8,9.8,13.7,100.0,63.0,91.0,12.3,1.09
41,Calipatria/Mulberry,Imperial/Coachella Valley,2024-01-24,24,1.43,0.0,109.0,1.3,19.5,6.2,12.6,100.0,59.0,90.0,10.9,1.0
41,Calipatria/Mulberry,Imperial/Coachella Valley,2024-01-25,25,1.96,0.1,149.0,1.32,21.4,6.6,12.9,100.0,51.0,88.0,11.0,1.45
41,Calipatria/Mulberry,Imperial/Coachella Valley,2024-01-26,26,2.97,0.1,169.0,0.94,23.5,4.7,12.9,100.0,22.0,63.0,6.1,1.7
41,Calipatria/Mulberry,Imperial/Coachella Valley,2024-01-27,27,2.81,0.0,172.0,0.9,24.3,2.9,12.7,100.0,24.0,61.0,5.5,1.3
41,Calipatria/Mulberry,Imperial/Coachella Valley,2024-01-28,28,2.6,0.0,152.0,1.04,24.7,4.6,13.9,99.0,36.0,66.0,7.5,1.35
41,Calipatria/Mulberry,Imperial/Coachella Valley,2024-01-29,29,2.62,0.0,163.0,1.07,26.3,4.8,13.9,100.0,28.0,67.0,7.9,1.13
41,Calipatria/Mulberry,Imperial/Coachella Valley,2024-01-30,30,2.75,0.0,179.0,1.14,26.8,4.7,14.3,99.0,32.0,70.0,8.8,1.08
41,Calipatria/Mulberry,Imperial/Coachella Valley,2024-01-31,31,1.84,0.0,124.0,1.24,22.2,5.8,13.7,99.0,52.0,79.0,10.2,1.03
41,Calipatria/Mulberry,Imperial/Coachella Valley,2024-02-01,32,0.13,6.3,27.0,1.29,15.2,6.9,11.0,100.0,90.0,98.0,10.8,1.27
41,Calipatria/Mulberry,Imperial/Coachella Valley,2024-02-02,33,2.99,0.1,180.0,1.0,20.0,6.1,12.7,100.0,42.0,68.0,7.0,2.36
41,Calipatria/Mulberry,Imperial/Coachella Valley,2024-02-03,34,2.74,0.0,186.0,0.94,19.7,5.6,12.6,89.0,34.0,65.0,6.1,1.73
41,Calipatria/Mulberry,Imperial/Coachella Valley,2024-02-04,35,2.52,0.0,153.0,1.2,20.8,9.3,13.9,98.0,50.0,75.0,9.6,2.27
41,Calipatria/Mulberry,Imperial/Coachella Valley,2024-02-05,36,1.64,0.0,103.0,1.28,19.9,8.5,13.5,99.0,60.0,83.0,10.6,1.62
41,Calipatria/Mulberry,Imperial/Coachella Valley,2024-02-06,37,1.32,5.3,98.0,1.27,20.0,9.1,12.6,100.0,56.0,88.0,10.6,2.01
41,Calipatria/Mulberry,Imperial/Coachella Valley,2024-02-07,38,2.94,0.0,175.0,0.93,19.7,6.7,12.4,95.0,40.0,65.0,6.0,2.8
41,Calipatria/Mulberry,Imperial/Coachella Valley,2024-02-08,39,3.41,0.7,191.0,0.84,17.8,5.8,11.8,95.0,37.0,60.0,4.4,3.59
41,Calipatria/Mulberry,Imperial/Coachella Valley,2024-02-09,40,2.15,0.6,154.0,0.99,18.1,4.7,11.1,99.0,43.0,75.0,6.9,1.22
41,Calipatria/Mulberry,Imperial/Coachella Valley,2024-02-10,41,3.2,0.1,187.0,0.8,18.7,6.2,11.8,99.0,27.0,58.0,3.7,2.08
41,Calipatria/Mulberry,Imperial/Coachella Valley,2024-02-11,42,3.27,0.0,207.0,0.57,19.0,2.0,10.2,85.0,17.0,46.0,-0.9,1.63
41,Calipatria/Mulberry,Imperial/Coachella Valley,2024-02-12,43,2.95,0.0,207.0,0.67,20.1,0.1,9.0,93.0,23.0,58.0,1.3,1.15
41,Calipatria/Mulberry,Imperial/Coachella Valley,2024-02-13,44,2.86,0.0,205.0,0.77,21.3,0.4,10.2,98.0,23.0,62.0,3.3,1.1
41,Calipatria/Mulberry,Imperial/Coachella Valley,2024-02-14,45,3.01,0.4,204.0,0.87,22.0,2.0,11.8,96.0,31.0,63.0,4.9,1.3
41,Calipatria/Mulberry,Imperial/Coachella Valley,2024-02-15,46,2.91,0.0,200.0,0.97,23.4,4.0,12.8,99.0,35.0,66.0,6.5,1.23
41,Calipatria/Mulberry,Imperial/Coachella Valley,2024-02-16,47,3.04,0.0,202.0,1.02,25.1,4.7,14.1,99.0,25.0,63.0,7.2,1.03
41,Calipatria/Mulberry,Imperial/Coachella Valley,2024-02-17,48,2.97,0.0,195.0,1.05,26.0,5.3,14.6,99.0,28.0,63.0,7.7,1.04
41,Calipatria/Mulberry,Imperial/Coachella Valley,2024-02-18,49,3.43,0.0,212.0,1.06,25.4,6.7,15.2,95.0,29.0,62.0,7.8,1.47
41,Calipatria/Mulberry,Imperial/Coachella Valley,2024-02-19,50,3.28,0.0,208.0,1.2,25.0,6.6,16.0,99.0,36.0,66.0,9.7,1.38
41,Calipatria/Mulberry,Imperial/Coachella Valley,2024-02-20,51,3.31,0.0,202.0,1.35,25.5,9.1,16.3,99.0,44.0,73.0,11.4,1.76
41,Calipatria/Mulberry,Imperial/Coachella Valley,2024-02-21,52,3.37,0.2,202.0,1.21,24.4,8.9,15.8,98.0,37.0,67.0,9.8,1.78
41,Calipatria/Mulberry,Imperial/Coachella Valley,2024-02-22,53,3.53,0.0,220.0,1.11,25.0,6.7,15.0,99.0,33.0,65.0,8.4,1.31
41,Calipatria/Mulberry,Imperial/Coachella Valley,2024-02-23,54,3.61,0.0,204.0,1.02,27.3,6.8,15.6,99.0,22.0,57.0,7.2,1.26
41,Calipatria/Mulberry,Imperial/Coachella Valley,2024-02-24,55,3.0,0.0,176.0,1.12,26.6,8.5,16.8,97.0,23.0,59.0,8.7,1.09
41,Calipatria/Mulberry,Imperial/Coachella Valley,2024-02-25,56,2.87,0.0,172.0,1.23,26.7,9.3,17.5,95.0,29.0,61.0,10.0,1.05
41,Calipatria/Mulberry,Imperial/Coachella Valley,2024-02-26,57,2.55,0.0,119.0,1.13,24.3,9.4,17.0,93.0,36.0,58.0,8.7,1.64
41,Calipatria/Mulberry,Imperial/Coachella Valley,2024-02-27,58,4.16,0.0,223.0,1.06,25.6,10.7,17.8,78.0,32.0,52.0,7.9,2.02
41,Calipatria/Mulberry,Imperial/Coachella Valley,2024-02-28,59,3.92,0.0,228.0,1.01,27.2,7.2,16.0,99.0,19.0,56.0,7.2,1.29
41,Calipatria/Mulberry,Imperial/Coachella Valley,2024-02-29,60,3.93,0.0,231.0,1.11,27.1,8.0,16.6,99.0,29.0,59.0,8.6,1.82
41,Calipatria/Mulberry,Imperial/Coachella Valley,2024-03-01,61,4.35,0.0,238.0,0.97,25.0,9.7,17.2,71.0,33.0,49.0,6.6,2.25
41,Calipatria/Mulberry,Imperial/Coachella Valley,2024-03-02,62,4.81,0.0,229.0,1.08,23.5,8.7,16.5,89.0,39.0,58.0,8.2,4.33
41,Calipatria/Mulberry,Imperial/Coachella Valley,2024-03-03,63,4.75,0.0,223.0,0.95,22.5,11.6,16.9,62.0,36.0,49.0,6.3,4.09
41,Calipatria/Mulberry,Imperial/Coachella Valley,2024-03-04,64,4.5,0.0,241.0,0.87,24.0,9.6,16.2,76.0,27.0,47.0,5.0,2.57
41,Calipatria/Mulberry,Imperial/Coachella Valley,2024-03-05,65,3.83,0.0,238.0,1.0,24.6,6.3,15.1,92.0,28.0,58.0,6.9,1.41
41,Calipatria/Mulberry,Imperial/Coachella Valley,2024-03-06,66,4.57,0.2,218.0,0.89,26.2,11.9,17.7,75.0,18.0,44.0,5.3,2.43
41,Calipatria/Mulberry,Imperial/Coachella Valley,2024-03-07,67,4.63,0.6,240.0,0.96,23.4,11.5,16.7,89.0,31.0,51.0,6.4,2.8
41,Calipatria/Mulberry,Imperial/Coachella Valley,2024-03-08,68,4.5,0.0,250.0,0.94,25.5,7.0,15.9,94.0,23.0,52.0,6.1,1.85
41,Calipatria/Mulberry,Imperial/Coachella Valley,2024-03-09,69,4.43,0.0,254.0,0.7,25.4,3.9,14.4,88.0,12.0,43.0,1.8,1.44
41,Calipatria/Mulberry,Imperial/Coachella Valley,2024-03-10,70,4.31,0.0,254.0,0.8,26.5,3.2,15.8,85.0,19.0,45.0,3.7,1.36
41,Calipatria/Mulberry,Imperial/Coachella Valley,2024-03-11,71,4.58,0.0,247.0,0.75,26.6,7.6,17.8,66.0,16.0,37.0,2.8,1.59
41,Calipatria/Mulberry,Imperial/Coachella Valley,2024-03-12,72,4.58,0.0,244.0,0.99,24.9,7.3,17.2,83.0,30.0,50.0,6.8,2.34
41,Calipatria/Mulberry,Imperial/Coachella Valley,2024-03-13,73,4.59,0.0,246.0,1.03,26.6,9.1,17.7,83.0,24.0,51.0,7.3,2.01
41,Calipatria/Mulberry,Imperial/Coachella Valley,2024-03-14,74,3.95,0.0,110.0,0.55,18.0,8.9,14.5,83.0,15.0,34.0,-1.4,3.48
41,Calipatria/Mulberry,Imperial/Coachella Valley,2024-03-15,75,2.97,0.0,191.0,0.93,19.0,8.9,13.4,90.0,43.0,60.0,5.9,1.59
41,Calipatria/Mulberry,Imperial/Coachella Valley,2024-03-16,76,3.09,0.4,206.0,1.12,21.2,6.5,12.6,99.0,38.0,77.0,8.7,1.69
41,Calipatria/Mulberry,Imperial/Coachella Valley,2024-03-17,77,3.69,0.1,248.0,1.1,22.9,4.7,13.4,100.0,37.0,72.0,8.4,1.41
41,Calipatria/Mulberry,Imperial/Coachella Valley,2024-03-18,78,4.3,0.0,236.0,1.03,25.0,6.0,15.1,99.0,27.0,60.0,7.4,1.77
41,Calipatria/Mulberry,Imperial/Coachella Valley,2024-03-19,79,4.47,0.0,272.0,1.1,26.5,6.3,16.3,97.0,25.0,59.0,8.4,1.39
41,Calipatria/Mulberry,Imperial/Coachella Valley,2024-03-20,80,4.51,0.0,272.0,1.17,28.1,8.4,17.4,93.0,26.0,58.0,9.2,1.32
41,Calipatria/Mulberry,Imperial/Coachella Valley,2024-03-21,81,4.91,0.0,271.0,1.22,29.8,9.6,19.0,86.0,28.0,56.0,9.9,1.65
41,Calipatria/Mulberry,Imperial/Coachella Valley,2024-03-22,82,4.77,0.0,274.0,1.14,29.0,8.9,18.8,98.0,20.0,52.0,8.8,1.39
41,Calipatria/Mulberry,Imperial/Coachella Valley,2024-03-23,83,5.5,0.0,230.0,0.93,27.7,11.7,18.2,65.0,25.0,44.0,5.9,3.8
41,Calipatria/Mulberry,Imperial/Coachella Valley,2024-03-24,84,5.91,0.0,276.0,0.79,21.7,8.4,15.5,73.0,29.0,45.0,3.5,5.1
41,Calipatria/Mulberry,Imperial/Coachella Valley,2024-03-25,85,4.97,0.0,274.0,0.79,24.9,4.5,15.1,89.0,17.0,46.0,3.5,2.16
41,Calipatria/Mulberry,Imperial/Coachella Valley,2024-03-26,86,4.9,0.0,284.0,0.9,25.5,8.2,16.5,76.0,20.0,48.0,5.4,1.79
41,Calipatria/Mulberry,Imperial/Coachella Valley,2024-03-27,87,4.85,0.0,284.0,1.06,26.9,6.6,16.2,89.0,30.0,58.0,7.8,1.83
41,Calipatria/Mulberry,Imperial/Coachella Valley,2024-03-28,88,4.74,0.0,251.0,0.97,27.0,6.6,17.5,89.0,24.0,48.0,6.5,1.9
41,Calipatria/Mulberry,Imperial/Coachella Valley,2024-03-29,89,5.81,0.0,296.0,0.69,26.8,5.6,16.9,82.0,16.0,36.0,1.7,2.18
41,Calipatria/Mulberry,Imperial/Coachella Valley,2024-03-30,90,3.14,0.3,173.0,1.06,23.8,7.7,14.1,93.0,33.0,66.0,7.8,2.58
41,Calipatria/Mulberry,Imperial/Coachella Valley,2024-03-31,91,2.83,2.3,195.0,1.16,21.1,6.1,13.0,99.0,39.0,78.0,9.2,1.83
41,Calipatria/Mulberry,Imperial/Coachella Valley,2024-04-01,92,3.62,0.2,243.0,1.23,22.6,6.6,14.5,100.0,41.0,75.0,10.0,1.47
41,Calipatria/Mulberry,Imperial/Coachella Valley,2024-04-02,93,5.22,0.0,298.0,1.04,28.4,6.5,17.0,100.0,15.0,54.0,7.5,1.55
41,Calipatria/Mulberry,Imperial/Coachella Valley,2024-04-03,94,5.34,0.0,304.0,1.02,29.5,6.4,18.3,95.0,18.0,49.0,7.2,1.37
41,Calipatria/Mulberry,Imperial/Coachella Valley,2024-04-04,95,6.44,0.0,303.0,0.86,28.6,7.6,18.4,84.0,18.0,41.0,4.8,2.81
41,Calipatria/Mulberry,Imperial/Coachella Valley,2024-04-05,96,5.45,0.0,274.0,0.69,20.3,9.9,14.5,53.0,31.0,42.0,1.6,4.9
41,Calipatria/Mulberry,Imperial/Coachella Valley,2024-04-06,97,4.85,0.0,312.0,0.68,22.1,5.2,13.4,77.0,17.0,44.0,1.4,1.75
41,Calipatria/Mulberry,Imperial/Coachella Valley,2024-04-07,98,5.11,0.0,309.0,0.71,24.7,2.4,14.8,84.0,15.0,42.0,2.1,1.6
41,Calipatria/Mulberry,Imperial/Coachella Valley,2024-04-08,99,6.02,0.0,275.0,0.7,27.2,5.1,16.4,69.0,19.0,37.0,1.8,2.87
41,Calipatria/Mulberry,Imperial/Coachella Valley,2024-04-09,100,6.77,0.0,316.0,0.75,30.1,8.2,19.2,68.0,11.0,33.0,2.8,2.28
41,Calipatria/Mulberry,Imperial/Coachella Valley,2024-04-10,101,5.72,0.0,313.0,1.05,32.1,6.2,19.3,78.0,17.0,47.0,7.7,1.34
41,Calipatria/Mulberry,Imperial/Coachella Valley,2024-04-11,102,5.98,0.0,313.0,1.17,34.4,8.2,21.2,80.0,16.0,46.0,9.2,1.44
41,Calipatria/Mulberry,Imperial/Coachella Valley,2024-04-12,103,7.45,0.0,309.0,0.92,32.5,9.8,21.2,76.0,16.0,36.0,5.7,2.81
41,Calipatria/Mulberry,Imperial/Coachella Valley,2024-04-13,104,6.14,0.0,313.0,0.9,27.2,8.9,18.8,63.0,28.0,42.0,5.4,2.73
41,Calipatria/Mulberry,Imperial/Coachella Valley,2024-04-14,105,7.03,0.0,322.0,0.75,25.5,9.1,17.7,77.0,15.0,37.0,2.8,3.96
41,Calipatria/Mulberry,Imperial/Coachella Valley,2024-04-15,106,5.81,0.0,319.0,0.89,26.7,8.3,17.2,83.0,21.0,45.0,5.2,2.5
41,Calipatria/Mulberry,Imperial/Coachella Valley,2024-04-16,107,5.78,0.0,320.0,1.06,30.8,7.5,19.1,83.0,18.0,48.0,7.8,1.36
41,Calipatria/Mulberry,Imperial/Coachella Valley,2024-04-17,108,6.33,0.0,321.0,1.08,34.1,9.4,22.1,77.0,13.0,40.0,8.0,1.56
41,Calipatria/Mulberry,Imperial/Coachella Valley,2024-04-18,109,6.0,0.0,284.0,0.95,33.3,11.6,22.5,64.0,13.0,35.0,6.2,1.72
41,Calipatria/Mulberry,Imperial/Coachella Valley,2024-04-19,110,5.94,0.0,311.0,1.05,33.8,10.4,21.6,71.0,19.0,41.0,7.6,1.51
41,Calipatria/Mulberry,Imperial/Coachella Valley,2024-04-20,111,6.17,0.0,315.0,1.26,33.7,12.5,22.8,72.0,25.0,45.0,10.3,1.73
41,Calipatria/Mulberry,Imperial/Coachella Valley,2024-04-21,112,6.46,0.0,321.0,1.12,35.8,11.5,24.2,75.0,16.0,37.0,8.6,1.52
41,Calipatria/Mulberry,Imperial/Coachella Valley,2024-04-22,113,7.66,0.0,322.0,1.11,36.4,12.3,24.1,74.0,13.0,37.0,8.5,2.54
41,Calipatria/Mulberry,Imperial/Coachella Valley,2024-04-23,114,6.54,0.0,327.0,1.11,33.5,12.3,22.7,73.0,17.0,40.0,8.4,1.68
41,Calipatria/Mulberry,Imperial/Coachella Valley,2024-04-24,115,7.09,0.0,326.0,1.03,31.8,10.9,21.6,73.0,18.0,40.0,7.4,3.0
41,Calipatria/Mulberry,Imperial/Coachella Valley,2024-04-25,116,7.83,0.0,323.0,0.94,29.1,11.9,20.8,59.0,21.0,38.0,6.1,4.82
41,Calipatria/Mulberry,Imperial/Coachella Valley,2024-04-26,117,7.6,0.0,315.0,0.98,28.0,11.7,19.7,65.0,28.0,43.0,6.6,5.24
41,Calipatria/Mulberry,Imperial/Coachella Valley,2024-04-27,118,6.63,0.0,329.0,0.97,29.9,10.5,21.1,73.0,15.0,39.0,6.5,2.32
41,Calipatria/Mulberry,Imperial/Coachella Valley,2024-04-28,119,6.21,0.0,332.0,1.02,32.2,10.7,21.6,86.0,12.0,39.0,7.2,1.5
41,Calipatria/Mulberry,Imperial/Coachella Valley,2024-04-29,120,7.23,0.0,329.0,1.07,33.6,11.6,22.8,75.0,17.0,39.0,8.0,2.25
41,Calipatria/Mulberry,Imperial/Coachella Valley,2024-04-30,121,7.62,0.0,329.0,1.04,34.2,12.2,23.5,69.0,18.0,36.0,7.6,2.5
41,Calipatria/Mulberry,Imperial/Coachella Valley,2024-05-01,122,6.64,0.0,328.0,1.2,32.3,12.6,22.9,71.0,24.0,43.0,9.6,2.15
41,Calipatria/Mulberry,Imperial/Coachella Valley,2024-05-02,123,6.86,0.0,330.0,1.35,34.0,14.3,23.8,85.0,20.0,46.0,11.4,2.24
41,Calipatria/Mulberry,Imperial/Coachella Valley,2024-05-03,124,6.85,0.0,329.0,1.33,33.3,14.8,23.8,65.0,20.0,45.0,11.1,2.3
41,Calipatria/Mulberry,Imperial/Coachella Valley,2024-05-04,125,7.72,0.0,319.0,1.14,33.8,12.6,22.9,84.0,20.0,41.0,8.9,3.68
41,Calipatria/Mulberry,Imperial/Coachella Valley,2024-05-05,126,6.69,0.0,274.0,0.89,25.9,11.5,19.5,61.0,18.0,39.0,5.2,4.06
41,Calipatria/Mulberry,Imperial/Coachella Valley,2024-05-06,127,5.77,0.0,329.0,0.85,28.7,8.2,18.9,79.0,17.0,39.0,4.6,1.34
41,Calipatria/Mulberry,Imperial/Coachella Valley,2024-05-07,128,6.55,0.0,323.0,0.98,33.0,9.5,21.7,79.0,17.0,38.0,6.6,1.84
41,Calipatria/Mulberry,Imperial/Coachella Valley,2024-05-08,129,7.08,0.0,321.0,0.78,32.2,11.4,22.3,78.0,8.0,29.0,3.4,1.99
41,Calipatria/Mulberry,Imperial/Coachella Valley,2024-05-09,130,6.46,0.0,321.0,0.88,32.1,9.3,21.6,70.0,10.0,34.0,5.1,1.58
41,Calipatria/Mulberry,Imperial/Coachella Valley,2024-05-10,131,6.41,0.0,315.0,0.92,34.3,10.1,23.4,78.0,10.0,32.0,5.7,1.39
41,Calipatria/Mulberry,Imperial/Coachella Valley,2024-05-11,132,6.71,0.0,314.0,1.17,35.1,12.0,24.3,87.0,13.0,39.0,9.3,1.58
41,Calipatria/Mulberry,Imperial/Coachella Valley,2024-05-12,133,6.85,0.0,315.0,1.26,37.5,13.4,25.9,82.0,13.0,38.0,10.4,1.56
41,Calipatria/Mulberry,Imperial/Coachella Valley,2024-05-13,134,6.77,0.0,303.0,1.09,37.5,14.7,26.5,65.0,14.0,31.0,8.2,1.56
41,Calipatria/Mulberry,Imperial/Coachella Valley,2024-05-14,135,6.48,0.0,302.0,0.98,34.4,14.7,25.3,57.0,16.0,30.0,6.6,1.51
41,Calipatria/Mulberry,Imperial/Coachella Valley,2024-05-15,136,6.03,0.0,295.0,1.3,34.7,14.2,24.7,64.0,21.0,42.0,10.8,1.4
41,Calipatria/Mulberry,Imperial/Coachella Valley,2024-05-16,137,6.35,0.0,296.0,1.51,35.7,15.4,25.5,68.0,27.0,46.0,13.1,1.86
41,Calipatria/Mulberry,Imperial/Coachella Valley,2024-05-17,138,6.86,0.0,296.0,1.43,37.4,16.6,25.4,72.0,21.0,44.0,12.3,2.28
41,Calipatria/Mulberry,Imperial/Coachella Valley,2024-05-18,139,8.26,0.0,297.0,0.89,37.3,15.3,26.4,53.0,15.0,26.0,5.3,2.89
41,Calipatria/Mulberry,Imperial/Coachella Valley,2024-05-19,140,7.63,0.0,312.0,0.72,36.7,13.7,25.7,50.0,8.0,22.0,2.3,2.11
41,Calipatria/Mulberry,Imperial/Coachella Valley,2024-05-20,141,8.07,0.0,274.0,0.76,34.9,15.6,24.9,47.0,9.0,24.0,3.1,3.06
41,Calipatria/Mulberry,Imperial/Coachella Valley,2024-05-21,142,6.53,0.0,316.0,1.02,33.6,11.7,23.7,66.0,16.0,35.0,7.3,1.75
41,Calipatria/Mulberry,Imperial/Coachella Valley,2024-05-22,143,7.17,0.0,333.0,1.21,34.0,14.0,24.3,70.0,21.0,40.0,9.8,1.97
41,Calipatria/Mulberry,Imperial/Coachella Valley,2024-05-23,144,7.09,0.0,330.0,1.12,35.3,13.7,24.4,66.0,20.0,37.0,8.7,1.89
41,Calipatria/Mulberry,Imperial/Coachella Valley,2024-05-24,145,7.8,0.0,329.0,1.07,35.0,13.9,24.7,63.0,17.0,34.0,8.0,2.57
41,Calipatria/Mulberry,Imperial/Coachella Valley,2024-05-25,146,7.45,0.0,335.0,1.03,32.2,15.3,23.7,62.0,20.0,35.0,7.3,2.7
41,Calipatria/Mulberry,Imperial/Coachella Valley,2024-05-26,147,6.44,0.0,338.0,1.27,34.9,12.7,24.5,80.0,18.0,41.0,10.5,1.36
41,Calipatria/Mulberry,Imperial/Coachella Valley,2024-05-27,148,7.11,0.0,338.0,1.16,37.4,14.1,26.3,82.0,10.0,34.0,9.1,1.57
41,Calipatria/Mulberry,Imperial/Coachella Valley,2024-05-28,149,7.78,0.0,345.0,1.01,38.4,14.4,27.3,72.0,8.0,28.0,7.0,1.76
41,Calipatria/Mulberry,Imperial/Coachella Valley,2024-05-29,150,7.41,0.0,343.0,1.13,38.1,15.3,27.6,56.0,16.0,30.0,8.7,1.55
41,Calipatria/Mulberry,Imperial/Coachella Valley,2024-05-30,151,7.57,0.0,340.0,1.31,38.4,16.5,28.2,76.0,15.0,34.0,11.0,1.87
41,Calipatria/Mulberry,Imperial/Coachella Valley,2024-05-31,152,8.08,0.0,343.0,1.32,38.9,17.0,28.2,67.0,14.0,34.0,11.0,2.11
41,Calipatria/Mulberry,Imperial/Coachella Valley,2024-06-01,153,8.06,0.0,347.0,1.18,38.5,16.8,28.0,69.0,12.0,31.0,9.4,2.09
41,Calipatria/Mulberry,Imperial/Coachella Valley,2024-06-02,154,7.68,0.0,344.0,1.21,37.4,15.8,27.2,61.0,17.0,33.0,9.7,1.88
41,Calipatria/Mulberry,Imperial/Coachella Valley,2024-06-03,155,7.25,0.0,331.0,1.46,37.1,16.5,27.2,70.0,19.0,40.0,12.6,1.75
41,Calipatria/Mulberry,Imperial/Coachella Valley,2024-06-04,156,7.52,0.0,322.0,1.68,36.7,21.1,28.4,64.0,24.0,43.0,14.8,2.23
41,Calipatria/Mulberry,Imperial/Coachella Valley,2024-06-05,157,7.72,0.0,341.0,1.71,39.3,19.3,29.1,69.0,22.0,42.0,15.0,2.03
41,Calipatria/Mulberry,Imperial/Coachella Valley,2024-06-06,158,8.0,0.0,345.0,1.77,41.0,20.3,30.2,66.0,19.0,41.0,15.5,2.23
41,Calipatria/Mulberry,Imperial/Coachella Valley,2024-06-07,159,8.59,0.0,342.0,1.55,40.5,20.7,30.4,54.0,23.0,36.0,13.5,2.4
41,Calipatria/Mulberry,Imperial/Coachella Valley,2024-06-08,160,8.12,0.0,339.0,1.44,41.2,19.7,29.1,64.0,18.0,36.0,12.4,2.01
41,Calipatria/Mulberry,Imperial/Coachella Valley,2024-06-09,161,7.69,0.0,362.0,1.25,38.8,15.5,28.4,66.0,13.0,32.0,10.3,1.57
41,Calipatria/Mulberry,Imperial/Coachella Valley,2024-06-10,162,7.58,0.0,348.0,1.59,38.3,18.0,28.5,71.0,24.0,41.0,13.9,1.7
41,Calipatria/Mulberry,Imperial/Coachella Valley,2024-06-11,163,7.96,0.0,350.0,1.45,39.7,18.5,29.2,61.0,19.0,36.0,12.5,1.92
41,Calipatria/Mulberry,Imperial/Coachella Valley,2024-06-12,164,7.92,0.0,355.0,1.25,41.5,18.0,30.2,60.0,10.0,29.0,10.2,1.66
41,Calipatria/Mulberry,Imperial/Coachella Valley,2024-06-13,165,8.61,0.0,346.0,1.16,40.5,20.0,30.9,50.0,13.0,26.0,9.2,2.05
41,Calipatria/Mulberry,Imperial/Coachella Valley,2024-06-14,166,8.03,0.0,349.0,1.43,43.4,17.8,30.7,62.0,13.0,32.0,12.2,1.66
41,Calipatria/Mulberry,Imperial/Coachella Valley,2024-06-15,167,9.18,0.0,354.0,1.46,43.2,19.8,31.9,59.0,17.0,31.0,12.6,2.3
41,Calipatria/Mulberry,Imperial/Coachella Valley,2024-06-16,168,9.31,0.0,359.0,1.08,40.6,17.1,29.9,58.0,12.0,25.0,8.0,2.37
41,Calipatria/Mulberry,Imperial/Coachella Valley,2024-06-17,169,8.97,0.0,347.0,1.07,39.6,20.3,29.6,40.0,13.0,26.0,7.9,2.42
41,Calipatria/Mulberry,Imperial/Coachella Valley,2024-06-18,170,7.5,0.0,347.0,1.3,38.7,17.3,28.5,72.0,11.0,33.0,10.8,1.51
41,Calipatria/Mulberry,Imperial/Coachella Valley,2024-06-19,171,7.47,0.0,343.0,1.31,38.7,18.0,28.9,58.0,14.0,33.0,11.0,1.53
41,Calipatria/Mulberry,Imperial/Coachella Valley,2024-06-20,172,7.87,0.0,346.0,1.37,41.0,18.3,30.6,73.0,13.0,31.0,11.6,1.71
41,Calipatria/Mulberry,Imperial/Coachella Valley,2024-06-21,173,8.49,0.0,349.0,1.47,42.4,19.3,31.6,67.0,14.0,31.0,12.7,1.98
41,Calipatria/Mulberry,Imperial/Coachella Valley,2024-06-22,174,9.22,0.0,315.0,1.73,41.2,23.7,32.8,52.0,20.0,35.0,15.3,2.82
41,Calipatria/Mulberry,Imperial/Coachella Valley,2024-06-23,175,8.11,0.0,299.0,2.33,42.1,25.9,33.7,61.0,29.0,45.0,19.9,2.62
41,Calipatria/Mulberry,Imperial/Coachella Valley,2024-06-24,176,7.96,0.0,322.0,2.21,42.5,25.7,33.7,65.0,27.0,42.0,19.1,1.99
41,Calipatria/Mulberry,Imperial/Coachella Valley,2024-06-25,177,8.31,0.0,307.0,2.24,42.8,26.1,34.2,56.0,29.0,42.0,19.3,2.41
41,Calipatria/Mulberry,Imperial/Coachella Valley,2024-06-26,178,8.8,0.0,304.0,2.27,41.8,25.4,34.1,68.0,27.0,42.0,19.5,2.71
41,Calipatria/Mulberry,Imperial/Coachella Valley,2024-06-27,179,8.14,0.0,316.0,2.18,42.4,25.8,33.5,66.0,27.0,42.0,18.9,2.2
41,Calipatria/Mulberry,Imperial/Coachella Valley,2024-06-28,180,8.25,0.0,335.0,1.71,42.3,23.1,32.1,64.0,18.0,36.0,15.1,2.09
41,Calipatria/Mulberry,Imperial/Coachella Valley,2024-06-29,181,7.77,0.0,332.0,1.7,42.8,22.1,33.2,67.0,17.0,34.0,15.0,1.57
41,Calipatria/Mulberry,Imperial/Coachella Valley,2024-06-30,182,9.15,0.0,324.0,1.98,43.6,23.5,33.6,57.0,23.0,38.0,17.4,2.9
41,Calipatria/Mulberry,Imperial/Coachella Valley,2024-07-01,183,8.47,0.0,339.0,1.63,43.0,24.3,33.4,68.0,12.0,32.0,14.3,2.08
41,Calipatria/Mulberry,Imperial/Coachella Valley,2024-07-02,184,8.04,0.0,348.0,1.39,44.5,20.2,32.8,62.0,12.0,28.0,11.8,1.54
41,Calipatria/Mulberry,Imperial/Coachella Valley,2024-07-03,185,9.62,0.0,335.0,2.09,42.9,23.5,33.7,57.0,22.0,40.0,18.2,3.08
41,Calipatria/Mulberry,Imperial/Coachella Valley,2024-07-04,186,8.4,0.0,330.0,2.49,43.2,27.6,34.0,75.0,26.0,47.0,21.0,2.47
41,Calipatria/Mulberry,Imperial/Coachella Valley,2024-07-05,187,8.11,0.0,319.0,2.19,44.8,25.3,34.3,60.0,22.0,40.0,19.0,2.13
41,Calipatria/Mulberry,Imperial/Coachella Valley,2024-07-06,188,9.86,0.0,336.0,2.1,43.1,26.5,34.0,51.0,28.0,39.0,18.3,3.2
41,Calipatria/Mulberry,Imperial/Coachella Valley,2024-07-07,189,8.76,0.0,337.0,2.37,44.5,24.7,34.1,66.0,22.0,44.0,20.2,2.73
41,Calipatria/Mulberry,Imperial/Coachella Valley,2024-07-08,190,8.68,0.0,336.0,2.18,46.2,24.0,34.8,64.0,18.0,39.0,18.8,2.36
41,Calipatria/Mulberry,Imperial/Coachella Valley,2024-07-09,191,8.86,0.0,337.0,2.14,45.4,25.7,34.5,60.0,19.0,39.0,18.6,2.72
41,Calipatria/Mulberry,Imperial/Coachella Valley,2024-07-10,192,7.75,0.0,314.0,2.36,44.0,25.6,33.9,67.0,22.0,45.0,20.2,2.05
41,Calipatria/Mulberry,Imperial/Coachella Valley,2024-07-11,193,8.28,0.0,324.0,2.35,44.3,26.6,34.9,68.0,22.0,42.0,20.1,2.23
41,Calipatria/Mulberry,Imperial/Coachella Valley,2024-07-12,194,9.01,0.0,304.0,2.33,42.4,28.2,34.5,59.0,28.0,43.0,19.9,2.94
41,Calipatria/Mulberry,Imperial/Coachella Valley,2024-07-13,195,6.8,0.0,233.0,2.4,40.7,26.0,32.1,64.0,33.0,50.0,20.4,2.75
41,Calipatria/Mulberry,Imperial/Coachella Valley,2024-07-14,196,6.06,0.0,218.0,2.77,38.8,27.7,32.6,74.0,35.0,56.0,22.7,2.86
41,Calipatria/Mulberry,Imperial/Coachella Valley,2024-07-15,197,7.54,0.0,315.0,2.56,41.6,26.4,33.7,76.0,29.0,49.0,21.4,2.12
41,Calipatria/Mulberry,Imperial/Coachella Valley,2024-07-16,198,8.88,0.0,318.0,2.22,42.5,26.0,34.3,64.0,22.0,41.0,19.1,2.84
41,Calipatria/Mulberry,Imperial/Coachella Valley,2024-07-17,199,7.68,0.0,268.0,2.23,41.9,27.3,33.7,59.0,30.0,43.0,19.2,2.56
41,Calipatria/Mulberry,Imperial/Coachella Valley,2024-07-18,200,8.93,0.0,307.0,2.18,43.5,25.9,34.4,61.0,22.0,40.0,18.9,2.86
41,Calipatria/Mulberry,Imperial/Coachella Valley,2024-07-19,201,8.81,0.0,318.0,1.91,44.8,26.6,36.2,62.0,18.0,32.0,16.8,2.44
41,Calipatria/Mulberry,Imperial/Coachella Valley,2024-07-20,202,9.22,0.0,303.0,2.0,45.4,25.0,35.6,57.0,15.0,34.0,17.5,2.74
41,Calipatria/Mulberry,Imperial/Coachella Valley,2024-07-21,203,9.66,0.0,310.0,2.27,44.4,29.5,35.9,57.0,20.0,39.0,19.5,3.29
41,Calipatria/Mulberry,Imperial/Coachella Valley,2024-07-22,204,8.76,0.0,310.0,2.4,43.4,28.6,35.6,60.0,24.0,41.0,20.4,2.54
41,Calipatria/Mulberry,Imperial/Coachella Valley,2024-07-23,205,9.57,0.0,304.0,2.21,45.3,29.1,37.0,58.0,20.0,35.0,19.1,2.9
41,Calipatria/Mulberry,Imperial/Coachella Valley,2024-07-24,206,8.83,0.3,277.0,2.5,44.8,28.6,36.1,63.0,25.0,42.0,21.1,3.08
41,Calipatria/Mulberry,Imperial/Coachella Valley,2024-07-25,207,8.37,0.0,305.0,2.56,45.4,29.5,36.6,61.0,21.0,42.0,21.5,2.33
41,Calipatria/Mulberry,Imperial/Coachella Valley,2024-07-26,208,9.08,0.0,310.0,1.94,45.7,29.1,37.0,63.0,15.0,31.0,17.0,2.49
41,Calipatria/Mulberry,Imperial/Coachella Valley,2024-07-27,209,9.87,0.0,321.0,1.28,44.5,25.4,34.6,51.0,10.0,23.0,10.6,2.72
41,Calipatria/Mulberry,Imperial/Coachella Valley,2024-07-28,210,9.34,0.0,338.0,0.75,43.1,20.6,32.9,39.0,7.0,15.0,2.8,2.31
41,Calipatria/Mulberry,Imperial/Coachella Valley,2024-07-29,211,8.04,0.0,323.0,1.01,42.9,20.1,32.7,40.0,10.0,20.0,7.1,1.72
41,Calipatria/Mulberry,Imperial/Coachella Valley,2024-07-30,212,8.72,0.0,318.0,1.47,42.5,22.6,33.1,58.0,13.0,29.0,12.7,2.34
41,Calipatria/Mulberry,Imperial/Coachella Valley,2024-07-31,213,8.27,0.0,309.0,2.16,42.6,25.4,34.4,68.0,22.0,40.0,18.7,2.53
41,Calipatria/Mulberry,Imperial/Coachella Valley,2024-08-01,214,8.43,0.1,294.0,2.38,41.4,29.5,35.0,58.0,30.0,42.0,20.3,2.97
41,Calipatria/Mulberry,Imperial/Coachella Valley,2024-08-02,215,8.0,0.0,311.0,2.08,43.7,26.7,35.3,66.0,18.0,36.0,18.1,1.88
41,Calipatria/Mulberry,Imperial/Coachella Valley,2024-08-03,216,8.12,0.0,309.0,1.72,45.8,27.2,37.2,53.0,14.0,27.0,15.1,1.63
41,Calipatria/Mulberry,Imperial/Coachella Valley,2024-08-04,217,9.35,0.0,311.0,1.72,46.4,27.9,37.5,51.0,13.0,27.0,15.1,2.38
41,Calipatria/Mulberry,Imperial/Coachella Valley,2024-08-05,218,9.27,0.0,277.0,2.4,42.9,29.1,36.2,59.0,29.0,40.0,20.4,3.42
41,Calipatria/Mulberry,Imperial/Coachella Valley,2024-08-06,219,10.04,0.0,282.0,2.47,44.4,29.2,35.8,63.0,22.0,42.0,20.9,4.63
41,Calipatria/Mulberry,Imperial/Coachella Valley,2024-08-07,220,6.94,0.0,230.0,2.56,39.0,28.6,33.6,62.0,35.0,49.0,21.4,3.2
41,Calipatria/Mulberry,Imperial/Coachella Valley,2024-08-08,221,7.74,0.0,298.0,2.17,42.1,27.5,34.7,72.0,23.0,39.0,18.8,2.1
41,Calipatria/Mulberry,Imperial/Coachella Valley,2024-08-09,222,7.76,0.0,287.0,2.06,42.4,28.4,35.7,57.0,22.0,35.0,18.0,1.94
41,Calipatria/Mulberry,Imperial/Coachella Valley,2024-08-10,223,10.22,0.0,298.0,2.07,44.6,29.6,36.9,50.0,20.0,33.0,18.0,3.37
41,Calipatria/Mulberry,Imperial/Coachella Valley,2024-08-11,224,8.43,0.0,236.0,2.37,39.9,27.6,33.0,64.0,34.0,47.0,20.2,4.41
41,Calipatria/Mulberry,Imperial/Coachella Valley,2024-08-12,225,7.24,0.0,260.0,2.14,40.9,25.5,33.0,72.0,24.0,43.0,18.5,2.24
41,Calipatria/Mulberry,Imperial/Coachella Valley,2024-08-13,226,8.55,0.0,309.0,1.4,43.8,23.0,33.9,56.0,11.0,26.0,11.9,2.2
41,Calipatria/Mulberry,Imperial/Coachella Valley,2024-08-14,227,8.15,0.0,313.0,1.24,41.7,23.2,33.3,41.0,13.0,24.0,10.1,1.91
41,Calipatria/Mulberry,Imperial/Coachella Valley,2024-08-15,228,7.55,0.0,313.0,1.37,42.7,22.8,33.2,53.0,13.0,27.0,11.7,1.65
41,Calipatria/Mulberry,Imperial/Coachella Valley,2024-08-16,229,9.01,0.0,260.0,2.07,42.7,27.1,34.7,57.0,23.0,37.0,18.1,3.34
41,Calipatria/Mulberry,Imperial/Coachella Valley,2024-08-17,230,8.29,0.0,292.0,2.0,42.5,27.2,34.6,65.0,20.0,36.0,17.5,2.52
41,Calipatria/Mulberry,Imperial/Coachella Valley,2024-08-18,231,9.25,0.0,293.0,2.0,41.0,24.0,33.3,58.0,23.0,39.0,17.5,3.47
41,Calipatria/Mulberry,Imperial/Coachella Valley,2024-08-19,232,7.28,0.0,295.0,1.98,43.3,24.9,34.8,66.0,17.0,36.0,17.4,1.67
41,Calipatria/Mulberry,Imperial/Coachella Valley,2024-08-20,233,9.27,0.0,289.0,2.22,44.0,25.4,34.9,58.0,21.0,40.0,19.1,3.5
41,Calipatria/Mulberry,Imperial/Coachella Valley,2024-08-21,234,9.33,0.0,279.0,2.42,41.7,28.9,34.5,70.0,25.0,44.0,20.6,3.96
41,Calipatria/Mulberry,Imperial/Coachella Valley,2024-08-22,235,7.66,0.0,284.0,1.34,41.6,25.1,33.2,72.0,7.0,26.0,11.3,1.98
41,Calipatria/Mulberry,Imperial/Coachella Valley,2024-08-23,236,8.7,0.0,305.0,0.78,40.4,22.1,31.7,38.0,9.0,17.0,3.4,2.4
41,Calipatria/Mulberry,Imperial/Coachella Valley,2024-08-24,237,8.7,0.0,297.0,0.85,39.8,19.6,30.1,35.0,11.0,20.0,4.6,2.75
41,Calipatria/Mulberry,Imperial/Coachella Valley,2024-08-25,238,7.44,0.0,312.0,0.77,38.4,17.9,29.5,51.0,7.0,19.0,3.3,1.77
41,Calipatria/Mulberry,Imperial/Coachella Valley,2024-08-26,239,7.09,0.0,303.0,1.19,40.5,19.6,30.7,62.0,11.0,27.0,9.5,1.49
41,Calipatria/Mulberry,Imperial/Coachella Valley,2024-08-27,240,7.18,0.0,298.0,1.24,42.7,20.2,32.2,57.0,11.0,26.0,10.1,1.47
41,Calipatria/Mulberry,Imperial/Coachella Valley,2024-08-28,241,8.11,0.0,283.0,1.45,43.0,21.9,33.3,53.0,18.0,28.0,12.5,2.11
41,Calipatria/Mulberry,Imperial/Coachella Valley,2024-08-29,242,7.31,0.0,291.0,1.38,42.4,22.4,33.3,55.0,12.0,27.0,11.7,1.66
41,Calipatria/Mulberry,Imperial/Coachella Valley,2024-08-30,243,8.19,0.0,285.0,1.28,43.2,24.0,33.4,40.0,10.0,25.0,10.6,2.12
41,Calipatria/Mulberry,Imperial/Coachella Valley,2024-08-31,244,7.32,0.0,287.0,1.31,43.8,23.3,34.2,49.0,12.0,24.0,10.9,1.59
41,Calipatria/Mulberry,Imperial/Coachella Valley,2024-09-01,245,7.56,0.0,285.0,1.51,44.3,24.3,34.6,50.0,13.0,28.0,13.1,1.73
41,Calipatria/Mulberry,Imperial/Coachella Valley,2024-09-02,246,8.33,0.0,279.0,1.66,43.4,26.6,34.9,54.0,17.0,30.0,14.5,2.3
41,Calipatria/Mulberry,Imperial/Coachella Valley,2024-09-03,247,7.58,0.0,282.0,1.7,43.8,25.7,34.6,59.0,14.0,31.0,14.9,2.0
41,Calipatria/Mulberry,Imperial/Coachella Valley,2024-09-04,248,7.14,0.0,279.0,1.59,45.2,25.7,35.2,55.0,12.0,28.0,13.9,1.47
41,Calipatria/Mulberry,Imperial/Coachella Valley,2024-09-05,249,7.53,0.0,279.0,1.49,47.2,25.4,36.0,53.0,10.0,25.0,12.9,1.61
41,Calipatria/Mulberry,Imperial/Coachella Valley,2024-09-06,250,8.39,0.0,257.0,1.97,44.0,26.0,34.8,59.0,20.0,35.0,17.2,2.98
41,Calipatria/Mulberry,Imperial/Coachella Valley,2024-09-07,251,8.71,0.0,255.0,1.79,44.9,28.5,36.4,49.0,17.0,30.0,15.8,2.77
41,Calipatria/Mulberry,Imperial/Coachella Valley,2024-09-08,252,7.39,0.0,255.0,1.45,43.7,27.3,35.6,50.0,13.0,25.0,12.5,1.96
41,Calipatria/Mulberry,Imperial/Coachella Valley,2024-09-09,253,7.14,0.0,273.0,1.34,44.3,24.2,34.5,51.0,11.0,24.0,11.3,1.58
41,Calipatria/Mulberry,Imperial/Coachella Valley,2024-09-10,254,7.38,0.0,263.0,1.28,44.2,24.0,34.5,48.0,10.0,23.0,10.6,1.99
41,Calipatria/Mulberry,Imperial/Coachella Valley,2024-09-11,255,9.56,0.0,283.0,0.64,42.3,21.0,32.4,40.0,3.0,13.0,0.6,2.86
41,Calipatria/Mulberry,Imperial/Coachella Valley,2024-09-12,256,6.94,0.0,280.0,0.83,38.3,17.7,28.3,42.0,8.0,22.0,4.3,1.8
41,Calipatria/Mulberry,Imperial/Coachella Valley,2024-09-13,257,6.44,0.0,274.0,1.26,38.3,18.4,29.0,63.0,13.0,31.0,10.4,1.65
41,Calipatria/Mulberry,Imperial/Coachella Valley,2024-09-14,258,7.77,0.0,262.0,1.78,39.3,23.3,30.8,65.0,18.0,40.0,15.7,2.95
41,Calipatria/Mulberry,Imperial/Coachella Valley,2024-09-15,259,7.04,0.0,276.0,1.4,38.8,21.0,29.3,79.0,12.0,34.0,11.9,2.13
41,Calipatria/Mulberry,Imperial/Coachella Valley,2024-09-16,260,8.26,0.0,266.0,1.09,32.9,19.7,25.3,51.0,21.0,34.0,8.2,5.08
41,Calipatria/Mulberry,Imperial/Coachella Valley,2024-09-17,261,5.94,0.0,277.0,0.9,30.7,16.8,23.0,54.0,16.0,32.0,5.4,2.38
41,Calipatria/Mulberry,Imperial/Coachella Valley,2024-09-18,262,5.8,0.0,269.0,1.04,33.5,14.7,24.5,60.0,14.0,34.0,7.5,1.73
41,Calipatria/Mulberry,Imperial/Coachella Valley,2024-09-19,263,6.17,0.0,257.0,1.41,34.2,18.1,26.0,68.0,26.0,42.0,12.1,2.17
41,Calipatria/Mulberry,Imperial/Coachella Valley,2024-09-20,264,5.95,0.0,256.0,1.11,32.1,18.2,24.8,54.0,16.0,35.0,8.5,2.0
41,Calipatria/Mulberry,Imperial/Coachella Valley,2024-09-21,265,5.43,0.0,258.0,1.29,35.3,16.3,25.7,68.0,18.0,39.0,10.7,1.46
41,Calipatria/Mulberry,Imperial/Coachella Valley,2024-09-22,266,5.73,0.0,257.0,1.23,38.4,18.1,28.0,59.0,14.0,32.0,10.0,1.29
41,Calipatria/Mulberry,Imperial/Coachella Valley,2024-09-23,267,6.06,0.0,257.0,1.17,41.5,19.2,29.9,57.0,10.0,28.0,9.3,1.36
41,Calipatria/Mulberry,Imperial/Coachella Valley,2024-09-24,268,6.34,0.0,257.0,1.04,42.9,18.8,30.6,56.0,8.0,24.0,7.5,1.5
41,Calipatria/Mulberry,Imperial/Coachella Valley,2024-09-25,269,6.41,0.0,256.0,1.09,43.3,19.5,31.3,58.0,7.0,24.0,8.2,1.6
41,Calipatria/Mulberry,Imperial/Coachella Valley,2024-09-26,270,6.09,0.0,255.0,1.07,42.1,19.7,30.3,59.0,8.0,25.0,7.9,1.45
41,Calipatria/Mulberry,Imperial/Coachella Valley,2024-09-27,271,6.18,0.0,258.0,1.06,43.3,18.5,30.4,61.0,6.0,24.0,7.8,1.42
41,Calipatria/Mulberry,Imperial/Coachella Valley,2024-09-28,272,6.82,0.0,251.0,0.91,43.6,19.0,31.0,56.0,6.0,20.0,5.6,1.77
41,Calipatria/Mulberry,Imperial/Coachella Valley,2024-09-29,273,6.24,0.0,249.0,0.89,42.3,19.4,30.3,53.0,6.0,21.0,5.3,1.56
41,Calipatria/Mulberry,Imperial/Coachella Valley,2024-09-30,274,5.86,0.0,238.0,1.75,39.8,21.4,30.1,68.0,22.0,41.0,15.4,1.86
41,Calipatria/Mulberry,Imperial/Coachella Valley,2024-10-01,275,5.68,0.0,223.0,1.26,44.4,20.9,31.8,62.0,8.0,27.0,10.4,1.39
41,Calipatria/Mulberry,Imperial/Coachella Valley,2024-10-02,276,5.89,0.0,229.0,1.48,43.2,24.4,32.7,54.0,12.0,30.0,12.8,1.52
41,Calipatria/Mulberry,Imperial/Coachella Valley,2024-10-03,277,6.72,0.0,230.0,1.59,42.8,20.9,31.6,53.0,15.0,34.0,13.9,2.25
41,Calipatria/Mulberry,Imperial/Coachella Valley,2024-10-04,278,5.63,0.0,228.0,1.76,42.2,21.6,31.2,67.0,18.0,39.0,15.4,1.58
41,Calipatria/Mulberry,Imperial/Coachella Valley,2024-10-05,279,5.96,0.0,229.0,1.42,43.2,21.5,31.5,65.0,11.0,31.0,12.2,1.61
41,Calipatria/Mulberry,Imperial/Coachella Valley,2024-10-06,280,5.72,0.0,230.0,1.28,44.2,20.7,31.5,55.0,9.0,28.0,10.7,1.39
41,Calipatria/Mulberry,Imperial/Coachella Valley,2024-10-07,281,5.57,0.0,228.0,1.13,44.3,20.6,31.6,51.0,7.0,24.0,8.8,1.41
41,Calipatria/Mulberry,Imperial/Coachella Valley,2024-10-08,282,5.68,0.0,222.0,0.98,42.5,20.8,30.7,49.0,8.0,22.0,6.7,1.6
41,Calipatria/Mulberry,Imperial/Coachella Valley,2024-10-09,283,5.27,0.0,224.0,1.02,40.9,21.4,29.9,49.0,10.0,24.0,7.3,1.37
41,Calipatria/Mulberry,Imperial/Coachella Valley,2024-10-10,284,5.27,0.0,220.0,1.12,40.1,19.2,28.9,58.0,11.0,28.0,8.6,1.5
41,Calipatria/Mulberry,Imperial/Coachella Valley,2024-10-11,285,5.02,0.0,221.0,1.15,39.1,18.2,28.4,60.0,12.0,30.0,9.1,1.38
41,Calipatria/Mulberry,Imperial/Coachella Valley,2024-10-12,286,5.69,0.0,222.0,0.92,37.5,18.0,27.6,59.0,8.0,25.0,5.8,1.69
41,Calipatria/Mulberry,Imperial/Coachella Valley,2024-10-13,287,4.98,0.0,225.0,0.9,36.4,15.0,25.1,57.0,9.0,28.0,5.4,1.43
41,Calipatria/Mulberry,Imperial/Coachella Valley,2024-10-14,288,4.76,0.0,221.0,1.03,36.2,15.3,24.5,61.0,9.0,33.0,7.4,1.36
41,Calipatria/Mulberry,Imperial/Coachella Valley,2024-10-15,289,4.89,0.0,217.0,1.2,34.7,16.0,24.6,68.0,15.0,39.0,9.7,1.78
41,Calipatria/Mulberry,Imperial/Coachella Valley,2024-10-16,290,4.79,0.0,210.0,1.79,34.0,20.1,26.1,75.0,25.0,53.0,15.8,2.29
41,Calipatria/Mulberry,Imperial/Coachella Valley,2024-10-17,291,4.54,0.0,209.0,1.45,30.9,16.7,23.0,83.0,28.0,51.0,12.5,2.11
41,Calipatria/Mulberry,Imperial/Coachella Valley,2024-10-18,292,6.91,0.0,214.0,0.68,26.3,15.3,21.3,59.0,10.0,27.0,1.5,4.62
41,Calipatria/Mulberry,Imperial/Coachella Valley,2024-10-19,293,5.81,0.0,211.0,0.68,28.5,13.1,20.8,52.0,17.0,28.0,1.5,2.91
41,Calipatria/Mulberry,Imperial/Coachella Valley,2024-10-20,294,4.13,0.0,208.0,0.9,29.4,10.9,19.6,65.0,20.0,39.0,5.5,1.56
41,Calipatria/Mulberry,Imperial/Coachella Valley,2024-10-21,295,3.92,0.0,208.0,1.07,31.1,11.7,21.0,78.0,19.0,43.0,7.9,1.19
41,Calipatria/Mulberry,Imperial/Coachella Valley,2024-10-22,296,4.02,0.0,208.0,1.09,34.3,12.8,22.3,67.0,18.0,40.0,8.2,1.13
41,Calipatria/Mulberry,Imperial/Coachella Valley,2024-10-23,297,4.16,0.0,208.0,1.05,35.4,12.5,22.5,68.0,14.0,39.0,7.7,1.21
41,Calipatria/Mulberry,Imperial/Coachella Valley,2024-10-24,298,4.43,0.0,209.0,1.0,34.5,12.5,22.9,61.0,16.0,36.0,7.0,1.42
41,Calipatria/Mulberry,Imperial/Coachella Valley,2024-10-25,299,4.07,0.0,196.0,1.26,35.0,13.3,23.0,70.0,21.0,45.0,10.4,1.39
41,Calipatria/Mulberry,Imperial/Coachella Valley,2024-10-26,300,3.97,0.0,201.0,1.14,35.5,12.6,22.5,73.0,15.0,42.0,8.9,1.14
41,Calipatria/Mulberry,Imperial/Coachella Valley,2024-10-27,301,3.83,0.0,181.0,1.12,35.5,13.2,22.4,75.0,15.0,42.0,8.6,1.33
41,Calipatria/Mulberry,Imperial/Coachella Valley,2024-10-28,302,4.87,0.0,142.0,1.07,31.3,14.9,21.8,62.0,19.0,41.0,8.0,3.49
41,Calipatria/Mulberry,Imperial/Coachella Valley,2024-10-29,303,4.31,0.0,191.0,0.88,24.6,11.2,18.4,64.0,22.0,42.0,5.1,2.56
41,Calipatria/Mulberry,Imperial/Coachella Valley,2024-10-30,304,3.32,0.0,191.0,0.82,26.1,7.6,16.0,80.0,14.0,45.0,4.0,1.23
41,Calipatria/Mulberry,Imperial/Coachella Valley,2024-10-31,305,3.2,0.0,192.0,0.91,26.0,7.5,16.0,83.0,22.0,50.0,5.6,1.13
41,Calipatria/Mulberry,Imperial/Coachella Valley,2024-11-01,306,3.15,0.0,182.0,0.98,27.3,8.7,16.5,84.0,21.0,53.0,6.7,1.14
41,Calipatria/Mulberry,Imperial/Coachella Valley,2024-11-02,307,3.73,0.0,179.0,0.97,26.6,7.9,17.6,78.0,22.0,48.0,6.5,2.2
41,Calipatria/Mulberry,Imperial/Coachella Valley,2024-11-03,308,4.87,0.0,182.0,0.82,25.3,10.9,18.2,62.0,19.0,39.0,4.1,3.37
41,Calipatria/Mulberry,Imperial/Coachella Valley,2024-11-04,309,5.29,0.0,190.0,0.52,24.9,8.0,17.7,54.0,14.0,26.0,-2.2,3.12
41,Calipatria/Mulberry,Imperial/Coachella Valley,2024-11-05,310,3.24,0.0,183.0,0.65,26.6,5.2,15.1,68.0,14.0,38.0,0.8,1.3
41,Calipatria/Mulberry,Imperial/Coachella Valley,2024-11-06,311,5.5,0.0,190.0,0.39,22.3,6.7,15.7,57.0,10.0,22.0,-6.0,3.92
41,Calipatria/Mulberry,Imperial/Coachella Valley,2024-11-07,312,3.77,0.0,186.0,0.44,22.4,4.3,13.4,61.0,11.0,28.0,-4.6,1.98
41,Calipatria/Mulberry,Imperial/Coachella Valley,2024-11-08,313,3.02,0.0,184.0,0.56,24.1,2.3,12.2,71.0,13.0,39.0,-1.2,1.35
41,Calipatria/Mulberry,Imperial/Coachella Valley,2024-11-09,314,2.98,0.0,180.0,0.67,25.1,3.4,13.1,76.0,15.0,44.0,1.2,1.26
41,Calipatria/Mulberry,Imperial/Coachella Valley,2024-11-10,315,3.02,0.0,179.0,0.71,26.7,4.4,14.5,79.0,15.0,43.0,2.2,1.18
41,Calipatria/Mulberry,Imperial/Coachella Valley,2024-11-11,316,3.43,0.0,176.0,0.75,27.1,5.1,15.8,80.0,17.0,42.0,2.8,1.71
41,Calipatria/Mulberry,Imperial/Coachella Valley,2024-11-12,317,3.58,0.0,177.0,0.72,24.5,6.5,15.4,81.0,18.0,41.0,2.3,1.75
41,Calipatria/Mulberry,Imperial/Coachella Valley,2024-11-13,318,3.01,0.0,176.0,0.69,26.2,5.2,14.1,75.0,15.0,43.0,1.7,1.2
41,Calipatria/Mulberry,Imperial/Coachella Valley,2024-11-14,319,2.87,0.0,175.0,0.75,26.7,4.0,14.1,86.0,14.0,46.0,2.8,1.15
41,Calipatria/Mulberry,Imperial/Coachella Valley,2024-11-15,320,4.16,0.0,163.0,0.79,22.3,8.8,16.3,60.0,29.0,43.0,3.6,3.66
41,Calipatria/Mulberry,Imperial/Coachella Valley,2024-11-16,321,2.88,0.0,167.0,0.74,20.0,4.2,12.5,84.0,27.0,51.0,2.7,1.78
41,Calipatria/Mulberry,Imperial/Coachella Valley,2024-11-17,322,3.94,0.0,168.0,0.57,22.8,5.2,13.6,69.0,18.0,36.0,-1.0,2.7
41,Calipatria/Mulberry,Imperial/Coachella Valley,2024-11-18,323,3.13,0.0,168.0,0.64,23.2,4.1,12.8,73.0,19.0,43.0,0.7,1.87
41,Calipatria/Mulberry,Imperial/Coachella Valley,2024-11-19,324,2.84,0.0,157.0,0.66,22.7,3.6,12.0,85.0,13.0,47.0,1.1,1.34
41,Calipatria/Mulberry,Imperial/Coachella Valley,2024-11-20,325,2.66,0.0,168.0,0.56,23.3,1.2,10.9,77.0,15.0,43.0,-1.2,1.14
41,Calipatria/Mulberry,Imperial/Coachella Valley,2024-11-21,326,2.83,0.0,168.0,0.62,24.3,1.7,11.1,81.0,19.0,47.0,0.2,1.25
41,Calipatria/Mulberry,Imperial/Coachella Valley,2024-11-22,327,2.61,0.0,167.0,0.65,25.1,0.8,11.3,80.0,21.0,49.0,0.9,1.05
41,Calipatria/Mulberry,Imperial/Coachella Valley,2024-11-23,328,2.63,0.0,154.0,0.71,24.7,2.9,12.8,81.0,18.0,48.0,2.1,1.24
41,Calipatria/Mulberry,Imperial/Coachella Valley,2024-11-24,329,2.81,0.0,127.0,1.04,25.0,10.3,16.9,88.0,29.0,54.0,7.5,1.87
41,Calipatria/Mulberry,Imperial/Coachella Valley,2024-11-25,330,2.35,0.0,141.0,1.01,25.1,7.7,15.2,85.0,31.0,58.0,7.1,1.09
41,Calipatria/Mulberry,Imperial/Coachella Valley,2024-11-26,331,2.17,0.0,110.0,1.12,24.8,13.5,18.8,100.0,36.0,52.0,8.7,2.02
41,Calipatria/Mulberry,Imperial/Coachella Valley,2024-11-27,332,2.41,0.0,117.0,1.1,26.2,11.5,17.3,79.0,34.0,56.0,8.4,1.37
41,Calipatria/Mulberry,Imperial/Coachella Valley,2024-11-28,333,3.37,0.0,155.0,0.66,24.0,7.2,15.6,62.0,20.0,37.0,1.1,1.82
41,Calipatria/Mulberry,Imperial/Coachella Valley,2024-11-29,334,2.03,0.0,103.0,0.76,21.0,3.7,11.8,78.0,31.0,55.0,3.1,1.4
41,Calipatria/Mulberry,Imperial/Coachella Valley,2024-11-30,335,2.73,0.0,154.0,0.69,24.1,3.2,12.8,81.0,17.0,47.0,1.8,1.41
41,Calipatria/Mulberry,Imperial/Coachella Valley,2024-12-01,336,2.61,0.0,155.0,0.72,26.1,4.5,13.3,78.0,15.0,47.0,2.3,1.23
41,Calipatria/Mulberry,Imperial/Coachella Valley,2024-12-02,337,2.69,0.0,154.0,0.68,25.6,2.4,12.7,81.0,16.0,46.0,1.5,1.35
41,Calipatria/Mulberry,Imperial/Coachella Valley,2024-12-03,338,2.38,0.0,148.0,0.76,28.0,3.6,13.1,78.0,14.0,51.0,3.1,1.15
41,Calipatria/Mulberry,Imperial/Coachella Valley,2024-12-04,339,2.42,0.0,152.0,0.77,26.0,3.2,12.8,79.0,23.0,52.0,3.2,1.19
41,Calipatria/Mulberry,Imperial/Coachella Valley,2024-12-05,340,2.41,0.0,151.0,0.87,26.9,3.7,13.3,82.0,21.0,57.0,4.9,1.14
41,Calipatria/Mulberry,Imperial/Coachella Valley,2024-12-06,341,2.71,0.0,149.0,0.85,27.9,5.4,13.8,84.0,20.0,54.0,4.6,1.42
41,Calipatria/Mulberry,Imperial/Coachella Valley,2024-12-07,342,2.54,0.0,152.0,0.81,27.4,4.7,13.4,79.0,20.0,52.0,3.9,1.27
41,Calipatria/Mulberry,Imperial/Coachella Valley,2024-12-08,343,2.55,0.0,151.0,0.78,25.1,2.8,12.5,78.0,25.0,54.0,3.4,1.53
41,Calipatria/Mulberry,Imperial/Coachella Valley,2024-12-09,344,3.2,0.0,150.0,0.63,24.5,3.8,13.3,82.0,18.0,41.0,0.4,2.07
41,Calipatria/Mulberry,Imperial/Coachella Valley,2024-12-10,345,3.14,0.0,159.0,0.42,21.2,2.0,11.4,68.0,11.0,31.0,-5.0,1.83
41,Calipatria/Mulberry,Imperial/Coachella Valley,2024-12-11,346,1.86,0.0,116.0,0.59,18.1,-0.1,8.2,80.0,25.0,54.0,-0.4,1.23
41,Calipatria/Mulberry,Imperial/Coachella Valley,2024-12-12,347,2.46,0.0,151.0,0.67,21.1,1.4,10.7,82.0,17.0,52.0,1.2,1.54
41,Calipatria/Mulberry,Imperial/Coachella Valley,2024-12-13,348,2.31,0.0,141.0,0.87,21.5,6.4,13.5,77.0,32.0,56.0,4.9,1.59
41,Calipatria/Mulberry,Imperial/Coachella Valley,2024-12-14,349,1.75,0.0,121.0,0.84,21.3,3.9,10.4,85.0,38.0,67.0,4.4,1.18
41,Calipatria/Mulberry,Imperial/Coachella Valley,2024-12-15,350,2.38,0.0,149.0,0.78,21.7,3.0,10.1,87.0,31.0,63.0,3.4,1.58
41,Calipatria/Mulberry,Imperial/Coachella Valley,2024-12-16,351,1.93,0.0,135.0,0.7,21.8,0.5,8.8,83.0,30.0,62.0,1.8,1.13
41,Calipatria/Mulberry,Imperial/Coachella Valley,2024-12-17,352,2.19,0.0,138.0,0.72,22.3,1.9,10.2,83.0,27.0,58.0,2.2,1.31
41,Calipatria/Mulberry,Imperial/Coachella Valley,2024-12-18,353,2.56,0.0,147.0,0.79,25.9,3.0,12.6,81.0,24.0,54.0,3.6,1.35
41,Calipatria/Mulberry,Imperial/Coachella Valley,2024-12-19,354,2.35,0.0,147.0,0.82,26.5,3.0,12.5,80.0,25.0,57.0,4.1,1.16
41,Calipatria/Mulberry,Imperial/Coachella Valley,2024-12-20,355,2.24,0.0,148.0,0.83,26.2,3.0,12.0,85.0,30.0,59.0,4.3,1.1
41,Calipatria/Mulberry,Imperial/Coachella Valley,2024-12-21,356,1.71,0.0,106.0,0.82,24.7,2.0,11.2,86.0,27.0,62.0,4.1,1.1
41,Calipatria/Mulberry,Imperial/Coachella Valley,2024-12-22,357,1.57,0.0,91.0,0.83,23.9,3.2,12.1,86.0,29.0,59.0,4.2,1.07
41,Calipatria/Mulberry,Imperial/Coachella Valley,2024-12-23,358,1.92,0.0,105.0,1.0,26.9,6.0,13.9,87.0,34.0,63.0,7.0,1.19
41,Calipatria/Mulberry,Imperial/Coachella Valley,2024-12-24,359,1.91,0.0,84.0,1.07,24.0,5.9,14.8,87.0,42.0,63.0,7.9,2.01
41,Calipatria/Mulberry,Imperial/Coachella Valley,2024-12-25,360,2.44,0.0,105.0,0.85,22.0,6.6,13.9,81.0,26.0,54.0,4.6,2.1
41,Calipatria/Mulberry,Imperial/Coachella Valley,2024-12-26,361,1.37,0.0,79.0,0.83,21.2,3.1,10.8,82.0,28.0,64.0,4.3,1.2
41,Calipatria/Mulberry,Imperial/Coachella Valley,2024-12-27,362,1.74,0.0,85.0,0.87,20.9,5.8,12.0,81.0,33.0,62.0,4.9,1.47
41,Calipatria/Mulberry,Imperial/Coachella Valley,2024-12-28,363,1.26,0.0,85.0,1.05,20.4,5.4,11.3,94.0,53.0,78.0,7.7,1.04
41,Calipatria/Mulberry,Imperial/Coachella Valley,2024-12-29,364,1.68,0.0,110.0,0.94,23.2,3.2,11.2,92.0,38.0,70.0,6.0,1.03
41,Calipatria/Mulberry,Imperial/Coachella Valley,2024-12-30,365,2.04,0.0,133.0,0.91,23.4,2.4,11.3,91.0,39.0,68.0,5.6,1.22
41,Calipatria/Mulberry,Imperial/Coachella Valley,2024-12-31,366,1.83,0.0,119.0,0.89,22.9,3.2,11.2,88.0,37.0,67.0,5.4,1.22
41,Calipatria/Mulberry,Imperial/Coachella Valley,2025-01-01,1,2.17,0.0,136.0,0.76,23.4,1.9,11.0,90.0,25.0,58.0,3.0,1.22
41,Calipatria/Mulberry,Imperial/Coachella Valley,2025-01-02,2,2.27,0.0,138.0,0.71,23.2,0.8,10.5,85.0,25.0,56.0,2.1,1.29
41,Calipatria/Mulberry,Imperial/Coachella Valley,2025-01-03,3,2.01,0.0,127.0,0.81,23.4,1.8,11.0,83.0,30.0,62.0,4.0,1.16
41,Calipatria/Mulberry,Imperial/Coachella Valley,2025-01-04,4,2.41,0.0,133.0,0.74,22.6,2.5,11.4,80.0,27.0,55.0,2.6,1.56
41,Calipatria/Mulberry,Imperial/Coachella Valley,2025-01-05,5,2.6,0.0,136.0,0.67,24.0,2.0,11.8,81.0,19.0,49.0,1.3,1.42
41,Calipatria/Mulberry,Imperial/Coachella Valley,2025-01-06,6,2.21,0.0,139.0,0.73,24.9,1.4,11.6,79.0,21.0,54.0,2.5,1.14
41,Calipatria/Mulberry,Imperial/Coachella Valley,2025-01-07,7,3.39,0.0,106.0,0.68,23.0,3.2,14.1,84.0,25.0,43.0,1.5,3.2
41,Calipatria/Mulberry,Imperial/Coachella Valley,2025-01-08,8,4.6,0.0,121.0,0.49,21.9,6.4,15.8,53.0,18.0,27.0,-3.0,4.85
41,Calipatria/Mulberry,Imperial/Coachella Valley,2025-01-09,9,4.85,0.0,146.0,0.44,22.6,-0.1,13.2,77.0,15.0,29.0,-4.5,3.93
41,Calipatria/Mulberry,Imperial/Coachella Valley,2025-01-10,10,3.3,0.0,142.0,0.44,21.1,1.3,12.2,72.0,13.0,31.0,-4.4,2.35
41,Calipatria/Mulberry,Imperial/Coachella Valley,2025-01-11,11,2.34,0.0,145.0,0.5,21.9,-0.4,9.1,72.0,23.0,43.0,-2.7,1.42
41,Calipatria/Mulberry,Imperial/Coachella Valley,2025-01-12,12,3.93,0.0,149.0,0.37,19.7,1.2,11.5,56.0,15.0,27.0,-6.9,3.0
41,Calipatria/Mulberry,Imperial/Coachella Valley,2025-01-13,13,3.06,0.0,149.0,0.39,19.5,-1.7,8.2,67.0,15.0,36.0,-6.1,2.09
41,Calipatria/Mulberry,Imperial/Coachella Valley,2025-01-14,14,3.11,0.0,149.0,0.39,19.7,-2.0,8.1,70.0,15.0,36.0,-6.0,2.02
41,Calipatria/Mulberry,Imperial/Coachella Valley,2025-01-15,15,3.21,0.0,151.0,0.43,22.2,-2.1,8.8,74.0,12.0,38.0,-4.8,1.98
41,Calipatria/Mulberry,Imperial/Coachella Valley,2025-01-16,16,2.19,0.0,124.0,0.56,22.8,-1.0,9.1,79.0,16.0,49.0,-1.1,1.31
41,Calipatria/Mulberry,Imperial/Coachella Valley,2025-01-17,17,2.34,0.0,149.0,0.61,21.5,0.5,9.3,80.0,20.0,52.0,0.0,1.43
41,Calipatria/Mulberry,Imperial/Coachella Valley,2025-01-18,18,2.17,0.0,150.0,0.74,22.0,1.0,9.7,84.0,31.0,61.0,2.6,1.32
41,Calipatria/Mulberry,Imperial/Coachella Valley,2025-01-19,19,2.28,0.0,155.0,0.59,21.9,-0.9,9.0,88.0,20.0,52.0,-0.4,1.2
41,Calipatria/Mulberry,Imperial/Coachella Valley,2025-01-20,20,4.08,0.0,152.0,0.4,20.3,-0.3,10.1,84.0,13.0,33.0,-5.6,3.58
41,Calipatria/Mulberry,Imperial/Coachella Valley,2025-01-21,21,3.36,0.0,158.0,0.27,18.6,-0.6,9.6,61.0,8.0,22.0,-10.9,2.32
41,Calipatria/Mulberry,Imperial/Coachella Valley,2025-01-22,22,2.61,0.0,149.0,0.44,20.5,-1.7,8.2,79.0,16.0,40.0,-4.5,1.51
41,Calipatria/Mulberry,Imperial/Coachella Valley,2025-01-23,23,3.97,0.0,162.0,0.34,21.1,-0.7,9.7,62.0,9.0,28.0,-7.9,2.56
41,Calipatria/Mulberry,Imperial/Coachella Valley,2025-01-24,24,2.49,0.0,167.0,0.38,20.4,-3.9,6.2,75.0,10.0,40.0,-6.5,1.23
41,Calipatria/Mulberry,Imperial/Coachella Valley,2025-01-25,25,2.46,0.0,127.0,0.71,20.4,-0.2,10.0,73.0,39.0,58.0,2.1,2.37
41,Calipatria/Mulberry,Imperial/Coachella Valley,2025-01-26,26,1.78,0.0,84.0,0.92,18.2,4.3,12.5,82.0,45.0,63.0,5.7,2.35
41,Calipatria/Mulberry,Imperial/Coachella Valley,2025-01-27,27,2.42,0.0,162.0,0.81,18.7,3.2,10.6,87.0,35.0,63.0,3.9,1.78
41,Calipatria/Mulberry,Imperial/Coachella Valley,2025-01-28,28,2.31,0.0,166.0,0.69,19.1,-0.4,8.6,90.0,30.0,62.0,1.8,1.26
41,Calipatria/Mulberry,Imperial/Coachella Valley,2025-01-29,29,2.6,0.0,167.0,0.7,20.7,1.1,9.7,84.0,23.0,58.0,1.9,1.59
41,Calipatria/Mulberry,Imperial/Coachella Valley,2025-01-30,30,2.39,0.0,170.0,0.77,20.7,1.3,10.0,87.0,34.0,62.0,3.1,1.41
41,Calipatria/Mulberry,Imperial/Coachella Valley,2025-01-31,31,2.15,0.0,158.0,0.9,21.6,1.3,10.5,96.0,37.0,71.0,5.5,1.18
41,Calipatria/Mulberry,Imperial/Coachella Valley,2025-02-01,32,2.53,0.0,162.0,0.87,24.0,3.4,12.5,90.0,30.0,60.0,4.9,1.16
41,Calipatria/Mulberry,Imperial/Coachella Valley,2025-02-02,33,2.8,0.0,166.0,0.96,26.8,4.4,14.6,86.0,29.0,58.0,6.4,1.16
41,Calipatria/Mulberry,Imperial/Coachella Valley,2025-02-03,34,2.82,0.0,161.0,1.06,28.1,5.8,15.6,84.0,30.0,60.0,7.8,1.19
41,Calipatria/Mulberry,Imperial/Coachella Valley,2025-02-04,35,4.09,0.0,172.0,0.92,28.4,9.2,18.4,81.0,25.0,43.0,5.8,2.34
41,Calipatria/Mulberry,Imperial/Coachella Valley,2025-02-05,36,3.38,0.0,174.0,1.07,27.3,8.2,17.1,78.0,33.0,55.0,8.0,1.74
41,Calipatria/Mulberry,Imperial/Coachella Valley,2025-02-06,37,3.62,0.0,175.0,1.06,26.2,7.1,16.8,86.0,32.0,55.0,7.8,2.01
41,Calipatria/Mulberry,Imperial/Coachella Valley,2025-02-07,38,3.44,0.0,155.0,1.25,27.7,11.1,19.0,84.0,40.0,57.0,10.2,2.2
41,Calipatria/Mulberry,Imperial/Coachella Valley,2025-02-08,39,3.17,0.0,174.0,0.88,26.2,7.2,15.8,83.0,18.0,49.0,5.2,1.34
41,Calipatria/Mulberry,Imperial/Coachella Valley,2025-02-09,40,2.54,0.0,137.0,0.82,25.6,5.7,14.1,82.0,16.0,51.0,4.1,1.24
41,Calipatria/Mulberry,Imperial/Coachella Valley,2025-02-10,41,3.07,0.0,156.0,0.65,24.6,3.2,13.4,75.0,16.0,42.0,0.9,1.69
41,Calipatria/Mulberry,Imperial/Coachella Valley,2025-02-11,42,4.48,0.0,171.0,0.68,20.1,2.2,13.6,61.0,31.0,44.0,1.5,5.13
41,Calipatria/Mulberry,Imperial/Coachella Valley,2025-02-12,43,2.78,0.0,127.0,0.91,21.2,10.0,15.1,67.0,38.0,53.0,5.5,2.38
41,Calipatria/Mulberry,Imperial/Coachella Valley,2025-02-13,44,1.27,0.0,50.0,1.15,20.1,8.8,14.3,77.0,65.0,70.0,9.0,2.57
41,Calipatria/Mulberry,Imperial/Coachella Valley,2025-02-14,45,4.3,0.0,177.0,0.95,23.4,8.7,16.3,83.0,33.0,51.0,6.2,3.81
41,Calipatria/Mulberry,Imperial/Coachella Valley,2025-02-15,46,3.74,0.0,191.0,0.72,24.2,3.4,13.4,85.0,19.0,47.0,2.4,1.92
41,Calipatria/Mulberry,Imperial/Coachella Valley,2025-02-16,47,3.13,0.0,174.0,0.72,26.0,3.4,13.5,76.0,18.0,47.0,2.3,1.28
41,Calipatria/Mulberry,Imperial/Coachella Valley,2025-02-17,48,3.82,0.0,185.0,0.79,27.7,4.8,15.4,75.0,19.0,45.0,3.6,1.95
41,Calipatria/Mulberry,Imperial/Coachella Valley,2025-02-18,49,3.94,0.0,195.0,0.77,27.9,6.0,15.5,76.0,15.0,44.0,3.3,1.79
41,Calipatria/Mulberry,Imperial/Coachella Valley,2025-02-19,50,3.71,0.0,203.0,0.71,27.6,3.5,14.4,77.0,14.0,43.0,2.1,1.45
41,Calipatria/Mulberry,Imperial/Coachella Valley,2025-02-20,51,4.16,0.0,203.0,0.73,29.0,4.9,15.6,71.0,14.0,41.0,2.5,1.76
41,Calipatria/Mulberry,Imperial/Coachella Valley,2025-02-21,52,4.32,0.0,214.0,0.67,27.3,3.6,15.0,78.0,14.0,39.0,1.2,1.71
41,Calipatria/Mulberry,Imperial/Coachella Valley,2025-02-22,53,3.89,0.0,218.0,0.73,27.8,3.9,14.9,74.0,16.0,43.0,2.5,1.44
41,Calipatria/Mulberry,Imperial/Coachella Valley,2025-02-23,54,3.93,0.0,221.0,0.8,28.8,3.3,15.0,82.0,14.0,47.0,3.8,1.42
41,Calipatria/Mulberry,Imperial/Coachella Valley,2025-02-24,55,3.85,0.0,215.0,0.84,31.2,4.6,17.1,78.0,15.0,43.0,4.5,1.27
41,Calipatria/Mulberry,Imperial/Coachella Valley,2025-02-25,56,4.08,0.0,218.0,1.01,33.1,7.2,18.7,77.0,16.0,47.0,7.2,1.35
41,Calipatria/Mulberry,Imperial/Coachella Valley,2025-02-26,57,5.29,0.0,227.0,0.78,34.2,6.8,19.9,80.0,9.0,34.0,3.5,1.86
41,Calipatria/Mulberry,Imperial/Coachella Valley,2025-02-27,58,6.17,0.0,237.0,0.46,28.8,8.7,20.2,49.0,9.0,20.0,-3.7,2.66
41,Calipatria/Mulberry,Imperial/Coachella Valley,2025-02-28,59,3.6,0.0,181.0,0.79,28.7,5.6,16.1,71.0,13.0,43.0,3.6,1.55
41,Calipatria/Mulberry,Imperial/Coachella Valley,2025-03-01,60,4.92,0.0,214.0,0.9,27.2,9.6,17.8,74.0,21.0,44.0,5.4,3.17
41,Calipatria/Mulberry,Imperial/Coachella Valley,2025-03-02,61,4.61,0.0,186.0,0.84,23.4,7.6,15.6,79.0,29.0,47.0,4.4,3.9
41,Calipatria/Mulberry,Imperial/Coachella Valley,2025-03-03,62,5.01,0.0,239.0,0.71,20.7,7.3,14.2,65.0,27.0,43.0,2.0,4.29
41,Calipatria/Mulberry,Imperial/Coachella Valley,2025-03-04,63,3.81,0.0,235.0,0.81,23.9,3.8,13.6,80.0,27.0,52.0,3.9,1.54
41,Calipatria/Mulberry,Imperial/Coachella Valley,2025-03-05,64,3.2,0.0,157.0,0.91,24.3,5.6,15.1,85.0,24.0,53.0,5.7,1.98
41,Calipatria/Mulberry,Imperial/Coachella Valley,2025-03-06,65,4.2,0.9,204.0,0.83,20.7,9.6,15.1,85.0,33.0,48.0,4.3,3.41
41,Calipatria/Mulberry,Imperial/Coachella Valley,2025-03-07,66,4.2,1.8,245.0,0.86,20.3,7.0,13.1,89.0,30.0,57.0,4.8,3.7
41,Calipatria/Mulberry,Imperial/Coachella Valley,2025-03-08,67,4.69,0.0,256.0,0.66,23.1,2.2,12.7,87.0,19.0,45.0,1.1,2.18
41,Calipatria/Mulberry,Imperial/Coachella Valley,2025-03-09,68,4.28,0.0,257.0,0.74,25.9,2.2,14.1,79.0,19.0,46.0,2.6,1.38
41,Calipatria/Mulberry,Imperial/Coachella Valley,2025-03-10,69,4.49,0.0,258.0,0.81,28.2,3.6,15.6,81.0,19.0,46.0,3.9,1.43
41,Calipatria/Mulberry,Imperial/Coachella Valley,2025-03-11,70,2.59,1.1,141.0,1.09,19.7,9.1,14.2,94.0,48.0,67.0,8.2,2.42
41,Calipatria/Mulberry,Imperial/Coachella Valley,2025-03-12,71,3.37,0.0,206.0,1.26,23.6,8.3,16.5,96.0,46.0,67.0,10.3,1.82
41,Calipatria/Mulberry,Imperial/Coachella Valley,2025-03-13,72,2.64,2.6,144.0,0.93,17.0,7.7,12.3,86.0,44.0,65.0,5.8,3.98
41,Calipatria/Mulberry,Imperial/Coachella Valley,2025-03-14,73,2.89,0.0,160.0,0.84,19.7,6.5,12.4,81.0,43.0,58.0,4.4,2.44
41,Calipatria/Mulberry,Imperial/Coachella Valley,2025-03-15,74,4.19,0.0,263.0,0.8,23.0,6.8,14.5,78.0,24.0,48.0,3.8,1.74
41,Calipatria/Mulberry,Imperial/Coachella Valley,2025-03-16,75,4.26,0.0,258.0,0.88,26.0,4.5,15.7,80.0,24.0,49.0,5.2,1.38
41,Calipatria/Mulberry,Imperial/Coachella Valley,2025-03-17,76,4.06,0.0,185.0,0.97,28.1,8.7,17.5,79.0,26.0,49.0,6.5,2.41
41,Calipatria/Mulberry,Imperial/Coachella Valley,2025-03-18,77,4.97,0.0,275.0,0.71,23.5,7.4,15.3,67.0,22.0,41.0,2.1,2.85
41,Calipatria/Mulberry,Imperial/Coachella Valley,2025-03-19,78,5.26,0.0,387.0,0.55,25.2,8.1,18.8,76.0,12.0,25.0,-1.5,2.15
41,Calipatria/Mulberry,Imperial/Coachella Valley,2025-03-20,79,4.76,0.0,276.0,0.73,27.6,3.1,15.6,75.0,18.0,41.0,2.5,1.4
41,Calipatria/Mulberry,Imperial/Coachella Valley,2025-03-21,80,4.88,0.0,274.0,0.83,29.9,5.0,17.9,76.0,15.0,41.0,4.4,1.28
41,Calipatria/Mulberry,Imperial/Coachella Valley,2025-03-22,81,5.37,0.0,272.0,0.95,31.0,9.2,20.4,66.0,19.0,40.0,6.3,1.83
41,Calipatria/Mulberry,Imperial/Coachella Valley,2025-03-23,82,5.25,0.0,264.0,1.19,31.7,10.7,21.3,77.0,24.0,47.0,9.5,1.67
41,Calipatria/Mulberry,Imperial/Coachella Valley,2025-03-24,83,5.65,0.0,276.0,1.24,35.6,10.7,22.6,82.0,17.0,45.0,10.1,1.51
41,Calipatria/Mulberry,Imperial/Coachella Valley,2025-03-25,84,5.46,0.0,281.0,1.23,35.9,11.2,23.0,79.0,14.0,44.0,10.0,1.25
41,Calipatria/Mulberry,Imperial/Coachella Valley,2025-03-26,85,5.12,0.0,247.0,1.23,34.6,13.8,22.6,76.0,19.0,45.0,10.0,1.55
41,Calipatria/Mulberry,Imperial/Coachella Valley,2025-03-27,86,5.4,0.0,274.0,1.14,31.5,11.1,20.7,81.0,28.0,47.0,8.9,1.97
41,Calipatria/Mulberry,Imperial/Coachella Valley,2025-03-28,87,5.58,0.0,220.0,0.97,26.5,14.3,19.4,58.0,23.0,43.0,6.5,3.92
41,Calipatria/Mulberry,Imperial/Coachella Valley,2025-03-29,88,5.55,0.0,273.0,0.93,26.6,10.9,19.2,61.0,21.0,42.0,5.8,3.03
41,Calipatria/Mulberry,Imperial/Coachella Valley,2025-03-30,89,5.55,0.0,268.0,1.01,27.9,7.6,18.6,71.0,28.0,47.0,7.1,2.8
41,Calipatria/Mulberry,Imperial/Coachella Valley,2025-03-31,90,5.36,0.0,220.0,1.29,28.5,15.5,21.2,67.0,41.0,51.0,10.8,3.54
41,Calipatria/Mulberry,Imperial/Coachella Valley,2025-04-01,91,6.59,0.0,275.0,0.79,23.2,12.8,17.5,53.0,26.0,40.0,3.6,5.79
41,Calipatria/Mulberry,Imperial/Coachella Valley,2025-04-02,92,5.94,0.0,286.0,0.7,21.9,10.5,15.8,54.0,25.0,39.0,1.9,4.26
41,Calipatria/Mulberry,Imperial/Coachella Valley,2025-04-03,93,4.66,0.0,292.0,0.75,22.4,6.0,15.0,74.0,23.0,44.0,2.8,1.7
41,Calipatria/Mulberry,Imperial/Coachella Valley,2025-04-04,94,6.05,0.0,300.0,0.77,26.0,5.1,16.6,82.0,17.0,41.0,3.2,2.59
41,Calipatria/Mulberry,Imperial/Coachella Valley,2025-04-05,95,6.63,0.0,302.0,0.75,27.8,5.3,17.7,80.0,15.0,37.0,2.8,2.63
41,Calipatria/Mulberry,Imperial/Coachella Valley,2025-04-06,96,5.55,0.0,303.0,0.86,29.5,5.3,18.0,75.0,18.0,42.0,4.8,1.47
41,Calipatria/Mulberry,Imperial/Coachella Valley,2025-04-07,97,5.58,0.0,300.0,0.95,31.8,6.6,19.3,76.0,19.0,43.0,6.3,1.5
41,Calipatria/Mulberry,Imperial/Coachella Valley,2025-04-08,98,5.52,0.0,300.0,1.02,33.5,9.4,21.4,72.0,18.0,40.0,7.3,1.3
41,Calipatria/Mulberry,Imperial/Coachella Valley,2025-04-09,99,5.98,0.0,302.0,1.27,35.3,11.5,22.7,67.0,23.0,46.0,10.5,1.58
41,Calipatria/Mulberry,Imperial/Coachella Valley,2025-04-10,100,5.88,0.0,302.0,1.3,36.8,12.0,23.9,75.0,26.0,44.0,10.9,1.33
41,Calipatria/Mulberry,Imperial/Coachella Valley,2025-04-11,101,6.14,0.0,301.0,1.36,37.0,12.8,24.9,78.0,24.0,43.0,11.5,1.46
41,Calipatria/Mulberry,Imperial/Coachella Valley,2025-04-12,102,5.75,0.0,271.0,1.09,34.4,14.1,23.9,58.0,17.0,37.0,8.2,1.51
41,Calipatria/Mulberry,Imperial/Coachella Valley,2025-04-13,103,5.27,0.0,260.0,1.13,33.3,10.9,22.0,78.0,16.0,43.0,8.8,1.38
41,Calipatria/Mulberry,Imperial/Coachella Valley,2025-04-14,104,5.27,0.0,253.0,1.24,31.3,11.2,21.0,74.0,23.0,50.0,10.2,1.9
41,Calipatria/Mulberry,Imperial/Coachella Valley,2025-04-15,105,5.83,0.0,309.0,1.26,31.4,10.2,21.0,76.0,30.0,50.0,10.3,1.71
41,Calipatria/Mulberry,Imperial/Coachella Valley,2025-04-16,106,6.1,0.0,302.0,1.15,27.9,11.6,19.3,86.0,31.0,51.0,9.0,3.1
41,Calipatria/Mulberry,Imperial/Coachella Valley,2025-04-17,107,6.42,0.0,308.0,0.95,24.5,11.8,18.1,66.0,33.0,46.0,6.2,4.05
41,Calipatria/Mulberry,Imperial/Coachella Valley,2025-04-18,108,6.32,0.0,298.0,1.03,26.1,10.2,18.6,71.0,32.0,48.0,7.4,3.95
41,Calipatria/Mulberry,Imperial/Coachella Valley,2025-04-19,109,5.67,0.0,324.0,0.83,26.9,7.5,17.6,80.0,16.0,41.0,4.2,1.56
41,Calipatria/Mulberry,Imperial/Coachella Valley,2025-04-20,110,5.69,0.0,322.0,0.86,29.2,6.7,18.5,73.0,20.0,41.0,4.8,1.29
41,Calipatria/Mulberry,Imperial/Coachella Valley,2025-04-21,111,5.65,0.0,301.0,1.03,32.3,9.0,20.9,78.0,18.0,42.0,7.4,1.32
41,Calipatria/Mulberry,Imperial/Coachella Valley,2025-04-22,112,6.28,0.0,320.0,1.1,31.6,11.0,21.2,70.0,26.0,43.0,8.3,1.8
41,Calipatria/Mulberry,Imperial/Coachella Valley,2025-04-23,113,6.48,0.0,319.0,1.09,32.3,11.7,21.2,71.0,24.0,44.0,8.3,2.0
41,Calipatria/Mulberry,Imperial/Coachella Valley,2025-04-24,114,6.31,0.0,325.0,0.95,31.5,9.3,21.0,72.0,17.0,38.0,6.2,1.68
41,Calipatria/Mulberry,Imperial/Coachella Valley,2025-04-25,115,6.91,0.0,321.0,0.82,28.2,8.8,18.9,67.0,22.0,38.0,4.2,3.18
41,Calipatria/Mulberry,Imperial/Coachella Valley,2025-04-26,116,6.85,0.0,323.0,0.85,24.6,10.1,17.6,57.0,30.0,42.0,4.6,4.86
41,Calipatria/Mulberry,Imperial/Coachella Valley,2025-04-27,117,6.56,0.0,327.0,0.86,24.3,8.8,17.0,69.0,28.0,45.0,4.9,3.88
41,Calipatria/Mulberry,Imperial/Coachella Valley,2025-04-28,118,5.57,0.0,326.0,1.02,26.9,8.4,18.1,78.0,26.0,49.0,7.3,1.59
41,Calipatria/Mulberry,Imperial/Coachella Valley,2025-04-29,119,6.36,0.0,326.0,1.12,32.9,9.7,21.9,78.0,18.0,42.0,8.6,1.54
41,Calipatria/Mulberry,Imperial/Coachella Valley,2025-04-30,120,6.68,0.0,317.0,1.09,34.0,13.0,23.1,73.0,16.0,38.0,8.2,1.89
41,Calipatria/Mulberry,Imperial/Coachella Valley,2025-05-01,121,6.43,0.0,325.0,1.01,32.8,11.6,23.1,75.0,16.0,36.0,7.2,1.52
41,Calipatria/Mulberry,Imperial/Coachella Valley,2025-05-02,122,6.56,0.0,325.0,1.28,33.7,12.2,23.0,78.0,23.0,46.0,10.6,1.84
41,Calipatria/Mulberry,Imperial/Coachella Valley,2025-05-03,123,7.03,0.0,308.0,1.22,34.7,13.3,23.9,71.0,20.0,41.0,10.0,2.8
41,Calipatria/Mulberry,Imperial/Coachella Valley,2025-05-04,124,6.76,0.0,304.0,1.06,26.2,13.4,20.1,66.0,32.0,45.0,7.8,3.87
41,Calipatria/Mulberry,Imperial/Coachella Valley,2025-05-05,125,4.99,0.0,264.0,1.29,27.3,13.0,19.9,74.0,33.0,55.0,10.7,1.79
41,Calipatria/Mulberry,Imperial/Coachella Valley,2025-05-06,126,6.01,0.0,316.0,1.44,29.7,13.6,21.4,83.0,38.0,57.0,12.4,1.9
41,Calipatria/Mulberry,Imperial/Coachella Valley,2025-05-07,127,5.83,0.0,309.0,1.32,30.2,14.9,22.6,79.0,27.0,48.0,11.0,1.51
41,Calipatria/Mulberry,Imperial/Coachella Valley,2025-05-08,128,6.42,0.0,329.0,1.47,34.6,13.7,24.6,80.0,25.0,47.0,12.7,1.34
41,Calipatria/Mulberry,Imperial/Coachella Valley,2025-05-09,129,7.32,0.0,334.0,1.5,39.8,15.1,28.0,82.0,17.0,40.0,13.0,1.5
41,Calipatria/Mulberry,Imperial/Coachella Valley,2025-05-10,130,7.36,0.0,332.0,1.79,40.2,16.1,28.4,76.0,21.0,46.0,15.7,1.55
41,Calipatria/Mulberry,Imperial/Coachella Valley,2025-05-11,131,7.0,0.0,283.0,1.58,41.4,19.3,29.4,68.0,16.0,38.0,13.8,1.71
41,Calipatria/Mulberry,Imperial/Coachella Valley,2025-05-12,132,7.04,0.0,237.0,0.93,34.8,16.1,25.8,56.0,17.0,28.0,6.0,2.83
41,Calipatria/Mulberry,Imperial/Coachella Valley,2025-05-13,133,8.44,0.0,343.0,0.84,29.0,15.1,21.4,56.0,16.0,33.0,4.4,4.63
41,Calipatria/Mulberry,Imperial/Coachella Valley,2025-05-14,134,6.91,0.0,343.0,0.99,30.6,12.4,21.5,73.0,16.0,38.0,6.8,2.53
41,Calipatria/Mulberry,Imperial/Coachella Valley,2025-05-15,135,6.46,0.0,343.0,1.18,32.8,11.1,22.8,81.0,20.0,42.0,9.4,1.35
41,Calipatria/Mulberry,Imperial/Coachella Valley,2025-05-16,136,6.67,0.0,339.0,1.26,34.5,12.8,24.1,72.0,23.0,42.0,10.4,1.55
41,Calipatria/Mulberry,Imperial/Coachella Valley,2025-05-17,137,7.25,0.0,307.0,1.15,30.8,13.2,21.9,73.0,25.0,44.0,9.0,3.16
41,Calipatria/Mulberry,Imperial/Coachella Valley,2025-05-18,138,6.56,0.0,331.0,1.18,31.6,14.3,22.7,70.0,21.0,43.0,9.4,2.17
41,Calipatria/Mulberry,Imperial/Coachella Valley,2025-05-19,139,7.1,0.0,339.0,1.22,35.7,13.1,24.8,79.0,15.0,39.0,9.9,1.66
41,Calipatria/Mulberry,Imperial/Coachella Valley,2025-05-20,140,6.84,0.0,341.0,1.35,38.4,13.9,26.2,66.0,18.0,40.0,11.4,1.31
41,Calipatria/Mulberry,Imperial/Coachella Valley,2025-05-21,141,7.14,0.0,344.0,1.38,38.9,15.5,27.5,70.0,19.0,38.0,11.8,1.36
41,Calipatria/Mulberry,Imperial/Coachella Valley,2025-05-22,142,7.76,0.0,355.0,1.13,39.4,14.2,27.3,60.0,11.0,31.0,8.7,1.75
41,Calipatria/Mulberry,Imperial/Coachella Valley,2025-05-23,143,7.86,0.0,352.0,1.06,39.7,14.5,26.7,64.0,14.0,30.0,7.9,1.77
41,Calipatria/Mulberry,Imperial/Coachella Valley,2025-05-24,144,7.9,0.0,345.0,1.04,35.2,14.7,25.1,55.0,19.0,33.0,7.6,2.17
41,Calipatria/Mulberry,Imperial/Coachella Valley,2025-05-25,145,6.72,0.0,353.0,1.18,35.7,12.7,24.6,66.0,16.0,38.0,9.3,1.22
41,Calipatria/Mulberry,Imperial/Coachella Valley,2025-05-26,146,7.23,0.0,336.0,1.47,36.7,15.1,25.9,75.0,24.0,44.0,12.7,1.78
41,Calipatria/Mulberry,Imperial/Coachella Valley,2025-05-27,147,6.54,0.0,325.0,1.58,35.9,15.8,25.6,78.0,29.0,48.0,13.8,1.51
41,Calipatria/Mulberry,Imperial/Coachella Valley,2025-05-28,148,6.42,0.0,315.0,1.58,34.9,14.2,25.6,78.0,30.0,48.0,13.9,1.61
41,Calipatria/Mulberry,Imperial/Coachella Valley,2025-05-29,149,6.53,0.0,309.0,1.65,35.9,16.3,26.3,76.0,31.0,48.0,14.5,1.75
41,Calipatria/Mulberry,Imperial/Coachella Valley,2025-05-30,150,6.99,0.0,339.0,1.51,37.4,16.8,27.2,65.0,21.0,42.0,13.2,1.51
41,Calipatria/Mulberry,Imperial/Coachella Valley,2025-05-31,151,5.72,0.0,238.0,1.6,35.9,20.1,28.1,57.0,24.0,42.0,14.0,1.77
41,Calipatria/Mulberry,Imperial/Coachella Valley,2025-06-01,152,5.65,0.0,189.0,1.81,34.0,22.8,27.5,75.0,37.0,50.0,16.0,3.18
41,Calipatria/Mulberry,Imperial/Coachella Valley,2025-06-02,153,6.47,0.0,327.0,2.04,34.9,19.6,27.0,87.0,33.0,57.0,17.8,1.92
41,Calipatria/Mulberry,Imperial/Coachella Valley,2025-06-03,154,6.95,0.0,324.0,2.06,35.6,19.8,27.8,79.0,38.0,55.0,18.0,2.0
41,Calipatria/Mulberry,Imperial/Coachella Valley,2025-06-04,155,7.03,0.0,326.0,1.78,36.1,19.7,28.3,74.0,26.0,46.0,15.6,1.76
41,Calipatria/Mulberry,Imperial/Coachella Valley,2025-06-05,156,7.75,0.0,330.0,1.84,37.6,20.6,28.7,70.0,31.0,47.0,16.2,2.38
41,Calipatria/Mulberry,Imperial/Coachella Valley,2025-06-06,157,8.07,0.0,348.0,1.36,37.6,18.4,27.8,63.0,18.0,37.0,11.6,2.09
41,Calipatria/Mulberry,Imperial/Coachella Valley,2025-06-07,158,7.36,0.0,357.0,1.25,38.5,14.9,27.1,67.0,13.0,35.0,10.3,1.39
41,Calipatria/Mulberry,Imperial/Coachella Valley,2025-06-08,159,7.47,0.0,354.0,1.41,41.4,17.5,29.4,60.0,15.0,35.0,12.1,1.36
41,Calipatria/Mulberry,Imperial/Coachella Valley,2025-06-09,160,7.75,0.0,355.0,1.41,42.0,17.0,30.4,73.0,12.0,33.0,12.0,1.58
41,Calipatria/Mulberry,Imperial/Coachella Valley,2025-06-10,161,8.65,0.0,344.0,1.57,40.1,18.8,29.2,63.0,21.0,39.0,13.7,2.46
41,Calipatria/Mulberry,Imperial/Coachella Valley,2025-06-11,162,8.84,0.0,347.0,1.63,40.9,19.8,29.6,62.0,19.0,39.0,14.3,2.7
41,Calipatria/Mulberry,Imperial/Coachella Valley,2025-06-12,163,8.79,0.0,352.0,1.48,41.4,17.6,29.1,65.0,17.0,37.0,12.8,2.35
41,Calipatria/Mulberry,Imperial/Coachella Valley,2025-06-13,164,8.18,0.0,353.0,1.58,39.1,18.1,29.0,64.0,21.0,39.0,13.8,2.12
41,Calipatria/Mulberry,Imperial/Coachella Valley,2025-06-14,165,7.38,0.0,339.0,1.75,41.0,19.1,29.9,63.0,25.0,41.0,15.4,1.42
41,Calipatria/Mulberry,Imperial/Coachella Valley,2025-06-15,166,7.85,0.0,363.0,1.59,44.5,19.4,31.7,63.0,13.0,34.0,13.9,1.22
41,Calipatria/Mulberry,Imperial/Coachella Valley,2025-06-16,167,8.85,0.0,361.0,1.42,44.1,18.9,32.0,56.0,13.0,30.0,12.2,1.92
41,Calipatria/Mulberry,Imperial/Coachella Valley,2025-06-17,168,7.98,0.0,357.0,1.48,43.9,18.7,31.3,62.0,13.0,32.0,12.8,1.49
41,Calipatria/Mulberry,Imperial/Coachella Valley,2025-06-18,169,7.87,0.0,352.0,1.61,41.6,18.9,30.9,58.0,21.0,36.0,14.1,1.51
41,Calipatria/Mulberry,Imperial/Coachella Valley,2025-06-19,170,8.12,0.0,338.0,1.47,43.1,20.1,31.2,70.0,14.0,32.0,12.7,1.84
41,Calipatria/Mulberry,Imperial/Coachella Valley,2025-06-20,171,9.14,0.0,354.0,1.13,42.4,18.5,30.6,62.0,13.0,26.0,8.8,2.28
41,Calipatria/Mulberry,Imperial/Coachella Valley,2025-06-21,172,9.2,0.0,351.0,0.89,37.7,17.3,28.7,37.0,14.0,23.0,5.2,2.8
41,Calipatria/Mulberry,Imperial/Coachella Valley,2025-06-22,173,7.29,0.0,355.0,1.29,35.7,15.5,26.6,70.0,19.0,37.0,10.8,1.54
41,Calipatria/Mulberry,Imperial/Coachella Valley,2025-06-23,174,7.59,0.0,335.0,1.59,36.7,18.3,27.0,73.0,25.0,44.0,13.9,2.27
41,Calipatria/Mulberry,Imperial/Coachella Valley,2025-06-24,175,7.24,0.0,354.0,1.2,37.4,15.5,26.9,63.0,13.0,34.0,9.6,1.35
41,Calipatria/Mulberry,Imperial/Coachella Valley,2025-06-25,176,7.33,0.0,351.0,1.42,39.4,16.2,28.3,65.0,21.0,37.0,12.2,1.4
41,Calipatria/Mulberry,Imperial/Coachella Valley,2025-06-26,177,7.94,0.0,338.0,1.66,38.6,18.7,29.0,66.0,21.0,41.0,14.6,2.23
41,Calipatria/Mulberry,Imperial/Coachella Valley,2025-06-27,178,7.81,0.0,342.0,1.67,41.1,18.6,30.3,64.0,17.0,39.0,14.7,1.81
41,Calipatria/Mulberry,Imperial/Coachella Valley,2025-06-28,179,7.13,0.0,339.0,1.56,41.1,19.3,30.8,63.0,16.0,35.0,13.6,1.12
41,Calipatria/Mulberry,Imperial/Coachella Valley,2025-06-29,180,8.12,0.0,347.0,1.62,43.4,21.5,33.1,64.0,15.0,32.0,14.2,1.49
41,Calipatria/Mulberry,Imperial/Coachella Valley,2025-06-30,181,8.44,0.0,349.0,1.59,44.4,21.1,33.5,69.0,15.0,31.0,13.9,1.66
41,Calipatria/Mulberry,Imperial/Coachella Valley,2025-07-01,182,7.46,0.0,317.0,1.86,43.6,22.0,33.3,64.0,15.0,36.0,16.4,1.53
41,Calipatria/Mulberry,Imperial/Coachella Valley,2025-07-02,183,7.91,0.0,318.0,2.04,39.5,23.1,31.3,64.0,28.0,45.0,17.8,2.18
41,Calipatria/Mulberry,Imperial/Coachella Valley,2025-07-03,184,7.74,0.0,331.0,2.04,38.8,22.8,30.7,75.0,26.0,46.0,17.8,2.19
41,Calipatria/Mulberry,Imperial/Coachella Valley,2025-07-04,185,7.77,0.0,331.0,2.15,40.1,22.2,30.8,84.0,25.0,48.0,18.7,2.4
41,Calipatria/Mulberry,Imperial/Coachella Valley,2025-07-05,186,7.11,0.0,343.0,1.84,41.4,20.9,31.3,84.0,20.0,40.0,16.2,1.28
41,Calipatria/Mulberry,Imperial/Coachella Valley,2025-07-06,187,7.39,0.0,348.0,1.47,44.5,18.7,31.4,72.0,13.0,32.0,12.7,1.15
41,Calipatria/Mulberry,Imperial/Coachella Valley,2025-07-07,188,9.04,0.0,332.0,1.69,41.1,20.6,32.1,65.0,15.0,35.0,14.8,2.4
41,Calipatria/Mulberry,Imperial/Coachella Valley,2025-07-08,189,7.08,0.0,322.0,2.1,42.9,24.1,33.5,75.0,19.0,41.0,18.2,1.26
41,Calipatria/Mulberry,Imperial/Coachella Valley,2025-07-09,190,8.4,0.0,333.0,1.63,47.0,24.6,35.9,61.0,13.0,28.0,14.3,1.7
41,Calipatria/Mulberry,Imperial/Coachella Valley,2025-07-10,191,9.9,0.0,330.0,2.19,44.0,23.6,34.5,71.0,21.0,40.0,18.9,3.29
41,Calipatria/Mulberry,Imperial/Coachella Valley,2025-07-11,192,8.95,0.0,336.0,2.28,43.3,24.8,33.1,82.0,19.0,45.0,19.6,2.92
41,Calipatria/Mulberry,Imperial/Coachella Valley,2025-07-12,193,7.74,0.0,342.0,2.03,42.0,23.1,32.2,81.0,15.0,42.0,17.7,1.95
41,Calipatria/Mulberry,Imperial/Coachella Valley,2025-07-13,194,8.06,0.0,330.0,1.92,42.2,22.5,32.4,62.0,21.0,39.0,16.8,2.14
41,Calipatria/Mulberry,Imperial/Coachella Valley,2025-07-14,195,9.09,0.0,316.0,1.92,41.7,24.4,32.8,56.0,23.0,39.0,16.9,2.95
41,Calipatria/Mulberry,Imperial/Coachella Valley,2025-07-15,196,8.59,0.0,309.0,2.2,41.1,25.8,33.0,73.0,27.0,44.0,19.0,2.87
41,Calipatria/Mulberry,Imperial/Coachella Valley,2025-07-16,197,8.38,0.0,304.0,2.13,39.3,25.3,32.2,70.0,27.0,44.0,18.5,2.82
41,Calipatria/Mulberry,Imperial/Coachella Valley,2025-07-17,198,7.11,0.0,262.0,2.13,39.8,25.6,32.7,64.0,27.0,43.0,18.5,2.16
41,Calipatria/Mulberry,Imperial/Coachella Valley,2025-07-18,199,7.67,0.0,314.0,1.91,40.8,23.0,31.7,71.0,21.0,41.0,16.8,1.86
41,Calipatria/Mulberry,Imperial/Coachella Valley,2025-07-19,200,8.08,0.0,323.0,1.58,41.7,20.5,31.2,61.0,13.0,35.0,13.8,2.05
41,Calipatria/Mulberry,Imperial/Coachella Valley,2025-07-20,201,8.91,0.0,313.0,1.76,41.1,22.1,31.2,61.0,20.0,39.0,15.4,2.87
41,Calipatria/Mulberry,Imperial/Coachella Valley,2025-07-21,202,8.03,0.0,311.0,1.89,40.3,22.7,31.4,66.0,24.0,41.0,16.6,2.38
41,Calipatria/Mulberry,Imperial/Coachella Valley,2025-07-22,203,6.97,0.0,294.0,1.24,39.4,18.4,30.4,67.0,13.0,29.0,10.2,1.56
41,Calipatria/Mulberry,Imperial/Coachella Valley,2025-07-23,204,7.56,0.0,322.0,1.07,42.0,17.8,30.5,53.0,10.0,24.0,7.9,1.74
41,Calipatria/Mulberry,Imperial/Coachella Valley,2025-07-24,205,7.64,0.0,308.0,1.0,41.4,19.3,31.5,59.0,9.0,22.0,6.9,1.69
41,Calipatria/Mulberry,Imperial/Coachella Valley,2025-07-25,206,8.85,0.0,325.0,0.79,41.0,18.5,31.0,44.0,7.0,18.0,3.5,2.31
41,Calipatria/Mulberry,Imperial/Coachella Valley,2025-07-26,207,8.12,0.0,326.0,0.89,40.4,18.2,30.7,52.0,9.0,20.0,5.2,2.01
41,Calipatria/Mulberry,Imperial/Coachella Valley,2025-07-27,208,7.57,0.0,336.0,1.14,41.3,18.3,31.1,67.0,8.0,25.0,8.9,1.54
41,Calipatria/Mulberry,Imperial/Coachella Valley,2025-07-28,209,7.36,0.0,324.0,1.21,43.8,18.9,31.7,70.0,9.0,26.0,9.8,1.37
41,Calipatria/Mulberry,Imperial/Coachella Valley,2025-07-29,210,7.79,0.0,325.0,1.09,44.1,18.9,32.4,60.0,10.0,22.0,8.2,1.65
41,Calipatria/Mulberry,Imperial/Coachella Valley,2025-07-30,211,7.82,0.0,328.0,1.06,43.2,19.5,32.2,58.0,9.0,22.0,7.9,1.57
41,Calipatria/Mulberry,Imperial/Coachella Valley,2025-07-31,212,7.69,0.0,311.0,1.53,42.4,20.8,32.7,48.0,20.0,31.0,13.4,1.63
41,Calipatria/Mulberry,Imperial/Coachella Valley,2025-08-01,213,7.76,0.0,320.0,1.35,43.2,22.6,33.4,52.0,11.0,26.0,11.4,1.61
41,Calipatria/Mulberry,Imperial/Coachella Valley,2025-08-02,214,7.45,0.0,335.0,0.99,44.0,20.5,32.9,53.0,7.0,20.0,6.8,1.26
41,Calipatria/Mulberry,Imperial/Coachella Valley,2025-08-03,215,8.19,0.0,324.0,1.02,44.3,19.1,32.7,52.0,10.0,21.0,7.3,1.72
41,Calipatria/Mulberry,Imperial/Coachella Valley,2025-08-04,216,8.4,0.0,320.0,1.15,43.1,19.2,32.8,47.0,12.0,23.0,9.1,1.99
41,Calipatria/Mulberry,Imperial/Coachella Valley,2025-08-05,217,7.41,0.0,309.0,1.06,44.8,21.4,33.7,51.0,9.0,20.0,7.9,1.4
41,Calipatria/Mulberry,Imperial/Coachella Valley,2025-08-06,218,7.15,0.0,309.0,1.41,48.0,23.2,35.3,59.0,11.0,25.0,12.1,1.17
41,Calipatria/Mulberry,Imperial/Coachella Valley,2025-08-07,219,7.38,0.0,311.0,1.58,47.8,24.2,36.2,66.0,12.0,26.0,13.8,1.21
41,Calipatria/Mulberry,Imperial/Coachella Valley,2025-08-08,220,9.39,0.0,304.0,2.34,43.9,25.9,35.2,65.0,26.0,41.0,20.0,3.38
41,Calipatria/Mulberry,Imperial/Coachella Valley,2025-08-09,221,8.65,0.0,297.0,2.49,42.9,28.6,35.0,70.0,27.0,44.0,21.0,3.22
41,Calipatria/Mulberry,Imperial/Coachella Valley,2025-08-10,222,9.28,0.0,298.0,2.22,43.0,29.5,35.5,65.0,22.0,38.0,19.2,3.33
41,Calipatria/Mulberry,Imperial/Coachella Valley,2025-08-11,223,8.27,0.0,304.0,2.23,44.5,26.8,35.8,60.0,19.0,38.0,19.2,2.45
41,Calipatria/Mulberry,Imperial/Coachella Valley,2025-08-12,224,8.75,0.0,301.0,2.06,44.7,27.3,35.6,57.0,15.0,36.0,18.0,2.74
41,Calipatria/Mulberry,Imperial/Coachella Valley,2025-08-13,225,9.25,0.0,301.0,2.06,43.6,24.7,34.8,56.0,18.0,37.0,17.9,3.26
41,Calipatria/Mulberry,Imperial/Coachella Valley,2025-08-14,226,8.12,0.0,309.0,1.81,44.3,25.4,34.0,65.0,12.0,34.0,15.9,2.16
41,Calipatria/Mulberry,Imperial/Coachella Valley,2025-08-15,227,8.51,0.0,309.0,2.11,41.3,25.0,33.2,69.0,17.0,42.0,18.4,2.92
41,Calipatria/Mulberry,Imperial/Coachella Valley,2025-08-16,228,7.59,0.0,312.0,1.87,40.6,26.0,32.6,75.0,16.0,38.0,16.4,2.03
41,Calipatria/Mulberry,Imperial/Coachella Valley,2025-08-17,229,7.23,0.0,314.0,1.67,41.0,23.1,31.9,66.0,16.0,35.0,14.7,1.56
41,Calipatria/Mulberry,Imperial/Coachella Valley,2025-08-18,230,7.54,0.0,308.0,1.61,42.2,22.5,32.2,72.0,15.0,34.0,14.1,1.88
41,Calipatria/Mulberry,Imperial/Coachella Valley,2025-08-19,231,7.14,0.0,296.0,1.38,43.5,23.2,33.5,58.0,10.0,27.0,11.8,1.5
41,Calipatria/Mulberry,Imperial/Coachella Valley,2025-08-20,232,7.37,0.0,297.0,1.55,44.9,24.4,34.8,55.0,12.0,28.0,13.5,1.42
41,Calipatria/Mulberry,Imperial/Coachella Valley,2025-08-21,233,7.97,0.0,283.0,1.84,45.4,26.7,36.3,52.0,17.0,30.0,16.2,1.97
41,Calipatria/Mulberry,Imperial/Coachella Valley,2025-08-22,234,9.26,0.0,284.0,2.12,45.4,29.4,37.4,48.0,21.0,33.0,18.4,3.0
41,Calipatria/Mulberry,Imperial/Coachella Valley,2025-08-23,235,4.5,14.2,158.0,2.85,37.9,27.2,32.5,82.0,40.0,58.0,23.3,2.39
41,Calipatria/Mulberry,Imperial/Coachella Valley,2025-08-24,236,6.31,0.0,243.0,2.64,43.0,26.0,32.6,87.0,28.0,54.0,22.0,1.98
41,Calipatria/Mulberry,Imperial/Coachella Valley,2025-08-25,237,6.46,3.3,162.0,2.54,40.0,23.0,29.3,92.0,29.0,62.0,21.4,3.1
41,Calipatria/Mulberry,Imperial/Coachella Valley,2025-08-26,238,5.78,0.0,258.0,2.42,35.9,26.8,31.9,95.0,40.0,51.0,20.5,1.6
41,Calipatria/Mulberry,Imperial/Coachella Valley,2025-08-27,239,5.58,0.0,88.0,1.98,38.1,28.9,33.2,81.0,30.0,39.0,17.4,1.5
41,Calipatria/Mulberry,Imperial/Coachella Valley,2025-08-28,240,5.19,0.2,143.0,2.19,35.3,24.6,29.5,84.0,34.0,53.0,18.9,3.15
41,Calipatria/Mulberry,Imperial/Coachella Valley,2025-08-29,241,6.39,0.0,288.0,2.11,38.0,21.6,30.0,87.0,26.0,50.0,18.4,1.49
41,Calipatria/Mulberry,Imperial/Coachella Valley,2025-08-30,242,6.93,0.0,290.0,1.8,41.8,22.5,32.6,68.0,20.0,37.0,15.8,1.45
41,Calipatria/Mulberry,Imperial/Coachella Valley,2025-08-31,243,7.14,0.0,288.0,1.63,44.4,24.1,34.0,55.0,15.0,30.0,14.3,1.43
41,Calipatria/Mulberry,Imperial/Coachella Valley,2025-09-01,244,7.59,0.0,277.0,2.23,42.2,25.2,34.0,60.0,27.0,42.0,19.2,2.43
41,Calipatria/Mulberry,Imperial/Coachella Valley,2025-09-02,245,4.63,0.4,128.0,2.43,34.2,25.3,29.4,72.0,48.0,59.0,20.6,3.54
41,Calipatria/Mulberry,Imperial/Coachella Valley,2025-09-03,246,6.33,0.0,277.0,2.24,39.3,23.1,31.6,79.0,29.0,48.0,19.3,1.48
41,Calipatria/Mulberry,Imperial/Coachella Valley,2025-09-04,247,7.21,0.0,251.0,2.66,39.9,27.0,32.5,73.0,35.0,54.0,22.1,3.67
41,Calipatria/Mulberry,Imperial/Coachella Valley,2025-09-05,248,6.37,0.0,233.0,2.54,38.2,26.8,31.7,75.0,37.0,54.0,21.3,2.95
41,Calipatria/Mulberry,Imperial/Coachella Valley,2025-09-06,249,7.13,0.0,251.0,2.66,39.2,27.1,32.6,73.0,34.0,54.0,22.1,3.27
41,Calipatria/Mulberry,Imperial/Coachella Valley,2025-09-07,250,6.44,0.0,263.0,2.69,39.6,27.0,32.8,76.0,37.0,54.0,22.3,2.14
41,Calipatria/Mulberry,Imperial/Coachella Valley,2025-09-08,251,7.5,0.0,272.0,1.79,40.9,25.6,33.0,74.0,22.0,36.0,15.7,2.32
41,Calipatria/Mulberry,Imperial/Coachella Valley,2025-09-09,252,8.09,0.0,294.0,0.92,40.5,21.6,31.3,42.0,8.0,20.0,5.8,2.39
41,Calipatria/Mulberry,Imperial/Coachella Valley,2025-09-10,253,8.06,0.0,282.0,1.09,38.6,20.7,29.5,48.0,12.0,27.0,8.3,2.71
41,Calipatria/Mulberry,Imperial/Coachella Valley,2025-09-11,254,6.42,0.0,283.0,1.1,36.8,16.1,27.4,55.0,14.0,30.0,8.3,1.68
41,Calipatria/Mulberry,Imperial/Coachella Valley,2025-09-12,255,6.56,0.0,281.0,1.19,37.4,16.8,27.6,56.0,15.0,32.0,9.6,1.85
41,Calipatria/Mulberry,Imperial/Coachella Valley,2025-09-13,256,6.03,0.0,277.0,1.19,37.4,17.4,27.3,61.0,15.0,33.0,9.5,1.36
41,Calipatria/Mulberry,Imperial/Coachella Valley,2025-09-14,257,6.44,0.0,270.0,1.44,38.4,16.8,28.2,62.0,19.0,38.0,12.4,1.85
41,Calipatria/Mulberry,Imperial/Coachella Valley,2025-09-15,258,6.27,0.0,268.0,1.44,39.6,20.6,30.0,60.0,16.0,34.0,12.4,1.59
41,Calipatria/Mulberry,Imperial/Coachella Valley,2025-09-16,259,6.3,0.0,251.0,1.95,40.8,21.4,31.9,58.0,25.0,41.0,17.1,1.78
41,Calipatria/Mulberry,Imperial/Coachella Valley,2025-09-17,260,5.61,0.0,203.0,2.65,39.4,28.3,32.8,77.0,36.0,53.0,22.1,2.36
41,Calipatria/Mulberry,Imperial/Coachella Valley,2025-09-18,261,4.53,30.2,203.0,2.63,36.3,21.0,27.3,93.0,45.0,72.0,21.9,2.44
41,Calipatria/Mulberry,Imperial/Coachella Valley,2025-09-19,262,4.67,0.0,238.0,2.7,36.1,21.8,28.2,97.0,44.0,71.0,22.3,1.21
41,Calipatria/Mulberry,Imperial/Coachella Valley,2025-09-20,263,5.0,0.0,236.0,2.43,38.2,23.1,30.1,91.0,32.0,57.0,20.6,1.15
41,Calipatria/Mulberry,Imperial/Coachella Valley,2025-09-21,264,1.89,0.0,64.0,2.18,32.8,24.0,27.3,79.0,42.0,60.0,18.9,1.48
41,Calipatria/Mulberry,Imperial/Coachella Valley,2025-09-22,265,3.82,0.2,182.0,2.32,34.7,22.9,27.4,87.0,37.0,64.0,19.9,1.48
41,Calipatria/Mulberry,Imperial/Coachella Valley,2025-09-23,266,5.35,0.0,246.0,2.16,38.5,20.9,29.5,84.0,28.0,52.0,18.7,1.23
41,Calipatria/Mulberry,Imperial/Coachella Valley,2025-09-24,267,5.92,0.0,242.0,2.2,41.5,23.2,32.0,82.0,24.0,46.0,19.0,1.45
41,Calipatria/Mulberry,Imperial/Coachella Valley,2025-09-25,268,6.89,0.0,252.0,1.57,39.3,23.0,30.4,66.0,16.0,36.0,13.8,2.41
41,Calipatria/Mulberry,Imperial/Coachella Valley,2025-09-26,269,5.41,0.0,241.0,1.64,34.2,18.2,26.6,67.0,29.0,47.0,14.4,1.8
41,Calipatria/Mulberry,Imperial/Coachella Valley,2025-09-27,270,4.28,0.1,190.0,1.88,31.8,20.9,25.1,77.0,34.0,59.0,16.5,2.11
41,Calipatria/Mulberry,Imperial/Coachella Valley,2025-09-28,271,4.68,0.0,237.0,1.98,33.4,19.4,26.0,83.0,39.0,59.0,17.3,1.29
41,Calipatria/Mulberry,Imperial/Coachella Valley,2025-09-29,272,5.17,0.0,232.0,1.91,35.9,19.7,27.9,79.0,32.0,51.0,16.8,1.46
41,Calipatria/Mulberry,Imperial/Coachella Valley,2025-09-30,273,5.78,0.0,248.0,1.4,35.7,18.9,27.2,70.0,19.0,39.0,11.9,1.81
41,Calipatria/Mulberry,Imperial/Coachella Valley,2025-10-01,274,5.18,0.0,246.0,1.31,35.4,16.4,25.8,68.0,18.0,39.0,11.0,1.38
41,Calipatria/Mulberry,Imperial/Coachella Valley,2025-10-02,275,5.29,0.0,241.0,1.29,37.3,16.6,26.7,69.0,17.0,37.0,10.7,1.35
41,Calipatria/Mulberry,Imperial/Coachella Valley,2025-10-03,276,6.81,0.0,236.0,1.11,35.5,16.0,25.5,63.0,22.0,34.0,8.5,3.08
41,Calipatria/Mulberry,Imperial/Coachella Valley,2025-10-04,277,5.67,0.0,241.0,1.03,31.5,13.6,22.9,58.0,20.0,37.0,7.4,2.28
41,Calipatria/Mulberry,Imperial/Coachella Valley,2025-10-05,278,4.99,0.0,238.0,1.04,34.4,12.5,23.1,61.0,17.0,37.0,7.5,1.3
41,Calipatria/Mulberry,Imperial/Coachella Valley,2025-10-06,279,5.17,0.0,235.0,1.06,35.4,14.0,24.3,64.0,17.0,35.0,7.8,1.46
41,Calipatria/Mulberry,Imperial/Coachella Valley,2025-10-07,280,5.22,0.0,238.0,1.01,37.2,12.9,24.8,63.0,13.0,32.0,7.1,1.38
41,Calipatria/Mulberry,Imperial/Coachella Valley,2025-10-08,281,5.36,0.0,228.0,1.33,36.6,15.4,25.7,59.0,19.0,40.0,11.1,1.78
41,Calipatria/Mulberry,Imperial/Coachella Valley,2025-10-09,282,3.41,1.0,149.0,2.23,35.4,20.3,26.4,84.0,44.0,65.0,19.2,1.69
41,Calipatria/Mulberry,Imperial/Coachella Valley,2025-10-10,283,1.15,0.5,54.0,2.62,29.6,22.5,25.2,94.0,61.0,82.0,21.8,1.46
41,Calipatria/Mulberry,Imperial/Coachella Valley,2025-10-11,284,4.41,0.0,203.0,2.35,33.8,20.5,26.7,97.0,27.0,67.0,20.1,1.89
41,Calipatria/Mulberry,Imperial/Coachella Valley,2025-10-12,285,4.98,0.0,221.0,1.27,34.9,14.3,24.4,78.0,21.0,41.0,10.5,1.62
41,Calipatria/Mulberry,Imperial/Coachella Valley,2025-10-13,286,5.78,0.0,218.0,0.99,30.8,14.7,22.0,62.0,17.0,37.0,6.8,2.89
41,Calipatria/Mulberry,Imperial/Coachella Valley,2025-10-14,287,4.87,0.0,203.0,1.11,28.2,13.0,21.1,64.0,25.0,44.0,8.5,2.97
41,Calipatria/Mulberry,Imperial/Coachella Valley,2025-10-15,288,5.05,0.0,217.0,1.04,26.9,14.6,20.5,57.0,28.0,43.0,7.5,2.86
41,Calipatria/Mulberry,Imperial/Coachella Valley,2025-10-16,289,4.41,0.0,219.0,0.9,29.8,8.8,19.1,71.0,19.0,41.0,5.4,1.53
41,Calipatria/Mulberry,Imperial/Coachella Valley,2025-10-17,290,4.58,0.0,216.0,0.85,32.0,9.8,20.5,64.0,15.0,35.0,4.6,1.46
41,Calipatria/Mulberry,Imperial/Coachella Valley,2025-10-18,291,4.42,0.0,217.0,0.86,33.3,10.6,21.2,60.0,15.0,34.0,4.8,1.31
41,Calipatria/Mulberry,Imperial/Coachella Valley,2025-10-19,292,4.32,0.0,217.0,0.86,33.6,9.6,21.0,63.0,15.0,35.0,4.8,1.27
41,Calipatria/Mulberry,Imperial/Coachella Valley,2025-10-20,293,4.41,0.0,214.0,0.89,34.1,10.8,21.7,67.0,14.0,34.0,5.3,1.42
41,Calipatria/Mulberry,Imperial/Coachella Valley,2025-10-21,294,3.39,0.0,155.0,1.07,34.0,10.6,21.3,64.0,15.0,42.0,7.9,1.3
41,Calipatria/Mulberry,Imperial/Coachella Valley,2025-10-22,295,5.41,0.0,204.0,1.1,34.0,13.8,23.2,74.0,14.0,38.0,8.3,2.55
41,Calipatria/Mulberry,Imperial/Coachella Valley,2025-10-23,296,4.17,0.0,200.0,1.13,31.3,12.2,21.5,70.0,24.0,44.0,8.8,1.59
41,Calipatria/Mulberry,Imperial/Coachella Valley,2025-10-24,297,4.13,0.0,206.0,1.17,34.6,12.0,22.3,72.0,19.0,43.0,9.3,1.32
41,Calipatria/Mulberry,Imperial/Coachella Valley,2025-10-25,298,4.44,0.0,205.0,1.19,34.3,13.0,23.1,73.0,21.0,42.0,9.5,1.61
41,Calipatria/Mulberry,Imperial/Coachella Valley,2025-10-26,299,4.36,0.0,205.0,1.24,34.8,11.2,22.6,85.0,18.0,45.0,10.1,1.7
41,Calipatria/Mulberry,Imperial/Coachella Valley,2025-10-27,300,4.07,0.0,201.0,1.24,33.4,13.3,22.4,66.0,25.0,46.0,10.2,1.39
41,Calipatria/Mulberry,Imperial/Coachella Valley,2025-10-28,301,5.14,0.0,202.0,1.06,34.6,13.0,22.4,79.0,11.0,39.0,7.8,1.85
41,Calipatria/Mulberry,Imperial/Coachella Valley,2025-10-29,302,4.66,0.0,202.0,0.91,34.8,11.1,22.3,74.0,12.0,34.0,5.5,1.52
41,Calipatria/Mulberry,Imperial/Coachella Valley,2025-10-30,303,3.96,0.0,201.0,1.01,35.0,10.2,21.0,75.0,12.0,41.0,7.1,1.27
41,Calipatria/Mulberry,Imperial/Coachella Valley,2025-10-31,304,3.83,0.0,186.0,1.07,33.4,11.5,20.9,76.0,17.0,43.0,8.0,1.38
41,Calipatria/Mulberry,Imperial/Coachella Valley,2025-11-01,305,3.75,0.0,196.0,1.15,33.8,10.9,20.8,80.0,16.0,47.0,9.1,1.25
41,Calipatria/Mulberry,Imperial/Coachella Valley,2025-11-02,306,3.9,0.0,194.0,1.09,34.2,10.1,21.1,81.0,17.0,44.0,8.3,1.42
41,Calipatria/Mulberry,Imperial/Coachella Valley,2025-11-03,307,3.72,0.0,179.0,1.16,33.7,12.8,21.7,77.0,18.0,45.0,9.2,1.38
41,Calipatria/Mulberry,Imperial/Coachella Valley,2025-11-04,308,3.64,0.0,191.0,1.22,32.7,10.9,20.7,80.0,20.0,50.0,9.9,1.27
41,Calipatria/Mulberry,Imperial/Coachella Valley,2025-11-05,309,3.49,0.0,178.0,1.39,32.3,11.9,20.6,93.0,23.0,57.0,11.8,1.44
41,Calipatria/Mulberry,Imperial/Coachella Valley,2025-11-06,310,3.5,0.0,184.0,1.15,32.1,11.1,20.2,81.0,21.0,49.0,9.0,1.26
41,Calipatria/Mulberry,Imperial/Coachella Valley,2025-11-07,311,3.47,0.0,182.0,1.23,32.5,11.8,20.5,80.0,23.0,51.0,10.1,1.19
41,Calipatria/Mulberry,Imperial/Coachella Valley,2025-11-08,312,3.63,0.0,181.0,1.15,32.6,11.5,20.9,75.0,22.0,47.0,9.1,1.24
41,Calipatria/Mulberry,Imperial/Coachella Valley,2025-11-09,313,3.87,0.0,181.0,1.09,34.3,11.4,21.1,75.0,15.0,44.0,8.2,1.38
41,Calipatria/Mulberry,Imperial/Coachella Valley,2025-11-10,314,3.7,0.0,179.0,1.05,33.6,10.8,20.8,74.0,17.0,43.0,7.7,1.33
41,Calipatria/Mulberry,Imperial/Coachella Valley,2025-11-11,315,3.26,0.0,164.0,1.15,32.2,10.9,20.1,74.0,23.0,49.0,9.1,1.23
41,Calipatria/Mulberry,Imperial/Coachella Valley,2025-11-12,316,2.93,0.0,140.0,1.31,31.8,14.0,21.3,81.0,24.0,52.0,11.0,1.27
41,Calipatria/Mulberry,Imperial/Coachella Valley,2025-11-13,317,3.45,0.0,168.0,1.28,33.3,14.7,22.8,79.0,23.0,46.0,10.7,1.32
41,Calipatria/Mulberry,Imperial/Coachella Valley,2025-11-14,318,3.02,0.0,122.0,1.59,29.7,17.7,23.1,78.0,38.0,56.0,13.9,1.81
41,Calipatria/Mulberry,Imperial/Coachella Valley,2025-11-15,319,1.15,2.1,59.0,1.76,23.6,14.7,19.4,87.0,62.0,78.0,15.5,1.79
41,Calipatria/Mulberry,Imperial/Coachella Valley,2025-11-16,320,2.78,0.0,149.0,1.27,23.8,11.3,16.9,85.0,44.0,66.0,10.5,1.9
41,Calipatria/Mulberry,Imperial/Coachella Valley,2025-11-17,321,2.43,0.0,147.0,1.28,23.5,10.9,17.1,84.0,45.0,66.0,10.7,1.33
41,Calipatria/Mulberry,Imperial/Coachella Valley,2025-11-18,322,2.67,2.2,133.0,1.16,22.1,12.7,16.3,91.0,32.0,63.0,9.2,1.99
41,Calipatria/Mulberry,Imperial/Coachella Valley,2025-11-19,323,2.37,0.0,156.0,1.04,21.6,7.7,14.1,88.0,42.0,64.0,7.5,1.23
41,Calipatria/Mulberry,Imperial/Coachella Valley,2025-11-20,324,2.84,2.6,163.0,1.01,23.1,6.2,14.6,89.0,34.0,61.0,7.1,1.86
41,Calipatria/Mulberry,Imperial/Coachella Valley,2025-11-21,325,0.32,14.0,29.0,1.37,15.5,12.8,13.8,93.0,77.0,87.0,11.7,2.16
41,Calipatria/Mulberry,Imperial/Coachella Valley,2025-11-22,326,0.33,7.0,29.0,1.4,15.2,11.2,13.4,97.0,81.0,91.0,12.0,1.79
41,Calipatria/Mulberry,Imperial/Coachella Valley,2025-11-23,327,2.2,0.0,155.0,1.4,22.2,9.8,15.0,98.0,57.0,82.0,12.0,1.43
41,Calipatria/Mulberry,Imperial/Coachella Valley,2025-11-24,328,2.19,0.1,153.0,1.36,23.0,7.7,14.4,98.0,55.0,83.0,11.5,1.06
41,Calipatria/Mulberry,Imperial/Coachella Valley,2025-11-25,329,1.84,0.2,129.0,1.35,25.1,7.5,13.9,99.0,50.0,85.0,11.4,1.08
41,Calipatria/Mulberry,Imperial/Coachella Valley,2025-11-26,330,2.35,0.1,161.0,1.16,25.8,6.1,14.5,99.0,32.0,70.0,9.1,0.94
41,Calipatria/Mulberry,Imperial/Coachella Valley,2025-11-27,331,2.15,0.0,137.0,1.15,25.6,7.1,14.1,93.0,32.0,72.0,9.1,1.11
41,Calipatria/Mulberry,Imperial/Coachella Valley,2025-11-28,332,2.4,0.0,159.0,1.13,25.9,5.6,14.6,94.0,35.0,68.0,8.8,1.03
41,Calipatria/Mulberry,Imperial/Coachella Valley,2025-11-29,333,2.22,0.0,155.0,1.16,24.8,6.0,14.2,92.0,39.0,72.0,9.2,0.82
41,Calipatria/Mulberry,Imperial/Coachella Valley,2025-11-30,334,2.14,0.0,152.0,1.21,24.0,6.5,14.1,94.0,46.0,75.0,9.8,0.87
41,Calipatria/Mulberry,Imperial/Coachella Valley,2025-12-01,335,2.57,0.0,159.0,0.82,23.3,7.5,14.2,93.0,19.0,51.0,4.2,1.17
41,Calipatria/Mulberry,Imperial/Coachella Valley,2025-12-02,336,2.41,0.0,159.0,0.77,22.5,2.2,11.3,86.0,27.0,58.0,3.3,1.27
41,Calipatria/Mulberry,Imperial/Coachella Valley,2025-12-03,337,2.51,0.0,157.0,0.78,23.2,5.7,13.4,90.0,20.0,51.0,3.5,1.2
41,Calipatria/Mulberry,Imperial/Coachella Valley,2025-12-04,338,2.59,0.0,153.0,0.71,21.8,4.6,11.6,83.0,21.0,52.0,2.1,1.47
41,Calipatria/Mulberry,Imperial/Coachella Valley,2025-12-05,339,2.19,0.0,157.0,0.71,22.6,0.9,10.8,85.0,22.0,55.0,2.2,1.1
41,Calipatria/Mulberry,Imperial/Coachella Valley,2025-12-06,340,2.2,0.0,153.0,0.76,23.4,3.0,11.5,87.0,22.0,56.0,3.1,0.99
41,Calipatria/Mulberry,Imperial/Coachella Valley,2025-12-07,341,2.25,0.0,151.0,0.86,25.3,3.7,12.5,87.0,31.0,59.0,4.8,0.96
41,Calipatria/Mulberry,Imperial/Coachella Valley,2025-12-08,342,2.51,0.0,152.0,0.93,25.3,4.4,13.3,87.0,31.0,61.0,5.9,1.21
41,Calipatria/Mulberry,Imperial/Coachella Valley,2025-12-09,343,2.37,0.0,153.0,0.92,26.9,4.1,13.6,87.0,24.0,59.0,5.8,0.99
41,Calipatria/Mulberry,Imperial/Coachella Valley,2025-12-10,344,2.26,0.0,152.0,1.02,28.9,5.2,14.5,89.0,28.0,62.0,7.3,0.69
41,Calipatria/Mulberry,Imperial/Coachella Valley,2025-12-11,345,2.25,0.0,152.0,1.09,28.5,6.2,15.0,89.0,30.0,64.0,8.2,0.67
41,Calipatria/Mulberry,Imperial/Coachella Valley,2025-12-12,346,2.23,0.0,143.0,1.1,28.4,7.1,15.5,89.0,33.0,63.0,8.4,0.74
41,Calipatria/Mulberry,Imperial/Coachella Valley,2025-12-13,347,2.18,0.0,143.0,1.13,28.1,7.4,15.7,91.0,30.0,63.0,8.8,0.8
41,Calipatria/Mulberry,Imperial/Coachella Valley,2025-12-14,348,2.08,0.0,137.0,1.03,27.0,6.3,14.4,89.0,31.0,63.0,7.4,0.82
41,Calipatria/Mulberry,Imperial/Coachella Valley,2025-12-15,349,2.38,0.0,152.0,0.96,28.1,5.0,14.0,86.0,27.0,60.0,6.4,0.88
41,Calipatria/Mulberry,Imperial/Coachella Valley,2025-12-16,350,2.31,0.0,151.0,0.95,28.9,5.0,14.4,85.0,25.0,58.0,6.3,0.77
41,Calipatria/Mulberry,Imperial/Coachella Valley,2025-12-17,351,2.17,0.0,147.0,0.95,28.0,6.4,14.5,83.0,29.0,58.0,6.3,0.66
41,Calipatria/Mulberry,Imperial/Coachella Valley,2025-12-18,352,1.97,0.0,133.0,1.07,26.8,5.9,14.3,89.0,33.0,66.0,8.0,0.72
41,Calipatria/Mulberry,Imperial/Coachella Valley,2025-12-19,353,2.14,0.0,149.0,1.08,27.0,5.9,14.4,89.0,35.0,66.0,8.1,0.57
41,Calipatria/Mulberry,Imperial/Coachella Valley,2025-12-20,354,1.92,0.0,134.0,1.23,25.4,7.4,14.5,90.0,48.0,75.0,10.1,0.5
41,Calipatria/Mulberry,Imperial/Coachella Valley,2025-12-21,355,1.95,0.0,139.0,1.28,25.8,7.7,14.8,93.0,49.0,76.0,10.7,0.62
41,Calipatria/Mulberry,Imperial/Coachella Valley,2025-12-22,356,1.76,0.0,123.0,1.25,25.1,6.3,14.1,97.0,43.0,78.0,10.3,0.51
41,Calipatria/Mulberry,Imperial/Coachella Valley,2025-12-23,357,0.49,1.0,45.0,1.26,19.0,8.7,12.8,96.0,61.0,85.0,10.4,0.51
41,Calipatria/Mulberry,Imperial/Coachella Valley,2025-12-25,359,2.06,0.1,146.0,1.42,24.6,10.4,16.8,97.0,45.0,74.0,12.2,0.46
41,Calipatria/Mulberry,Imperial/Coachella Valley,2025-12-26,360,1.27,0.0,90.0,1.19,21.6,9.3,14.8,87.0,45.0,71.0,9.5,0.51
41,Calipatria/Mulberry,Imperial/Coachella Valley,2025-12-27,361,1.93,0.0,146.0,1.03,20.6,6.2,14.1,87.0,36.0,64.0,7.4,0.48
41,Calipatria/Mulberry,Imperial/Coachella Valley,2025-12-28,362,1.84,0.0,139.0,0.81,21.3,3.2,11.3,93.0,29.0,61.0,4.0,0.51
41,Calipatria/Mulberry,Imperial/Coachella Valley,2025-12-29,363,1.99,0.0,147.0,0.67,22.8,3.1,13.0,84.0,18.0,45.0,1.3,0.48
41,Calipatria/Mulberry,Imperial/Coachella Valley,2025-12-30,364,1.1,0.0,75.0,1.01,21.9,8.1,14.5,83.0,35.0,62.0,7.2,0.55
41,Calipatria/Mulberry,Imperial/Coachella Valley,2025-12-31,365,0.27,2.9,29.0,1.25,18.9,11.1,13.5,96.0,62.0,80.0,10.2,0.46
41,Calipatria/Mulberry,Imperial/Coachella Valley,2026-01-01,1,1.23,0.0,97.0,1.28,17.7,7.8,12.3,98.0,72.0,90.0,10.7,0.45
41,Calipatria/Mulberry,Imperial/Coachella Valley,2026-01-02,2,1.69,0.1,132.0,1.35,20.8,6.8,13.4,98.0,66.0,88.0,11.4,0.45
41,Calipatria/Mulberry,Imperial/Coachella Valley,2026-01-03,3,1.28,0.0,92.0,1.48,22.0,9.4,14.7,98.0,68.0,88.0,12.8,0.46
41,Calipatria/Mulberry,Imperial/Coachella Valley,2026-01-04,4,1.99,0.0,142.0,1.22,24.3,9.5,15.9,97.0,38.0,68.0,9.9,0.45
41,Calipatria/Mulberry,Imperial/Coachella Valley,2026-01-05,5,1.9,0.0,139.0,1.18,23.6,7.5,14.7,92.0,42.0,70.0,9.4,0.45
41,Calipatria/Mulberry,Imperial/Coachella Valley,2026-01-06,6,1.38,0.0,98.0,1.24,21.1,8.9,13.8,93.0,58.0,79.0,10.2,0.45
41,Calipatria/Mulberry,Imperial/Coachella Valley,2026-01-07,7,1.32,0.0,96.0,1.15,20.8,6.6,12.4,94.0,52.0,80.0,9.1,0.45
41,Calipatria/Mulberry,Imperial/Coachella Valley,2026-01-08,8,1.93,0.0,148.0,0.9,21.4,6.7,12.9,97.0,30.0,60.0,5.4,0.56
41,Calipatria/Mulberry,Imperial/Coachella Valley,2026-01-09,9,1.94,0.0,159.0,0.37,18.2,3.3,11.2,48.0,15.0,28.0,-6.6,0.45
41,Calipatria/Mulberry,Imperial/Coachella Valley,2026-01-10,10,2.05,0.0,164.0,0.46,19.8,-0.3,9.3,75.0,16.0,39.0,-3.7,0.54
41,Calipatria/Mulberry,Imperial/Coachella Valley,2026-01-11,11,2.13,0.0,39.0,0.58,22.8,2.5,11.4,81.0,16.0,43.0,-0.7,0.49
41,Calipatria/Mulberry,Imperial/Coachella Valley,2026-01-12,12,2.14,0.0,159.0,0.62,24.1,0.5,10.6,80.0,16.0,48.0,0.1,0.46
41,Calipatria/Mulberry,Imperial/Coachella Valley,2026-01-13,13,2.23,0.0,163.0,0.71,26.4,1.3,11.7,82.0,20.0,52.0,2.2,0.45
41,Calipatria/Mulberry,Imperial/Coachella Valley,2026-01-14,14,2.36,0.0,162.0,0.79,28.9,3.5,14.4,78.0,20.0,48.0,3.6,0.63
41,Calipatria/Mulberry,Imperial/Coachella Valley,2026-01-15,15,2.37,0.0,163.0,0.85,26.8,4.8,14.4,79.0,26.0,52.0,4.7,0.76
41,Calipatria/Mulberry,Imperial/Coachella Valley,2026-01-16,16,2.37,0.0,168.0,0.82,27.9,3.6,13.6,82.0,20.0,52.0,4.0,0.46
41,Calipatria/Mulberry,Imperial/Coachella Valley,2026-01-17,17,2.39,0.0,170.0,0.68,28.4,2.6,14.2,83.0,18.0,42.0,1.5,0.47
41,Calipatria/Mulberry,Imperial/Coachella Valley,2026-01-18,18,2.25,0.0,163.0,0.72,27.1,2.6,13.2,77.0,18.0,48.0,2.4,0.45
41,Calipatria/Mulberry,Imperial/Coachella Valley,2026-01-19,19,2.31,0.0,168.0,0.78,25.3,2.6,12.8,81.0,27.0,53.0,3.5,0.45
41,Calipatria/Mulberry,Imperial/Coachella Valley,2026-01-20,20,2.39,0.0,171.0,0.75,27.0,2.8,13.7,79.0,20.0,48.0,2.9,0.45
41,Calipatria/Mulberry,Imperial/Coachella Valley,2026-01-21,21,1.64,0.0,117.0,0.79,23.4,3.4,12.6,78.0,25.0,54.0,3.6,0.45
41,Calipatria/Mulberry,Imperial/Coachella Valley,2026-01-22,22,1.91,0.0,137.0,0.9,24.1,5.6,14.1,82.0,22.0,56.0,5.5,0.45
41,Calipatria/Mulberry,Imperial/Coachella Valley,2026-01-23,23,1.98,0.0,142.0,0.87,23.3,5.0,13.0,81.0,27.0,58.0,4.9,0.45
41,Calipatria/Mulberry,Imperial/Coachella Valley,2026-01-24,24,1.91,0.0,140.0,0.98,23.0,6.4,13.7,92.0,34.0,63.0,6.7,0.45
41,Calipatria/Mulberry,Imperial/Coachella Valley,2026-01-25,25,2.39,0.0,182.0,0.56,22.8,1.6,11.1,77.0,14.0,43.0,-1.1,0.45
41,Calipatria/Mulberry,Imperial/Coachella Valley,2026-01-26,26,1.94,0.0,147.0,0.62,21.9,2.0,10.5,77.0,19.0,49.0,0.2,0.45
41,Calipatria/Mulberry,Imperial/Coachella Valley,2026-01-27,27,2.4,0.0,184.0,0.55,22.7,-1.0,9.9,83.0,16.0,45.0,-1.4,0.52
41,Calipatria/Mulberry,Imperial/Coachella Valley,2026-01-28,28,1.67,0.0,119.0,0.7,21.7,1.0,10.0,81.0,30.0,57.0,1.8,0.45
41,Calipatria/Mulberry,Imperial/Coachella Valley,2026-01-29,29,2.49,0.0,177.0,0.66,27.1,3.2,13.2,79.0,14.0,44.0,1.1,0.45
41,Calipatria/Mulberry,Imperial/Coachella Valley,2026-01-30,30,2.66,0.0,183.0,0.69,28.6,3.4,15.2,73.0,15.0,40.0,1.7,0.45
41,Calipatria/Mulberry,Imperial/Coachella Valley,2026-01-31,31,2.65,0.0,183.0,0.76,27.6,4.1,14.6,75.0,22.0,46.0,3.1,0.45
41,Calipatria/Mulberry,Imperial/Coachella Valley,2026-02-01,32,2.66,0.0,182.0,0.84,29.1,3.8,14.7,79.0,23.0,50.0,4.4,0.45
41,Calipatria/Mulberry,Imperial/Coachella Valley,2026-02-02,33,2.6,0.0,177.0,0.83,28.5,4.9,15.0,80.0,21.0,48.0,4.3,0.45
41,Calipatria/Mulberry,Imperial/Coachella Valley,2026-02-03,34,2.76,0.0,188.0,0.82,29.7,4.6,15.4,81.0,18.0,47.0,4.1,0.45
41,Calipatria/Mulberry,Imperial/Coachella Valley,2026-02-04,35,3.43,0.0,3.0,0.69,27.7,7.7,15.3,75.0,12.0,40.0,1.7,1.51
41,Calipatria/Mulberry,Imperial/Coachella Valley,2026-02-05,36,2.73,0.0,141.0,0.89,28.5,5.7,16.2,78.0,18.0,49.0,5.4,1.26
41,Calipatria/Mulberry,Imperial/Coachella Valley,2026-02-06,37,3.29,0.0,182.0,0.9,27.2,6.8,15.3,77.0,24.0,52.0,5.4,1.5
41,Calipatria/Mulberry,Imperial/Coachella Valley,2026-02-07,38,3.48,0.0,194.0,0.94,28.5,5.2,15.7,82.0,26.0,53.0,6.1,1.42
41,Calipatria/Mulberry,Imperial/Coachella Valley,2026-02-08,39,3.59,0.0,198.0,0.98,30.6,5.9,16.4,83.0,24.0,52.0,6.7,1.31
41,Calipatria/Mulberry,Imperial/Coachella Valley,2026-02-09,40,3.64,0.0,203.0,0.92,30.0,5.3,16.4,80.0,21.0,50.0,5.8,1.34
41,Calipatria/Mulberry,Imperial/Coachella Valley,2026-02-10,41,3.46,0.0,153.0,1.01,27.9,7.3,17.8,79.0,27.0,49.0,7.1,1.95
41,Calipatria/Mulberry,Imperial/Coachella Valley,2026-02-11,42,1.72,0.0,83.0,1.28,23.6,10.1,17.7,81.0,39.0,63.0,10.7,1.28
41,Calipatria/Mulberry,Imperial/Coachella Valley,2026-02-12,43,2.27,0.0,125.0,1.19,23.0,10.4,16.2,84.0,43.0,64.0,9.5,1.42
41,Calipatria/Mulberry,Imperial/Coachella Valley,2026-02-13,44,3.3,0.0,174.0,1.11,25.7,9.8,17.1,78.0,30.0,57.0,8.5,1.67
41,Calipatria/Mulberry,Imperial/Coachella Valley,2026-02-14,45,3.58,0.0,206.0,0.96,25.7,5.2,14.9,86.0,25.0,57.0,6.5,1.62
41,Calipatria/Mulberry,Imperial/Coachella Valley,2026-02-15,46,3.64,0.0,191.0,1.03,26.1,8.3,16.1,84.0,31.0,56.0,7.3,1.73
41,Calipatria/Mulberry,Imperial/Coachella Valley,2026-02-16,47,2.61,3.7,115.0,1.01,23.2,8.3,15.1,76.0,35.0,59.0,7.2,2.35
41,Calipatria/Mulberry,Imperial/Coachella Valley,2026-02-17,48,3.93,0.1,197.0,0.92,22.3,8.8,15.5,74.0,36.0,52.0,5.8,3.22
41,Calipatria/Mulberry,Imperial/Coachella Valley,2026-02-18,49,4.58,0.0,181.0,0.76,20.1,7.0,14.4,63.0,32.0,46.0,3.0,5.8
41,Calipatria/Mulberry,Imperial/Coachella Valley,2026-02-19,50,3.93,0.0,202.0,0.81,19.8,4.4,13.1,74.0,40.0,53.0,3.9,3.8
41,Calipatria/Mulberry,Imperial/Coachella Valley,2026-02-20,51,3.55,0.0,207.0,0.63,19.7,3.2,12.5,74.0,25.0,43.0,0.3,2.47
41,Calipatria/Mulberry,Imperial/Coachella Valley,2026-02-21,52,3.61,0.0,216.0,0.62,22.2,0.1,11.0,82.0,18.0,48.0,0.3,1.55
41,Calipatria/Mulberry,Imperial/Coachella Valley,2026-02-22,53,4.11,0.0,213.0,0.74,24.9,2.6,13.9,79.0,23.0,46.0,2.6,1.85
41,Calipatria/Mulberry,Imperial/Coachella Valley,2026-02-23,54,4.03,0.0,211.0,0.82,28.1,4.6,15.8,77.0,21.0,46.0,4.1,1.44
41,Calipatria/Mulberry,Imperial/Coachella Valley,2026-02-24,55,3.79,0.0,210.0,0.98,30.8,6.4,17.9,76.0,23.0,48.0,6.7,1.2
41,Calipatria/Mulberry,Imperial/Coachella Valley,2026-02-25,56,4.59,0.0,221.0,1.16,33.9,11.2,21.8,68.0,21.0,45.0,9.2,1.45
41,Calipatria/Mulberry,Imperial/Coachella Valley,2026-03-02,61,5.58,0.0,215.0,1.03,32.6,12.7,22.5,70.0,20.0,38.0,7.4,2.28
41,Calipatria/Mulberry,Imperial/Coachella Valley,2026-03-03,62,5.03,0.0,238.0,1.0,31.5,9.6,19.2,71.0,15.0,45.0,6.9,1.75
41,Calipatria/Mulberry,Imperial/Coachella Valley,2026-03-04,63,4.43,0.0,242.0,0.97,30.8,9.0,19.7,77.0,17.0,42.0,6.5,1.25
41,Calipatria/Mulberry,Imperial/Coachella Valley,2026-03-05,64,6.48,0.0,244.0,0.69,26.9,9.0,18.2,72.0,13.0,33.0,1.6,3.49
41,Calipatria/Mulberry,Imperial/Coachella Valley,2026-03-06,65,5.3,0.0,214.0,0.54,24.6,6.0,15.9,64.0,15.0,30.0,-1.7,2.79
41,Calipatria/Mulberry,Imperial/Coachella Valley,2026-03-07,66,6.41,0.0,241.0,0.55,26.3,7.9,17.0,65.0,14.0,28.0,-1.5,3.71
41,Calipatria/Mulberry,Imperial/Coachella Valley,2026-03-08,67,7.29,0.0,249.0,0.72,32.2,7.0,21.3,74.0,11.0,28.0,2.3,3.5
41,Calipatria/Mulberry,Imperial/Coachella Valley,2026-03-09,68,4.7,0.0,231.0,1.12,25.1,12.9,19.4,66.0,36.0,50.0,8.6,2.53
41,Calipatria/Mulberry,Imperial/Coachella Valley,2026-03-10,69,4.35,0.0,245.0,1.15,27.5,10.2,18.6,76.0,34.0,54.0,9.1,1.92
41,Calipatria/Mulberry,Imperial/Coachella Valley,2026-03-11,70,4.32,0.0,250.0,1.34,29.2,10.2,19.5,88.0,35.0,59.0,11.3,1.42
41,Calipatria/Mulberry,Imperial/Coachella Valley,2026-03-12,71,5.61,0.0,261.0,1.11,35.8,9.5,21.6,87.0,14.0,43.0,8.6,1.61
41,Calipatria/Mulberry,Imperial/Coachella Valley,2026-03-13,72,5.08,0.0,262.0,1.21,34.9,7.8,21.5,71.0,24.0,47.0,9.8,1.24
41,Calipatria/Mulberry,Imperial/Coachella Valley,2026-03-14,73,5.54,0.0,263.0,1.06,34.6,12.8,22.6,57.0,18.0,39.0,7.8,1.69
41,Calipatria/Mulberry,Imperial/Coachella Valley,2026-03-15,74,5.02,0.0,255.0,1.26,34.4,11.3,22.6,70.0,28.0,46.0,10.4,1.4
41,Calipatria/Mulberry,Imperial/Coachella Valley,2026-03-16,75,7.11,0.0,258.0,0.96,35.8,11.8,24.5,69.0,13.0,31.0,6.4,2.52
41,Calipatria/Mulberry,Imperial/Coachella Valley,2026-03-17,76,5.69,0.0,263.0,1.35,36.6,13.9,25.3,65.0,18.0,42.0,11.4,1.5
41,Calipatria/Mulberry,Imperial/Coachella Valley,2026-03-18,77,5.5,0.0,271.0,1.47,38.8,12.4,25.1,76.0,18.0,46.0,12.7,1.24
41,Calipatria/Mulberry,Imperial/Coachella Valley,2026-03-19,78,5.58,0.0,273.0,1.41,40.5,13.4,26.0,73.0,14.0,42.0,12.1,1.17
41,Calipatria/Mulberry,Imperial/Coachella Valley,2026-03-23,82,6.28,0.0,272.0,1.43,35.5,15.4,24.9,68.0,26.0,46.0,12.3,2.25
41,Calipatria/Mulberry,Imperial/Coachella Valley,2026-03-24,83,4.99,0.0,257.0,1.76,34.2,14.9,24.0,77.0,36.0,59.0,15.5,1.56
41,Calipatria/Mulberry,Imperial/Coachella Valley,2026-03-25,84,5.9,0.0,282.0,1.34,36.8,13.9,25.6,75.0,23.0,41.0,11.3,1.49
41,Calipatria/Mulberry,Imperial/Coachella Valley,2026-03-26,85,5.76,0.0,95.0,1.54,37.0,16.8,25.4,71.0,18.0,47.0,13.4,1.28
41,Calipatria/Mulberry,Imperial/Coachella Valley,2026-03-27,86,5.94,0.0,289.0,1.36,38.2,13.3,25.2,77.0,16.0,42.0,11.5,1.39
41,Calipatria/Mulberry,Imperial/Coachella Valley,2026-03-31,90,2.53,0.0,88.0,1.73,28.5,19.0,23.8,77.0,42.0,59.0,15.3,2.2
41,Calipatria/Mulberry,Imperial/Coachella Valley,2026-04-01,91,7.32,0.0,289.0,1.18,29.4,16.7,23.3,64.0,27.0,41.0,9.4,4.11
41,Calipatria/Mulberry,Imperial/Coachella Valley,2026-04-02,92,5.16,0.0,253.0,1.15,27.7,12.1,19.9,72.0,32.0,49.0,9.0,2.2
41,Calipatria/Mulberry,Imperial/Coachella Valley,2026-04-03,93,7.37,0.0,285.0,0.75,29.7,9.9,19.7,87.0,11.0,33.0,2.9,3.25
41,Calipatria/Mulberry,Imperial/Coachella Valley,2026-04-04,94,6.42,0.0,297.0,0.81,32.4,7.0,19.9,79.0,9.0,35.0,3.9,1.8
41,Calipatria/Mulberry,Imperial/Coachella Valley,2026-04-05,95,5.69,0.0,300.0,1.07,34.3,7.3,21.3,78.0,14.0,42.0,8.0,1.23
41,Calipatria/Mulberry,Imperial/Coachella Valley,2026-04-06,96,4.76,0.0,210.0,1.2,34.2,14.9,22.9,73.0,17.0,43.0,9.6,1.5
41,Calipatria/Mulberry,Imperial/Coachella Valley,2026-04-07,97,5.69,0.0,301.0,1.35,35.0,12.1,23.2,82.0,21.0,47.0,11.4,1.22
41,Calipatria/Mulberry,Imperial/Coachella Valley,2026-04-08,98,5.87,0.0,301.0,1.4,36.5,13.7,24.1,82.0,22.0,47.0,12.0,1.28
41,Calipatria/Mulberry,Imperial/Coachella Valley,2026-04-09,99,6.38,0.0,261.0,1.2,35.3,13.2,24.5,70.0,21.0,39.0,9.6,2.28
41,Calipatria/Mulberry,Imperial/Coachella Valley,2026-04-10,100,6.27,0.0,266.0,1.26,33.6,14.3,24.7,75.0,24.0,41.0,10.4,2.41
41,Calipatria/Mulberry,Imperial/Coachella Valley,2026-04-11,101,6.69,0.0,307.0,1.09,29.9,13.9,22.3,63.0,26.0,41.0,8.3,2.97
41,Calipatria/Mulberry,Imperial/Coachella Valley,2026-04-12,102,6.34,0.0,243.0,1.05,28.7,14.9,20.6,60.0,27.0,43.0,7.7,4.32
41,Calipatria/Mulberry,Imperial/Coachella Valley,2026-04-13,103,6.33,0.0,295.0,1.03,25.5,12.8,19.1,78.0,29.0,47.0,7.4,3.86
41,Calipatria/Mulberry,Imperial/Coachella Valley,2026-04-14,104,5.3,0.0,311.0,1.02,27.7,8.0,18.0,79.0,26.0,49.0,7.3,1.48
41,Calipatria/Mulberry,Imperial/Coachella Valley,2026-04-15,105,5.66,0.0,314.0,1.08,31.4,8.9,20.1,81.0,20.0,46.0,8.0,1.27
41,Calipatria/Mulberry,Imperial/Coachella Valley,2026-04-16,106,4.47,0.0,227.0,1.14,30.1,12.4,20.0,80.0,23.0,49.0,8.9,1.41
41,Calipatria/Mulberry,Imperial/Coachella Valley,2026-04-17,107,6.9,0.0,319.0,0.76,29.3,10.6,19.6,75.0,10.0,33.0,3.1,2.34
41,Calipatria/Mulberry,Imperial/Coachella Valley,2026-04-18,108,6.19,0.0,330.0,0.77,31.6,6.3,19.5,71.0,9.0,34.0,3.1,1.34
41,Calipatria/Mulberry,Imperial/Coachella Valley,2026-04-19,109,6.06,0.0,312.0,1.1,34.7,10.0,22.2,80.0,16.0,41.0,8.4,1.37
41,Calipatria/Mulberry,Imperial/Coachella Valley,2026-04-20,110,6.75,0.0,415.0,1.19,33.1,14.6,26.0,73.0,26.0,36.0,9.6,2.28
41,Calipatria/Mulberry,Imperial/Coachella Valley,2026-04-21,111,7.76,0.0,325.0,0.96,33.4,11.0,22.6,70.0,13.0,35.0,6.4,3.73
41,Calipatria/Mulberry,Imperial/Coachella Valley,2026-04-22,112,6.99,0.0,318.0,0.94,29.5,15.7,21.7,51.0,17.0,36.0,6.1,3.65
41,Calipatria/Mulberry,Imperial/Coachella Valley,2026-04-23,113,6.04,0.0,311.0,0.97,30.6,11.3,21.4,68.0,20.0,38.0,6.5,1.64
41,Calipatria/Mulberry,Imperial/Coachella Valley,2026-04-24,114,7.05,0.0,322.0,1.0,32.9,11.6,22.5,74.0,15.0,37.0,6.9,2.35
41,Calipatria/Mulberry,Imperial/Coachella Valley,2026-04-25,115,6.69,0.0,233.0,0.93,28.8,13.3,20.8,53.0,25.0,38.0,6.0,4.54
41,Calipatria/Mulberry,Imperial/Coachella Valley,2026-04-26,116,6.92,0.0,305.0,0.93,26.2,11.3,19.2,74.0,25.0,42.0,5.9,4.02
41,Calipatria/Mulberry,Imperial/Coachella Valley,2026-04-27,117,6.73,0.0,332.0,0.84,26.7,10.6,18.8,62.0,22.0,39.0,4.5,3.09
41,Calipatria/Mulberry,Imperial/Coachella Valley,2026-04-28,118,6.12,0.9,328.0,0.95,29.8,9.3,20.1,72.0,17.0,40.0,6.2,1.54
41,Calipatria/Mulberry,Imperial/Coachella Valley,2026-04-29,119,6.21,0.0,311.0,0.99,32.3,9.6,21.7,75.0,11.0,38.0,6.8,1.52
41,Calipatria/Mulberry,Imperial/Coachella Valley,2026-04-30,120,6.3,0.0,303.0,1.11,33.9,11.7,22.5,77.0,15.0,41.0,8.5,1.75
41,Calipatria/Mulberry,Imperial/Coachella Valley,2026-05-01,121,6.68,0.0,330.0,1.33,36.1,13.6,24.5,75.0,14.0,43.0,11.2,1.81
41,Calipatria/Mulberry,Imperial/Coachella Valley,2026-05-02,122,6.84,0.0,321.0,1.31,37.1,13.6,25.5,80.0,12.0,40.0,11.0,1.67
41,Calipatria/Mulberry,Imperial/Coachella Valley,2026-05-03,123,7.88,0.0,321.0,1.17,36.0,14.5,25.0,67.0,17.0,37.0,9.3,3.01
41,Calipatria/Mulberry,Imperial/Coachella Valley,2026-05-04,124,6.28,0.0,243.0,1.0,27.4,14.6,20.5,61.0,27.0,42.0,7.0,3.89
41,Calipatria/Mulberry,Imperial/Coachella Valley,2026-05-05,125,6.49,0.0,317.0,1.01,26.2,12.0,19.0,70.0,27.0,46.0,7.1,3.02
41,Calipatria/Mulberry,Imperial/Coachella Valley,2026-05-06,126,5.94,0.0,332.0,1.17,30.2,9.7,20.3,80.0,25.0,49.0,9.3,1.41
41,Calipatria/Mulberry,Imperial/Coachella Valley,2026-05-07,127,6.7,0.0,334.0,1.42,36.0,12.7,24.5,77.0,24.0,46.0,12.2,1.43
41,Calipatria/Mulberry,Imperial/Coachella Valley,2026-05-08,128,7.17,0.0,336.0,1.42,39.2,14.2,26.4,79.0,20.0,41.0,12.2,1.63
41,Calipatria/Mulberry,Imperial/Coachella Valley,2026-05-09,129,7.21,0.0,345.0,1.3,38.9,13.4,26.5,70.0,18.0,37.0,10.8,1.44
41,Calipatria/Mulberry,Imperial/Coachella Valley,2026-05-10,130,7.09,0.0,337.0,1.59,40.1,14.7,27.4,77.0,19.0,44.0,14.0,1.36
41,Calipatria/Mulberry,Imperial/Coachella Valley,2026-05-11,131,7.52,0.0,339.0,1.53,41.6,15.9,29.4,71.0,15.0,37.0,13.4,1.45
41,Calipatria/Mulberry,Imperial/Coachella Valley,2026-05-12,132,8.59,0.0,337.0,1.39,38.2,19.3,28.1,60.0,20.0,37.0,11.9,2.6
41,Calipatria/Mulberry,Imperial/Coachella Valley,2026-05-13,133,7.85,0.0,335.0,1.21,37.6,15.4,26.2,67.0,18.0,36.0,9.8,2.02
41,Calipatria/Mulberry,Imperial/Coachella Valley,2026-05-14,134,7.78,0.0,337.0,1.26,38.3,14.4,25.8,73.0,16.0,38.0,10.4,2.0
41,Calipatria/Mulberry,Imperial/Coachella Valley,2026-05-15,135,7.21,0.0,338.0,1.38,37.0,14.1,25.4,79.0,20.0,42.0,11.7,1.72
41,Calipatria/Mulberry,Imperial/Coachella Valley,2026-05-16,136,8.05,0.0,338.0,1.28,35.0,14.3,24.5,78.0,21.0,42.0,10.6,2.65
41,Calipatria/Mulberry,Imperial/Coachella Valley,2026-05-17,137,7.73,0.0,330.0,1.21,32.3,13.7,23.3,73.0,26.0,42.0,9.7,3.43
41,Calipatria/Mulberry,Imperial/Coachella Valley,2026-05-18,138,7.31,0.0,341.0,0.93,31.0,14.5,22.4,69.0,13.0,34.0,6.0,2.2
41,Calipatria/Mulberry,Imperial/Coachella Valley,2026-05-19,139,7.89,0.0,340.0,0.86,33.4,12.8,23.0,69.0,11.0,31.0,4.8,2.22
41,Calipatria/Mulberry,Imperial/Coachella Valley,2026-05-20,140,7.36,0.0,352.0,1.05,35.9,9.4,23.4,77.0,12.0,36.0,7.7,1.63
41,Calipatria/Mulberry,Imperial/Coachella Valley,2026-05-21,141,7.2,0.0,349.0,1.2,37.2,11.8,24.7,68.0,10.0,38.0,9.6,1.82
41,Calipatria/Mulberry,Imperial/Coachella Valley,2026-05-22,142,7.73,0.0,343.0,1.37,35.9,14.8,25.5,70.0,21.0,42.0,11.6,2.17
41,Calipatria/Mulberry,Imperial/Coachella Valley,2026-05-23,143,8.04,0.0,342.0,1.46,35.3,15.1,25.3,70.0,22.0,45.0,12.6,2.75
41,Calipatria/Mulberry,Imperial/Coachella Valley,2026-05-24,144,7.01,0.0,340.0,1.61,34.6,14.2,24.9,75.0,31.0,51.0,14.1,1.81
41,Calipatria/Mulberry,Imperial/Coachella Valley,2026-05-25,145,7.54,0.0,342.0,1.42,36.1,16.1,25.8,79.0,23.0,43.0,12.2,1.98
41,Calipatria/Mulberry,Imperial/Coachella Valley,2026-05-26,146,8.14,0.0,348.0,1.11,33.3,13.7,23.5,76.0,22.0,39.0,8.5,3.21
41,Calipatria/Mulberry,Imperial/Coachella Valley,2026-05-27,147,8.08,0.0,352.0,0.98,28.6,16.2,21.4,54.0,25.0,38.0,6.6,4.67
41,Calipatria/Mulberry,Imperial/Coachella Valley,2026-05-28,148,7.0,0.0,352.0,0.95,28.3,12.2,21.0,59.0,23.0,38.0,6.2,3.0
41,Calipatria/Mulberry,Imperial/Coachella Valley,2026-05-29,149,7.23,0.0,349.0,1.13,29.4,15.8,22.0,63.0,28.0,43.0,8.8,3.23
41,Calipatria/Mulberry,Imperial/Coachella Valley,2026-05-30,150,6.7,0.0,347.0,1.37,34.0,13.6,24.3,79.0,21.0,45.0,11.7,1.47
41,Calipatria/Mulberry,Imperial/Coachella Valley,2026-05-31,151,7.37,0.0,348.0,1.38,38.0,16.1,27.4,69.0,14.0,38.0,11.8,1.53
41,Calipatria/Mulberry,Imperial/Coachella Valley,2026-06-01,152,7.75,0.0,347.0,1.24,39.0,16.8,28.2,70.0,14.0,32.0,10.1,1.57
41,Calipatria/Mulberry,Imperial/Coachella Valley,2026-06-02,153,7.55,0.0,352.0,1.24,39.4,15.5,28.0,73.0,13.0,33.0,10.2,1.54
41,Calipatria/Mulberry,Imperial/Coachella Valley,2026-06-03,154,7.55,0.0,351.0,1.41,40.5,16.9,28.9,68.0,11.0,35.0,12.1,1.62
41,Calipatria/Mulberry,Imperial/Coachella Valley,2026-06-04,155,8.96,0.0,352.0,1.4,41.8,17.6,29.4,65.0,14.0,34.0,11.9,2.38
41,Calipatria/Mulberry,Imperial/Coachella Valley,2026-06-05,156,8.75,0.0,348.0,1.49,41.6,18.9,29.2,58.0,20.0,37.0,12.9,2.31
41,Calipatria/Mulberry,Imperial/Coachella Valley,2026-06-06,157,7.34,0.0,302.0,1.36,39.7,17.8,29.1,65.0,14.0,34.0,11.5,1.88
41,Calipatria/Mulberry,Imperial/Coachella Valley,2026-06-07,158,7.04,0.0,288.0,1.46,38.2,18.0,28.1,67.0,19.0,38.0,12.6,1.96
41,Calipatria/Mulberry,Imperial/Coachella Valley,2026-06-08,159,7.5,0.0,338.0,1.55,37.8,17.8,27.9,75.0,19.0,41.0,13.5,2.02
41,Calipatria/Mulberry,Imperial/Coachella Valley,2026-06-09,160,7.33,0.0,353.0,1.42,38.0,16.0,28.0,82.0,14.0,38.0,12.2,1.4
41,Calipatria/Mulberry,Imperial/Coachella Valley,2026-06-10,161,8.09,0.0,346.0,1.56,40.8,19.5,29.9,77.0,19.0,37.0,13.6,1.83
41,Calipatria/Mulberry,Imperial/Coachella Valley,2026-06-11,162,7.22,0.0,293.0,1.73,39.6,18.3,29.4,59.0,23.0,42.0,15.2,1.99
41,Calipatria/Mulberry,Imperial/Coachella Valley,2026-06-12,163,8.59,0.0,335.0,2.06,41.5,21.7,31.9,77.0,20.0,44.0,18.0,2.31
41,Calipatria/Mulberry,Imperial/Coachella Valley,2026-06-13,164,8.34,0.0,331.0,1.91,43.6,21.6,33.1,73.0,22.0,38.0,16.8,2.0
41,Calipatria/Mulberry,Imperial/Coachella Valley,2026-06-14,165,7.82,0.0,331.0,1.9,42.4,21.8,33.0,71.0,19.0,38.0,16.7,1.68
41,Calipatria/Mulberry,Imperial/Coachella Valley,2026-06-15,166,8.34,0.0,330.0,2.23,41.3,23.5,32.9,69.0,28.0,45.0,19.3,2.09
41,Calipatria/Mulberry,Imperial/Coachella Valley,2026-06-16,167,7.93,0.0,329.0,2.09,44.1,24.3,33.8,72.0,24.0,40.0,18.2,1.63
41,Calipatria/Mulberry,Imperial/Coachella Valley,2026-06-17,168,9.23,0.0,346.0,1.42,42.5,21.3,31.6,67.0,15.0,31.0,12.2,2.14
41,Calipatria/Mulberry,Imperial/Coachella Valley,2026-06-18,169,8.17,0.0,349.0,1.43,40.2,16.6,28.8,72.0,18.0,36.0,12.3,1.9
41,Calipatria/Mulberry,Imperial/Coachella Valley,2026-06-19,170,8.51,0.0,358.0,1.09,39.3,17.4,28.8,65.0,11.0,28.0,8.3,2.02
41,Calipatria/Mulberry,Imperial/Coachella Valley,2026-06-20,171,7.7,0.0,365.0,1.1,39.3,13.6,28.1,71.0,11.0,29.0,8.3,1.4
41,Calipatria/Mulberry,Imperial/Coachella Valley,2026-06-21,172,7.76,0.0,364.0,1.33,39.3,15.5,28.3,78.0,15.0,35.0,11.2,1.45
41,Calipatria/Mulberry,Imperial/Coachella Valley,2026-06-22,173,7.86,0.0,350.0,1.41,40.9,16.4,28.9,80.0,14.0,35.0,12.1,1.55
41,Calipatria/Mulberry,Imperial/Coachella Valley,2026-06-23,174,8.12,0.0,331.0,1.74,40.5,20.8,31.2,59.0,22.0,38.0,15.3,1.94
41,Calipatria/Mulberry,Imperial/Coachella Valley,2026-06-24,175,8.6,0.0,321.0,1.53,43.4,25.2,34.1,55.0,16.0,29.0,13.4,1.95
41,Calipatria/Mulberry,Imperial/Coachella Valley,2026-06-25,176,8.7,0.0,344.0,0.99,43.1,22.1,32.7,47.0,9.0,20.0,6.8,1.75
41,Calipatria/Mulberry,Imperial/Coachella Valley,2026-06-26,177,9.15,0.0,323.0,0.85,40.7,19.7,30.9,41.0,12.0,19.0,4.7,2.4
41,Calipatria/Mulberry,Imperial/Coachella Valley,2026-06-27,178,9.09,0.0,340.0,1.08,39.1,14.9,28.6,53.0,19.0,28.0,8.1,2.64
41,Calipatria/Mulberry,Imperial/Coachella Valley,2026-06-28,179,9.93,0.0,348.0,0.98,36.8,18.9,27.6,48.0,15.0,26.0,6.6,3.75
41,Calipatria/Mulberry,Imperial/Coachella Valley,2026-06-29,180,8.37,0.0,351.0,1.06,37.7,15.1,26.8,61.0,14.0,30.0,7.9,2.3
41,Calipatria/Mulberry,Imperial/Coachella Valley,2026-06-30,181,8.11,0.0,357.0,1.06,36.5,13.6,26.4,65.0,12.0,31.0,7.9,2.11
41,Calipatria/Mulberry,Imperial/Coachella Valley,2026-07-01,182,7.66,0.0,347.0,1.29,38.4,16.1,28.0,66.0,17.0,34.0,10.7,1.75
41,Calipatria/Mulberry,Imperial/Coachella Valley,2026-07-02,183,7.6,0.0,352.0,1.28,39.7,17.4,29.4,68.0,13.0,31.0,10.7,1.45
41,Calipatria/Mulberry,Imperial/Coachella Valley,2026-07-03,184,7.55,0.0,332.0,1.38,40.9,17.6,29.9,66.0,15.0,33.0,11.8,1.54
41,Calipatria/Mulberry,Imperial/Coachella Valley,2026-07-04,185,6.42,0.0,263.0,1.48,42.1,19.2,30.9,66.0,14.0,33.0,12.8,1.4
41,Calipatria/Mulberry,Imperial/Coachella Valley,2026-07-05,186,8.24,0.0,336.0,1.7,42.8,23.5,33.0,70.0,18.0,34.0,15.0,1.7
41,Calipatria/Mulberry,Imperial/Coachella Valley,2026-07-06,187,7.49,0.0,338.0,1.83,43.0,21.4,32.6,68.0,20.0,37.0,16.1,1.25
41,Calipatria/Mulberry,Imperial/Coachella Valley,2026-07-07,188,7.9,0.0,334.0,2.09,43.4,22.9,32.9,69.0,20.0,42.0,18.2,1.66
41,Calipatria/Mulberry,Imperial/Coachella Valley,2026-07-08,189,8.05,0.0,331.0,2.21,44.1,22.9,33.6,64.0,20.0,42.0,19.1,1.85
41,Calipatria/Mulberry,Imperial/Coachella Valley,2026-07-09,190,8.83,0.0,333.0,2.31,45.1,23.9,33.9,64.0,24.0,44.0,19.8,2.32
41,Calipatria/Mulberry,Imperial/Coachella Valley,2026-07-10,191,9.01,0.0,337.0,2.43,44.1,27.4,34.4,72.0,19.0,45.0,20.6,2.97
41,Calipatria/Mulberry,Imperial/Coachella Valley,2026-07-11,192,9.01,0.0,310.0,2.39,41.6,26.6,33.6,67.0,24.0,46.0,20.3,3.36
41,Calipatria/Mulberry,Imperial/Coachella Valley,2026-07-12,193,7.07,0.0,267.0,2.37,41.0,27.7,33.7,62.0,30.0,45.0,20.2,2.54
41,Calipatria/Mulberry,Imperial/Coachella Valley,2026-07-13,194,7.36,0.0,281.0,2.52,41.3,28.1,34.2,67.0,29.0,47.0,21.2,2.16
41,Calipatria/Mulberry,Imperial/Coachella Valley,2026-07-14,195,7.71,0.0,312.0,2.53,43.8,27.5,35.2,69.0,27.0,44.0,21.3,1.68
41,Calipatria/Mulberry,Imperial/Coachella Valley,2026-07-15,196,8.82,0.0,316.0,2.45,44.7,26.5,35.7,65.0,25.0,42.0,20.8,2.57
41,Calipatria/Mulberry,Imperial/Coachella Valley,2026-07-16,197,7.57,0.0,201.0,2.38,39.5,27.5,33.6,63.0,37.0,46.0,20.3,3.53
41,Calipatria/Mulberry,Imperial/Coachella Valley,2026-07-17,198,6.59,0.0,204.0,2.29,40.6,28.4,33.6,68.0,27.0,44.0,19.6,2.5
41,Calipatria/Mulberry,Imperial/Coachella Valley,2026-07-18,199,8.32,0.0,312.0,1.97,43.2,25.3,35.0,63.0,22.0,35.0,17.3,1.99
41,Calipatria/Mulberry,Imperial/Coachella Valley,2026-07-19,200,7.56,0.0,283.0,1.87,44.1,25.8,35.2,64.0,20.0,33.0,16.5,1.77
41,Calipatria/Mulberry,Imperial/Coachella Valley,2026-07-20,201,7.67,0.0,280.0,1.9,43.2,27.4,35.4,59.0,24.0,33.0,16.7,1.75
41,Calipatria/Mulberry,Imperial/Coachella Valley,2026-07-21,202,8.51,0.0,297.0,1.54,43.8,24.5,34.7,60.0,16.0,28.0,13.4,2.07
41,Calipatria/Mulberry,Imperial/Coachella Valley,2026-07-22,203,7.02,0.0,287.0,1.96,44.2,24.3,34.4,64.0,19.0,36.0,17.2,1.29
41,Calipatria/Mulberry,Imperial/Coachella Valley,2026-07-23,204,8.36,0.0,307.0,2.16,47.0,26.4,37.3,67.0,19.0,34.0,18.8,1.75
41,Calipatria/Mulberry,Imperial/Coachella Valley,2026-07-24,205,9.0,0.0,309.0,2.39,46.9,27.8,37.4,65.0,21.0,37.0,20.3,2.29
41,Calipatria/Mulberry,Imperial/Coachella Valley,2026-07-25,206,9.21,0.0,308.0,2.03,47.1,26.1,37.7,65.0,20.0,31.0,17.8,2.22
41,Calipatria/Mulberry,Imperial/Coachella Valley,2026-07-26,207,5.25,0.0,147.0,2.56,39.0,28.3,33.9,72.0,34.0,49.0,21.5,2.47
41,Calipatria/Mulberry,Imperial/Coachella Valley,2026-07-27,208,8.5,0.0,309.0,2.34,45.8,27.5,36.3,73.0,22.0,39.0,20.0,2.18
41,Calipatria/Mulberry,Imperial/Coachella Valley,2026-07-28,209,9.53,0.0,300.0,2.45,42.9,27.3,35.5,66.0,28.0,42.0,20.8,3.25
41,Calipatria/Mulberry,Imperial/Coachella Valley,2026-07-29,210,8.53,0.0,317.0,1.94,44.8,26.8,35.5,64.0,18.0,34.0,17.0,2.04
41,Calipatria/Mulberry,Imperial/Coachella Valley,2026-07-30,211,8.89,0.0,325.0,1.61,45.8,24.0,35.2,51.0,13.0,28.0,14.1,2.06
41,Calipatria/Mulberry,Imperial/Coachella Valley,2026-07-31,212,8.71,0.0,302.0,2.12,45.5,26.8,35.9,52.0,18.0,36.0,18.4,2.35
41,Calipatria/Mulberry,Imperial/Coachella Valley,2026-08-01,213,9.14,0.0,310.0,2.09,47.6,26.8,37.1,51.0,15.0,33.0,18.2,2.34
41,Calipatria/Mulberry,Imperial/Coachella Valley,2026-08-02,214,10.47,0.0,312.0,1.96,47.5,26.6,37.2,58.0,16.0,31.0,17.2,3.03
41,Calipatria/Mulberry,Imperial/Coachella Valley,2026-08-03,215,9.82,0.0,315.0,2.32,47.2,25.8,36.6,78.0,16.0,38.0,19.9,3.1
41,Calipatria/Mulberry,Imperial/Coachella Valley,2026-08-04,216,9.18,0.1,282.0,2.62,43.2,28.4,35.5,71.0,29.0,45.0,21.8,3.62
41,Calipatria/Mulberry,Imperial/Coachella Valley,2026-08-05,217,8.28,0.0,266.0,2.76,42.0,28.3,34.3,77.0,31.0,51.0,22.7,3.59
41,Calipatria/Mulberry,Imperial/Coachella Valley,2026-08-06,218,7.61,0.0,240.0,2.7,42.5,28.5,34.5,76.0,30.0,50.0,22.4,3.02
41,Calipatria/Mulberry,Imperial/Coachella Valley,2026-08-07,219,7.99,0.0,313.0,2.22,44.9,28.2,35.8,67.0,17.0,38.0,19.2,1.86
41,Calipatria/Mulberry,Imperial/Coachella Valley,2026-08-08,220,8.01,0.0,301.0,2.09,46.3,26.5,36.8,65.0,17.0,34.0,18.2,1.74
41,Calipatria/Mulberry,Imperial/Coachella Valley,2026-08-09,221,8.68,0.0,295.0,2.69,45.2,29.6,36.6,65.0,24.0,44.0,22.3,2.97
41,Calipatria/Mulberry,Imperial/Coachella Valley,2026-08-10,222,8.43,0.0,273.0,2.56,44.8,29.1,35.5,65.0,23.0,44.0,21.5,2.9
41,Calipatria/Mulberry,Imperial/Coachella Valley,2026-08-11,223,7.71,0.0,232.0,2.5,41.5,27.8,34.3,67.0,28.0,46.0,21.1,3.32
41,Calipatria/Mulberry,Imperial/Coachella Valley,2026-08-12,224,7.66,0.0,281.0,2.53,41.8,25.8,33.3,79.0,30.0,49.0,21.3,2.83
41,Calipatria/Mulberry,Imperial/Coachella Valley,2026-08-13,225,6.69,0.0,236.0,1.95,39.5,24.6,32.1,60.0,24.0,41.0,17.1,2.24
41,Calipatria/Mulberry,Imperial/Coachella Valley,2026-08-14,226,6.77,0.0,275.0,2.06,40.3,26.6,33.4,61.0,29.0,40.0,17.9,1.55
41,Calipatria/Mulberry,Imperial/Coachella Valley,2026-08-15,227,7.15,0.0,281.0,2.15,42.0,25.4,33.5,69.0,25.0,42.0,18.6,1.64
41,Calipatria/Mulberry,Imperial/Coachella Valley,2026-08-16,228,7.67,0.0,299.0,2.07,43.4,26.0,35.1,69.0,18.0,37.0,18.1,1.74
41,Calipatria/Mulberry,Imperial/Coachella Valley,2026-08-17,229,8.25,0.0,302.0,1.68,45.5,25.4,36.5,57.0,15.0,27.0,14.8,1.82
41,Calipatria/Mulberry,Imperial/Coachella Valley,2026-08-18,230,8.13,0.0,298.0,1.92,45.9,24.8,36.2,65.0,16.0,32.0,16.9,1.86
41,Calipatria/Mulberry,Imperial/Coachella Valley,2026-08-19,231,8.69,0.0,288.0,2.79,43.9,28.8,35.9,71.0,27.0,47.0,22.9,3.2
41,Calipatria/Mulberry,Imperial/Coachella Valley,2026-08-20,232,4.26,0.0,127.0,2.51,37.8,27.5,32.8,68.0,37.0,50.0,21.1,1.86
41,Calipatria/Mulberry,Imperial/Coachella Valley,2026-08-21,233,7.33,0.0,287.0,2.06,46.0,26.7,36.0,67.0,17.0,35.0,18.0,1.53
41,Calipatria/Mulberry,Imperial/Coachella Valley,2026-08-22,234,7.46,0.0,280.0,1.89,46.4,25.6,36.7,65.0,16.0,30.0,16.6,1.49
41,Calipatria/Mulberry,Imperial/Coachella Valley,2026-08-23,235,8.8,0.0,272.0,2.23,45.6,24.9,36.1,64.0,19.0,37.0,19.3,2.82
41,Calipatria/Mulberry,Imperial/Coachella Valley,2026-08-24,236,7.32,0.0,278.0,2.74,43.3,29.8,35.9,65.0,25.0,46.0,22.6,2.13
41,Calipatria/Mulberry,Imperial/Coachella Valley,2026-08-25,237,6.79,0.0,261.0,2.33,45.3,28.0,36.0,64.0,21.0,39.0,19.9,1.4
41,Calipatria/Mulberry,Imperial/Coachella Valley,2026-08-26,238,6.66,0.0,219.0,2.11,46.8,25.1,36.1,68.0,17.0,35.0,18.4,1.81
41,Calipatria/Mulberry,Imperial/Coachella Valley,2026-08-27,239,6.47,0.0,217.0,2.54,44.4,26.8,35.4,68.0,23.0,44.0,21.4,2.23
41,Calipatria/Mulberry,Imperial/Coachella Valley,2026-08-28,240,7.34,0.0,243.0,2.35,45.8,27.8,35.9,65.0,21.0,40.0,20.1,2.26
41,Calipatria/Mulberry,Imperial/Coachella Valley,2026-08-29,241,8.77,0.0,283.0,1.95,45.0,26.3,36.1,68.0,19.0,33.0,17.1,2.42
41,Calipatria/Mulberry,Imperial/Coachella Valley,2026-08-30,242,8.45,0.0,281.0,1.73,43.1,25.4,35.4,50.0,21.0,30.0,15.2,2.38
41,Calipatria/Mulberry,Imperial/Coachella Valley,2026-08-31,243,8.3,0.0,288.0,1.36,41.8,23.6,33.8,39.0,15.0,26.0,11.5,2.23
41,Calipatria/Mulberry,Imperial/Coachella Valley,2026-09-01,244,7.79,0.0,285.0,1.32,40.7,23.2,32.9,50.0,17.0,26.0,11.0,2.03
41,Calipatria/Mulberry,Imperial/Coachella Valley,2026-09-02,245,8.97,0.0,297.0,0.75,41.2,20.4,31.5,34.0,8.0,16.0,2.8,2.72
52,San Luis Obispo,Central Coast Valleys,2021-09-01,244,3.39,0.0,209.0,1.54,23.2,12.2,17.6,94.0,59.0,77.0,13.4,1.42
52,San Luis Obispo,Central Coast Valleys,2021-09-02,245,3.72,0.0,239.0,1.41,22.6,11.3,16.6,88.0,56.0,75.0,12.1,1.47
52,San Luis Obispo,Central Coast Valleys,2021-09-03,246,3.99,0.0,252.0,1.37,23.3,10.2,16.4,94.0,52.0,74.0,11.7,1.52
52,San Luis Obispo,Central Coast Valleys,2021-09-04,247,3.82,0.0,241.0,1.49,24.0,12.0,16.7,97.0,56.0,78.0,12.9,1.57
52,San Luis Obispo,Central Coast Valleys,2021-09-05,248,3.76,0.0,224.0,1.55,28.7,12.2,17.6,98.0,44.0,77.0,13.6,1.34
52,San Luis Obispo,Central Coast Valleys,2021-09-06,249,4.09,0.0,235.0,1.6,29.9,13.6,19.3,97.0,42.0,72.0,14.0,1.27
52,San Luis Obispo,Central Coast Valleys,2021-09-07,250,3.68,0.0,220.0,1.68,28.3,14.3,18.9,97.0,48.0,77.0,14.8,1.3
52,San Luis Obispo,Central Coast Valleys,2021-09-08,251,3.96,0.0,231.0,1.66,29.6,14.1,19.2,98.0,42.0,75.0,14.6,1.28
52,San Luis Obispo,Central Coast Valleys,2021-09-09,252,4.05,0.0,229.0,1.69,29.9,13.9,20.2,95.0,44.0,71.0,14.8,1.26
52,San Luis Obispo,Central Coast Valleys,2021-09-10,253,3.81,0.0,230.0,1.69,26.5,13.0,18.9,92.0,55.0,77.0,14.8,1.54
52,San Luis Obispo,Central Coast Valleys,2021-09-11,254,3.6,0.0,234.0,1.55,25.6,12.7,16.8,98.0,49.0,81.0,13.6,1.5
52,San Luis Obispo,Central Coast Valleys,2021-09-12,255,3.45,0.0,220.0,1.54,24.9,13.2,16.9,97.0,55.0,80.0,13.4,1.37
52,San Luis Obispo,Central Coast Valleys,2021-09-13,256,3.82,0.0,235.0,1.53,26.6,12.3,17.3,98.0,50.0,77.0,13.3,1.35
52,San Luis Obispo,Central Coast Valleys,2021-09-14,257,3.23,0.0,212.0,1.48,23.6,11.1,16.0,97.0,57.0,81.0,12.8,1.45
52,San Luis Obispo,Central Coast Valleys,2021-09-15,258,2.92,0.0,200.0,1.43,22.8,11.9,15.2,97.0,58.0,83.0,12.3,1.44
52,San Luis Obispo,Central Coast Valleys,2021-09-16,259,2.7,0.0,188.0,1.35,20.9,10.8,14.7,92.0,60.0,80.0,11.4,1.3
52,San Luis Obispo,Central Coast Valleys,2021-09-17,260,2.53,0.0,179.0,1.35,20.3,11.7,14.8,91.0,63.0,80.0,11.4,1.47
52,San Luis Obispo,Central Coast Valleys,2021-09-18,261,2.85,0.0,190.0,1.37,21.7,12.1,16.0,91.0,57.0,76.0,11.7,1.38
52,San Luis Obispo,Central Coast Valleys,2021-09-19,262,3.86,0.0,223.0,1.51,27.9,11.8,18.2,94.0,46.0,72.0,13.2,2.0
52,San Luis Obispo,Central Coast Valleys,2021-09-20,263,5.39,0.0,220.0,1.09,32.5,15.4,22.8,65.0,23.0,39.0,8.2,2.6
52,San Luis Obispo,Central Coast Valleys,2021-09-21,264,3.92,0.0,222.0,1.39,27.9,12.9,19.2,86.0,44.0,63.0,11.9,1.16
52,San Luis Obispo,Central Coast Valleys,2021-09-22,265,3.4,0.0,220.0,1.46,27.3,11.4,16.3,95.0,45.0,79.0,12.6,1.43
52,San Luis Obispo,Central Coast Valleys,2021-09-23,266,3.13,0.0,200.0,1.45,25.6,12.1,15.9,97.0,51.0,80.0,12.5,1.36
52,San Luis Obispo,Central Coast Valleys,2021-09-24,267,2.63,0.0,172.0,1.47,23.4,12.4,15.8,96.0,58.0,82.0,12.8,1.21
52,San Luis Obispo,Central Coast Valleys,2021-09-25,268,2.5,0.0,163.0,1.45,22.8,11.3,15.3,97.0,57.0,83.0,12.5,1.33
52,San Luis Obispo,Central Coast Valleys,2021-09-26,269,1.93,0.0,131.0,1.41,19.6,12.1,15.0,94.0,65.0,82.0,12.0,1.29
52,San Luis Obispo,Central Coast Valleys,2021-09-27,270,2.19,0.0,152.0,1.49,22.5,11.9,15.7,95.0,60.0,83.0,12.9,1.26
52,San Luis Obispo,Central Coast Valleys,2021-09-28,271,3.84,0.0,207.0,1.25,23.7,12.7,18.1,97.0,37.0,60.0,10.3,2.35
52,San Luis Obispo,Central Coast Valleys,2021-09-29,272,4.14,0.0,211.0,0.99,27.3,10.1,17.2,88.0,18.0,51.0,6.8,1.87
52,San Luis Obispo,Central Coast Valleys,2021-09-30,273,5.72,0.0,213.0,0.72,33.4,11.6,22.6,44.0,11.0,26.0,2.3,2.73
52,San Luis Obispo,Central Coast Valleys,2021-10-01,274,3.91,0.0,211.0,0.92,30.1,8.9,17.4,90.0,23.0,46.0,5.8,1.05
52,San Luis Obispo,Central Coast Valleys,2021-10-02,275,3.65,0.0,206.0,1.08,28.5,7.6,16.4,94.0,26.0,58.0,8.0,1.01
52,San Luis Obispo,Central Coast Valleys,2021-10-03,276,3.78,0.0,203.0,1.04,30.5,9.0,18.4,89.0,24.0,49.0,7.6,1.04
52,San Luis Obispo,Central Coast Valleys,2021-10-04,277,2.58,0.0,122.0,0.98,28.3,10.8,18.5,74.0,21.0,46.0,6.7,0.95
52,San Luis Obispo,Central Coast Valleys,2021-10-05,278,3.26,0.0,195.0,1.4,27.0,12.5,17.7,93.0,42.0,69.0,11.9,1.24
52,San Luis Obispo,Central Coast Valleys,2021-10-06,279,2.69,0.0,177.0,1.4,22.8,12.6,15.7,93.0,50.0,79.0,12.0,1.37
52,San Luis Obispo,Central Coast Valleys,2021-10-07,280,2.6,0.0,172.0,1.34,22.0,12.3,15.5,93.0,59.0,76.0,11.3,1.52
52,San Luis Obispo,Central Coast Valleys,2021-10-08,281,2.58,0.0,168.0,1.13,18.9,9.3,14.2,87.0,46.0,69.0,8.7,1.57
52,San Luis Obispo,Central Coast Valleys,2021-10-09,282,3.45,0.0,193.0,1.01,23.8,11.5,15.7,84.0,29.0,57.0,7.2,2.05
52,San Luis Obispo,Central Coast Valleys,2021-10-10,283,4.26,0.0,195.0,1.02,27.6,10.6,17.8,93.0,25.0,50.0,7.2,2.48
52,San Luis Obispo,Central Coast Valleys,2021-10-11,284,3.33,0.0,192.0,0.98,20.6,9.8,13.9,96.0,23.0,62.0,6.7,2.27
52,San Luis Obispo,Central Coast Valleys,2021-10-12,285,3.52,0.0,195.0,0.63,19.9,6.2,13.5,78.0,16.0,41.0,0.5,1.75
52,San Luis Obispo,Central Coast Valleys,2021-10-13,286,3.2,0.0,188.0,0.85,20.9,8.6,14.3,97.0,24.0,52.0,4.6,1.58
52,San Luis Obispo,Central Coast Valleys,2021-10-14,287,4.55,0.0,188.0,0.76,25.5,9.5,19.1,97.0,19.0,34.0,2.9,2.34
52,San Luis Obispo,Central Coast Valleys,2021-10-15,288,5.03,0.0,189.0,0.59,31.1,12.8,21.6,38.0,13.0,23.0,-0.5,2.43
52,San Luis Obispo,Central Coast Valleys,2021-10-16,289,4.64,0.0,192.0,0.44,30.4,9.7,20.7,34.0,9.0,18.0,-4.5,1.59
52,San Luis Obispo,Central Coast Valleys,2021-10-17,290,2.84,0.5,177.0,0.96,21.1,7.5,14.2,91.0,30.0,59.0,6.4,1.47
52,San Luis Obispo,Central Coast Valleys,2021-10-18,291,2.71,0.0,182.0,0.98,17.8,7.1,12.7,87.0,42.0,67.0,6.7,1.8
52,San Luis Obispo,Central Coast Valleys,2021-10-19,292,3.07,0.0,181.0,0.8,19.6,8.8,14.1,65.0,38.0,50.0,3.8,1.69
52,San Luis Obispo,Central Coast Valleys,2021-10-20,293,2.71,0.0,162.0,0.91,22.8,6.3,14.0,79.0,28.0,57.0,5.6,1.1
52,San Luis Obispo,Central Coast Valleys,2021-10-21,294,2.13,0.0,145.0,1.48,23.2,11.7,15.8,96.0,62.0,83.0,12.8,1.18
52,San Luis Obispo,Central Coast Valleys,2021-10-22,295,1.38,0.3,85.0,1.55,21.2,12.6,15.7,97.0,63.0,87.0,13.5,1.18
52,San Luis Obispo,Central Coast Valleys,2021-10-23,296,2.3,0.1,154.0,1.24,20.1,9.8,14.1,96.0,54.0,77.0,10.2,1.62
52,San Luis Obispo,Central Coast Valleys,2021-10-24,297,0.43,5.6,36.0,1.46,17.9,9.9,14.4,97.0,69.0,89.0,12.6,1.51
52,San Luis Obispo,Central Coast Valleys,2021-10-25,298,1.45,48.0,111.0,1.4,17.6,8.5,13.7,99.0,67.0,89.0,11.9,1.77
52,San Luis Obispo,Central Coast Valleys,2021-10-26,299,2.54,0.0,162.0,1.08,20.0,9.2,14.1,89.0,44.0,67.0,8.2,1.71
52,San Luis Obispo,Central Coast Valleys,2021-10-27,300,3.49,0.0,158.0,1.14,24.1,13.4,19.0,61.0,40.0,52.0,8.9,2.55
52,San Luis Obispo,Central Coast Valleys,2021-10-28,301,4.3,0.0,159.0,1.26,31.2,14.3,20.8,84.0,27.0,51.0,10.3,3.76
52,San Luis Obispo,Central Coast Valleys,2021-10-29,302,3.06,0.0,158.0,1.32,28.4,12.8,19.2,97.0,34.0,59.0,11.1,1.43
52,San Luis Obispo,Central Coast Valleys,2021-10-30,303,1.4,0.1,103.0,1.44,20.2,11.5,13.9,99.0,68.0,91.0,12.4,1.1
52,San Luis Obispo,Central Coast Valleys,2021-10-31,304,1.97,0.1,134.0,1.24,19.8,9.7,13.9,98.0,49.0,78.0,10.1,1.13
52,San Luis Obispo,Central Coast Valleys,2021-11-01,305,1.07,0.0,71.0,1.34,19.5,10.5,14.7,91.0,65.0,80.0,11.3,1.04
52,San Luis Obispo,Central Coast Valleys,2021-11-02,306,2.13,0.0,147.0,1.53,21.9,10.7,15.6,98.0,68.0,87.0,13.3,1.19
52,San Luis Obispo,Central Coast Valleys,2021-11-03,307,2.92,0.0,147.0,1.5,27.2,12.8,18.4,96.0,43.0,71.0,13.0,2.71
52,San Luis Obispo,Central Coast Valleys,2021-11-04,308,2.6,0.0,145.0,1.43,25.6,11.0,17.4,97.0,50.0,72.0,12.3,1.77
52,San Luis Obispo,Central Coast Valleys,2021-11-05,309,2.86,0.0,150.0,1.26,25.9,10.2,16.9,94.0,39.0,66.0,10.4,2.33
52,San Luis Obispo,Central Coast Valleys,2021-11-06,310,2.8,0.0,145.0,1.21,22.6,9.4,16.3,97.0,48.0,66.0,9.8,2.65
52,San Luis Obispo,Central Coast Valleys,2021-11-07,311,3.48,0.0,137.0,0.87,20.3,13.2,16.2,69.0,33.0,47.0,5.0,3.96
52,San Luis Obispo,Central Coast Valleys,2021-11-08,312,2.76,0.1,141.0,0.98,21.8,11.2,14.6,88.0,37.0,59.0,6.7,2.69
52,San Luis Obispo,Central Coast Valleys,2021-11-09,313,0.25,8.7,30.0,1.5,16.9,10.8,13.9,98.0,78.0,94.0,13.0,0.84
52,San Luis Obispo,Central Coast Valleys,2021-11-10,314,2.72,0.1,143.0,1.24,21.9,12.4,17.8,99.0,23.0,61.0,10.2,2.11
52,San Luis Obispo,Central Coast Valleys,2021-11-11,315,3.4,0.0,141.0,1.07,25.0,15.2,19.9,64.0,26.0,46.0,7.9,2.52
52,San Luis Obispo,Central Coast Valleys,2021-11-12,316,5.21,0.0,143.0,1.13,28.7,18.3,22.1,51.0,30.0,42.0,8.7,5.91
52,San Luis Obispo,Central Coast Valleys,2021-11-13,317,4.97,0.0,144.0,1.11,28.5,17.9,22.5,52.0,31.0,41.0,8.5,4.67
52,San Luis Obispo,Central Coast Valleys,2021-11-14,318,3.15,0.0,144.0,1.0,31.0,10.8,20.5,72.0,23.0,42.0,7.0,1.57
52,San Luis Obispo,Central Coast Valleys,2021-11-15,319,2.16,0.0,130.0,1.06,28.1,8.3,14.4,96.0,28.0,64.0,7.8,0.91
52,San Luis Obispo,Central Coast Valleys,2021-11-16,320,2.23,0.0,128.0,1.22,24.3,8.3,14.2,99.0,35.0,76.0,9.9,1.46
52,San Luis Obispo,Central Coast Valleys,2021-11-17,321,1.79,0.0,132.0,1.18,19.2,8.0,12.4,97.0,57.0,82.0,9.3,1.18
52,San Luis Obispo,Central Coast Valleys,2021-11-18,322,1.41,0.0,114.0,1.2,17.6,6.6,11.4,97.0,72.0,89.0,9.6,1.06
52,San Luis Obispo,Central Coast Valleys,2021-11-19,323,1.57,0.0,114.0,1.31,19.5,10.9,13.4,98.0,61.0,85.0,11.0,1.31
52,San Luis Obispo,Central Coast Valleys,2021-11-20,324,2.69,0.0,121.0,1.21,19.8,10.5,16.2,98.0,53.0,66.0,9.8,4.14
52,San Luis Obispo,Central Coast Valleys,2021-11-21,325,4.22,0.0,133.0,0.81,27.4,13.6,19.9,60.0,18.0,35.0,4.0,4.33
52,San Luis Obispo,Central Coast Valleys,2021-11-22,326,3.37,0.0,133.0,0.61,27.9,9.8,18.7,65.0,14.0,28.0,0.0,1.78
52,San Luis Obispo,Central Coast Valleys,2021-11-23,327,3.09,0.0,132.0,0.74,24.8,9.5,17.2,84.0,15.0,38.0,2.6,1.93
52,San Luis Obispo,Central Coast Valleys,2021-11-24,328,3.42,0.0,135.0,0.58,21.5,11.4,16.1,60.0,16.0,32.0,-0.7,2.65
52,San Luis Obispo,Central Coast Valleys,2021-11-25,329,3.47,0.0,137.0,0.44,24.4,6.1,16.7,50.0,11.0,23.0,-4.4,2.1
52,San Luis Obispo,Central Coast Valleys,2021-11-26,330,3.77,0.0,127.0,0.41,23.5,10.4,18.0,32.0,13.0,20.0,-5.4,2.58
52,San Luis Obispo,Central Coast Valleys,2021-11-27,331,3.7,0.0,130.0,0.43,26.5,9.2,17.6,49.0,11.0,21.0,-4.7,2.41
52,San Luis Obispo,Central Coast Valleys,2021-11-28,332,2.28,0.0,130.0,0.63,26.9,6.7,13.8,65.0,16.0,40.0,0.4,0.92
52,San Luis Obispo,Central Coast Valleys,2021-11-29,333,3.19,0.0,130.0,0.7,28.0,6.1,16.0,67.0,16.0,39.0,1.9,1.81
52,San Luis Obispo,Central Coast Valleys,2021-11-30,334,4.85,0.0,129.0,0.63,29.1,12.6,21.3,60.0,15.0,25.0,0.4,3.42
52,San Luis Obispo,Central Coast Valleys,2021-12-01,335,2.37,0.0,130.0,0.76,30.2,7.5,16.0,65.0,15.0,42.0,3.0,0.93
52,San Luis Obispo,Central Coast Valleys,2021-12-02,336,1.55,0.0,116.0,0.99,19.5,5.1,10.6,96.0,50.0,77.0,6.9,1.01
52,San Luis Obispo,Central Coast Valleys,2021-12-03,337,0.63,0.0,52.0,1.13,13.5,8.8,10.3,98.0,80.0,90.0,8.7,1.29
52,San Luis Obispo,Central Coast Valleys,2021-12-04,338,1.6,0.0,117.0,1.06,16.9,8.0,11.9,88.0,60.0,76.0,7.8,1.62
52,San Luis Obispo,Central Coast Valleys,2021-12-05,339,2.76,0.0,120.0,0.87,23.2,11.3,16.2,70.0,32.0,47.0,4.9,2.44
52,San Luis Obispo,Central Coast Valleys,2021-12-06,340,1.87,0.0,86.0,0.95,21.2,10.8,14.7,91.0,30.0,57.0,6.2,1.55
52,San Luis Obispo,Central Coast Valleys,2021-12-07,341,1.13,0.2,79.0,1.25,18.3,8.6,12.8,95.0,62.0,85.0,10.2,1.01
52,San Luis Obispo,Central Coast Valleys,2021-12-08,342,1.34,0.1,101.0,1.19,17.5,6.4,11.9,96.0,67.0,85.0,9.5,1.09
52,San Luis Obispo,Central Coast Valleys,2021-12-09,343,1.16,3.7,87.0,1.06,14.7,5.5,10.6,96.0,58.0,83.0,7.9,1.31
52,San Luis Obispo,Central Coast Valleys,2021-12-10,344,1.91,0.0,111.0,0.73,15.7,5.3,10.6,89.0,35.0,57.0,2.5,1.98
52,San Luis Obispo,Central Coast Valleys,2021-12-11,345,1.81,0.0,115.0,0.7,17.8,3.2,9.7,86.0,30.0,58.0,1.8,1.48
52,San Luis Obispo,Central Coast Valleys,2021-12-12,346,1.45,0.0,105.0,0.8,16.5,0.6,8.1,93.0,39.0,74.0,3.7,0.96
52,San Luis Obispo,Central Coast Valleys,2021-12-13,347,0.25,76.1,22.0,1.12,12.8,8.4,10.8,99.0,63.0,87.0,8.7,1.99
52,San Luis Obispo,Central Coast Valleys,2021-12-14,348,0.45,23.3,43.0,0.98,13.0,1.7,8.0,99.0,68.0,91.0,6.7,1.38
52,San Luis Obispo,Central Coast Valleys,2021-12-15,349,1.31,0.0,109.0,0.75,13.8,0.8,6.3,98.0,45.0,78.0,2.8,0.9
52,San Luis Obispo,Central Coast Valleys,2021-12-16,350,0.61,12.6,51.0,1.12,14.6,5.6,10.2,97.0,71.0,90.0,8.6,1.27
52,San Luis Obispo,Central Coast Valleys,2021-12-17,351,1.95,0.0,116.0,0.82,13.5,7.7,9.9,74.0,59.0,67.0,4.1,4.36
52,San Luis Obispo,Central Coast Valleys,2021-12-18,352,1.81,0.0,116.0,0.77,16.6,3.7,8.7,94.0,42.0,68.0,3.2,2.52
52,San Luis Obispo,Central Coast Valleys,2021-12-19,353,1.42,0.0,115.0,0.81,15.1,0.5,6.7,98.0,47.0,82.0,3.9,0.9
52,San Luis Obispo,Central Coast Valleys,2021-12-20,354,0.83,0.0,63.0,0.89,12.9,4.9,8.6,96.0,59.0,80.0,5.3,0.8
52,San Luis Obispo,Central Coast Valleys,2021-12-21,355,1.45,0.0,103.0,0.75,17.6,2.8,8.4,93.0,33.0,68.0,2.9,0.79
52,San Luis Obispo,Central Coast Valleys,2021-12-22,356,0.08,17.4,16.0,1.18,14.5,5.4,11.6,96.0,65.0,86.0,9.4,0.78
52,San Luis Obispo,Central Coast Valleys,2021-12-23,357,0.0,65.0,6.0,1.49,13.8,12.8,13.3,99.0,95.0,98.0,12.9,1.3
52,San Luis Obispo,Central Coast Valleys,2021-12-24,358,1.1,11.5,94.0,1.23,14.8,8.6,11.9,99.0,70.0,89.0,10.0,1.36
52,San Luis Obispo,Central Coast Valleys,2021-12-25,359,0.98,13.8,66.0,0.97,13.5,5.8,9.6,97.0,59.0,81.0,6.5,1.5
52,San Luis Obispo,Central Coast Valleys,2021-12-26,360,1.41,1.2,117.0,0.83,14.4,2.6,7.8,96.0,49.0,78.0,4.2,1.03
52,San Luis Obispo,Central Coast Valleys,2021-12-27,361,0.62,7.3,59.0,0.91,12.6,2.5,7.2,96.0,75.0,90.0,5.7,1.08
52,San Luis Obispo,Central Coast Valleys,2021-12-28,362,1.45,0.0,120.0,0.8,14.0,3.6,7.7,94.0,54.0,76.0,3.8,1.17
52,San Luis Obispo,Central Coast Valleys,2021-12-29,363,0.02,24.9,17.0,1.07,11.0,6.8,8.9,98.0,84.0,94.0,7.9,0.95
52,San Luis Obispo,Central Coast Valleys,2021-12-30,364,1.6,0.1,100.0,1.0,15.2,7.6,10.9,99.0,65.0,77.0,7.0,3.13
52,San Luis Obispo,Central Coast Valleys,2021-12-31,365,1.51,0.0,96.0,0.84,12.9,6.3,9.9,84.0,54.0,69.0,4.4,2.44
52,San Luis Obispo,Central Coast Valleys,2022-01-01,1,1.78,0.0,114.0,0.65,14.2,2.6,8.2,89.0,38.0,60.0,0.9,1.69
52,San Luis Obispo,Central Coast Valleys,2022-01-02,2,1.58,0.0,116.0,0.72,17.5,0.7,7.4,96.0,27.0,70.0,2.2,0.83
52,San Luis Obispo,Central Coast Valleys,2022-01-03,3,0.98,0.0,79.0,0.87,13.8,1.5,7.0,98.0,71.0,87.0,5.0,0.93
52,San Luis Obispo,Central Coast Valleys,2022-01-04,4,1.71,0.0,115.0,0.99,18.4,3.9,10.8,98.0,52.0,77.0,6.8,1.65
52,San Luis Obispo,Central Coast Valleys,2022-01-05,5,2.08,2.2,112.0,1.04,18.0,10.9,14.7,72.0,53.0,62.0,7.5,2.22
52,San Luis Obispo,Central Coast Valleys,2022-01-06,6,2.19,0.0,118.0,1.15,20.9,10.1,14.3,99.0,48.0,71.0,9.0,2.67
52,San Luis Obispo,Central Coast Valleys,2022-01-07,7,0.87,0.0,65.0,1.16,14.2,7.6,11.1,98.0,69.0,88.0,9.2,1.28
52,San Luis Obispo,Central Coast Valleys,2022-01-08,8,1.97,0.0,115.0,1.0,16.3,9.2,12.8,95.0,53.0,67.0,6.9,2.61
52,San Luis Obispo,Central Coast Valleys,2022-01-09,9,1.72,0.0,121.0,0.91,20.9,4.9,10.9,92.0,40.0,70.0,5.6,0.95
52,San Luis Obispo,Central Coast Valleys,2022-01-10,10,2.7,0.0,98.0,0.68,22.3,4.9,13.7,95.0,24.0,43.0,1.4,2.2
52,San Luis Obispo,Central Coast Valleys,2022-01-11,11,3.75,0.0,127.0,0.55,23.1,10.0,16.4,37.0,21.0,30.0,-1.4,3.37
52,San Luis Obispo,Central Coast Valleys,2022-01-12,12,1.83,0.0,103.0,0.7,24.7,5.7,13.7,66.0,15.0,45.0,1.9,0.91
52,San Luis Obispo,Central Coast Valleys,2022-01-13,13,1.72,0.0,64.0,0.82,21.3,10.1,15.0,64.0,34.0,48.0,4.2,1.49
52,San Luis Obispo,Central Coast Valleys,2022-01-14,14,2.83,0.0,119.0,0.84,21.0,10.0,15.9,63.0,31.0,47.0,4.5,2.88
52,San Luis Obispo,Central Coast Valleys,2022-01-15,15,1.32,0.0,50.0,0.88,18.2,10.0,14.6,71.0,39.0,53.0,5.1,1.62
52,San Luis Obispo,Central Coast Valleys,2022-01-16,16,1.94,0.0,79.0,0.91,20.2,10.3,16.1,78.0,37.0,50.0,5.6,1.5
52,San Luis Obispo,Central Coast Valleys,2022-01-17,17,1.43,0.0,88.0,1.04,18.5,8.2,13.0,87.0,49.0,70.0,7.5,0.97
52,San Luis Obispo,Central Coast Valleys,2022-01-18,18,1.73,0.2,133.0,1.24,18.2,9.3,12.6,97.0,64.0,85.0,10.1,1.22
52,San Luis Obispo,Central Coast Valleys,2022-01-19,19,2.41,0.1,130.0,0.95,20.0,5.5,13.6,99.0,41.0,61.0,6.3,1.8
52,San Luis Obispo,Central Coast Valleys,2022-01-20,20,2.38,0.0,133.0,0.98,24.6,7.7,14.5,86.0,30.0,59.0,6.7,1.83
52,San Luis Obispo,Central Coast Valleys,2022-01-21,21,2.96,0.0,128.0,0.89,19.3,7.2,14.7,91.0,30.0,53.0,5.2,3.16
52,San Luis Obispo,Central Coast Valleys,2022-01-22,22,2.79,0.0,142.0,0.69,21.4,6.4,13.3,81.0,26.0,45.0,1.6,1.9
52,San Luis Obispo,Central Coast Valleys,2022-01-23,23,2.49,0.0,142.0,0.69,22.5,2.7,11.6,85.0,18.0,50.0,1.6,1.22
52,San Luis Obispo,Central Coast Valleys,2022-01-24,24,2.74,0.0,144.0,0.74,20.6,7.1,13.3,81.0,22.0,48.0,2.6,1.86
52,San Luis Obispo,Central Coast Valleys,2022-01-25,25,2.67,0.0,143.0,0.79,20.7,5.1,13.0,94.0,34.0,53.0,3.6,1.77
52,San Luis Obispo,Central Coast Valleys,2022-01-26,26,1.99,0.0,142.0,0.84,18.9,2.6,9.2,96.0,41.0,72.0,4.5,0.93
52,San Luis Obispo,Central Coast Valleys,2022-01-27,27,2.66,0.0,143.0,0.74,20.9,4.3,12.6,89.0,31.0,51.0,2.7,1.81
52,San Luis Obispo,Central Coast Valleys,2022-01-28,28,2.41,0.0,147.0,0.64,23.1,4.3,11.5,81.0,20.0,47.0,0.7,1.06
52,San Luis Obispo,Central Coast Valleys,2022-01-29,29,2.58,0.0,83.0,0.51,19.3,7.5,14.5,45.0,21.0,31.0,-2.4,2.39
52,San Luis Obispo,Central Coast Valleys,2022-01-30,30,2.92,0.0,154.0,0.69,21.8,5.7,13.3,89.0,20.0,45.0,1.6,1.75
52,San Luis Obispo,Central Coast Valleys,2022-01-31,31,2.54,0.0,95.0,0.63,18.6,5.9,14.7,88.0,29.0,38.0,0.4,2.02
52,San Luis Obispo,Central Coast Valleys,2022-02-01,32,2.96,0.0,155.0,0.61,16.4,8.2,12.8,61.0,29.0,41.0,-0.1,2.35
52,San Luis Obispo,Central Coast Valleys,2022-02-02,33,3.1,0.0,160.0,0.39,17.3,4.8,11.3,55.0,18.0,29.0,-5.9,1.98
52,San Luis Obispo,Central Coast Valleys,2022-02-03,34,2.47,0.0,148.0,0.65,19.4,4.8,10.7,91.0,23.0,50.0,0.8,1.45
52,San Luis Obispo,Central Coast Valleys,2022-02-04,35,2.67,0.0,158.0,0.68,21.8,2.1,10.6,91.0,25.0,53.0,1.5,1.38
52,San Luis Obispo,Central Coast Valleys,2022-02-05,36,4.13,0.0,161.0,0.52,21.4,11.2,16.2,34.0,22.0,28.0,-2.2,3.02
52,San Luis Obispo,Central Coast Valleys,2022-02-06,37,3.15,0.0,167.0,0.67,24.0,5.4,13.6,80.0,22.0,43.0,1.3,1.7
52,San Luis Obispo,Central Coast Valleys,2022-02-07,38,2.57,0.0,168.0,0.76,23.9,2.1,10.9,88.0,24.0,58.0,3.0,0.98
52,San Luis Obispo,Central Coast Valleys,2022-02-08,39,4.67,0.0,164.0,0.66,25.0,3.6,16.9,80.0,20.0,34.0,1.2,3.63
52,San Luis Obispo,Central Coast Valleys,2022-02-09,40,5.32,0.0,170.0,0.57,28.7,15.5,21.7,26.0,16.0,22.0,-0.9,3.48
52,San Luis Obispo,Central Coast Valleys,2022-02-10,41,4.63,0.0,173.0,0.64,29.1,11.5,20.0,59.0,16.0,27.0,0.6,2.44
52,San Luis Obispo,Central Coast Valleys,2022-02-11,42,3.86,0.0,43.0,0.95,28.7,12.0,18.8,62.0,23.0,44.0,6.3,1.41
52,San Luis Obispo,Central Coast Valleys,2022-02-12,43,3.36,0.0,189.0,0.82,28.7,7.6,16.6,74.0,18.0,44.0,4.2,0.99
52,San Luis Obispo,Central Coast Valleys,2022-02-13,44,3.16,0.0,191.0,0.89,27.4,7.2,14.7,92.0,24.0,53.0,5.3,0.95
52,San Luis Obispo,Central Coast Valleys,2022-02-14,45,1.87,0.0,161.0,1.1,16.1,5.0,10.3,97.0,72.0,88.0,8.4,1.25
52,San Luis Obispo,Central Coast Valleys,2022-02-15,46,2.24,0.0,154.0,0.82,14.7,5.5,10.5,87.0,40.0,64.0,4.1,2.11
52,San Luis Obispo,Central Coast Valleys,2022-02-16,47,2.76,0.0,188.0,0.72,17.9,1.4,9.3,90.0,30.0,61.0,2.3,1.44
52,San Luis Obispo,Central Coast Valleys,2022-02-17,48,2.82,0.0,190.0,0.72,20.1,2.7,10.2,86.0,34.0,58.0,2.3,1.18
52,San Luis Obispo,Central Coast Valleys,2022-02-18,49,2.95,0.0,190.0,0.73,21.4,4.7,11.8,83.0,30.0,52.0,2.4,1.35
52,San Luis Obispo,Central Coast Valleys,2022-02-19,50,2.54,0.0,192.0,0.9,18.5,1.7,9.0,96.0,50.0,78.0,5.5,1.1
52,San Luis Obispo,Central Coast Valleys,2022-02-20,51,1.93,0.1,158.0,1.04,16.4,3.2,9.7,98.0,70.0,87.0,7.6,1.2
52,San Luis Obispo,Central Coast Valleys,2022-02-21,52,2.5,0.0,192.0,0.83,15.7,5.6,10.4,84.0,47.0,66.0,4.3,1.53
52,San Luis Obispo,Central Coast Valleys,2022-02-22,53,2.13,0.1,177.0,0.75,12.5,3.3,7.8,91.0,51.0,70.0,2.8,1.37
52,San Luis Obispo,Central Coast Valleys,2022-02-23,54,2.43,0.0,184.0,0.58,13.4,-0.1,6.8,90.0,37.0,59.0,-0.6,1.63
52,San Luis Obispo,Central Coast Valleys,2022-02-24,55,2.93,0.0,207.0,0.5,14.8,-0.5,7.6,80.0,20.0,48.0,-2.7,1.68
52,San Luis Obispo,Central Coast Valleys,2022-02-25,56,3.33,0.0,206.0,0.54,18.1,5.1,10.5,64.0,23.0,42.0,-1.8,1.97
52,San Luis Obispo,Central Coast Valleys,2022-02-26,57,3.28,0.0,175.0,0.53,19.2,6.2,12.8,50.0,20.0,36.0,-2.1,1.99
52,San Luis Obispo,Central Coast Valleys,2022-02-27,58,4.59,0.0,196.0,0.45,21.9,8.6,15.8,46.0,15.0,25.0,-4.0,3.01
52,San Luis Obispo,Central Coast Valleys,2022-02-28,59,6.25,0.0,219.0,0.58,25.8,15.3,20.7,28.0,17.0,24.0,-0.7,4.03
52,San Luis Obispo,Central Coast Valleys,2022-03-01,60,6.3,0.0,214.0,0.76,28.0,16.1,21.7,48.0,18.0,29.0,3.0,4.42
52,San Luis Obispo,Central Coast Valleys,2022-03-02,61,4.87,0.0,224.0,0.88,27.2,9.0,18.4,81.0,23.0,41.0,5.0,2.51
52,San Luis Obispo,Central Coast Valleys,2022-03-03,62,2.51,0.0,160.0,0.89,21.2,6.7,12.3,88.0,36.0,62.0,5.3,1.12
52,San Luis Obispo,Central Coast Valleys,2022-03-04,63,0.74,0.0,60.0,0.93,12.6,5.7,10.4,87.0,63.0,73.0,5.8,1.31
52,San Luis Obispo,Central Coast Valleys,2022-03-05,64,2.69,0.6,223.0,0.75,14.0,3.8,8.3,93.0,50.0,68.0,2.8,1.81
52,San Luis Obispo,Central Coast Valleys,2022-03-06,65,2.84,0.0,225.0,0.82,15.6,1.8,9.0,90.0,39.0,72.0,4.2,1.56
52,San Luis Obispo,Central Coast Valleys,2022-03-07,66,3.53,0.0,222.0,0.7,19.7,5.8,11.7,80.0,29.0,51.0,2.0,2.25
52,San Luis Obispo,Central Coast Valleys,2022-03-08,67,3.7,0.0,228.0,0.68,20.6,4.7,12.2,76.0,27.0,48.0,1.4,1.52
52,San Luis Obispo,Central Coast Valleys,2022-03-09,68,3.23,0.0,228.0,0.86,20.7,3.0,10.4,88.0,36.0,68.0,4.8,1.24
52,San Luis Obispo,Central Coast Valleys,2022-03-10,69,3.54,0.0,234.0,0.78,19.7,4.4,12.6,92.0,18.0,54.0,3.4,1.87
52,San Luis Obispo,Central Coast Valleys,2022-03-11,70,3.96,0.0,236.0,0.52,21.7,5.7,13.9,56.0,19.0,33.0,-2.2,1.35
52,San Luis Obispo,Central Coast Valleys,2022-03-12,71,3.45,0.0,241.0,0.78,20.3,3.7,11.0,89.0,33.0,59.0,3.3,1.33
52,San Luis Obispo,Central Coast Valleys,2022-03-13,72,3.0,0.0,233.0,1.09,18.7,5.4,11.4,95.0,52.0,80.0,8.2,1.53
52,San Luis Obispo,Central Coast Valleys,2022-03-14,73,4.07,0.0,239.0,0.92,22.8,6.9,13.9,96.0,32.0,58.0,5.7,2.21
52,San Luis Obispo,Central Coast Valleys,2022-03-15,74,2.69,0.0,185.0,1.23,22.4,7.0,13.0,97.0,53.0,82.0,10.0,1.56
52,San Luis Obispo,Central Coast Valleys,2022-03-16,75,3.62,0.0,241.0,1.05,21.3,7.7,13.6,97.0,41.0,67.0,7.7,2.14
52,San Luis Obispo,Central Coast Valleys,2022-03-17,76,3.09,0.0,199.0,1.06,20.5,8.0,14.0,92.0,44.0,66.0,7.8,1.74
52,San Luis Obispo,Central Coast Valleys,2022-03-18,77,4.05,0.0,241.0,0.95,24.1,7.6,15.2,93.0,31.0,55.0,6.2,1.76
52,San Luis Obispo,Central Coast Valleys,2022-03-19,78,1.31,0.9,91.0,1.17,15.8,9.2,11.9,94.0,71.0,84.0,9.3,1.28
52,San Luis Obispo,Central Coast Valleys,2022-03-20,79,3.21,0.0,230.0,0.97,17.6,7.6,12.5,89.0,37.0,67.0,6.5,1.84
52,San Luis Obispo,Central Coast Valleys,2022-03-21,80,4.28,0.0,243.0,0.81,22.0,9.1,14.8,76.0,26.0,48.0,4.0,2.42
52,San Luis Obispo,Central Coast Valleys,2022-03-22,81,5.08,0.0,250.0,0.97,30.0,10.7,19.8,75.0,24.0,42.0,6.5,1.87
52,San Luis Obispo,Central Coast Valleys,2022-03-23,82,3.93,0.0,253.0,1.2,25.3,7.7,14.7,95.0,46.0,72.0,9.7,1.15
52,San Luis Obispo,Central Coast Valleys,2022-03-24,83,3.76,0.0,250.0,1.18,24.4,6.9,13.4,97.0,48.0,77.0,9.4,1.22
52,San Luis Obispo,Central Coast Valleys,2022-03-25,84,3.1,0.0,223.0,1.21,21.2,8.3,12.6,98.0,59.0,83.0,9.7,1.24
52,San Luis Obispo,Central Coast Valleys,2022-03-26,85,3.36,0.0,244.0,1.18,21.3,7.9,12.5,99.0,55.0,81.0,9.4,1.33
52,San Luis Obispo,Central Coast Valleys,2022-03-27,86,2.05,0.0,139.0,1.1,16.4,9.6,12.6,96.0,61.0,75.0,8.4,2.17
52,San Luis Obispo,Central Coast Valleys,2022-03-28,87,1.88,17.1,133.0,1.14,15.9,10.2,12.8,93.0,62.0,77.0,8.9,1.62
52,San Luis Obispo,Central Coast Valleys,2022-03-29,88,3.12,0.0,246.0,1.14,17.1,6.5,12.0,95.0,64.0,81.0,8.9,1.51
52,San Luis Obispo,Central Coast Valleys,2022-03-30,89,3.11,0.0,255.0,1.16,17.6,7.6,11.9,95.0,69.0,83.0,9.2,1.84
52,San Luis Obispo,Central Coast Valleys,2022-03-31,90,3.09,0.0,241.0,1.11,17.6,6.6,11.4,97.0,64.0,82.0,8.5,1.66
52,San Luis Obispo,Central Coast Valleys,2022-04-01,91,3.64,0.0,259.0,1.15,21.4,6.7,12.6,97.0,49.0,79.0,9.0,1.44
52,San Luis Obispo,Central Coast Valleys,2022-04-02,92,2.89,0.0,234.0,1.21,17.2,7.9,11.9,99.0,71.0,87.0,9.8,1.51
52,San Luis Obispo,Central Coast Valleys,2022-04-03,93,2.39,0.0,195.0,1.2,16.3,7.7,11.6,97.0,74.0,88.0,9.6,1.38
52,San Luis Obispo,Central Coast Valleys,2022-04-04,94,4.76,0.0,266.0,0.93,24.5,7.3,16.2,97.0,29.0,50.0,5.9,2.58
52,San Luis Obispo,Central Coast Valleys,2022-04-05,95,4.72,0.0,266.0,1.05,25.5,12.8,17.4,74.0,23.0,52.0,7.6,2.57
52,San Luis Obispo,Central Coast Valleys,2022-04-07,97,5.55,0.0,278.0,0.94,33.1,14.5,22.7,56.0,21.0,34.0,6.0,1.21
52,San Luis Obispo,Central Coast Valleys,2022-04-08,98,5.51,0.0,282.0,1.05,34.5,11.3,21.6,85.0,20.0,41.0,7.7,1.67
52,San Luis Obispo,Central Coast Valleys,2022-04-09,99,4.36,0.0,291.0,1.06,22.0,9.3,14.5,91.0,30.0,64.0,7.8,1.91
52,San Luis Obispo,Central Coast Valleys,2022-04-10,100,5.0,0.0,288.0,0.73,22.9,8.5,15.3,83.0,16.0,42.0,2.5,2.23
52,San Luis Obispo,Central Coast Valleys,2022-04-11,101,2.4,0.0,181.0,0.85,15.3,5.4,10.4,86.0,48.0,67.0,4.6,1.58
52,San Luis Obispo,Central Coast Valleys,2022-04-12,102,4.22,0.0,303.0,0.62,16.1,5.3,10.0,78.0,26.0,51.0,0.2,2.02
52,San Luis Obispo,Central Coast Valleys,2022-04-13,103,4.21,0.0,298.0,0.71,17.6,6.1,10.5,87.0,31.0,55.0,2.0,2.07
52,San Luis Obispo,Central Coast Valleys,2022-04-14,104,4.12,0.0,292.0,0.96,18.2,5.9,12.0,94.0,38.0,68.0,6.4,2.07
52,San Luis Obispo,Central Coast Valleys,2022-04-15,105,3.85,0.0,282.0,1.09,20.2,6.2,12.2,95.0,48.0,77.0,8.2,1.58
52,San Luis Obispo,Central Coast Valleys,2022-04-16,106,1.55,1.0,117.0,1.23,16.9,9.2,12.3,96.0,65.0,86.0,10.0,1.25
52,San Luis Obispo,Central Coast Valleys,2022-04-17,107,3.74,0.1,288.0,1.16,18.7,8.1,12.1,98.0,62.0,82.0,9.1,1.73
52,San Luis Obispo,Central Coast Valleys,2022-04-18,108,2.86,0.0,202.0,1.02,17.8,5.8,11.6,97.0,52.0,75.0,7.2,1.27
52,San Luis Obispo,Central Coast Valleys,2022-04-19,109,3.87,0.0,288.0,1.28,19.3,9.4,13.9,95.0,66.0,81.0,10.7,1.59
52,San Luis Obispo,Central Coast Valleys,2022-04-20,110,4.15,0.0,297.0,1.02,18.8,6.2,12.6,96.0,44.0,70.0,7.3,1.42
52,San Luis Obispo,Central Coast Valleys,2022-04-21,111,1.9,10.5,138.0,1.24,17.4,9.8,12.8,94.0,69.0,84.0,10.2,1.24
52,San Luis Obispo,Central Coast Valleys,2022-04-22,112,2.85,2.4,227.0,1.13,15.8,8.8,11.7,97.0,63.0,82.0,8.7,1.37
52,San Luis Obispo,Central Coast Valleys,2022-04-23,113,4.68,0.0,300.0,1.01,22.4,9.6,14.5,91.0,33.0,61.0,7.1,2.39
52,San Luis Obispo,Central Coast Valleys,2022-04-24,114,5.24,0.0,300.0,1.03,26.2,9.4,16.6,92.0,30.0,54.0,7.4,2.05
52,San Luis Obispo,Central Coast Valleys,2022-04-25,115,5.53,0.0,299.0,1.02,26.7,9.4,18.0,90.0,27.0,50.0,7.3,1.95
52,San Luis Obispo,Central Coast Valleys,2022-04-26,116,3.86,0.0,251.0,1.02,22.1,7.5,13.2,93.0,36.0,68.0,7.3,1.74
52,San Luis Obispo,Central Coast Valleys,2022-04-27,117,4.02,0.0,303.0,1.01,17.7,6.5,11.6,95.0,49.0,74.0,7.0,1.44
52,San Luis Obispo,Central Coast Valleys,2022-04-28,118,4.16,0.0,306.0,0.93,17.5,5.0,11.7,94.0,47.0,68.0,5.9,1.75
52,San Luis Obispo,Central Coast Valleys,2022-04-29,119,5.25,0.0,307.0,0.88,24.8,9.1,15.0,80.0,22.0,52.0,5.1,2.55
52,San Luis Obispo,Central Coast Valleys,2022-04-30,120,5.22,0.0,306.0,0.98,24.2,9.9,16.4,90.0,28.0,53.0,6.7,2.4
52,San Luis Obispo,Central Coast Valleys,2022-05-01,121,4.35,0.0,309.0,1.03,20.0,7.1,12.6,93.0,47.0,70.0,7.4,1.79
52,San Luis Obispo,Central Coast Valleys,2022-05-02,122,4.09,0.0,306.0,1.05,19.6,6.5,11.6,96.0,54.0,77.0,7.7,1.38
52,San Luis Obispo,Central Coast Valleys,2022-05-03,123,5.43,0.0,313.0,0.86,24.6,7.1,15.2,90.0,19.0,50.0,4.8,2.08
52,San Luis Obispo,Central Coast Valleys,2022-05-04,124,5.15,0.0,312.0,1.0,24.6,7.4,15.9,96.0,36.0,55.0,7.0,1.44
52,San Luis Obispo,Central Coast Valleys,2022-05-05,125,4.1,0.0,296.0,1.12,21.1,6.7,12.3,98.0,53.0,79.0,8.7,1.48
52,San Luis Obispo,Central Coast Valleys,2022-05-06,126,4.43,0.0,300.0,1.26,22.4,8.3,14.7,96.0,51.0,76.0,10.4,1.6
52,San Luis Obispo,Central Coast Valleys,2022-05-07,127,4.48,0.0,311.0,1.16,20.6,9.7,14.1,98.0,49.0,72.0,9.1,2.04
52,San Luis Obispo,Central Coast Valleys,2022-05-08,128,4.48,0.0,314.0,0.79,16.6,8.3,12.4,68.0,45.0,55.0,3.6,2.23
52,San Luis Obispo,Central Coast Valleys,2022-05-09,129,4.52,0.0,319.0,0.72,15.8,6.7,11.2,78.0,36.0,54.0,2.3,2.3
52,San Luis Obispo,Central Coast Valleys,2022-05-10,130,4.41,0.0,318.0,0.75,16.0,5.8,11.2,79.0,38.0,56.0,2.8,2.12
52,San Luis Obispo,Central Coast Valleys,2022-05-11,131,4.42,0.0,324.0,0.81,16.6,7.9,11.6,85.0,35.0,60.0,4.0,1.85
52,San Luis Obispo,Central Coast Valleys,2022-05-12,132,5.24,0.0,319.0,0.8,22.0,7.7,14.5,79.0,30.0,48.0,3.7,2.25
52,San Luis Obispo,Central Coast Valleys,2022-05-13,133,6.55,0.0,328.0,0.87,29.0,13.1,19.4,73.0,18.0,39.0,4.9,2.51
52,San Luis Obispo,Central Coast Valleys,2022-05-14,134,6.32,0.0,326.0,1.18,30.7,12.7,20.9,77.0,29.0,48.0,9.4,2.06
52,San Luis Obispo,Central Coast Valleys,2022-05-15,135,3.97,0.0,284.0,1.23,19.7,9.9,14.0,92.0,59.0,77.0,10.1,1.55
52,San Luis Obispo,Central Coast Valleys,2022-05-16,136,4.33,0.0,328.0,1.18,18.6,9.2,13.1,97.0,60.0,78.0,9.5,1.64
52,San Luis Obispo,Central Coast Valleys,2022-05-17,137,4.33,0.0,325.0,1.1,18.4,7.5,12.6,97.0,57.0,76.0,8.4,1.53
52,San Luis Obispo,Central Coast Valleys,2022-05-18,138,5.5,0.0,324.0,1.11,25.4,7.8,17.2,96.0,37.0,57.0,8.5,1.68
52,San Luis Obispo,Central Coast Valleys,2022-05-19,139,6.08,0.0,325.0,1.11,29.4,11.0,19.7,76.0,32.0,48.0,8.5,1.99
52,San Luis Obispo,Central Coast Valleys,2022-05-20,140,4.7,0.0,328.0,1.11,21.2,7.4,13.8,89.0,50.0,70.0,8.4,1.51
52,San Luis Obispo,Central Coast Valleys,2022-05-21,141,4.96,0.0,331.0,1.07,21.9,7.0,14.0,90.0,41.0,67.0,7.9,1.42
52,San Luis Obispo,Central Coast Valleys,2022-05-22,142,4.51,0.0,325.0,1.13,20.9,9.3,13.3,89.0,52.0,74.0,8.8,1.45
52,San Luis Obispo,Central Coast Valleys,2022-05-23,143,5.3,0.0,329.0,1.12,27.1,8.2,15.2,93.0,33.0,65.0,8.7,1.46
52,San Luis Obispo,Central Coast Valleys,2022-05-24,144,5.41,0.0,326.0,1.22,26.8,9.4,17.4,90.0,39.0,61.0,9.9,1.25
52,San Luis Obispo,Central Coast Valleys,2022-05-25,145,4.96,0.0,317.0,1.39,25.8,11.3,16.5,95.0,48.0,74.0,11.8,1.39
52,San Luis Obispo,Central Coast Valleys,2022-05-26,146,3.5,0.0,246.0,1.37,21.4,12.1,15.1,95.0,62.0,80.0,11.7,1.41
52,San Luis Obispo,Central Coast Valleys,2022-05-27,147,3.96,0.0,270.0,1.24,21.2,10.2,15.6,86.0,56.0,70.0,10.2,1.4
52,San Luis Obispo,Central Coast Valleys,2022-05-28,148,4.31,0.0,321.0,1.25,20.1,9.7,14.0,92.0,59.0,78.0,10.2,1.68
52,San Luis Obispo,Central Coast Valleys,2022-05-29,149,4.69,0.0,331.0,1.15,21.3,9.1,14.1,95.0,47.0,71.0,9.0,1.81
52,San Luis Obispo,Central Coast Valleys,2022-05-30,150,4.55,0.0,333.0,1.07,19.6,7.7,13.1,91.0,48.0,71.0,7.9,1.68
52,San Luis Obispo,Central Coast Valleys,2022-05-31,151,5.1,0.0,335.0,1.08,23.0,7.4,14.7,92.0,37.0,64.0,8.0,1.73
52,San Luis Obispo,Central Coast Valleys,2022-06-01,152,6.8,0.0,336.0,0.95,29.6,12.2,21.2,79.0,22.0,38.0,6.3,2.13
52,San Luis Obispo,Central Coast Valleys,2022-06-02,153,5.05,0.0,294.0,1.15,27.3,11.0,17.7,85.0,25.0,57.0,9.0,1.44
52,San Luis Obispo,Central Coast Valleys,2022-06-03,154,4.53,0.0,311.0,1.31,23.5,9.7,15.2,96.0,51.0,76.0,11.0,1.45
52,San Luis Obispo,Central Coast Valleys,2022-06-04,155,4.41,0.0,312.0,1.3,21.0,11.2,14.8,97.0,52.0,77.0,10.9,1.59
52,San Luis Obispo,Central Coast Valleys,2022-06-05,156,4.84,0.0,324.0,1.53,23.5,11.0,17.3,93.0,63.0,78.0,13.4,1.61
52,San Luis Obispo,Central Coast Valleys,2022-06-06,157,4.87,0.0,322.0,1.5,25.3,11.2,16.8,98.0,59.0,78.0,13.0,1.75
52,San Luis Obispo,Central Coast Valleys,2022-06-07,158,5.14,0.0,337.0,1.24,25.9,9.9,15.7,95.0,40.0,70.0,10.2,1.63
52,San Luis Obispo,Central Coast Valleys,2022-06-08,159,6.09,0.0,323.0,1.15,28.7,11.7,19.2,88.0,22.0,52.0,9.0,2.26
52,San Luis Obispo,Central Coast Valleys,2022-06-09,160,5.7,0.0,302.0,1.24,29.1,12.1,22.0,90.0,30.0,47.0,10.2,1.65
52,San Luis Obispo,Central Coast Valleys,2022-06-11,162,6.44,0.0,343.0,1.41,32.4,15.3,24.1,79.0,27.0,47.0,12.0,1.68
52,San Luis Obispo,Central Coast Valleys,2022-06-12,163,5.17,0.2,328.0,1.59,26.9,12.9,18.3,96.0,48.0,75.0,13.9,1.49
52,San Luis Obispo,Central Coast Valleys,2022-06-13,164,5.26,0.1,344.0,1.24,24.1,11.9,16.1,98.0,47.0,68.0,10.2,2.03
52,San Luis Obispo,Central Coast Valleys,2022-06-14,165,6.53,0.0,343.0,1.0,29.8,12.0,19.1,76.0,18.0,45.0,7.0,2.38
52,San Luis Obispo,Central Coast Valleys,2022-06-15,166,6.88,0.0,346.0,0.98,33.1,11.7,21.0,82.0,16.0,39.0,6.7,2.12
52,San Luis Obispo,Central Coast Valleys,2022-06-16,167,5.58,0.0,344.0,1.1,26.6,11.6,17.0,84.0,20.0,57.0,8.3,1.95
52,San Luis Obispo,Central Coast Valleys,2022-06-17,168,3.79,0.0,262.0,1.1,19.0,9.0,13.6,88.0,53.0,71.0,8.4,1.74
52,San Luis Obispo,Central Coast Valleys,2022-06-18,169,5.16,0.0,344.0,1.08,21.3,7.6,14.7,92.0,45.0,65.0,8.2,1.77
52,San Luis Obispo,Central Coast Valleys,2022-06-19,170,5.8,0.0,346.0,1.03,24.8,9.5,16.8,88.0,30.0,54.0,7.4,2.07
52,San Luis Obispo,Central Coast Valleys,2022-06-20,171,6.63,0.0,345.0,1.03,30.8,12.7,20.9,72.0,22.0,42.0,7.4,1.98
52,San Luis Obispo,Central Coast Valleys,2022-06-21,172,7.49,0.0,339.0,1.02,34.3,14.3,25.3,72.0,17.0,32.0,7.3,2.19
52,San Luis Obispo,Central Coast Valleys,2022-06-22,173,5.53,0.0,341.0,1.28,26.7,9.9,17.5,94.0,33.0,64.0,10.7,1.32
52,San Luis Obispo,Central Coast Valleys,2022-06-23,174,5.49,0.0,332.0,1.34,27.4,10.6,17.6,96.0,40.0,67.0,11.3,1.38
52,San Luis Obispo,Central Coast Valleys,2022-06-24,175,5.43,0.0,331.0,1.37,27.4,10.7,17.6,96.0,41.0,68.0,11.6,1.29
52,San Luis Obispo,Central Coast Valleys,2022-06-25,176,5.29,0.0,331.0,1.38,26.7,11.2,17.0,96.0,45.0,71.0,11.8,1.36
52,San Luis Obispo,Central Coast Valleys,2022-06-26,177,5.14,0.0,331.0,1.4,24.3,11.4,16.5,96.0,50.0,74.0,11.9,1.55
52,San Luis Obispo,Central Coast Valleys,2022-06-27,178,5.29,0.0,332.0,1.42,27.2,12.0,17.3,96.0,43.0,72.0,12.1,1.4
52,San Luis Obispo,Central Coast Valleys,2022-06-28,179,5.81,0.0,330.0,1.35,31.0,11.4,19.8,96.0,30.0,59.0,11.5,1.26
52,San Luis Obispo,Central Coast Valleys,2022-06-29,180,5.4,0.0,330.0,1.37,27.4,12.2,17.9,91.0,43.0,67.0,11.7,1.51
52,San Luis Obispo,Central Coast Valleys,2022-06-30,181,4.61,0.0,309.0,1.32,23.1,11.4,15.4,94.0,51.0,76.0,11.1,1.7
52,San Luis Obispo,Central Coast Valleys,2022-07-01,182,4.55,0.0,315.0,1.31,21.6,11.3,15.2,92.0,56.0,76.0,10.9,1.64
52,San Luis Obispo,Central Coast Valleys,2022-07-02,183,4.4,0.0,316.0,1.3,21.9,12.0,14.9,88.0,56.0,77.0,10.9,1.49
52,San Luis Obispo,Central Coast Valleys,2022-07-03,184,4.61,0.0,329.0,1.26,21.1,9.8,14.8,92.0,56.0,75.0,10.3,1.52
52,San Luis Obispo,Central Coast Valleys,2022-07-04,185,5.11,0.0,327.0,1.37,25.1,9.8,16.7,93.0,38.0,72.0,11.6,1.65
52,San Luis Obispo,Central Coast Valleys,2022-07-05,186,4.77,0.0,318.0,1.69,23.5,15.2,18.2,95.0,65.0,81.0,14.8,1.5
52,San Luis Obispo,Central Coast Valleys,2022-07-06,187,3.66,0.0,245.0,1.58,21.6,14.4,17.1,93.0,62.0,81.0,13.8,1.6
52,San Luis Obispo,Central Coast Valleys,2022-07-07,188,4.71,0.0,317.0,1.49,22.2,12.6,16.7,95.0,61.0,78.0,12.9,1.6
52,San Luis Obispo,Central Coast Valleys,2022-07-08,189,5.3,0.0,328.0,1.47,25.9,12.2,17.8,96.0,48.0,72.0,12.7,1.36
52,San Luis Obispo,Central Coast Valleys,2022-07-09,190,4.88,0.0,330.0,1.46,24.3,13.0,16.6,94.0,52.0,77.0,12.6,1.59
52,San Luis Obispo,Central Coast Valleys,2022-07-10,191,4.81,0.0,330.0,1.44,22.1,12.3,16.3,95.0,60.0,78.0,12.4,1.57
52,San Luis Obispo,Central Coast Valleys,2022-07-11,192,4.93,0.0,312.0,1.46,25.8,12.4,17.1,96.0,49.0,75.0,12.6,1.3
52,San Luis Obispo,Central Coast Valleys,2022-07-12,193,4.71,0.0,311.0,1.49,23.6,12.7,16.8,96.0,56.0,78.0,12.9,1.51
52,San Luis Obispo,Central Coast Valleys,2022-07-13,194,4.66,0.0,314.0,1.5,23.9,13.3,16.8,93.0,57.0,78.0,13.0,1.65
52,San Luis Obispo,Central Coast Valleys,2022-07-14,195,4.83,0.0,304.0,1.51,26.3,13.1,18.0,97.0,49.0,73.0,13.1,1.33
52,San Luis Obispo,Central Coast Valleys,2022-07-15,196,5.16,0.0,315.0,1.44,25.8,13.0,18.4,88.0,49.0,68.0,12.4,1.39
52,San Luis Obispo,Central Coast Valleys,2022-07-16,197,5.3,0.0,317.0,1.44,27.4,11.8,18.5,94.0,43.0,67.0,12.4,1.26
52,San Luis Obispo,Central Coast Valleys,2022-07-17,198,5.33,0.0,314.0,1.43,28.1,12.5,19.3,89.0,42.0,64.0,12.3,1.19
52,San Luis Obispo,Central Coast Valleys,2022-07-18,199,3.33,0.0,178.0,1.45,27.2,13.9,20.0,83.0,45.0,62.0,12.5,1.09
52,San Luis Obispo,Central Coast Valleys,2022-07-19,200,5.63,0.0,320.0,1.38,28.3,11.9,19.5,93.0,39.0,61.0,11.8,1.26
52,San Luis Obispo,Central Coast Valleys,2022-07-20,201,5.1,0.0,314.0,1.4,26.9,11.7,17.4,95.0,43.0,70.0,12.0,1.32
52,San Luis Obispo,Central Coast Valleys,2022-07-21,202,4.96,0.0,318.0,1.39,24.5,11.5,16.4,96.0,50.0,74.0,11.9,1.45
52,San Luis Obispo,Central Coast Valleys,2022-07-22,203,5.25,0.0,320.0,1.37,27.9,11.5,17.4,96.0,40.0,69.0,11.6,1.33
52,San Luis Obispo,Central Coast Valleys,2022-07-23,204,4.77,0.0,318.0,1.36,23.6,11.7,15.9,92.0,51.0,75.0,11.5,1.54
52,San Luis Obispo,Central Coast Valleys,2022-07-24,205,3.94,0.0,270.0,1.36,22.9,12.0,15.2,94.0,55.0,79.0,11.6,1.48
52,San Luis Obispo,Central Coast Valleys,2022-07-25,206,4.45,0.0,300.0,1.39,23.0,11.8,15.8,94.0,54.0,78.0,11.8,1.52
52,San Luis Obispo,Central Coast Valleys,2022-07-26,207,4.5,0.0,300.0,1.41,22.9,12.1,16.1,95.0,56.0,77.0,12.1,1.53
52,San Luis Obispo,Central Coast Valleys,2022-07-27,208,4.24,0.0,293.0,1.44,21.7,12.2,16.0,95.0,60.0,79.0,12.4,1.55
52,San Luis Obispo,Central Coast Valleys,2022-07-28,209,4.38,0.0,285.0,1.46,24.4,12.8,16.5,95.0,53.0,78.0,12.6,1.48
52,San Luis Obispo,Central Coast Valleys,2022-07-29,210,4.84,0.0,298.0,1.49,26.7,13.1,17.8,93.0,44.0,73.0,13.0,1.41
52,San Luis Obispo,Central Coast Valleys,2022-07-30,211,3.98,0.0,232.0,1.53,26.8,13.7,18.7,93.0,44.0,71.0,13.3,1.16
52,San Luis Obispo,Central Coast Valleys,2022-07-31,212,3.47,0.0,190.0,1.6,26.0,15.9,21.1,82.0,52.0,64.0,14.0,1.1
52,San Luis Obispo,Central Coast Valleys,2022-08-01,213,5.07,0.0,276.0,1.64,29.1,16.9,22.3,83.0,45.0,61.0,14.4,1.24
52,San Luis Obispo,Central Coast Valleys,2022-08-02,214,4.99,0.0,294.0,1.66,27.8,14.4,20.0,94.0,48.0,71.0,14.6,1.38
52,San Luis Obispo,Central Coast Valleys,2022-08-03,215,4.82,0.0,289.0,1.6,28.0,13.9,18.8,96.0,48.0,74.0,14.0,1.38
52,San Luis Obispo,Central Coast Valleys,2022-08-04,216,3.9,0.0,234.0,1.6,28.7,14.9,18.9,92.0,42.0,73.0,14.0,1.21
52,San Luis Obispo,Central Coast Valleys,2022-08-05,217,4.42,0.0,286.0,1.6,24.8,14.0,17.8,95.0,51.0,78.0,14.0,1.6
52,San Luis Obispo,Central Coast Valleys,2022-08-06,218,4.38,0.0,288.0,1.6,22.8,13.3,17.8,94.0,61.0,79.0,14.0,1.53
52,San Luis Obispo,Central Coast Valleys,2022-08-07,219,4.65,0.0,295.0,1.53,24.2,13.5,17.8,95.0,56.0,75.0,13.3,1.55
52,San Luis Obispo,Central Coast Valleys,2022-08-08,220,4.72,0.0,286.0,1.48,24.6,13.0,18.2,90.0,53.0,71.0,12.8,1.41
52,San Luis Obispo,Central Coast Valleys,2022-08-09,221,4.54,0.0,284.0,1.52,26.2,12.6,17.7,94.0,48.0,75.0,13.2,1.43
52,San Luis Obispo,Central Coast Valleys,2022-08-10,222,4.88,0.0,288.0,1.49,27.1,12.0,18.0,96.0,43.0,72.0,13.0,1.38
52,San Luis Obispo,Central Coast Valleys,2022-08-11,223,4.68,0.1,283.0,1.5,27.2,11.5,17.7,97.0,46.0,74.0,13.0,1.36
52,San Luis Obispo,Central Coast Valleys,2022-08-12,224,4.79,0.0,287.0,1.43,26.1,12.6,18.1,92.0,47.0,69.0,12.3,1.32
52,San Luis Obispo,Central Coast Valleys,2022-08-13,225,5.03,0.0,289.0,1.4,27.8,13.1,18.7,86.0,41.0,65.0,12.0,1.34
52,San Luis Obispo,Central Coast Valleys,2022-08-14,226,4.56,0.0,284.0,1.4,25.5,12.0,16.9,97.0,48.0,73.0,12.0,1.27
52,San Luis Obispo,Central Coast Valleys,2022-08-15,227,4.53,0.0,284.0,1.4,26.2,11.5,16.7,95.0,45.0,74.0,12.0,1.26
52,San Luis Obispo,Central Coast Valleys,2022-08-16,228,5.01,0.0,283.0,1.37,29.0,11.5,18.9,95.0,36.0,63.0,11.7,1.13
52,San Luis Obispo,Central Coast Valleys,2022-08-17,229,4.57,0.0,263.0,1.37,28.7,11.9,18.3,91.0,41.0,65.0,11.7,1.15
52,San Luis Obispo,Central Coast Valleys,2022-08-18,230,4.5,0.0,288.0,1.41,25.6,11.1,16.2,96.0,48.0,76.0,12.1,1.37
52,San Luis Obispo,Central Coast Valleys,2022-08-19,231,4.72,0.0,288.0,1.43,26.6,11.5,17.1,96.0,45.0,73.0,12.3,1.36
52,San Luis Obispo,Central Coast Valleys,2022-08-20,232,4.29,0.0,279.0,1.48,23.4,11.6,16.7,95.0,57.0,78.0,12.8,1.46
52,San Luis Obispo,Central Coast Valleys,2022-08-21,233,3.38,0.0,216.0,1.62,23.6,13.9,17.6,93.0,62.0,80.0,14.2,1.41
52,San Luis Obispo,Central Coast Valleys,2022-08-22,234,4.55,0.0,275.0,1.5,30.1,13.2,19.0,97.0,35.0,68.0,13.0,1.24
52,San Luis Obispo,Central Coast Valleys,2022-08-23,235,4.56,0.0,281.0,1.46,25.7,12.2,17.6,95.0,50.0,72.0,12.6,1.45
52,San Luis Obispo,Central Coast Valleys,2022-08-24,236,4.58,0.0,278.0,1.45,26.7,11.6,17.5,94.0,46.0,72.0,12.5,1.39
52,San Luis Obispo,Central Coast Valleys,2022-08-25,237,4.62,0.0,282.0,1.43,26.2,10.5,17.3,94.0,52.0,72.0,12.3,1.22
52,San Luis Obispo,Central Coast Valleys,2022-08-26,238,4.54,0.0,280.0,1.47,27.0,11.7,17.2,95.0,47.0,75.0,12.7,1.39
52,San Luis Obispo,Central Coast Valleys,2022-08-27,239,4.33,0.0,282.0,1.45,24.2,11.4,16.5,95.0,54.0,77.0,12.5,1.39
52,San Luis Obispo,Central Coast Valleys,2022-08-28,240,2.85,0.0,197.0,1.44,22.0,12.3,15.5,95.0,60.0,82.0,12.4,1.37
52,San Luis Obispo,Central Coast Valleys,2022-08-29,241,4.32,0.0,279.0,1.38,23.3,10.2,16.5,94.0,55.0,74.0,11.8,1.26
52,San Luis Obispo,Central Coast Valleys,2022-08-30,242,4.48,0.0,281.0,1.4,24.2,10.4,16.9,92.0,53.0,73.0,12.0,1.31
52,San Luis Obispo,Central Coast Valleys,2022-08-31,243,4.41,0.0,272.0,1.45,25.9,11.5,17.5,94.0,50.0,73.0,12.5,1.3
52,San Luis Obispo,Central Coast Valleys,2022-09-01,244,5.15,0.0,268.0,1.45,31.8,13.9,20.9,87.0,35.0,59.0,12.5,1.35
52,San Luis Obispo,Central Coast Valleys,2022-09-02,245,4.72,0.0,267.0,1.44,29.4,12.9,19.7,92.0,39.0,63.0,12.4,1.15
52,San Luis Obispo,Central Coast Valleys,2022-09-06,249,5.44,0.0,264.0,1.51,37.1,19.2,26.1,62.0,25.0,45.0,13.1,1.06
52,San Luis Obispo,Central Coast Valleys,2022-09-07,250,5.3,0.0,262.0,1.54,34.2,17.2,24.2,83.0,29.0,51.0,13.4,1.14
52,San Luis Obispo,Central Coast Valleys,2022-09-08,251,4.65,0.0,239.0,1.63,33.6,15.5,23.5,94.0,31.0,56.0,14.3,1.0
52,San Luis Obispo,Central Coast Valleys,2022-09-09,252,2.87,0.0,133.0,1.57,34.4,18.5,25.5,69.0,31.0,48.0,13.7,0.76
52,San Luis Obispo,Central Coast Valleys,2022-09-10,253,3.76,2.1,194.0,2.04,32.4,19.7,23.8,94.0,44.0,69.0,17.8,1.07
52,San Luis Obispo,Central Coast Valleys,2022-09-11,254,3.43,0.3,171.0,2.11,30.4,19.4,24.3,94.0,50.0,69.0,18.4,1.39
52,San Luis Obispo,Central Coast Valleys,2022-09-12,255,3.72,0.1,210.0,1.79,28.9,16.1,20.6,91.0,50.0,74.0,15.7,1.21
52,San Luis Obispo,Central Coast Valleys,2022-09-13,256,3.84,0.0,248.0,1.57,26.7,15.5,18.1,90.0,47.0,76.0,13.7,1.47
52,San Luis Obispo,Central Coast Valleys,2022-09-14,257,3.91,0.0,254.0,1.46,23.7,11.0,17.3,92.0,50.0,74.0,12.6,1.38
52,San Luis Obispo,Central Coast Valleys,2022-09-15,258,3.92,0.0,248.0,1.44,24.4,12.2,17.0,94.0,47.0,74.0,12.4,1.43
52,San Luis Obispo,Central Coast Valleys,2022-09-16,259,4.02,0.0,250.0,1.39,24.3,11.8,17.5,91.0,49.0,69.0,11.8,1.63
52,San Luis Obispo,Central Coast Valleys,2022-09-17,260,2.9,0.0,208.0,1.39,20.8,11.0,15.3,95.0,59.0,80.0,11.9,1.26
52,San Luis Obispo,Central Coast Valleys,2022-09-18,261,2.86,11.0,161.0,1.42,23.3,11.2,17.1,94.0,48.0,72.0,12.1,1.58
52,San Luis Obispo,Central Coast Valleys,2022-09-19,262,0.69,19.2,61.0,1.87,18.9,15.4,17.0,98.0,91.0,96.0,16.4,0.75
52,San Luis Obispo,Central Coast Valleys,2022-09-20,263,3.61,0.2,232.0,1.58,24.0,12.4,17.3,99.0,47.0,80.0,13.8,1.1
52,San Luis Obispo,Central Coast Valleys,2022-09-21,264,3.71,0.0,234.0,1.53,24.4,11.1,17.3,98.0,50.0,77.0,13.3,1.21
52,San Luis Obispo,Central Coast Valleys,2022-09-22,265,5.12,0.0,241.0,1.34,29.2,15.5,21.5,85.0,29.0,52.0,11.3,2.55
52,San Luis Obispo,Central Coast Valleys,2022-09-23,266,5.46,0.0,242.0,1.28,32.1,14.2,23.0,87.0,25.0,46.0,10.6,2.46
52,San Luis Obispo,Central Coast Valleys,2022-09-24,267,3.33,0.0,217.0,1.58,25.2,12.7,16.9,99.0,54.0,82.0,13.8,1.17
52,San Luis Obispo,Central Coast Valleys,2022-09-25,268,2.79,0.0,189.0,1.6,22.6,14.1,16.7,97.0,62.0,84.0,14.0,1.32
52,San Luis Obispo,Central Coast Valleys,2022-09-26,269,2.83,0.0,189.0,1.56,24.4,14.0,16.6,95.0,58.0,83.0,13.6,1.38
52,San Luis Obispo,Central Coast Valleys,2022-09-27,270,3.22,0.0,206.0,1.52,25.4,13.3,16.9,97.0,51.0,79.0,13.2,1.34
52,San Luis Obispo,Central Coast Valleys,2022-09-28,271,3.88,0.0,224.0,1.44,28.8,12.2,17.9,94.0,37.0,70.0,12.4,1.12
52,San Luis Obispo,Central Coast Valleys,2022-09-29,272,3.57,0.1,223.0,1.45,26.4,11.1,16.8,96.0,47.0,76.0,12.5,1.01
52,San Luis Obispo,Central Coast Valleys,2022-09-30,273,2.89,0.0,196.0,1.56,23.6,12.7,16.3,99.0,60.0,84.0,13.6,1.24
52,San Luis Obispo,Central Coast Valleys,2022-10-01,274,0.72,0.0,51.0,1.5,18.8,12.1,15.8,94.0,70.0,83.0,13.0,1.06
52,San Luis Obispo,Central Coast Valleys,2022-10-02,275,2.41,0.0,159.0,1.39,21.3,11.1,15.4,94.0,59.0,80.0,11.9,1.1
52,San Luis Obispo,Central Coast Valleys,2022-10-03,276,3.34,0.0,216.0,1.4,24.9,10.1,15.8,97.0,53.0,78.0,12.0,1.07
52,San Luis Obispo,Central Coast Valleys,2022-10-04,277,3.56,0.0,216.0,1.44,25.0,11.4,17.6,94.0,50.0,72.0,12.4,1.4
52,San Luis Obispo,Central Coast Valleys,2022-10-05,278,3.29,0.1,206.0,1.42,27.0,10.9,15.9,99.0,47.0,79.0,12.2,1.02
52,San Luis Obispo,Central Coast Valleys,2022-10-06,279,3.21,0.1,207.0,1.37,27.1,9.8,15.0,99.0,46.0,80.0,11.6,1.11
52,San Luis Obispo,Central Coast Valleys,2022-10-07,280,3.16,0.0,208.0,1.4,25.2,10.1,15.3,99.0,49.0,80.0,12.0,1.26
52,San Luis Obispo,Central Coast Valleys,2022-10-08,281,2.79,0.1,193.0,1.42,23.3,10.0,14.7,99.0,56.0,85.0,12.2,1.23
52,San Luis Obispo,Central Coast Valleys,2022-10-09,282,2.49,0.1,180.0,1.48,20.8,12.2,15.0,98.0,67.0,87.0,12.8,1.3
52,San Luis Obispo,Central Coast Valleys,2022-10-10,283,2.41,0.0,167.0,1.5,21.6,13.3,15.6,94.0,64.0,84.0,13.0,1.21
52,San Luis Obispo,Central Coast Valleys,2022-10-11,284,1.99,0.0,141.0,1.49,22.3,12.6,15.4,97.0,63.0,86.0,13.0,1.15
52,San Luis Obispo,Central Coast Valleys,2022-10-12,285,2.1,0.0,51.0,1.48,21.4,13.9,15.5,97.0,62.0,84.0,12.8,1.15
52,San Luis Obispo,Central Coast Valleys,2022-10-13,286,2.21,0.0,149.0,1.44,20.4,11.9,15.2,96.0,63.0,83.0,12.3,1.44
52,San Luis Obispo,Central Coast Valleys,2022-10-14,287,2.28,0.0,162.0,1.44,20.9,12.0,15.0,97.0,64.0,85.0,12.4,0.97
52,San Luis Obispo,Central Coast Valleys,2022-10-15,288,0.86,0.0,63.0,1.55,18.9,14.3,16.1,93.0,76.0,84.0,13.5,0.92
52,San Luis Obispo,Central Coast Valleys,2022-10-16,289,2.42,0.0,161.0,1.41,20.8,11.3,16.3,91.0,61.0,76.0,12.1,1.21
52,San Luis Obispo,Central Coast Valleys,2022-10-17,290,2.9,0.0,187.0,1.42,23.4,10.4,16.2,96.0,55.0,77.0,12.2,1.16
52,San Luis Obispo,Central Coast Valleys,2022-10-18,291,3.11,0.0,176.0,1.39,29.3,10.3,18.2,97.0,37.0,66.0,11.9,0.99
52,San Luis Obispo,Central Coast Valleys,2022-10-19,292,5.1,0.0,172.0,1.13,35.9,15.5,25.5,57.0,15.0,35.0,8.8,2.3
52,San Luis Obispo,Central Coast Valleys,2022-10-20,293,3.72,0.0,188.0,1.15,32.8,11.6,21.1,94.0,19.0,46.0,9.1,1.03
52,San Luis Obispo,Central Coast Valleys,2022-10-21,294,2.41,0.0,163.0,1.41,24.6,11.2,15.1,99.0,51.0,82.0,12.1,1.22
52,San Luis Obispo,Central Coast Valleys,2022-10-22,295,1.22,0.0,80.0,1.29,19.4,8.1,14.1,90.0,69.0,80.0,10.8,1.11
52,San Luis Obispo,Central Coast Valleys,2022-10-23,296,3.14,0.0,182.0,0.88,21.2,6.9,14.4,90.0,32.0,54.0,5.1,2.0
52,San Luis Obispo,Central Coast Valleys,2022-10-24,297,3.55,0.0,179.0,0.66,25.5,8.2,15.8,60.0,17.0,37.0,1.0,1.5
52,San Luis Obispo,Central Coast Valleys,2022-10-25,298,2.82,0.0,173.0,0.95,24.1,7.3,13.3,92.0,30.0,62.0,6.2,1.26
52,San Luis Obispo,Central Coast Valleys,2022-10-26,299,2.82,0.1,176.0,1.01,22.2,6.5,13.0,96.0,37.0,67.0,7.1,1.34
52,San Luis Obispo,Central Coast Valleys,2022-10-27,300,3.53,0.0,172.0,0.77,24.0,7.0,15.5,76.0,23.0,44.0,3.1,1.82
52,San Luis Obispo,Central Coast Valleys,2022-10-28,301,2.16,0.0,148.0,0.95,20.4,4.4,10.7,93.0,38.0,74.0,6.2,1.01
52,San Luis Obispo,Central Coast Valleys,2022-10-29,302,3.57,0.0,165.0,0.83,26.3,6.2,16.6,95.0,18.0,44.0,4.4,1.96
52,San Luis Obispo,Central Coast Valleys,2022-10-30,303,3.43,0.0,166.0,0.92,26.6,9.4,16.5,93.0,19.0,49.0,5.8,2.03
52,San Luis Obispo,Central Coast Valleys,2022-10-31,304,1.76,0.0,121.0,1.12,22.5,7.7,12.6,94.0,43.0,77.0,8.7,1.0
52,San Luis Obispo,Central Coast Valleys,2022-11-01,305,1.38,0.9,95.0,1.15,19.3,6.7,12.2,97.0,55.0,81.0,9.0,1.26
52,San Luis Obispo,Central Coast Valleys,2022-11-02,306,2.2,0.0,158.0,0.91,16.8,5.2,11.4,90.0,47.0,67.0,5.5,1.28
52,San Luis Obispo,Central Coast Valleys,2022-11-03,307,2.28,0.0,163.0,0.74,16.3,2.7,9.2,92.0,34.0,64.0,2.7,1.33
52,San Luis Obispo,Central Coast Valleys,2022-11-04,308,2.91,0.0,155.0,0.68,20.2,5.5,12.4,71.0,25.0,48.0,1.6,2.16
52,San Luis Obispo,Central Coast Valleys,2022-11-05,309,2.8,0.0,155.0,0.93,20.2,10.1,14.5,88.0,36.0,56.0,5.9,1.78
52,San Luis Obispo,Central Coast Valleys,2022-11-06,310,1.67,0.0,112.0,1.12,19.9,8.5,12.8,94.0,47.0,76.0,8.6,0.99
52,San Luis Obispo,Central Coast Valleys,2022-11-07,311,0.87,4.7,73.0,1.12,16.3,6.4,11.2,97.0,58.0,84.0,8.6,0.87
52,San Luis Obispo,Central Coast Valleys,2022-11-08,312,0.39,16.4,40.0,1.11,13.6,7.1,10.3,96.0,73.0,89.0,8.6,1.23
52,San Luis Obispo,Central Coast Valleys,2022-11-09,313,1.77,3.9,139.0,0.97,15.6,5.5,9.7,99.0,46.0,80.0,6.5,1.17
52,San Luis Obispo,Central Coast Valleys,2022-11-10,314,2.72,0.0,153.0,0.82,15.4,9.3,12.1,76.0,48.0,58.0,4.1,3.89
52,San Luis Obispo,Central Coast Valleys,2022-11-11,315,2.38,0.0,136.0,0.8,19.7,4.8,12.2,88.0,32.0,56.0,3.8,2.31
52,San Luis Obispo,Central Coast Valleys,2022-11-12,316,2.21,0.0,147.0,0.84,18.2,2.6,10.4,94.0,40.0,67.0,4.5,1.57
52,San Luis Obispo,Central Coast Valleys,2022-11-13,317,2.26,0.0,149.0,0.8,17.3,4.7,11.1,79.0,38.0,61.0,3.8,1.78
52,San Luis Obispo,Central Coast Valleys,2022-11-14,318,2.13,0.0,151.0,0.74,18.1,2.8,9.5,91.0,31.0,62.0,2.6,1.09
52,San Luis Obispo,Central Coast Valleys,2022-11-15,319,2.57,0.1,142.0,0.71,18.8,1.9,11.1,96.0,28.0,54.0,2.0,1.85
52,San Luis Obispo,Central Coast Valleys,2022-11-16,320,3.18,0.0,148.0,0.62,25.3,5.0,14.1,72.0,14.0,38.0,0.1,2.02
52,San Luis Obispo,Central Coast Valleys,2022-11-17,321,2.41,0.0,148.0,0.71,22.6,2.5,11.5,82.0,23.0,52.0,2.0,1.11
52,San Luis Obispo,Central Coast Valleys,2022-11-18,322,3.65,0.0,142.0,0.53,20.9,9.5,15.8,48.0,17.0,30.0,-1.9,2.83
52,San Luis Obispo,Central Coast Valleys,2022-11-19,323,3.99,0.0,146.0,0.42,23.3,9.6,16.6,38.0,8.0,22.0,-5.0,3.14
52,San Luis Obispo,Central Coast Valleys,2022-11-20,324,3.59,0.0,146.0,0.39,23.6,8.9,16.3,36.0,12.0,21.0,-6.1,2.34
52,San Luis Obispo,Central Coast Valleys,2022-11-21,325,2.92,0.0,142.0,0.5,22.9,5.8,13.6,62.0,18.0,32.0,-2.7,1.71
52,San Luis Obispo,Central Coast Valleys,2022-11-22,326,3.94,0.0,143.0,0.39,22.8,9.1,16.6,32.0,13.0,21.0,-5.9,2.78
52,San Luis Obispo,Central Coast Valleys,2022-11-23,327,3.82,0.0,135.0,0.5,22.7,11.1,17.9,31.0,17.0,25.0,-2.6,2.65
52,San Luis Obispo,Central Coast Valleys,2022-11-24,328,2.72,0.0,140.0,0.55,27.5,7.0,15.5,54.0,15.0,31.0,-1.5,1.22
52,San Luis Obispo,Central Coast Valleys,2022-11-25,329,2.43,0.0,134.0,0.46,25.5,4.3,13.2,63.0,12.0,30.0,-3.8,0.98
52,San Luis Obispo,Central Coast Valleys,2022-11-26,330,2.17,0.0,130.0,0.7,22.7,5.9,12.2,87.0,21.0,49.0,1.8,1.12
52,San Luis Obispo,Central Coast Valleys,2022-11-27,331,2.7,0.0,119.0,0.67,23.9,8.8,14.5,74.0,20.0,41.0,1.4,2.18
52,San Luis Obispo,Central Coast Valleys,2022-11-28,332,1.62,0.0,124.0,0.95,18.5,4.0,9.9,92.0,56.0,77.0,6.2,1.12
52,San Luis Obispo,Central Coast Valleys,2022-11-29,333,2.01,0.0,130.0,0.77,18.7,3.9,10.3,84.0,35.0,61.0,3.2,1.69
52,San Luis Obispo,Central Coast Valleys,2022-11-30,334,1.15,0.0,84.0,0.9,16.9,2.6,9.0,91.0,54.0,78.0,5.4,0.83
52,San Luis Obispo,Central Coast Valleys,2022-12-01,335,0.47,39.5,32.0,1.1,13.9,8.1,10.6,97.0,63.0,86.0,8.4,1.41
52,San Luis Obispo,Central Coast Valleys,2022-12-02,336,0.88,2.8,48.0,1.05,13.6,8.1,10.8,97.0,68.0,81.0,7.7,2.82
52,San Luis Obispo,Central Coast Valleys,2022-12-03,337,0.32,36.8,35.0,1.6,16.5,12.2,14.5,99.0,92.0,97.0,14.0,1.31
52,San Luis Obispo,Central Coast Valleys,2022-12-04,338,1.15,18.9,90.0,1.33,16.6,9.8,12.8,99.0,70.0,90.0,11.2,0.91
52,San Luis Obispo,Central Coast Valleys,2022-12-05,339,1.25,0.0,97.0,1.1,16.0,7.0,10.9,95.0,63.0,84.0,8.4,0.97
52,San Luis Obispo,Central Coast Valleys,2022-12-06,340,0.77,7.5,68.0,1.01,14.4,4.7,8.6,98.0,71.0,90.0,7.1,0.8
52,San Luis Obispo,Central Coast Valleys,2022-12-07,341,1.34,0.1,108.0,0.9,15.7,3.5,8.2,99.0,53.0,83.0,5.4,0.88
52,San Luis Obispo,Central Coast Valleys,2022-12-08,342,1.0,0.1,84.0,0.91,14.1,2.3,7.6,100.0,67.0,87.0,5.6,0.69
52,San Luis Obispo,Central Coast Valleys,2022-12-09,343,1.23,0.0,98.0,1.04,17.1,3.2,9.9,97.0,63.0,85.0,7.5,0.69
52,San Luis Obispo,Central Coast Valleys,2022-12-10,344,0.11,59.9,19.0,1.4,14.3,11.3,12.6,99.0,90.0,96.0,12.0,2.23
52,San Luis Obispo,Central Coast Valleys,2022-12-11,345,1.0,13.2,78.0,1.0,12.7,6.9,10.0,99.0,62.0,82.0,7.0,1.3
52,San Luis Obispo,Central Coast Valleys,2022-12-12,346,0.92,5.6,72.0,0.9,12.7,5.7,8.6,98.0,60.0,80.0,5.4,1.23
52,San Luis Obispo,Central Coast Valleys,2022-12-13,347,1.79,0.0,123.0,0.74,13.6,4.0,8.9,90.0,47.0,65.0,2.6,2.35
52,San Luis Obispo,Central Coast Valleys,2022-12-14,348,2.09,0.0,120.0,0.71,15.1,6.2,10.4,68.0,44.0,56.0,2.1,2.78
52,San Luis Obispo,Central Coast Valleys,2022-12-15,349,1.38,0.0,83.0,0.81,15.4,5.5,9.4,93.0,50.0,69.0,3.9,1.58
52,San Luis Obispo,Central Coast Valleys,2022-12-16,350,1.42,0.0,103.0,0.83,19.3,3.6,8.8,95.0,30.0,73.0,4.3,0.69
52,San Luis Obispo,Central Coast Valleys,2022-12-17,351,1.48,0.0,102.0,0.75,17.6,2.6,8.4,97.0,35.0,68.0,2.8,0.94
52,San Luis Obispo,Central Coast Valleys,2022-12-18,352,1.79,0.0,123.0,0.73,18.5,1.9,8.5,91.0,22.0,65.0,2.4,1.12
52,San Luis Obispo,Central Coast Valleys,2022-12-19,353,1.45,0.0,112.0,0.81,17.7,0.6,7.4,96.0,40.0,78.0,3.9,0.73
52,San Luis Obispo,Central Coast Valleys,2022-12-20,354,1.84,0.1,114.0,0.81,18.5,3.2,10.9,97.0,33.0,62.0,4.0,1.22
52,San Luis Obispo,Central Coast Valleys,2022-12-21,355,2.99,0.0,118.0,0.56,20.6,10.6,15.0,47.0,24.0,33.0,-1.1,2.34
52,San Luis Obispo,Central Coast Valleys,2022-12-22,356,1.96,0.0,94.0,1.03,20.9,9.8,14.6,97.0,42.0,62.0,7.4,1.87
52,San Luis Obispo,Central Coast Valleys,2022-12-23,357,1.53,0.0,112.0,1.26,18.0,8.6,12.7,99.0,53.0,86.0,10.4,1.63
52,San Luis Obispo,Central Coast Valleys,2022-12-24,358,3.68,0.0,119.0,0.8,20.9,12.7,17.0,53.0,32.0,41.0,3.7,4.44
52,San Luis Obispo,Central Coast Valleys,2022-12-25,359,3.13,0.0,120.0,0.87,25.6,9.8,16.8,82.0,25.0,46.0,5.0,2.67
52,San Luis Obispo,Central Coast Valleys,2022-12-26,360,1.32,0.0,84.0,1.11,22.4,7.0,13.2,89.0,41.0,73.0,8.5,0.85
52,San Luis Obispo,Central Coast Valleys,2022-12-27,361,0.0,39.7,9.0,1.42,14.1,11.4,12.9,99.0,85.0,95.0,12.2,0.72
52,San Luis Obispo,Central Coast Valleys,2022-12-28,362,1.72,0.0,117.0,0.99,17.0,9.1,12.2,95.0,43.0,69.0,6.8,1.79
52,San Luis Obispo,Central Coast Valleys,2022-12-29,363,0.14,1.9,18.0,1.2,13.3,10.1,11.7,98.0,68.0,87.0,9.7,0.82
52,San Luis Obispo,Central Coast Valleys,2022-12-30,364,0.15,10.0,27.0,1.53,14.3,12.5,13.5,99.0,99.0,99.0,13.3,0.92
52,San Luis Obispo,Central Coast Valleys,2022-12-31,365,0.0,47.9,6.0,1.5,14.2,10.0,13.1,99.0,98.0,99.0,13.0,1.76
52,San Luis Obispo,Central Coast Valleys,2023-01-01,1,1.14,0.0,90.0,1.1,14.7,6.2,11.0,96.0,72.0,84.0,8.4,1.45
52,San Luis Obispo,Central Coast Valleys,2023-01-02,2,0.17,2.6,21.0,0.92,11.9,5.2,8.4,95.0,69.0,84.0,5.8,1.14
52,San Luis Obispo,Central Coast Valleys,2023-01-03,3,1.18,0.2,92.0,1.15,16.7,6.7,10.9,99.0,64.0,88.0,9.0,0.86
52,San Luis Obispo,Central Coast Valleys,2023-01-04,4,0.39,33.1,25.0,1.3,16.8,9.3,13.2,98.0,59.0,86.0,10.8,1.96
52,San Luis Obispo,Central Coast Valleys,2023-01-05,5,0.77,12.8,55.0,1.27,15.7,5.6,11.7,99.0,74.0,92.0,10.5,1.78
52,San Luis Obispo,Central Coast Valleys,2023-01-06,6,1.59,0.1,120.0,0.96,17.2,3.4,8.9,100.0,49.0,84.0,6.3,1.13
52,San Luis Obispo,Central Coast Valleys,2023-01-07,7,1.38,1.2,96.0,1.03,17.3,5.6,10.8,96.0,53.0,80.0,7.4,1.2
52,San Luis Obispo,Central Coast Valleys,2023-01-08,8,0.56,17.9,46.0,1.31,16.6,9.3,12.9,99.0,74.0,88.0,11.0,1.21
52,San Luis Obispo,Central Coast Valleys,2023-01-09,9,0.0,135.8,5.0,1.64,15.5,13.9,14.6,99.0,92.0,99.0,14.4,2.49
52,San Luis Obispo,Central Coast Valleys,2023-01-10,10,0.88,16.3,69.0,1.27,15.1,9.3,11.8,100.0,73.0,92.0,10.5,1.4
52,San Luis Obispo,Central Coast Valleys,2023-01-11,11,0.75,0.3,48.0,1.21,16.0,8.9,12.2,99.0,66.0,85.0,9.8,0.89
52,San Luis Obispo,Central Coast Valleys,2023-01-12,12,1.41,0.0,103.0,1.11,19.4,6.4,11.2,99.0,49.0,83.0,8.5,0.71
52,San Luis Obispo,Central Coast Valleys,2023-01-13,13,0.31,4.7,32.0,1.23,15.1,7.8,11.3,98.0,74.0,92.0,10.1,0.75
52,San Luis Obispo,Central Coast Valleys,2023-01-14,14,0.02,46.5,13.0,1.42,13.7,11.1,12.5,99.0,95.0,99.0,12.2,1.25
52,San Luis Obispo,Central Coast Valleys,2023-01-15,15,0.3,10.6,32.0,1.16,12.4,8.8,10.4,98.0,83.0,92.0,9.1,1.14
52,San Luis Obispo,Central Coast Valleys,2023-01-16,16,0.91,12.6,79.0,1.08,12.9,5.2,9.5,98.0,79.0,90.0,8.0,1.53
52,San Luis Obispo,Central Coast Valleys,2023-01-17,17,1.53,0.1,128.0,0.88,14.1,3.6,8.4,99.0,59.0,80.0,5.2,1.18
52,San Luis Obispo,Central Coast Valleys,2023-01-18,18,1.82,0.0,144.0,0.86,15.0,5.1,9.4,96.0,48.0,73.0,4.8,1.26
52,San Luis Obispo,Central Coast Valleys,2023-01-19,19,1.48,3.2,113.0,0.91,14.2,4.7,9.1,99.0,57.0,78.0,5.6,1.23
52,San Luis Obispo,Central Coast Valleys,2023-01-20,20,2.2,0.0,152.0,0.66,14.3,2.6,8.8,85.0,40.0,58.0,1.0,1.95
52,San Luis Obispo,Central Coast Valleys,2023-01-21,21,2.47,0.0,155.0,0.68,17.1,4.3,10.5,80.0,36.0,54.0,1.5,2.54
52,San Luis Obispo,Central Coast Valleys,2023-01-22,22,2.25,0.0,152.0,0.68,14.9,4.0,10.0,70.0,47.0,55.0,1.5,2.12
52,San Luis Obispo,Central Coast Valleys,2023-01-23,23,2.39,0.0,158.0,0.57,15.2,2.5,9.1,76.0,36.0,50.0,-0.9,1.87
52,San Luis Obispo,Central Coast Valleys,2023-01-24,24,2.36,0.0,160.0,0.68,19.4,1.6,9.8,91.0,26.0,56.0,1.5,1.15
52,San Luis Obispo,Central Coast Valleys,2023-01-25,25,3.29,0.0,158.0,0.68,20.3,3.2,12.3,93.0,31.0,47.0,1.5,2.71
52,San Luis Obispo,Central Coast Valleys,2023-01-26,26,2.56,0.0,157.0,0.75,20.0,4.4,12.1,90.0,28.0,53.0,2.9,1.41
52,San Luis Obispo,Central Coast Valleys,2023-01-27,27,2.44,0.0,156.0,0.89,20.3,4.2,11.3,95.0,30.0,67.0,5.4,1.47
52,San Luis Obispo,Central Coast Valleys,2023-01-28,28,2.05,0.0,150.0,1.01,18.7,7.1,11.5,92.0,48.0,74.0,7.1,1.74
52,San Luis Obispo,Central Coast Valleys,2023-01-29,29,0.83,4.6,76.0,1.01,11.4,6.2,8.8,97.0,79.0,89.0,7.1,1.13
52,San Luis Obispo,Central Coast Valleys,2023-01-30,30,1.95,0.0,129.0,0.75,13.6,5.7,9.3,97.0,35.0,64.0,2.8,2.16
52,San Luis Obispo,Central Coast Valleys,2023-01-31,31,2.71,0.0,163.0,0.6,16.7,2.6,9.5,86.0,34.0,50.0,-0.3,2.38
52,San Luis Obispo,Central Coast Valleys,2023-02-01,32,2.19,0.0,160.0,0.69,18.6,0.5,7.8,91.0,24.0,65.0,1.6,0.91
52,San Luis Obispo,Central Coast Valleys,2023-02-02,33,1.99,0.0,119.0,0.66,20.1,0.9,9.2,94.0,23.0,57.0,1.0,0.96
52,San Luis Obispo,Central Coast Valleys,2023-02-03,34,1.96,0.0,129.0,0.8,19.9,5.6,10.9,89.0,25.0,61.0,3.8,0.91
52,San Luis Obispo,Central Coast Valleys,2023-02-04,35,1.75,11.5,123.0,1.13,19.8,4.6,11.8,99.0,55.0,82.0,8.8,0.97
52,San Luis Obispo,Central Coast Valleys,2023-02-05,36,1.83,2.4,142.0,1.09,15.3,7.5,11.4,99.0,66.0,81.0,8.3,1.6
52,San Luis Obispo,Central Coast Valleys,2023-02-06,37,2.45,0.0,165.0,0.78,15.0,6.7,10.9,75.0,50.0,60.0,3.4,2.14
52,San Luis Obispo,Central Coast Valleys,2023-02-07,38,2.91,0.0,162.0,0.79,18.8,8.2,12.8,79.0,33.0,54.0,3.6,2.91
52,San Luis Obispo,Central Coast Valleys,2023-02-08,39,3.74,0.0,166.0,0.71,22.1,10.2,15.7,62.0,26.0,40.0,2.1,3.6
52,San Luis Obispo,Central Coast Valleys,2023-02-09,40,3.43,0.0,163.0,0.75,25.1,7.4,15.5,89.0,25.0,43.0,2.9,2.02
52,San Luis Obispo,Central Coast Valleys,2023-02-10,41,1.86,0.0,137.0,1.03,17.9,5.9,11.4,92.0,52.0,77.0,7.4,1.1
52,San Luis Obispo,Central Coast Valleys,2023-02-11,42,1.19,2.6,98.0,0.86,12.5,3.8,8.8,87.0,68.0,76.0,4.8,1.38
52,San Luis Obispo,Central Coast Valleys,2023-02-12,43,2.31,0.0,153.0,0.86,17.0,6.0,10.4,95.0,42.0,68.0,4.7,2.17
52,San Luis Obispo,Central Coast Valleys,2023-02-13,44,0.91,0.0,68.0,1.01,13.9,5.0,10.0,97.0,65.0,83.0,7.1,1.25
52,San Luis Obispo,Central Coast Valleys,2023-02-14,45,2.25,0.0,161.0,0.75,13.7,4.4,9.4,81.0,39.0,64.0,2.9,2.07
52,San Luis Obispo,Central Coast Valleys,2023-02-15,46,2.9,0.0,175.0,0.45,15.1,2.9,9.1,78.0,22.0,39.0,-4.2,2.21
52,San Luis Obispo,Central Coast Valleys,2023-02-16,47,1.93,0.0,126.0,0.5,17.0,-0.3,7.3,77.0,14.0,49.0,-2.8,0.88
52,San Luis Obispo,Central Coast Valleys,2023-02-17,48,2.77,0.0,159.0,0.48,17.8,0.1,9.3,83.0,19.0,41.0,-3.3,1.5
52,San Luis Obispo,Central Coast Valleys,2023-02-18,49,3.56,0.0,173.0,0.48,21.4,4.3,12.3,70.0,16.0,34.0,-3.2,2.66
52,San Luis Obispo,Central Coast Valleys,2023-02-19,50,3.53,0.0,177.0,0.61,20.8,4.0,12.8,80.0,24.0,41.0,0.0,2.06
52,San Luis Obispo,Central Coast Valleys,2023-02-20,51,2.67,0.0,164.0,0.78,22.3,3.2,11.2,89.0,23.0,58.0,3.3,1.06
52,San Luis Obispo,Central Coast Valleys,2023-02-21,52,1.11,0.0,77.0,0.89,13.5,4.0,8.5,95.0,64.0,80.0,5.2,1.65
52,San Luis Obispo,Central Coast Valleys,2023-02-22,53,2.03,0.0,174.0,0.64,11.1,0.6,6.1,88.0,51.0,68.0,0.6,1.6
52,San Luis Obispo,Central Coast Valleys,2023-02-23,54,1.82,6.9,160.0,0.77,11.1,2.9,6.6,94.0,59.0,79.0,3.1,1.49
52,San Luis Obispo,Central Coast Valleys,2023-02-24,55,0.09,56.8,23.0,0.98,10.0,3.6,7.1,99.0,89.0,97.0,6.6,1.65
52,San Luis Obispo,Central Coast Valleys,2023-02-25,56,1.05,1.9,102.0,0.8,9.8,1.9,5.4,99.0,69.0,89.0,3.8,1.11
52,San Luis Obispo,Central Coast Valleys,2023-02-26,57,1.64,1.2,131.0,0.84,12.2,1.6,7.5,99.0,58.0,81.0,4.4,1.26
52,San Luis Obispo,Central Coast Valleys,2023-02-27,58,1.04,23.6,87.0,1.03,12.1,5.0,8.8,99.0,66.0,91.0,7.3,1.36
52,San Luis Obispo,Central Coast Valleys,2023-02-28,59,1.3,8.7,112.0,0.99,12.3,4.4,8.3,99.0,65.0,91.0,6.8,1.16
52,San Luis Obispo,Central Coast Valleys,2023-03-01,60,2.32,1.8,191.0,0.71,12.5,2.7,7.5,93.0,42.0,68.0,2.1,1.9
52,San Luis Obispo,Central Coast Valleys,2023-03-02,61,2.93,0.0,211.0,0.66,16.2,2.5,8.4,92.0,31.0,60.0,1.1,1.76
52,San Luis Obispo,Central Coast Valleys,2023-03-03,62,2.6,0.0,211.0,0.88,15.9,3.2,8.8,96.0,47.0,77.0,5.1,1.9
52,San Luis Obispo,Central Coast Valleys,2023-03-04,63,1.28,1.7,96.0,0.93,13.7,4.3,9.1,97.0,53.0,81.0,6.0,1.21
52,San Luis Obispo,Central Coast Valleys,2023-03-05,64,1.71,7.8,137.0,0.97,13.4,7.2,9.6,97.0,58.0,81.0,6.5,1.13
52,San Luis Obispo,Central Coast Valleys,2023-03-06,65,2.28,0.3,183.0,0.81,13.8,3.4,8.4,96.0,52.0,74.0,4.0,1.1
52,San Luis Obispo,Central Coast Valleys,2023-03-07,66,2.57,0.0,212.0,0.76,14.1,1.2,7.2,97.0,54.0,75.0,3.0,1.29
52,San Luis Obispo,Central Coast Valleys,2023-03-08,67,2.41,0.0,196.0,0.82,15.0,1.7,7.9,95.0,53.0,77.0,4.0,1.03
52,San Luis Obispo,Central Coast Valleys,2023-03-09,68,1.82,11.0,137.0,0.93,17.6,3.8,9.3,97.0,39.0,80.0,6.0,1.41
52,San Luis Obispo,Central Coast Valleys,2023-03-10,69,0.13,67.6,26.0,1.51,14.2,10.8,13.3,99.0,95.0,99.0,13.1,1.35
52,San Luis Obispo,Central Coast Valleys,2023-03-11,70,0.65,1.3,62.0,1.54,15.5,12.8,13.7,99.0,92.0,98.0,13.4,0.96
52,San Luis Obispo,Central Coast Valleys,2023-03-12,71,2.25,0.8,169.0,1.46,18.7,12.0,14.1,99.0,70.0,91.0,12.6,1.05
52,San Luis Obispo,Central Coast Valleys,2023-03-13,72,2.27,0.3,163.0,1.44,20.4,11.3,14.1,99.0,69.0,89.0,12.3,1.0
52,San Luis Obispo,Central Coast Valleys,2023-03-14,73,0.05,97.2,20.0,1.51,14.2,12.4,13.4,99.0,93.0,98.0,13.1,1.51
52,San Luis Obispo,Central Coast Valleys,2023-03-15,74,2.41,2.4,204.0,1.2,15.9,8.2,11.6,99.0,73.0,88.0,9.7,1.3
52,San Luis Obispo,Central Coast Valleys,2023-03-16,75,1.88,0.0,151.0,1.1,16.5,6.7,11.2,96.0,62.0,82.0,8.3,1.18
52,San Luis Obispo,Central Coast Valleys,2023-03-17,76,2.81,0.0,221.0,1.13,18.9,7.2,11.7,97.0,59.0,82.0,8.8,1.4
52,San Luis Obispo,Central Coast Valleys,2023-03-18,77,2.44,0.0,157.0,1.1,21.4,7.1,13.5,98.0,34.0,71.0,8.3,1.07
52,San Luis Obispo,Central Coast Valleys,2023-03-19,78,1.44,4.1,115.0,1.2,15.0,10.3,12.4,94.0,72.0,83.0,9.7,1.64
52,San Luis Obispo,Central Coast Valleys,2023-03-20,79,1.22,0.9,95.0,1.19,14.0,10.2,11.5,97.0,73.0,87.0,9.5,1.07
52,San Luis Obispo,Central Coast Valleys,2023-03-21,80,0.62,25.2,56.0,1.09,12.8,7.6,9.8,99.0,73.0,90.0,8.2,1.81
52,San Luis Obispo,Central Coast Valleys,2023-03-22,81,0.33,34.0,50.0,1.15,10.9,7.1,9.2,99.0,95.0,99.0,9.1,0.87
52,San Luis Obispo,Central Coast Valleys,2023-03-23,82,2.44,0.1,197.0,1.03,14.4,5.7,10.1,99.0,60.0,83.0,7.4,1.27
52,San Luis Obispo,Central Coast Valleys,2023-03-24,83,3.54,0.0,263.0,0.76,15.3,5.9,10.7,81.0,42.0,59.0,2.9,2.23
52,San Luis Obispo,Central Coast Valleys,2023-03-25,84,3.39,0.0,262.0,0.73,15.2,5.7,9.7,88.0,45.0,61.0,2.5,2.22
52,San Luis Obispo,Central Coast Valleys,2023-03-26,85,3.34,0.0,255.0,0.71,14.5,4.6,9.4,85.0,38.0,60.0,2.1,2.17
52,San Luis Obispo,Central Coast Valleys,2023-03-27,86,4.12,0.0,255.0,0.62,19.2,5.6,11.6,80.0,20.0,45.0,0.1,2.4
52,San Luis Obispo,Central Coast Valleys,2023-03-28,87,2.07,19.5,161.0,0.93,15.2,3.1,9.2,99.0,46.0,80.0,5.9,1.5
52,San Luis Obispo,Central Coast Valleys,2023-03-29,88,1.86,10.6,154.0,1.01,13.5,6.0,9.0,99.0,62.0,87.0,7.1,1.28
52,San Luis Obispo,Central Coast Valleys,2023-03-30,89,2.89,4.3,248.0,0.91,14.2,4.0,8.9,99.0,57.0,80.0,5.6,1.49
52,San Luis Obispo,Central Coast Valleys,2023-03-31,90,3.42,0.0,261.0,0.92,17.0,4.6,10.5,96.0,48.0,73.0,5.8,1.41
52,San Luis Obispo,Central Coast Valleys,2023-04-01,91,3.73,0.0,265.0,0.96,19.4,6.3,11.9,93.0,45.0,69.0,6.4,2.45
52,San Luis Obispo,Central Coast Valleys,2023-04-02,92,3.33,0.0,263.0,1.02,16.1,6.3,10.9,94.0,63.0,78.0,7.2,1.37
52,San Luis Obispo,Central Coast Valleys,2023-04-03,93,3.49,0.0,269.0,0.74,13.3,3.0,9.4,90.0,35.0,62.0,2.6,2.25
52,San Luis Obispo,Central Coast Valleys,2023-04-04,94,3.28,0.0,261.0,0.71,13.9,2.5,8.4,85.0,44.0,64.0,2.0,1.64
52,San Luis Obispo,Central Coast Valleys,2023-04-05,95,3.71,0.0,266.0,0.75,17.2,5.9,10.4,86.0,39.0,59.0,2.8,2.04
52,San Luis Obispo,Central Coast Valleys,2023-04-06,96,4.23,0.0,266.0,0.85,20.7,7.4,13.3,88.0,32.0,55.0,4.6,2.08
52,San Luis Obispo,Central Coast Valleys,2023-04-07,97,2.82,0.0,204.0,1.07,16.8,7.9,12.1,93.0,60.0,75.0,7.9,1.23
52,San Luis Obispo,Central Coast Valleys,2023-04-08,98,3.24,0.0,243.0,1.27,19.4,8.3,13.0,99.0,66.0,85.0,10.5,1.34
52,San Luis Obispo,Central Coast Valleys,2023-04-09,99,4.66,0.0,267.0,1.29,26.1,9.9,17.6,99.0,43.0,64.0,10.7,2.2
52,San Luis Obispo,Central Coast Valleys,2023-04-10,100,3.98,0.0,268.0,1.36,23.4,10.6,15.2,98.0,58.0,78.0,11.5,1.31
52,San Luis Obispo,Central Coast Valleys,2023-04-11,101,3.42,0.0,251.0,1.23,20.2,9.7,13.2,99.0,58.0,81.0,10.1,1.75
52,San Luis Obispo,Central Coast Valleys,2023-04-12,102,3.66,0.0,262.0,0.92,17.6,6.6,11.5,90.0,39.0,68.0,5.7,1.98
52,San Luis Obispo,Central Coast Valleys,2023-04-13,103,3.83,0.0,280.0,0.86,17.4,5.3,10.7,94.0,45.0,67.0,4.9,1.87
52,San Luis Obispo,Central Coast Valleys,2023-04-14,104,3.64,0.0,279.0,0.95,17.8,4.2,10.3,97.0,53.0,76.0,6.2,1.31
52,San Luis Obispo,Central Coast Valleys,2023-04-15,105,3.34,0.0,263.0,1.07,17.8,5.0,10.6,98.0,63.0,84.0,7.9,1.34
52,San Luis Obispo,Central Coast Valleys,2023-04-16,106,2.87,0.0,229.0,1.08,16.0,7.8,10.9,95.0,66.0,83.0,8.1,1.33
52,San Luis Obispo,Central Coast Valleys,2023-04-17,107,3.57,0.0,276.0,1.03,16.1,7.5,11.8,94.0,63.0,75.0,7.5,1.61
52,San Luis Obispo,Central Coast Valleys,2023-04-18,108,3.79,0.0,280.0,0.86,16.6,4.6,10.6,94.0,42.0,67.0,4.8,1.63
52,San Luis Obispo,Central Coast Valleys,2023-04-19,109,4.38,0.0,290.0,0.75,19.2,8.1,12.4,80.0,30.0,52.0,2.9,2.53
52,San Luis Obispo,Central Coast Valleys,2023-04-20,110,5.13,0.0,272.0,0.73,24.2,9.7,15.9,77.0,19.0,40.0,2.4,2.29
52,San Luis Obispo,Central Coast Valleys,2023-04-21,111,5.89,0.0,288.0,0.94,27.9,14.5,19.8,75.0,27.0,41.0,6.0,2.28
52,San Luis Obispo,Central Coast Valleys,2023-04-22,112,4.47,0.0,281.0,1.25,23.6,10.8,16.7,92.0,45.0,66.0,10.3,1.83
52,San Luis Obispo,Central Coast Valleys,2023-04-23,113,3.79,0.0,286.0,1.24,18.5,9.5,13.5,96.0,66.0,80.0,10.1,1.84
52,San Luis Obispo,Central Coast Valleys,2023-04-24,114,4.27,0.0,293.0,1.15,21.4,8.0,13.5,99.0,51.0,74.0,9.0,1.56
52,San Luis Obispo,Central Coast Valleys,2023-04-25,115,3.89,0.0,289.0,1.18,19.4,7.2,12.3,98.0,61.0,82.0,9.4,1.32
52,San Luis Obispo,Central Coast Valleys,2023-04-26,116,3.81,0.0,279.0,1.22,20.4,8.3,12.6,99.0,61.0,84.0,10.0,1.16
52,San Luis Obispo,Central Coast Valleys,2023-04-27,117,4.06,0.0,286.0,1.27,21.9,7.4,13.3,99.0,59.0,83.0,10.5,1.14
52,San Luis Obispo,Central Coast Valleys,2023-04-28,118,3.52,0.0,261.0,1.28,19.9,8.7,12.9,99.0,66.0,86.0,10.6,1.21
52,San Luis Obispo,Central Coast Valleys,2023-04-29,119,3.25,0.0,248.0,1.31,18.9,9.8,12.8,99.0,71.0,88.0,10.9,1.3
52,San Luis Obispo,Central Coast Valleys,2023-04-30,120,2.91,0.0,226.0,1.21,19.0,9.8,12.2,99.0,70.0,85.0,9.8,1.35
52,San Luis Obispo,Central Coast Valleys,2023-05-01,121,2.62,0.0,195.0,1.01,15.1,9.9,11.7,84.0,64.0,74.0,7.2,1.63
52,San Luis Obispo,Central Coast Valleys,2023-05-02,122,2.47,8.2,194.0,1.06,14.9,8.8,11.1,96.0,59.0,80.0,7.8,1.65
52,San Luis Obispo,Central Coast Valleys,2023-05-03,123,1.48,6.4,102.0,1.06,14.7,8.8,11.1,93.0,62.0,80.0,7.8,1.32
52,San Luis Obispo,Central Coast Valleys,2023-05-04,124,3.04,2.0,222.0,1.14,17.3,9.1,12.3,99.0,58.0,79.0,8.8,1.27
52,San Luis Obispo,Central Coast Valleys,2023-05-05,125,3.42,0.0,248.0,1.08,18.1,7.7,12.2,94.0,54.0,76.0,8.1,1.15
52,San Luis Obispo,Central Coast Valleys,2023-05-06,126,3.7,0.0,271.0,1.07,17.6,5.7,12.1,96.0,52.0,76.0,8.0,1.23
52,San Luis Obispo,Central Coast Valleys,2023-05-07,127,4.29,0.0,303.0,1.14,19.6,7.7,13.5,96.0,56.0,74.0,8.9,1.43
52,San Luis Obispo,Central Coast Valleys,2023-05-08,128,4.07,0.0,304.0,1.14,18.7,6.4,12.6,94.0,58.0,78.0,8.9,1.72
52,San Luis Obispo,Central Coast Valleys,2023-05-09,129,3.35,0.0,248.0,1.14,16.7,9.2,13.0,95.0,52.0,76.0,8.9,1.55
52,San Luis Obispo,Central Coast Valleys,2023-05-10,130,3.7,0.0,266.0,1.13,17.3,10.8,13.4,89.0,58.0,74.0,8.8,1.55
52,San Luis Obispo,Central Coast Valleys,2023-05-11,131,4.17,0.0,306.0,1.17,19.5,8.2,13.2,95.0,59.0,77.0,9.2,1.45
52,San Luis Obispo,Central Coast Valleys,2023-05-12,132,4.47,0.0,306.0,1.25,21.8,9.1,14.6,97.0,53.0,75.0,10.3,1.86
52,San Luis Obispo,Central Coast Valleys,2023-05-13,133,4.83,0.0,308.0,1.39,26.2,9.8,16.1,98.0,50.0,76.0,11.9,1.26
52,San Luis Obispo,Central Coast Valleys,2023-05-14,134,4.03,0.0,287.0,1.43,20.9,10.2,14.9,99.0,66.0,85.0,12.3,1.3
52,San Luis Obispo,Central Coast Valleys,2023-05-15,135,3.3,0.0,241.0,1.45,20.0,11.4,14.6,97.0,70.0,87.0,12.5,1.35
52,San Luis Obispo,Central Coast Valleys,2023-05-16,136,4.1,0.0,293.0,1.42,21.0,10.5,14.8,98.0,67.0,85.0,12.2,1.33
52,San Luis Obispo,Central Coast Valleys,2023-05-17,137,4.28,0.0,292.0,1.44,24.3,11.0,15.2,99.0,59.0,83.0,12.4,1.23
52,San Luis Obispo,Central Coast Valleys,2023-05-18,138,4.51,0.0,306.0,1.38,23.4,10.3,15.2,99.0,58.0,80.0,11.8,1.37
52,San Luis Obispo,Central Coast Valleys,2023-05-19,139,4.06,0.0,292.0,1.38,21.9,11.3,14.6,97.0,63.0,83.0,11.8,1.41
52,San Luis Obispo,Central Coast Valleys,2023-05-20,140,3.7,0.0,281.0,1.34,18.9,11.0,13.9,97.0,69.0,85.0,11.3,1.57
52,San Luis Obispo,Central Coast Valleys,2023-05-21,141,4.04,0.0,298.0,1.36,20.1,10.9,14.2,97.0,66.0,84.0,11.5,1.55
52,San Luis Obispo,Central Coast Valleys,2023-05-22,142,3.72,0.0,272.0,1.35,19.6,11.0,14.0,98.0,67.0,84.0,11.4,1.36
52,San Luis Obispo,Central Coast Valleys,2023-05-23,143,1.64,0.4,118.0,1.25,15.8,11.1,12.9,97.0,68.0,84.0,10.3,1.32
52,San Luis Obispo,Central Coast Valleys,2023-05-24,144,2.08,0.0,144.0,1.17,16.0,11.4,13.2,87.0,62.0,77.0,9.2,1.35
52,San Luis Obispo,Central Coast Valleys,2023-05-25,145,4.1,0.0,297.0,1.13,19.1,9.9,14.0,89.0,57.0,70.0,8.7,1.43
52,San Luis Obispo,Central Coast Valleys,2023-05-26,146,3.46,0.0,244.0,1.21,18.7,11.7,14.4,85.0,60.0,74.0,9.8,1.45
52,San Luis Obispo,Central Coast Valleys,2023-05-27,147,3.88,0.0,290.0,1.27,18.6,11.9,14.3,90.0,67.0,78.0,10.5,1.61
52,San Luis Obispo,Central Coast Valleys,2023-05-28,148,1.63,0.0,118.0,1.27,16.6,11.5,13.1,91.0,72.0,84.0,10.5,1.32
52,San Luis Obispo,Central Coast Valleys,2023-05-29,149,2.02,0.0,137.0,1.2,17.7,11.9,14.1,86.0,65.0,74.0,9.6,1.3
52,San Luis Obispo,Central Coast Valleys,2023-05-30,150,2.81,0.0,183.0,1.2,18.6,9.6,14.6,87.0,59.0,72.0,9.6,1.22
52,San Luis Obispo,Central Coast Valleys,2023-05-31,151,3.98,0.0,294.0,1.21,18.5,9.1,13.8,90.0,64.0,77.0,9.8,1.5
52,San Luis Obispo,Central Coast Valleys,2023-06-01,152,3.27,0.0,243.0,1.12,17.4,11.2,13.3,82.0,60.0,73.0,8.7,1.48
52,San Luis Obispo,Central Coast Valleys,2023-06-02,153,4.04,0.0,298.0,1.23,18.6,11.3,14.1,88.0,63.0,76.0,10.0,1.5
52,San Luis Obispo,Central Coast Valleys,2023-06-03,154,4.38,0.0,306.0,1.33,22.2,11.0,14.8,94.0,60.0,79.0,11.2,1.44
52,San Luis Obispo,Central Coast Valleys,2023-06-04,155,3.18,0.0,229.0,1.35,20.3,11.8,14.5,92.0,62.0,82.0,11.4,1.36
52,San Luis Obispo,Central Coast Valleys,2023-06-05,156,0.93,4.1,75.0,1.4,16.0,12.8,14.1,96.0,77.0,86.0,11.9,1.14
52,San Luis Obispo,Central Coast Valleys,2023-06-06,157,0.42,0.9,46.0,1.41,15.2,12.7,13.8,98.0,80.0,89.0,12.0,0.89
52,San Luis Obispo,Central Coast Valleys,2023-06-07,158,1.22,0.0,86.0,1.35,17.5,12.1,15.2,89.0,69.0,78.0,11.4,0.91
52,San Luis Obispo,Central Coast Valleys,2023-06-08,159,4.54,0.0,311.0,1.38,21.1,10.5,16.0,96.0,61.0,76.0,11.7,1.3
52,San Luis Obispo,Central Coast Valleys,2023-06-09,160,1.74,0.0,124.0,1.38,17.7,12.6,14.7,89.0,73.0,82.0,11.7,1.26
52,San Luis Obispo,Central Coast Valleys,2023-06-10,161,2.96,0.0,208.0,1.37,20.6,12.9,14.9,90.0,64.0,81.0,11.6,1.4
52,San Luis Obispo,Central Coast Valleys,2023-06-11,162,2.16,0.0,147.0,1.34,19.5,12.8,15.0,91.0,65.0,78.0,11.3,1.23
52,San Luis Obispo,Central Coast Valleys,2023-06-12,163,1.89,0.4,123.0,1.39,19.1,12.8,15.0,96.0,65.0,81.0,11.9,1.11
52,San Luis Obispo,Central Coast Valleys,2023-06-13,164,4.01,0.0,276.0,1.37,20.8,13.9,16.2,84.0,62.0,74.0,11.6,1.46
52,San Luis Obispo,Central Coast Valleys,2023-06-14,165,4.09,0.0,288.0,1.46,21.4,13.5,16.2,90.0,66.0,79.0,12.6,1.52
52,San Luis Obispo,Central Coast Valleys,2023-06-15,166,2.43,0.0,164.0,1.48,21.3,13.5,16.2,92.0,65.0,80.0,12.8,1.28
52,San Luis Obispo,Central Coast Valleys,2023-06-16,167,3.77,0.0,243.0,1.53,22.2,14.7,17.5,88.0,63.0,77.0,13.4,1.34
52,San Luis Obispo,Central Coast Valleys,2023-06-17,168,4.17,0.0,282.0,1.55,22.3,13.5,16.7,95.0,64.0,82.0,13.6,1.44
52,San Luis Obispo,Central Coast Valleys,2023-06-18,169,3.43,0.0,237.0,1.45,21.8,12.6,15.7,97.0,62.0,82.0,12.5,1.27
52,San Luis Obispo,Central Coast Valleys,2023-06-19,170,4.66,0.0,324.0,1.24,19.5,10.3,15.5,90.0,53.0,70.0,10.1,1.49
52,San Luis Obispo,Central Coast Valleys,2023-06-20,171,5.49,0.0,333.0,1.04,23.5,9.9,16.1,90.0,35.0,57.0,7.5,2.26
52,San Luis Obispo,Central Coast Valleys,2023-06-21,172,4.67,0.0,329.0,1.2,20.7,9.8,14.7,91.0,56.0,72.0,9.7,1.67
52,San Luis Obispo,Central Coast Valleys,2023-06-22,173,2.51,0.0,165.0,1.15,17.7,11.5,14.0,85.0,57.0,72.0,9.1,1.43
52,San Luis Obispo,Central Coast Valleys,2023-06-23,174,4.32,0.0,301.0,1.27,19.6,12.6,15.3,88.0,56.0,73.0,10.5,1.45
52,San Luis Obispo,Central Coast Valleys,2023-06-24,175,3.77,0.0,269.0,1.29,21.0,11.7,14.8,90.0,60.0,77.0,10.7,1.35
52,San Luis Obispo,Central Coast Valleys,2023-06-25,176,3.17,0.0,228.0,1.29,18.8,12.5,14.5,88.0,62.0,78.0,10.7,1.32
52,San Luis Obispo,Central Coast Valleys,2023-06-26,177,4.17,0.0,304.0,1.33,19.6,12.3,14.7,90.0,66.0,79.0,11.2,1.53
52,San Luis Obispo,Central Coast Valleys,2023-06-27,178,4.14,0.0,299.0,1.32,21.4,12.0,14.6,91.0,60.0,79.0,11.0,1.42
52,San Luis Obispo,Central Coast Valleys,2023-06-28,179,4.01,0.0,286.0,1.33,20.8,11.6,14.6,92.0,61.0,80.0,11.1,1.45
52,San Luis Obispo,Central Coast Valleys,2023-06-29,180,4.7,0.0,307.0,1.38,23.7,11.0,15.8,97.0,54.0,77.0,11.7,1.34
52,San Luis Obispo,Central Coast Valleys,2023-06-30,181,5.1,0.0,315.0,1.41,27.6,11.0,17.1,97.0,46.0,73.0,12.1,1.22
52,San Luis Obispo,Central Coast Valleys,2023-07-01,182,5.11,0.0,310.0,1.44,28.0,11.2,17.6,96.0,47.0,72.0,12.4,1.22
52,San Luis Obispo,Central Coast Valleys,2023-07-02,183,4.78,0.0,298.0,1.49,27.3,12.1,17.5,97.0,49.0,75.0,13.0,1.28
52,San Luis Obispo,Central Coast Valleys,2023-07-03,184,4.76,0.0,308.0,1.49,25.0,11.8,16.7,98.0,52.0,78.0,12.9,1.4
52,San Luis Obispo,Central Coast Valleys,2023-07-04,185,4.56,0.0,311.0,1.41,22.3,12.3,15.9,95.0,59.0,78.0,12.0,1.47
52,San Luis Obispo,Central Coast Valleys,2023-07-05,186,4.03,0.0,280.0,1.35,21.7,12.4,15.5,89.0,58.0,77.0,11.4,1.5
52,San Luis Obispo,Central Coast Valleys,2023-07-06,187,4.09,0.0,286.0,1.35,20.9,13.3,15.8,85.0,60.0,75.0,11.4,1.57
52,San Luis Obispo,Central Coast Valleys,2023-07-07,188,4.27,0.0,302.0,1.4,20.9,12.6,15.6,92.0,62.0,79.0,12.0,1.48
52,San Luis Obispo,Central Coast Valleys,2023-07-08,189,4.56,0.0,321.0,1.33,20.6,12.0,15.4,93.0,59.0,76.0,11.2,1.54
52,San Luis Obispo,Central Coast Valleys,2023-07-09,190,3.92,0.0,283.0,1.3,20.6,11.9,14.6,91.0,57.0,78.0,10.8,1.44
52,San Luis Obispo,Central Coast Valleys,2023-07-10,191,4.91,0.0,312.0,1.38,24.8,11.1,16.3,97.0,48.0,74.0,11.7,1.37
52,San Luis Obispo,Central Coast Valleys,2023-07-11,192,5.35,0.0,316.0,1.36,28.1,10.8,17.6,97.0,41.0,68.0,11.6,1.17
52,San Luis Obispo,Central Coast Valleys,2023-07-12,193,5.37,0.0,326.0,1.33,27.1,10.0,16.9,98.0,39.0,69.0,11.2,1.12
52,San Luis Obispo,Central Coast Valleys,2023-07-13,194,5.68,0.0,323.0,1.33,29.6,10.4,18.6,98.0,28.0,62.0,11.2,1.21
52,San Luis Obispo,Central Coast Valleys,2023-07-14,195,5.14,0.0,320.0,1.43,26.0,11.8,17.6,95.0,49.0,71.0,12.3,1.4
52,San Luis Obispo,Central Coast Valleys,2023-07-15,196,5.22,0.0,315.0,1.44,27.9,11.0,18.2,98.0,43.0,69.0,12.4,1.26
52,San Luis Obispo,Central Coast Valleys,2023-07-16,197,4.99,0.0,287.0,1.47,28.3,12.1,19.2,92.0,44.0,66.0,12.7,1.15
52,San Luis Obispo,Central Coast Valleys,2023-07-17,198,4.5,0.0,252.0,1.48,29.2,12.2,19.4,93.0,40.0,66.0,12.8,1.05
52,San Luis Obispo,Central Coast Valleys,2023-07-18,199,4.97,0.0,279.0,1.55,28.0,13.4,20.4,90.0,46.0,64.0,13.5,1.19
52,San Luis Obispo,Central Coast Valleys,2023-07-19,200,4.78,0.0,306.0,1.47,24.1,12.2,16.9,96.0,56.0,77.0,12.7,1.31
52,San Luis Obispo,Central Coast Valleys,2023-07-20,201,4.66,0.0,298.0,1.43,24.4,11.5,16.4,98.0,53.0,77.0,12.3,1.35
52,San Luis Obispo,Central Coast Valleys,2023-07-21,202,5.04,0.0,309.0,1.44,26.8,11.1,17.4,97.0,49.0,72.0,12.4,1.16
52,San Luis Obispo,Central Coast Valleys,2023-07-22,203,5.2,0.0,306.0,1.43,28.2,11.6,18.3,93.0,40.0,68.0,12.3,1.22
52,San Luis Obispo,Central Coast Valleys,2023-07-23,204,4.57,0.0,271.0,1.58,27.9,13.9,19.3,90.0,47.0,71.0,13.8,1.23
52,San Luis Obispo,Central Coast Valleys,2023-07-24,205,5.06,0.0,293.0,1.54,28.3,12.7,19.9,94.0,43.0,66.0,13.4,1.11
52,San Luis Obispo,Central Coast Valleys,2023-07-25,206,5.67,0.0,300.0,1.36,31.2,15.1,23.8,80.0,29.0,46.0,11.5,1.96
52,San Luis Obispo,Central Coast Valleys,2023-07-26,207,4.92,0.0,307.0,1.49,25.7,12.9,17.9,94.0,51.0,72.0,12.9,1.29
52,San Luis Obispo,Central Coast Valleys,2023-07-27,208,4.87,0.0,301.0,1.44,27.1,11.9,17.5,97.0,47.0,72.0,12.4,1.29
52,San Luis Obispo,Central Coast Valleys,2023-07-28,209,5.28,0.0,300.0,1.37,27.1,13.3,19.5,86.0,39.0,61.0,11.6,1.34
52,San Luis Obispo,Central Coast Valleys,2023-07-29,210,5.07,0.0,292.0,1.42,27.6,13.7,19.2,84.0,43.0,64.0,12.1,1.42
52,San Luis Obispo,Central Coast Valleys,2023-07-30,211,5.3,0.0,295.0,1.39,31.1,12.5,19.6,90.0,36.0,61.0,11.9,1.34
52,San Luis Obispo,Central Coast Valleys,2023-07-31,212,4.79,0.0,290.0,1.4,26.3,12.0,17.7,95.0,46.0,69.0,11.9,1.24
52,San Luis Obispo,Central Coast Valleys,2023-08-01,213,3.98,0.0,272.0,1.4,22.2,11.8,15.5,96.0,58.0,79.0,11.9,1.36
52,San Luis Obispo,Central Coast Valleys,2023-08-02,214,4.09,0.0,288.0,1.38,20.5,11.8,15.7,90.0,61.0,77.0,11.7,1.42
52,San Luis Obispo,Central Coast Valleys,2023-08-03,215,4.4,0.0,294.0,1.39,22.4,10.0,15.7,98.0,55.0,78.0,11.9,1.34
52,San Luis Obispo,Central Coast Valleys,2023-08-04,216,4.81,0.0,413.0,1.45,25.0,12.1,17.5,96.0,52.0,72.0,12.5,1.86
52,San Luis Obispo,Central Coast Valleys,2023-08-05,217,4.74,0.0,320.0,1.4,22.6,11.0,16.1,97.0,57.0,77.0,12.0,1.39
52,San Luis Obispo,Central Coast Valleys,2023-08-06,218,5.15,0.0,314.0,1.42,25.8,11.8,18.2,92.0,48.0,68.0,12.2,1.21
52,San Luis Obispo,Central Coast Valleys,2023-08-07,219,5.0,0.0,311.0,1.57,26.5,12.6,18.4,91.0,54.0,74.0,13.7,1.22
52,San Luis Obispo,Central Coast Valleys,2023-08-08,220,4.21,0.0,274.0,1.54,24.0,12.3,17.2,97.0,56.0,79.0,13.4,1.25
52,San Luis Obispo,Central Coast Valleys,2023-08-09,221,4.31,0.0,285.0,1.52,23.9,12.6,16.7,97.0,59.0,80.0,13.2,1.28
52,San Luis Obispo,Central Coast Valleys,2023-08-10,222,1.89,0.2,124.0,1.7,22.1,13.6,17.3,94.0,70.0,86.0,14.9,0.9
52,San Luis Obispo,Central Coast Valleys,2023-08-11,223,4.26,0.1,257.0,1.72,26.5,14.4,18.9,95.0,53.0,78.0,15.1,1.23
52,San Luis Obispo,Central Coast Valleys,2023-08-12,224,4.71,0.0,299.0,1.58,24.1,13.1,18.2,94.0,60.0,76.0,13.8,1.23
52,San Luis Obispo,Central Coast Valleys,2023-08-13,225,4.55,0.0,286.0,1.65,25.8,13.9,18.5,96.0,56.0,77.0,14.5,1.24
52,San Luis Obispo,Central Coast Valleys,2023-08-14,226,4.81,0.0,293.0,1.69,27.0,14.5,19.3,94.0,54.0,76.0,14.8,1.2
52,San Luis Obispo,Central Coast Valleys,2023-08-15,227,4.78,0.0,290.0,1.69,28.1,13.8,18.8,98.0,50.0,78.0,14.8,1.12
52,San Luis Obispo,Central Coast Valleys,2023-08-16,228,4.78,0.0,298.0,1.72,26.3,14.6,18.8,97.0,56.0,79.0,15.1,1.39
52,San Luis Obispo,Central Coast Valleys,2023-08-17,229,4.74,0.0,304.0,1.7,25.5,13.6,18.4,96.0,58.0,80.0,14.9,1.5
52,San Luis Obispo,Central Coast Valleys,2023-08-18,230,4.93,0.0,299.0,1.57,26.8,14.6,19.4,89.0,45.0,70.0,13.8,1.33
52,San Luis Obispo,Central Coast Valleys,2023-08-19,231,4.84,0.0,300.0,1.6,26.1,12.6,19.0,93.0,51.0,73.0,14.0,1.25
52,San Luis Obispo,Central Coast Valleys,2023-08-20,232,3.53,0.0,163.0,1.77,31.2,15.7,22.4,91.0,35.0,65.0,15.5,1.43
52,San Luis Obispo,Central Coast Valleys,2023-08-21,233,2.5,0.0,143.0,1.78,23.6,16.3,19.6,91.0,63.0,78.0,15.6,1.15
52,San Luis Obispo,Central Coast Valleys,2023-08-22,234,4.7,0.0,291.0,1.72,25.6,14.6,19.6,93.0,58.0,76.0,15.2,1.19
52,San Luis Obispo,Central Coast Valleys,2023-08-23,235,4.39,0.0,278.0,1.79,26.3,15.1,19.0,97.0,59.0,81.0,15.7,1.19
52,San Luis Obispo,Central Coast Valleys,2023-08-24,236,2.8,0.1,182.0,1.75,24.2,16.2,18.5,96.0,61.0,82.0,15.4,1.04
52,San Luis Obispo,Central Coast Valleys,2023-08-25,237,4.73,0.0,302.0,1.63,24.5,13.7,18.9,89.0,57.0,74.0,14.3,1.39
52,San Luis Obispo,Central Coast Valleys,2023-08-26,238,4.27,0.0,275.0,1.64,25.0,15.5,18.3,92.0,57.0,78.0,14.4,1.23
52,San Luis Obispo,Central Coast Valleys,2023-08-27,239,5.41,0.0,297.0,1.58,32.9,13.8,20.7,97.0,30.0,64.0,13.8,1.41
52,San Luis Obispo,Central Coast Valleys,2023-08-28,240,7.07,0.0,298.0,1.24,35.2,15.2,24.7,82.0,21.0,40.0,10.2,2.73
52,San Luis Obispo,Central Coast Valleys,2023-08-29,241,6.69,0.0,298.0,1.14,33.3,15.5,24.1,73.0,16.0,38.0,8.9,2.27
52,San Luis Obispo,Central Coast Valleys,2023-08-30,242,7.37,0.0,294.0,1.04,36.7,15.0,27.1,77.0,19.0,29.0,7.6,2.27
52,San Luis Obispo,Central Coast Valleys,2023-08-31,243,4.53,0.0,289.0,1.43,25.3,11.8,17.6,89.0,51.0,71.0,12.3,1.17
52,San Luis Obispo,Central Coast Valleys,2023-09-01,244,3.79,0.0,245.0,1.54,24.9,12.9,17.9,88.0,58.0,75.0,13.5,1.24
52,San Luis Obispo,Central Coast Valleys,2023-09-02,245,0.26,0.0,29.0,1.71,20.0,17.1,18.7,91.0,73.0,80.0,15.1,0.7
52,San Luis Obispo,Central Coast Valleys,2023-09-03,246,2.52,0.0,155.0,1.65,22.1,13.7,18.2,92.0,64.0,79.0,14.5,1.07
52,San Luis Obispo,Central Coast Valleys,2023-09-04,247,4.52,0.0,277.0,1.51,26.6,13.2,18.0,94.0,47.0,73.0,13.2,1.69
52,San Luis Obispo,Central Coast Valleys,2023-09-05,248,4.28,0.0,272.0,1.5,24.9,12.7,18.1,93.0,51.0,72.0,13.1,1.25
52,San Luis Obispo,Central Coast Valleys,2023-09-06,249,2.75,0.0,180.0,1.49,22.7,12.8,16.9,93.0,57.0,77.0,12.9,1.05
52,San Luis Obispo,Central Coast Valleys,2023-09-07,250,4.26,0.0,272.0,1.45,24.7,11.2,17.0,93.0,54.0,75.0,12.5,1.1
52,San Luis Obispo,Central Coast Valleys,2023-09-08,251,4.41,0.0,264.0,1.45,29.1,10.3,18.5,97.0,37.0,68.0,12.5,1.0
52,San Luis Obispo,Central Coast Valleys,2023-09-09,252,4.89,0.0,258.0,1.42,31.0,15.3,21.6,83.0,28.0,55.0,12.2,1.29
52,San Luis Obispo,Central Coast Valleys,2023-09-10,253,4.27,0.0,258.0,1.56,27.2,14.4,19.2,89.0,48.0,70.0,13.7,1.2
52,San Luis Obispo,Central Coast Valleys,2023-09-11,254,2.79,0.0,166.0,1.49,25.5,12.8,17.3,93.0,51.0,76.0,13.0,1.02
52,San Luis Obispo,Central Coast Valleys,2023-09-12,255,3.31,0.0,234.0,1.5,21.0,12.7,15.8,97.0,66.0,84.0,13.0,1.18
52,San Luis Obispo,Central Coast Valleys,2023-09-13,256,3.34,0.0,229.0,1.5,22.8,13.2,16.3,93.0,60.0,81.0,13.0,1.2
52,San Luis Obispo,Central Coast Valleys,2023-09-14,257,3.46,0.0,231.0,1.55,23.4,14.7,17.2,91.0,60.0,79.0,13.6,1.22
52,San Luis Obispo,Central Coast Valleys,2023-09-15,258,3.14,0.0,209.0,1.57,23.1,14.2,17.1,94.0,62.0,81.0,13.7,1.19
52,San Luis Obispo,Central Coast Valleys,2023-09-16,259,2.05,0.0,135.0,1.55,21.4,14.1,17.3,89.0,65.0,78.0,13.5,1.1
52,San Luis Obispo,Central Coast Valleys,2023-09-17,260,2.71,0.0,178.0,1.53,23.3,13.7,17.3,91.0,57.0,78.0,13.3,1.03
52,San Luis Obispo,Central Coast Valleys,2023-09-18,261,3.53,0.0,230.0,1.53,22.8,12.0,17.3,93.0,58.0,78.0,13.3,1.15
52,San Luis Obispo,Central Coast Valleys,2023-09-19,262,3.89,0.0,247.0,1.53,25.3,12.7,18.0,94.0,51.0,74.0,13.4,1.33
52,San Luis Obispo,Central Coast Valleys,2023-09-20,263,1.27,0.0,85.0,1.52,20.5,15.3,16.7,87.0,68.0,80.0,13.2,1.06
52,San Luis Obispo,Central Coast Valleys,2023-09-21,264,2.77,0.0,175.0,1.36,20.9,10.9,16.6,86.0,55.0,72.0,11.5,1.12
52,San Luis Obispo,Central Coast Valleys,2023-09-22,265,3.58,0.0,234.0,1.33,23.8,9.0,15.6,94.0,52.0,75.0,11.2,1.09
52,San Luis Obispo,Central Coast Valleys,2023-09-23,266,3.49,0.0,238.0,1.34,22.1,10.4,15.4,94.0,57.0,77.0,11.3,1.14
52,San Luis Obispo,Central Coast Valleys,2023-09-24,267,3.56,0.0,240.0,1.33,22.6,8.8,15.2,94.0,55.0,77.0,11.2,1.07
52,San Luis Obispo,Central Coast Valleys,2023-09-25,268,3.74,0.0,247.0,1.37,23.0,10.5,16.0,96.0,51.0,75.0,11.6,1.25
52,San Luis Obispo,Central Coast Valleys,2023-09-26,269,4.16,0.0,238.0,1.46,28.5,11.2,18.5,92.0,36.0,68.0,12.6,1.69
52,San Luis Obispo,Central Coast Valleys,2023-09-27,270,4.56,0.0,238.0,1.35,29.5,14.1,20.1,91.0,34.0,58.0,11.5,2.03
52,San Luis Obispo,Central Coast Valleys,2023-09-28,271,3.72,0.0,235.0,1.42,24.8,11.8,17.2,95.0,45.0,72.0,12.2,1.33
52,San Luis Obispo,Central Coast Valleys,2023-09-29,272,3.1,0.7,216.0,1.46,22.7,10.2,15.4,96.0,57.0,83.0,12.7,1.09
52,San Luis Obispo,Central Coast Valleys,2023-09-30,273,1.81,2.3,127.0,1.46,18.5,13.6,15.2,97.0,66.0,84.0,12.6,1.11
52,San Luis Obispo,Central Coast Valleys,2023-10-01,274,3.13,0.0,213.0,1.31,21.1,10.9,15.2,93.0,53.0,76.0,11.0,0.99
52,San Luis Obispo,Central Coast Valleys,2023-10-02,275,3.27,0.0,225.0,1.34,21.9,9.8,14.9,94.0,57.0,79.0,11.3,1.2
52,San Luis Obispo,Central Coast Valleys,2023-10-03,276,4.4,0.0,224.0,1.15,28.2,12.3,19.6,88.0,32.0,50.0,9.0,1.62
52,San Luis Obispo,Central Coast Valleys,2023-10-04,277,4.06,0.0,224.0,1.23,31.7,10.6,19.5,95.0,29.0,54.0,10.0,0.91
52,San Luis Obispo,Central Coast Valleys,2023-10-05,278,4.86,0.0,223.0,1.14,35.8,13.9,23.8,69.0,19.0,38.0,8.8,1.32
52,San Luis Obispo,Central Coast Valleys,2023-10-06,279,5.68,0.0,220.0,1.14,37.4,16.9,27.8,51.0,16.0,30.0,8.9,2.02
52,San Luis Obispo,Central Coast Valleys,2023-10-07,280,4.52,0.0,219.0,1.26,34.3,15.4,25.6,73.0,24.0,38.0,10.4,1.06
52,San Luis Obispo,Central Coast Valleys,2023-10-08,281,3.42,0.0,218.0,1.51,27.5,12.8,18.0,96.0,46.0,73.0,13.2,0.93
52,San Luis Obispo,Central Coast Valleys,2023-10-09,282,2.13,0.0,148.0,1.47,20.6,13.1,15.6,97.0,62.0,83.0,12.7,1.07
52,San Luis Obispo,Central Coast Valleys,2023-10-10,283,2.59,0.0,178.0,1.51,21.3,12.6,16.3,92.0,59.0,82.0,13.1,1.16
52,San Luis Obispo,Central Coast Valleys,2023-10-11,284,3.88,0.0,213.0,1.1,23.6,11.8,17.4,93.0,34.0,55.0,8.4,2.16
52,San Luis Obispo,Central Coast Valleys,2023-10-12,285,3.97,0.0,213.0,0.98,27.5,9.8,17.5,75.0,26.0,49.0,6.6,1.61
52,San Luis Obispo,Central Coast Valleys,2023-10-13,286,3.24,0.0,201.0,1.12,26.3,8.7,15.6,91.0,30.0,63.0,8.6,0.86
52,San Luis Obispo,Central Coast Valleys,2023-10-14,287,3.1,0.0,190.0,1.15,27.3,7.5,15.0,94.0,31.0,68.0,9.0,0.89
52,San Luis Obispo,Central Coast Valleys,2023-10-15,288,3.33,0.0,203.0,1.31,27.4,9.2,16.4,97.0,35.0,71.0,11.0,0.9
52,San Luis Obispo,Central Coast Valleys,2023-10-16,289,3.16,0.0,194.0,1.4,27.1,10.1,17.1,98.0,45.0,72.0,11.9,1.09
52,San Luis Obispo,Central Coast Valleys,2023-10-17,290,4.68,0.0,203.0,1.31,30.9,14.2,22.1,82.0,25.0,49.0,10.9,2.46
52,San Luis Obispo,Central Coast Valleys,2023-10-18,291,4.29,0.0,199.0,1.28,31.8,14.4,22.6,77.0,29.0,47.0,10.6,1.98
52,San Luis Obispo,Central Coast Valleys,2023-10-19,292,3.16,0.0,194.0,1.45,28.0,11.3,17.8,96.0,44.0,71.0,12.5,0.88
52,San Luis Obispo,Central Coast Valleys,2023-10-20,293,2.79,0.0,189.0,1.44,24.5,11.4,15.5,99.0,52.0,82.0,12.3,1.05
52,San Luis Obispo,Central Coast Valleys,2023-10-21,294,2.83,0.0,191.0,1.36,21.3,10.8,15.4,95.0,53.0,78.0,11.6,1.27
52,San Luis Obispo,Central Coast Valleys,2023-10-22,295,2.32,0.1,161.0,1.52,22.4,9.6,15.5,96.0,67.0,86.0,13.2,1.04
52,San Luis Obispo,Central Coast Valleys,2023-10-23,296,2.71,0.0,181.0,1.53,23.4,12.3,16.9,94.0,54.0,79.0,13.3,1.27
52,San Luis Obispo,Central Coast Valleys,2023-10-24,297,2.6,0.1,181.0,1.48,22.3,12.0,15.3,99.0,60.0,85.0,12.8,1.23
52,San Luis Obispo,Central Coast Valleys,2023-10-25,298,1.67,0.0,120.0,1.32,18.8,10.2,13.8,96.0,62.0,84.0,11.1,1.13
52,San Luis Obispo,Central Coast Valleys,2023-10-26,299,2.85,0.0,186.0,1.15,22.1,9.7,14.8,92.0,47.0,68.0,9.0,1.7
52,San Luis Obispo,Central Coast Valleys,2023-10-27,300,3.22,0.0,181.0,0.92,22.6,9.5,15.3,88.0,32.0,53.0,5.7,1.81
52,San Luis Obispo,Central Coast Valleys,2023-10-28,301,3.27,0.0,184.0,0.85,19.8,9.4,15.2,82.0,26.0,49.0,4.7,2.09
52,San Luis Obispo,Central Coast Valleys,2023-10-29,302,4.04,0.0,185.0,0.58,25.9,7.1,16.3,71.0,14.0,31.0,-0.8,2.27
52,San Luis Obispo,Central Coast Valleys,2023-10-30,303,4.1,0.0,186.0,0.44,27.1,7.3,18.2,72.0,10.0,21.0,-4.3,1.99
52,San Luis Obispo,Central Coast Valleys,2023-10-31,304,3.76,0.0,173.0,0.45,29.0,8.6,18.8,47.0,9.0,21.0,-4.2,1.61
52,San Luis Obispo,Central Coast Valleys,2023-11-01,305,3.83,0.0,182.0,0.45,30.7,8.6,18.8,44.0,8.0,21.0,-4.1,1.49
52,San Luis Obispo,Central Coast Valleys,2023-11-02,306,3.24,0.0,179.0,0.49,30.5,6.3,16.1,50.0,8.0,27.0,-3.1,0.94
52,San Luis Obispo,Central Coast Valleys,2023-11-03,307,3.98,0.0,168.0,0.72,31.2,11.4,20.1,62.0,16.0,31.0,2.4,1.56
52,San Luis Obispo,Central Coast Valleys,2023-11-04,308,2.87,0.0,162.0,1.02,28.4,9.4,17.0,91.0,24.0,52.0,7.2,0.99
52,San Luis Obispo,Central Coast Valleys,2023-11-05,309,2.39,0.0,167.0,1.37,22.3,8.8,14.6,97.0,54.0,82.0,11.7,1.11
52,San Luis Obispo,Central Coast Valleys,2023-11-06,310,1.97,0.3,139.0,1.6,21.3,13.2,16.2,96.0,68.0,87.0,14.0,0.98
52,San Luis Obispo,Central Coast Valleys,2023-11-07,311,2.6,0.0,160.0,1.16,19.5,11.0,15.5,95.0,52.0,66.0,9.2,1.84
52,San Luis Obispo,Central Coast Valleys,2023-11-08,312,3.33,0.0,165.0,0.82,22.4,11.9,16.3,69.0,25.0,44.0,4.1,2.34
52,San Luis Obispo,Central Coast Valleys,2023-11-09,313,3.86,0.0,159.0,0.73,24.4,13.1,17.2,52.0,22.0,37.0,2.5,3.55
52,San Luis Obispo,Central Coast Valleys,2023-11-10,314,4.02,0.0,156.0,0.65,24.1,12.9,17.6,49.0,14.0,32.0,0.8,3.27
52,San Luis Obispo,Central Coast Valleys,2023-11-11,315,4.96,0.0,159.0,0.57,26.0,14.2,19.4,36.0,17.0,25.0,-1.0,3.87
52,San Luis Obispo,Central Coast Valleys,2023-11-12,316,2.81,0.0,162.0,0.5,27.7,6.7,15.0,51.0,9.0,29.0,-2.9,0.88
52,San Luis Obispo,Central Coast Valleys,2023-11-13,317,2.17,0.0,150.0,0.83,20.7,4.8,11.6,90.0,26.0,61.0,4.3,0.94
52,San Luis Obispo,Central Coast Valleys,2023-11-14,318,1.97,0.0,138.0,1.06,21.9,6.1,12.5,96.0,47.0,73.0,7.8,0.81
52,San Luis Obispo,Central Coast Valleys,2023-11-15,319,1.09,0.0,43.0,1.02,20.8,6.7,15.1,81.0,33.0,59.0,7.2,1.33
52,San Luis Obispo,Central Coast Valleys,2023-11-16,320,2.36,0.0,139.0,1.39,23.6,11.8,17.7,89.0,49.0,69.0,11.9,1.24
52,San Luis Obispo,Central Coast Valleys,2023-11-17,321,1.38,0.7,84.0,1.39,22.4,9.7,15.3,94.0,52.0,80.0,11.9,0.99
52,San Luis Obispo,Central Coast Valleys,2023-11-18,322,0.26,33.9,31.0,1.63,17.4,14.1,15.6,98.0,83.0,92.0,14.3,0.91
52,San Luis Obispo,Central Coast Valleys,2023-11-19,323,2.54,0.0,147.0,0.96,19.0,11.2,14.6,97.0,35.0,57.0,6.3,2.01
52,San Luis Obispo,Central Coast Valleys,2023-11-20,324,3.09,0.0,152.0,0.71,23.4,6.7,14.1,84.0,25.0,44.0,2.1,2.69
52,San Luis Obispo,Central Coast Valleys,2023-11-21,325,2.74,0.0,145.0,0.73,26.9,4.5,15.2,87.0,17.0,43.0,2.6,1.27
52,San Luis Obispo,Central Coast Valleys,2023-11-22,326,3.77,0.0,145.0,0.69,26.3,13.0,18.3,68.0,20.0,33.0,1.7,2.62
52,San Luis Obispo,Central Coast Valleys,2023-11-23,327,2.34,0.0,143.0,1.01,23.0,8.2,15.3,94.0,29.0,58.0,7.2,1.35
52,San Luis Obispo,Central Coast Valleys,2023-11-24,328,2.42,0.1,149.0,0.75,21.0,5.0,12.0,95.0,25.0,53.0,2.8,1.23
52,San Luis Obispo,Central Coast Valleys,2023-11-25,329,2.49,0.0,144.0,0.68,21.0,4.4,12.5,80.0,31.0,47.0,1.4,1.56
52,San Luis Obispo,Central Coast Valleys,2023-11-26,330,2.82,0.0,124.0,0.57,21.2,9.6,14.4,59.0,20.0,35.0,-0.9,2.21
52,San Luis Obispo,Central Coast Valleys,2023-11-27,331,2.22,0.0,119.0,0.56,21.7,5.3,12.8,70.0,16.0,38.0,-1.3,1.23
52,San Luis Obispo,Central Coast Valleys,2023-11-28,332,2.03,0.0,136.0,0.71,20.5,2.8,10.5,84.0,23.0,56.0,2.1,0.87
52,San Luis Obispo,Central Coast Valleys,2023-11-29,333,1.29,0.6,94.0,1.09,19.1,6.1,11.4,95.0,59.0,81.0,8.2,0.83
52,San Luis Obispo,Central Coast Valleys,2023-11-30,334,1.74,0.0,127.0,1.1,18.5,6.8,12.1,96.0,56.0,78.0,8.3,1.18
52,San Luis Obispo,Central Coast Valleys,2023-12-01,335,2.26,0.0,133.0,0.84,17.6,7.3,12.9,77.0,36.0,56.0,4.4,2.01
52,San Luis Obispo,Central Coast Valleys,2023-12-02,336,2.09,0.0,122.0,0.92,18.7,8.5,13.1,92.0,42.0,61.0,5.8,1.76
52,San Luis Obispo,Central Coast Valleys,2023-12-03,337,2.15,0.0,100.0,0.99,19.7,10.6,15.0,81.0,45.0,58.0,6.8,2.54
52,San Luis Obispo,Central Coast Valleys,2023-12-04,338,3.21,0.0,114.0,1.02,19.9,14.4,16.5,64.0,45.0,54.0,7.3,5.16
52,San Luis Obispo,Central Coast Valleys,2023-12-05,339,3.35,0.0,132.0,0.95,25.7,9.5,17.5,80.0,30.0,48.0,6.2,3.2
52,San Luis Obispo,Central Coast Valleys,2023-12-06,340,1.38,0.0,104.0,1.1,18.4,6.7,11.9,91.0,61.0,79.0,8.4,0.9
52,San Luis Obispo,Central Coast Valleys,2023-12-07,341,1.89,0.0,130.0,1.02,18.0,7.4,12.7,93.0,46.0,70.0,7.3,1.67
52,San Luis Obispo,Central Coast Valleys,2023-12-08,342,2.4,0.0,132.0,0.79,16.8,8.6,12.3,77.0,36.0,56.0,3.6,2.76
52,San Luis Obispo,Central Coast Valleys,2023-12-09,343,3.19,0.0,123.0,0.6,19.9,9.7,13.9,55.0,28.0,38.0,-0.2,3.73
52,San Luis Obispo,Central Coast Valleys,2023-12-10,344,3.8,0.0,123.0,0.49,22.5,10.9,16.0,39.0,17.0,27.0,-3.0,3.67
52,San Luis Obispo,Central Coast Valleys,2023-12-11,345,3.46,0.0,130.0,0.46,23.0,14.2,18.1,39.0,15.0,22.0,-3.9,2.09
52,San Luis Obispo,Central Coast Valleys,2023-12-12,346,3.0,0.0,129.0,0.58,21.2,10.7,16.2,41.0,24.0,31.0,-0.8,1.88
52,San Luis Obispo,Central Coast Valleys,2023-12-13,347,2.34,0.0,129.0,0.73,20.8,5.7,13.4,83.0,30.0,48.0,2.6,1.61
52,San Luis Obispo,Central Coast Valleys,2023-12-14,348,1.87,0.0,122.0,0.76,23.6,3.6,10.7,87.0,21.0,59.0,2.9,0.74
52,San Luis Obispo,Central Coast Valleys,2023-12-15,349,2.05,0.0,130.0,0.66,25.1,3.4,11.5,84.0,15.0,48.0,1.0,0.74
52,San Luis Obispo,Central Coast Valleys,2023-12-16,350,1.99,0.0,120.0,0.6,25.9,3.9,12.5,69.0,15.0,42.0,-0.2,0.87
52,San Luis Obispo,Central Coast Valleys,2023-12-17,351,1.8,0.0,71.0,0.68,24.8,8.4,15.7,55.0,20.0,38.0,1.5,1.15
52,San Luis Obispo,Central Coast Valleys,2023-12-18,352,0.27,20.4,29.0,1.42,16.7,13.5,15.2,98.0,41.0,82.0,12.2,0.73
52,San Luis Obispo,Central Coast Valleys,2023-12-20,354,0.03,39.8,8.0,1.44,15.4,10.4,13.7,99.0,77.0,92.0,12.4,1.11
52,San Luis Obispo,Central Coast Valleys,2023-12-21,355,0.55,1.7,26.0,1.24,17.2,10.3,13.8,99.0,59.0,78.0,10.1,1.4
52,San Luis Obispo,Central Coast Valleys,2023-12-22,356,1.5,0.1,96.0,1.28,20.4,12.4,15.0,93.0,52.0,75.0,10.6,1.35
52,San Luis Obispo,Central Coast Valleys,2023-12-23,357,1.7,0.0,124.0,1.17,19.5,7.3,12.6,96.0,58.0,80.0,9.2,1.89
52,San Luis Obispo,Central Coast Valleys,2023-12-24,358,2.05,0.0,125.0,0.96,17.9,7.0,13.1,96.0,49.0,64.0,6.4,1.97
52,San Luis Obispo,Central Coast Valleys,2023-12-25,359,1.84,0.0,112.0,0.99,20.0,8.4,12.8,92.0,39.0,67.0,6.9,1.87
52,San Luis Obispo,Central Coast Valleys,2023-12-26,360,1.12,0.0,76.0,1.05,17.7,5.7,11.2,96.0,50.0,79.0,7.7,0.76
52,San Luis Obispo,Central Coast Valleys,2023-12-27,361,1.15,0.0,82.0,1.22,18.2,9.5,12.8,96.0,60.0,82.0,9.8,0.81
52,San Luis Obispo,Central Coast Valleys,2023-12-28,362,1.25,0.0,88.0,1.33,20.8,9.2,13.6,97.0,66.0,85.0,11.2,0.64
52,San Luis Obispo,Central Coast Valleys,2023-12-29,363,0.75,16.6,52.0,1.49,17.4,12.3,14.6,99.0,68.0,89.0,12.9,1.05
52,San Luis Obispo,Central Coast Valleys,2023-12-30,364,1.14,15.9,93.0,1.35,16.5,9.9,13.0,99.0,74.0,90.0,11.4,0.78
52,San Luis Obispo,Central Coast Valleys,2023-12-31,365,0.67,0.0,49.0,1.17,15.6,8.7,11.4,97.0,70.0,87.0,9.3,0.75
52,San Luis Obispo,Central Coast Valleys,2024-01-01,1,2.18,0.0,131.0,1.03,18.3,7.6,13.5,85.0,50.0,67.0,7.4,2.48
52,San Luis Obispo,Central Coast Valleys,2024-01-02,2,1.57,10.5,120.0,1.04,17.8,4.4,10.7,96.0,52.0,81.0,7.6,1.03
52,San Luis Obispo,Central Coast Valleys,2024-01-03,3,1.5,3.9,121.0,1.06,14.9,7.0,11.0,99.0,61.0,80.0,7.8,1.18
52,San Luis Obispo,Central Coast Valleys,2024-01-04,4,1.85,0.0,143.0,0.9,15.7,6.4,10.8,89.0,49.0,69.0,5.4,1.66
52,San Luis Obispo,Central Coast Valleys,2024-01-05,5,2.13,0.0,140.0,0.86,17.1,7.7,12.0,76.0,50.0,61.0,4.8,1.9
52,San Luis Obispo,Central Coast Valleys,2024-01-06,6,1.44,3.3,90.0,0.87,15.5,5.0,11.6,93.0,47.0,64.0,5.0,1.4
52,San Luis Obispo,Central Coast Valleys,2024-01-07,7,2.04,0.0,142.0,0.6,14.7,3.2,8.7,87.0,26.0,53.0,-0.2,1.84
52,San Luis Obispo,Central Coast Valleys,2024-01-08,8,1.97,0.0,139.0,0.61,14.5,3.6,8.5,77.0,29.0,55.0,0.0,1.69
52,San Luis Obispo,Central Coast Valleys,2024-01-09,9,2.15,0.0,133.0,0.82,16.2,4.5,11.2,92.0,38.0,62.0,4.1,2.07
52,San Luis Obispo,Central Coast Valleys,2024-01-10,10,1.87,2.5,133.0,0.92,15.2,7.6,10.9,91.0,50.0,71.0,5.7,2.08
52,San Luis Obispo,Central Coast Valleys,2024-01-11,11,2.12,0.7,144.0,0.64,13.8,3.8,9.4,92.0,31.0,54.0,0.6,1.81
52,San Luis Obispo,Central Coast Valleys,2024-01-12,12,2.6,0.0,141.0,0.52,16.4,5.5,10.7,58.0,27.0,41.0,-2.2,2.35
52,San Luis Obispo,Central Coast Valleys,2024-01-13,13,2.06,0.0,133.0,0.75,16.9,4.8,10.8,90.0,39.0,58.0,2.9,1.4
52,San Luis Obispo,Central Coast Valleys,2024-01-14,14,1.31,0.0,102.0,1.16,17.7,4.2,10.6,99.0,74.0,90.0,9.1,0.81
52,San Luis Obispo,Central Coast Valleys,2024-01-15,15,1.79,0.0,100.0,1.08,18.8,7.8,12.7,94.0,50.0,73.0,8.1,2.42
52,San Luis Obispo,Central Coast Valleys,2024-01-16,16,1.59,0.0,123.0,1.12,18.0,6.2,11.2,96.0,59.0,84.0,8.6,0.86
52,San Luis Obispo,Central Coast Valleys,2024-01-17,17,1.51,0.8,108.0,1.29,18.0,10.0,13.5,97.0,55.0,83.0,10.7,1.17
52,San Luis Obispo,Central Coast Valleys,2024-01-18,18,1.5,0.0,97.0,1.05,16.0,8.1,12.5,93.0,56.0,73.0,7.7,1.57
52,San Luis Obispo,Central Coast Valleys,2024-01-19,19,1.04,16.6,72.0,1.25,18.1,7.9,12.6,97.0,54.0,86.0,10.3,0.79
52,San Luis Obispo,Central Coast Valleys,2024-01-20,20,0.87,29.6,69.0,1.45,16.9,11.7,13.8,98.0,78.0,92.0,12.5,0.91
52,San Luis Obispo,Central Coast Valleys,2024-01-21,21,1.29,2.9,99.0,1.35,18.5,11.2,13.3,98.0,66.0,88.0,11.4,0.82
52,San Luis Obispo,Central Coast Valleys,2024-01-22,22,0.76,13.7,57.0,1.45,15.9,11.9,13.6,98.0,83.0,93.0,12.5,0.92
52,San Luis Obispo,Central Coast Valleys,2024-01-23,23,1.87,0.0,144.0,1.25,18.2,9.1,13.0,97.0,64.0,84.0,10.3,1.05
52,San Luis Obispo,Central Coast Valleys,2024-01-24,24,0.45,1.4,40.0,1.26,14.0,9.0,12.1,97.0,83.0,90.0,10.4,0.63
52,San Luis Obispo,Central Coast Valleys,2024-01-25,25,2.15,1.0,167.0,1.23,17.6,10.4,13.4,98.0,61.0,80.0,10.0,1.73
52,San Luis Obispo,Central Coast Valleys,2024-01-26,26,2.68,0.0,136.0,1.01,21.3,11.8,15.9,66.0,48.0,56.0,7.2,2.7
52,San Luis Obispo,Central Coast Valleys,2024-01-27,27,3.28,0.0,138.0,1.09,22.0,11.8,17.5,78.0,47.0,55.0,8.2,3.39
52,San Luis Obispo,Central Coast Valleys,2024-01-28,28,3.24,0.0,166.0,1.02,29.3,10.0,18.0,75.0,27.0,50.0,7.3,1.8
52,San Luis Obispo,Central Coast Valleys,2024-01-29,29,2.56,0.0,165.0,0.95,25.3,7.9,14.2,87.0,30.0,59.0,6.3,0.71
52,San Luis Obispo,Central Coast Valleys,2024-01-30,30,1.9,0.0,131.0,0.98,21.5,6.0,11.7,92.0,38.0,71.0,6.7,0.74
52,San Luis Obispo,Central Coast Valleys,2024-01-31,31,1.06,16.8,71.0,1.15,15.6,6.3,11.5,93.0,70.0,84.0,9.0,1.51
52,San Luis Obispo,Central Coast Valleys,2024-02-01,32,1.46,19.2,112.0,1.26,16.6,8.4,12.5,98.0,66.0,87.0,10.4,1.23
52,San Luis Obispo,Central Coast Valleys,2024-02-02,33,1.76,0.6,146.0,1.01,15.1,5.9,9.4,98.0,63.0,85.0,7.1,0.89
52,San Luis Obispo,Central Coast Valleys,2024-02-03,34,1.07,6.4,83.0,0.97,13.6,4.9,9.3,95.0,58.0,83.0,6.5,0.77
52,San Luis Obispo,Central Coast Valleys,2024-02-04,35,0.39,25.5,28.0,1.26,15.4,9.5,12.7,95.0,74.0,86.0,10.4,2.62
52,San Luis Obispo,Central Coast Valleys,2024-02-05,36,1.19,5.9,84.0,1.22,16.2,9.2,12.6,95.0,71.0,84.0,9.9,1.2
52,San Luis Obispo,Central Coast Valleys,2024-02-06,37,1.98,1.2,167.0,1.08,15.2,7.2,10.5,99.0,65.0,85.0,8.1,1.0
52,San Luis Obispo,Central Coast Valleys,2024-02-07,38,1.08,12.0,89.0,0.99,14.2,5.0,8.7,97.0,61.0,88.0,6.8,1.24
52,San Luis Obispo,Central Coast Valleys,2024-02-08,39,1.89,0.7,164.0,0.91,14.3,1.9,7.9,99.0,58.0,85.0,5.5,1.0
52,San Luis Obispo,Central Coast Valleys,2024-02-09,40,2.36,0.0,186.0,0.86,15.3,4.9,9.8,94.0,45.0,71.0,4.7,1.59
52,San Luis Obispo,Central Coast Valleys,2024-02-10,41,2.59,0.0,196.0,0.84,16.2,4.7,10.1,88.0,42.0,68.0,4.5,1.94
52,San Luis Obispo,Central Coast Valleys,2024-02-11,42,2.71,0.0,199.0,0.8,18.2,3.2,9.8,92.0,33.0,66.0,3.8,1.16
52,San Luis Obispo,Central Coast Valleys,2024-02-12,43,2.58,0.0,195.0,0.9,18.4,3.1,9.8,95.0,44.0,75.0,5.5,0.89
52,San Luis Obispo,Central Coast Valleys,2024-02-13,44,2.45,0.0,193.0,1.01,17.7,4.2,10.0,97.0,57.0,82.0,7.1,0.87
52,San Luis Obispo,Central Coast Valleys,2024-02-14,45,1.1,0.3,78.0,1.11,15.1,7.8,11.7,93.0,62.0,80.0,8.4,0.86
52,San Luis Obispo,Central Coast Valleys,2024-02-15,46,2.58,2.2,191.0,1.25,20.3,10.2,13.5,98.0,48.0,80.0,10.2,1.24
52,San Luis Obispo,Central Coast Valleys,2024-02-16,47,2.66,0.0,168.0,1.06,20.5,9.9,14.5,91.0,42.0,64.0,7.8,1.67
52,San Luis Obispo,Central Coast Valleys,2024-02-17,48,0.88,8.4,68.0,1.21,16.3,8.7,11.9,96.0,60.0,87.0,9.8,0.9
52,San Luis Obispo,Central Coast Valleys,2024-02-18,49,1.36,17.6,93.0,1.39,18.1,10.5,14.1,99.0,68.0,86.0,11.9,1.38
52,San Luis Obispo,Central Coast Valleys,2024-02-19,50,2.17,22.1,171.0,1.46,18.1,11.6,14.6,99.0,66.0,87.0,12.6,1.98
52,San Luis Obispo,Central Coast Valleys,2024-02-20,51,2.39,2.4,171.0,1.3,18.7,9.5,13.7,99.0,57.0,82.0,10.8,1.33
52,San Luis Obispo,Central Coast Valleys,2024-02-21,52,2.3,0.4,180.0,1.18,17.0,7.9,12.2,98.0,61.0,83.0,9.4,1.09
52,San Luis Obispo,Central Coast Valleys,2024-02-22,53,3.18,0.0,221.0,1.05,19.4,8.4,13.5,91.0,48.0,68.0,7.7,2.35
52,San Luis Obispo,Central Coast Valleys,2024-02-23,54,3.36,0.0,178.0,1.05,22.2,9.8,15.6,85.0,41.0,60.0,7.7,2.93
52,San Luis Obispo,Central Coast Valleys,2024-02-24,55,3.33,0.0,223.0,1.09,23.5,8.0,14.2,95.0,31.0,67.0,8.2,0.93
52,San Luis Obispo,Central Coast Valleys,2024-02-25,56,3.04,0.0,222.0,1.18,21.4,8.5,12.9,99.0,33.0,79.0,9.4,1.07
52,San Luis Obispo,Central Coast Valleys,2024-02-26,57,1.88,0.0,127.0,1.02,18.4,6.7,12.0,94.0,48.0,73.0,7.3,0.79
52,San Luis Obispo,Central Coast Valleys,2024-02-27,58,3.16,0.0,218.0,1.12,19.7,8.2,13.7,94.0,57.0,72.0,8.7,1.86
52,San Luis Obispo,Central Coast Valleys,2024-02-28,59,3.44,0.0,228.0,1.05,20.7,7.1,13.8,91.0,47.0,67.0,7.7,1.87
52,San Luis Obispo,Central Coast Valleys,2024-02-29,60,2.49,3.9,188.0,1.17,16.7,7.3,12.6,94.0,63.0,80.0,9.3,1.48
52,San Luis Obispo,Central Coast Valleys,2024-03-01,61,1.28,17.1,103.0,1.34,15.4,11.1,12.7,97.0,77.0,91.0,11.3,2.07
52,San Luis Obispo,Central Coast Valleys,2024-03-02,62,2.04,22.7,161.0,1.13,15.5,9.5,11.9,97.0,58.0,82.0,8.8,1.67
52,San Luis Obispo,Central Coast Valleys,2024-03-03,63,2.54,0.7,204.0,1.03,15.0,8.0,11.3,97.0,55.0,77.0,7.3,1.04
52,San Luis Obispo,Central Coast Valleys,2024-03-04,64,2.81,0.0,218.0,0.95,16.4,6.0,10.5,94.0,50.0,75.0,6.2,1.35
52,San Luis Obispo,Central Coast Valleys,2024-03-05,65,3.29,0.0,244.0,1.0,18.7,4.1,11.4,95.0,46.0,74.0,7.0,0.93
52,San Luis Obispo,Central Coast Valleys,2024-03-06,66,0.9,12.1,73.0,1.19,15.2,7.5,11.3,97.0,72.0,89.0,9.5,0.75
52,San Luis Obispo,Central Coast Valleys,2024-03-07,67,1.5,0.1,117.0,1.06,14.8,6.4,10.9,99.0,65.0,81.0,7.8,1.13
52,San Luis Obispo,Central Coast Valleys,2024-03-08,68,3.72,0.0,254.0,1.0,21.8,7.5,13.3,91.0,43.0,66.0,7.0,1.64
52,San Luis Obispo,Central Coast Valleys,2024-03-09,69,3.15,0.0,247.0,1.11,18.2,7.6,11.9,95.0,58.0,80.0,8.5,1.32
52,San Luis Obispo,Central Coast Valleys,2024-03-10,70,2.01,0.0,160.0,1.08,15.7,7.7,10.9,96.0,61.0,83.0,8.1,1.18
52,San Luis Obispo,Central Coast Valleys,2024-03-11,71,2.08,0.0,159.0,1.05,16.3,5.7,10.7,96.0,63.0,82.0,7.7,0.98
52,San Luis Obispo,Central Coast Valleys,2024-03-12,72,2.67,0.2,193.0,1.14,17.9,7.4,12.3,93.0,57.0,80.0,8.9,1.21
52,San Luis Obispo,Central Coast Valleys,2024-03-13,73,3.51,0.0,251.0,0.97,19.3,8.5,12.8,81.0,50.0,65.0,6.5,2.01
52,San Luis Obispo,Central Coast Valleys,2024-03-14,74,4.34,0.0,264.0,0.68,21.0,7.8,14.1,75.0,19.0,42.0,1.5,1.97
52,San Luis Obispo,Central Coast Valleys,2024-03-15,75,4.07,0.0,260.0,0.74,22.6,5.8,13.5,83.0,22.0,48.0,2.6,1.14
52,San Luis Obispo,Central Coast Valleys,2024-03-16,76,3.57,0.0,255.0,0.96,20.4,3.8,11.6,92.0,35.0,70.0,6.3,1.01
52,San Luis Obispo,Central Coast Valleys,2024-03-17,77,3.57,0.0,256.0,1.13,21.5,6.0,12.5,96.0,48.0,77.0,8.7,1.28
52,San Luis Obispo,Central Coast Valleys,2024-03-18,78,4.39,0.0,258.0,1.11,27.0,7.2,15.4,97.0,31.0,64.0,8.5,1.61
52,San Luis Obispo,Central Coast Valleys,2024-03-19,79,3.91,0.0,261.0,1.22,24.6,6.9,13.9,96.0,51.0,77.0,9.9,0.99
52,San Luis Obispo,Central Coast Valleys,2024-03-20,80,4.48,0.0,265.0,1.06,25.0,8.8,15.6,94.0,32.0,60.0,7.9,1.55
52,San Luis Obispo,Central Coast Valleys,2024-03-21,81,3.75,0.0,265.0,1.07,20.1,5.4,12.6,95.0,45.0,73.0,7.9,1.12
52,San Luis Obispo,Central Coast Valleys,2024-03-22,82,3.71,2.2,267.0,1.25,19.7,9.6,14.4,93.0,50.0,76.0,10.2,1.39
52,San Luis Obispo,Central Coast Valleys,2024-03-23,83,2.75,6.0,217.0,1.08,15.9,6.8,11.5,95.0,59.0,80.0,8.2,1.18
52,San Luis Obispo,Central Coast Valleys,2024-03-24,84,2.16,1.8,180.0,1.05,14.8,6.2,10.2,94.0,72.0,84.0,7.7,1.3
52,San Luis Obispo,Central Coast Valleys,2024-03-25,85,2.99,0.0,233.0,0.99,16.0,5.5,10.6,93.0,60.0,77.0,6.8,1.37
52,San Luis Obispo,Central Coast Valleys,2024-03-26,86,3.7,0.0,284.0,1.0,16.9,5.5,11.4,95.0,55.0,74.0,6.9,1.72
52,San Luis Obispo,Central Coast Valleys,2024-03-27,87,3.5,0.0,273.0,1.1,18.2,5.3,11.7,97.0,57.0,80.0,8.4,1.15
52,San Luis Obispo,Central Coast Valleys,2024-03-28,88,2.84,2.4,214.0,1.12,17.5,6.7,12.3,96.0,57.0,78.0,8.6,1.23
52,San Luis Obispo,Central Coast Valleys,2024-03-29,89,1.17,32.3,97.0,1.03,15.0,6.1,9.8,98.0,57.0,86.0,7.4,1.37
52,San Luis Obispo,Central Coast Valleys,2024-03-30,90,1.64,12.4,137.0,1.11,14.7,7.8,11.0,98.0,65.0,85.0,8.5,1.35
52,San Luis Obispo,Central Coast Valleys,2024-03-31,91,3.88,0.1,284.0,1.03,18.3,7.4,12.7,88.0,50.0,70.0,7.4,2.05
52,San Luis Obispo,Central Coast Valleys,2024-04-01,92,4.14,0.0,293.0,1.13,21.1,8.3,13.6,93.0,45.0,73.0,8.8,1.48
52,San Luis Obispo,Central Coast Valleys,2024-04-02,93,4.52,0.0,292.0,1.17,23.4,7.1,14.6,97.0,48.0,70.0,9.3,1.16
52,San Luis Obispo,Central Coast Valleys,2024-04-03,94,2.07,0.1,159.0,1.17,15.6,8.1,11.3,99.0,75.0,87.0,9.3,1.19
52,San Luis Obispo,Central Coast Valleys,2024-04-04,95,1.76,11.3,143.0,0.94,13.1,5.8,9.5,93.0,58.0,79.0,6.1,1.34
52,San Luis Obispo,Central Coast Valleys,2024-04-05,96,2.87,4.8,245.0,0.86,13.2,3.7,8.3,98.0,54.0,79.0,4.8,1.33
52,San Luis Obispo,Central Coast Valleys,2024-04-06,97,3.91,0.0,309.0,0.77,15.4,2.4,8.9,91.0,42.0,67.0,3.2,1.53
52,San Luis Obispo,Central Coast Valleys,2024-04-07,98,3.95,0.0,302.0,0.89,17.3,6.2,11.4,88.0,47.0,66.0,5.3,1.76
52,San Luis Obispo,Central Coast Valleys,2024-04-08,99,4.19,0.0,292.0,0.93,19.7,7.7,12.6,91.0,36.0,64.0,5.9,1.96
52,San Luis Obispo,Central Coast Valleys,2024-04-09,100,5.14,0.0,304.0,0.99,24.9,9.0,16.2,95.0,30.0,53.0,6.8,1.53
52,San Luis Obispo,Central Coast Valleys,2024-04-10,101,5.3,0.0,299.0,1.17,27.3,9.2,17.8,95.0,34.0,57.0,9.2,1.64
52,San Luis Obispo,Central Coast Valleys,2024-04-11,102,5.33,0.0,301.0,1.28,27.4,8.8,18.1,96.0,37.0,61.0,10.6,1.56
52,San Luis Obispo,Central Coast Valleys,2024-04-12,103,0.48,0.1,49.0,1.24,14.0,9.6,12.1,99.0,69.0,88.0,10.1,1.45
52,San Luis Obispo,Central Coast Valleys,2024-04-13,104,0.57,31.9,62.0,1.07,14.1,6.3,10.0,97.0,63.0,87.0,7.9,1.29
52,San Luis Obispo,Central Coast Valleys,2024-04-14,105,2.8,25.9,222.0,1.16,16.5,8.4,11.4,97.0,65.0,86.0,9.2,1.25
52,San Luis Obispo,Central Coast Valleys,2024-04-15,106,3.7,0.0,281.0,1.07,19.0,8.6,12.5,93.0,52.0,74.0,8.0,1.71
52,San Luis Obispo,Central Coast Valleys,2024-04-16,107,4.9,0.0,319.0,1.22,24.3,8.5,15.5,93.0,46.0,69.0,9.9,1.75
52,San Luis Obispo,Central Coast Valleys,2024-04-17,108,5.13,0.0,301.0,1.34,26.9,10.8,18.5,94.0,44.0,63.0,11.3,1.6
52,San Luis Obispo,Central Coast Valleys,2024-04-18,109,3.21,0.0,231.0,1.38,21.4,9.5,14.0,97.0,64.0,86.0,11.8,1.11
52,San Luis Obispo,Central Coast Valleys,2024-04-19,110,2.65,0.0,210.0,1.28,17.5,10.8,12.9,96.0,70.0,86.0,10.6,1.22
52,San Luis Obispo,Central Coast Valleys,2024-04-20,111,3.74,0.0,267.0,1.31,21.6,10.4,14.5,97.0,40.0,79.0,11.0,1.64
52,San Luis Obispo,Central Coast Valleys,2024-04-21,112,5.6,0.0,318.0,1.13,27.2,10.3,18.1,93.0,27.0,55.0,8.8,1.95
52,San Luis Obispo,Central Coast Valleys,2024-04-22,113,1.0,0.0,82.0,1.26,15.5,10.4,12.6,96.0,76.0,86.0,10.4,1.17
52,San Luis Obispo,Central Coast Valleys,2024-04-23,114,2.91,0.0,203.0,1.07,17.7,9.1,13.2,86.0,55.0,70.0,7.9,1.28
52,San Luis Obispo,Central Coast Valleys,2024-04-24,115,2.48,0.0,173.0,1.12,17.4,10.7,13.4,88.0,61.0,73.0,8.7,1.12
52,San Luis Obispo,Central Coast Valleys,2024-04-25,116,2.95,0.0,217.0,1.24,17.7,11.1,13.7,90.0,64.0,79.0,10.1,1.27
52,San Luis Obispo,Central Coast Valleys,2024-04-26,117,3.17,0.0,237.0,1.2,17.8,8.0,12.9,92.0,67.0,81.0,9.6,1.58
52,San Luis Obispo,Central Coast Valleys,2024-04-27,118,4.16,0.0,308.0,1.1,19.0,7.7,12.8,93.0,55.0,74.0,8.4,1.73
52,San Luis Obispo,Central Coast Valleys,2024-04-28,119,4.61,0.0,313.0,1.13,21.2,9.9,14.9,88.0,49.0,67.0,8.8,2.03
52,San Luis Obispo,Central Coast Valleys,2024-04-29,120,4.83,0.0,313.0,1.05,20.2,10.8,15.4,80.0,43.0,60.0,7.7,2.37
52,San Luis Obispo,Central Coast Valleys,2024-04-30,121,4.81,0.0,318.0,0.99,21.5,9.0,14.2,87.0,38.0,61.0,6.8,2.11
52,San Luis Obispo,Central Coast Valleys,2024-05-01,122,5.93,0.0,321.0,0.87,26.0,9.3,17.6,70.0,27.0,43.0,4.9,2.58
52,San Luis Obispo,Central Coast Valleys,2024-05-02,123,5.6,0.0,316.0,0.95,25.2,9.8,16.9,91.0,24.0,50.0,6.3,2.23
52,San Luis Obispo,Central Coast Valleys,2024-05-03,124,4.37,0.0,311.0,1.24,20.9,8.3,13.6,96.0,61.0,80.0,10.1,1.33
52,San Luis Obispo,Central Coast Valleys,2024-05-04,125,1.23,0.1,108.0,1.2,14.8,7.7,10.9,96.0,78.0,92.0,9.6,1.23
52,San Luis Obispo,Central Coast Valleys,2024-05-05,126,4.14,0.1,324.0,0.9,15.8,4.5,10.7,95.0,51.0,70.0,5.4,1.65
52,San Luis Obispo,Central Coast Valleys,2024-05-06,127,4.92,0.0,328.0,0.89,21.5,8.3,13.4,89.0,35.0,58.0,5.3,1.99
52,San Luis Obispo,Central Coast Valleys,2024-05-07,128,4.67,0.0,327.0,1.08,21.1,9.7,14.2,87.0,48.0,67.0,8.1,2.08
52,San Luis Obispo,Central Coast Valleys,2024-05-08,129,5.77,0.0,329.0,0.99,25.8,11.1,17.4,82.0,29.0,50.0,6.9,1.94
52,San Luis Obispo,Central Coast Valleys,2024-05-09,130,4.86,0.0,324.0,1.21,23.8,8.3,15.0,91.0,48.0,71.0,9.8,1.12
52,San Luis Obispo,Central Coast Valleys,2024-05-10,131,4.72,0.0,329.0,1.33,22.6,8.6,14.7,95.0,59.0,79.0,11.1,1.23
52,San Luis Obispo,Central Coast Valleys,2024-05-11,132,4.51,0.0,308.0,1.38,23.2,11.4,15.1,96.0,57.0,80.0,11.7,1.32
52,San Luis Obispo,Central Coast Valleys,2024-05-12,133,4.2,0.0,307.0,1.36,21.0,11.0,14.0,97.0,64.0,85.0,11.5,1.31
52,San Luis Obispo,Central Coast Valleys,2024-05-13,134,3.7,0.0,288.0,1.27,17.9,10.4,12.9,95.0,69.0,85.0,10.5,1.34
52,San Luis Obispo,Central Coast Valleys,2024-05-14,135,3.99,0.0,430.0,1.28,17.9,11.2,14.5,93.0,69.0,78.0,10.6,1.78
52,San Luis Obispo,Central Coast Valleys,2024-05-15,136,3.32,0.0,246.0,1.27,18.6,10.6,13.5,92.0,66.0,82.0,10.5,1.31
52,San Luis Obispo,Central Coast Valleys,2024-05-16,137,3.68,0.0,269.0,1.31,20.2,11.0,14.1,94.0,65.0,81.0,11.0,1.33
52,San Luis Obispo,Central Coast Valleys,2024-05-17,138,2.01,0.0,149.0,1.28,18.0,12.1,13.8,90.0,67.0,81.0,10.6,1.2
52,San Luis Obispo,Central Coast Valleys,2024-05-18,139,1.43,0.1,100.0,1.26,16.3,11.4,13.4,94.0,71.0,81.0,10.3,1.16
52,San Luis Obispo,Central Coast Valleys,2024-05-19,140,3.0,0.0,224.0,1.21,17.6,11.4,13.5,85.0,65.0,78.0,9.8,1.42
52,San Luis Obispo,Central Coast Valleys,2024-05-20,141,2.66,0.0,198.0,1.11,16.9,10.9,12.7,86.0,62.0,76.0,8.5,1.26
52,San Luis Obispo,Central Coast Valleys,2024-05-21,142,4.3,0.0,317.0,1.22,18.9,10.2,13.7,94.0,63.0,78.0,10.0,1.32
52,San Luis Obispo,Central Coast Valleys,2024-05-22,143,3.84,0.0,291.0,1.26,19.9,9.7,13.2,97.0,63.0,83.0,10.4,1.25
52,San Luis Obispo,Central Coast Valleys,2024-05-23,144,3.72,0.0,276.0,1.24,19.2,11.1,13.7,93.0,64.0,79.0,10.1,1.39
52,San Luis Obispo,Central Coast Valleys,2024-05-24,145,3.76,0.0,287.0,1.14,17.8,10.8,12.8,95.0,60.0,77.0,8.8,1.39
52,San Luis Obispo,Central Coast Valleys,2024-05-25,146,3.89,0.0,292.0,1.21,18.0,10.0,13.6,92.0,64.0,78.0,9.8,1.46
52,San Luis Obispo,Central Coast Valleys,2024-05-26,147,4.26,0.0,323.0,1.19,18.3,7.6,12.9,96.0,64.0,80.0,9.5,1.44
52,San Luis Obispo,Central Coast Valleys,2024-05-27,148,3.91,0.0,297.0,1.25,18.7,10.2,13.2,95.0,68.0,82.0,10.2,1.48
52,San Luis Obispo,Central Coast Valleys,2024-05-28,149,4.2,0.0,311.0,1.24,19.3,9.7,13.6,94.0,63.0,80.0,10.2,1.4
52,San Luis Obispo,Central Coast Valleys,2024-05-29,150,4.8,0.0,337.0,1.21,20.9,7.9,14.2,96.0,56.0,75.0,9.8,1.23
52,San Luis Obispo,Central Coast Valleys,2024-05-30,151,5.28,0.0,337.0,1.26,25.2,9.3,15.9,93.0,46.0,70.0,10.4,1.23
52,San Luis Obispo,Central Coast Valleys,2024-05-31,152,4.27,0.0,304.0,1.32,21.3,9.7,14.0,97.0,60.0,82.0,11.0,1.3
52,San Luis Obispo,Central Coast Valleys,2024-06-01,153,2.54,0.0,197.0,1.24,17.5,9.3,12.5,96.0,67.0,85.0,10.1,1.12
52,San Luis Obispo,Central Coast Valleys,2024-06-02,154,4.06,0.0,313.0,1.29,17.9,8.6,13.5,95.0,70.0,83.0,10.7,1.4
52,San Luis Obispo,Central Coast Valleys,2024-06-03,155,4.23,0.0,271.0,1.42,24.7,10.5,16.1,97.0,53.0,78.0,12.2,1.53
52,San Luis Obispo,Central Coast Valleys,2024-06-04,156,6.01,0.0,328.0,1.41,30.8,12.2,21.9,90.0,38.0,53.0,12.1,1.75
52,San Luis Obispo,Central Coast Valleys,2024-06-05,157,5.05,0.0,322.0,1.46,24.2,13.4,18.5,87.0,55.0,68.0,12.6,1.3
52,San Luis Obispo,Central Coast Valleys,2024-06-06,158,4.63,0.0,309.0,1.45,22.8,12.0,16.2,94.0,61.0,79.0,12.5,1.2
52,San Luis Obispo,Central Coast Valleys,2024-06-07,159,4.39,0.0,312.0,1.45,21.2,11.9,15.5,97.0,65.0,82.0,12.5,1.32
52,San Luis Obispo,Central Coast Valleys,2024-06-08,160,1.57,0.0,115.0,1.39,18.1,12.5,14.2,94.0,72.0,86.0,11.8,1.2
52,San Luis Obispo,Central Coast Valleys,2024-06-09,161,4.25,0.0,292.0,1.37,21.9,12.0,15.4,92.0,58.0,78.0,11.6,1.32
52,San Luis Obispo,Central Coast Valleys,2024-06-10,162,4.63,0.0,320.0,1.37,22.2,11.3,15.5,96.0,60.0,77.0,11.6,1.35
52,San Luis Obispo,Central Coast Valleys,2024-06-11,163,4.88,0.0,323.0,1.42,23.6,10.6,16.1,98.0,57.0,78.0,12.2,1.12
52,San Luis Obispo,Central Coast Valleys,2024-06-12,164,3.99,0.0,277.0,1.47,21.6,12.2,15.9,96.0,65.0,81.0,12.7,1.31
52,San Luis Obispo,Central Coast Valleys,2024-06-13,165,2.22,0.0,158.0,1.45,19.7,12.2,15.2,93.0,69.0,84.0,12.5,1.23
52,San Luis Obispo,Central Coast Valleys,2024-06-14,166,5.05,0.0,337.0,1.34,22.7,11.5,16.2,93.0,55.0,73.0,11.3,1.66
52,San Luis Obispo,Central Coast Valleys,2024-06-15,167,5.9,0.0,340.0,1.02,24.1,11.1,17.6,84.0,25.0,51.0,7.3,2.23
52,San Luis Obispo,Central Coast Valleys,2024-06-16,168,5.2,0.0,335.0,1.14,24.5,9.4,15.6,92.0,37.0,65.0,8.9,1.52
52,San Luis Obispo,Central Coast Valleys,2024-06-17,169,4.92,0.0,335.0,1.14,22.2,11.1,16.0,81.0,30.0,62.0,8.8,1.57
52,San Luis Obispo,Central Coast Valleys,2024-06-18,170,5.76,0.0,319.0,1.0,27.4,10.0,18.7,86.0,23.0,46.0,7.0,1.68
52,San Luis Obispo,Central Coast Valleys,2024-06-19,171,4.83,0.0,333.0,1.18,22.3,8.2,14.2,94.0,46.0,73.0,9.4,1.3
52,San Luis Obispo,Central Coast Valleys,2024-06-20,172,4.39,0.0,325.0,1.21,19.7,9.8,13.6,92.0,57.0,78.0,9.8,1.58
52,San Luis Obispo,Central Coast Valleys,2024-06-21,173,4.62,0.0,321.0,1.27,21.0,10.2,14.4,95.0,57.0,77.0,10.5,1.39
52,San Luis Obispo,Central Coast Valleys,2024-06-22,174,5.56,0.0,329.0,1.34,28.7,10.4,18.7,95.0,40.0,62.0,11.3,1.03
52,San Luis Obispo,Central Coast Valleys,2024-06-23,175,6.0,0.0,324.0,1.3,31.6,11.0,21.3,88.0,30.0,51.0,10.8,1.02
52,San Luis Obispo,Central Coast Valleys,2024-06-24,176,5.41,0.0,288.0,1.35,29.8,16.9,22.2,69.0,35.0,50.0,11.4,1.15
52,San Luis Obispo,Central Coast Valleys,2024-06-25,177,5.6,0.0,317.0,1.37,27.9,13.9,20.4,85.0,38.0,57.0,11.7,1.27
52,San Luis Obispo,Central Coast Valleys,2024-06-26,178,4.82,0.0,311.0,1.38,23.7,12.1,16.6,95.0,53.0,73.0,11.8,1.4
52,San Luis Obispo,Central Coast Valleys,2024-06-27,179,5.03,0.0,334.0,1.3,22.3,11.0,16.3,89.0,52.0,71.0,10.9,1.37
52,San Luis Obispo,Central Coast Valleys,2024-06-28,180,4.24,0.0,296.0,1.29,22.5,9.6,14.5,95.0,53.0,78.0,10.7,1.23
52,San Luis Obispo,Central Coast Valleys,2024-06-29,181,5.05,0.0,328.0,1.36,24.5,11.2,16.4,91.0,52.0,73.0,11.5,1.21
52,San Luis Obispo,Central Coast Valleys,2024-06-30,182,5.81,0.0,333.0,1.33,31.1,10.2,18.2,94.0,31.0,64.0,11.2,1.25
52,San Luis Obispo,Central Coast Valleys,2024-07-01,183,5.17,0.0,331.0,1.36,25.2,10.9,16.3,96.0,50.0,73.0,11.5,1.18
52,San Luis Obispo,Central Coast Valleys,2024-07-02,184,5.4,0.0,327.0,1.4,27.5,10.8,18.1,95.0,45.0,67.0,12.0,1.09
52,San Luis Obispo,Central Coast Valleys,2024-07-03,185,5.82,0.0,330.0,1.45,29.2,12.5,20.9,88.0,40.0,59.0,12.5,1.03
52,San Luis Obispo,Central Coast Valleys,2024-07-04,186,5.65,0.0,330.0,1.44,28.3,12.2,19.1,90.0,43.0,65.0,12.4,1.25
52,San Luis Obispo,Central Coast Valleys,2024-07-05,187,5.62,0.0,329.0,1.47,27.7,11.7,19.0,96.0,45.0,67.0,12.7,1.24
52,San Luis Obispo,Central Coast Valleys,2024-07-06,188,5.28,0.0,312.0,1.47,28.1,12.4,19.3,90.0,46.0,66.0,12.7,1.19
52,San Luis Obispo,Central Coast Valleys,2024-07-07,189,5.11,0.0,314.0,1.47,26.8,11.2,17.8,94.0,50.0,72.0,12.7,1.08
52,San Luis Obispo,Central Coast Valleys,2024-07-08,190,5.26,0.0,336.0,1.42,25.4,10.4,16.8,94.0,51.0,74.0,12.2,1.15
52,San Luis Obispo,Central Coast Valleys,2024-07-09,191,5.24,0.0,328.0,1.47,28.4,12.6,17.3,96.0,43.0,75.0,12.7,1.18
52,San Luis Obispo,Central Coast Valleys,2024-07-10,192,5.15,0.0,321.0,1.48,27.1,11.6,17.4,97.0,49.0,74.0,12.8,1.26
52,San Luis Obispo,Central Coast Valleys,2024-07-11,193,5.5,0.0,322.0,1.45,30.1,10.5,18.9,96.0,40.0,66.0,12.5,1.02
52,San Luis Obispo,Central Coast Valleys,2024-07-12,194,4.62,0.0,294.0,1.44,24.9,11.9,17.3,93.0,53.0,73.0,12.4,1.23
52,San Luis Obispo,Central Coast Valleys,2024-07-13,195,3.74,0.0,234.0,1.49,25.0,12.7,17.2,94.0,57.0,76.0,12.9,1.31
52,San Luis Obispo,Central Coast Valleys,2024-07-14,196,4.65,0.0,305.0,1.49,23.3,12.7,16.8,96.0,57.0,78.0,12.9,1.34
52,San Luis Obispo,Central Coast Valleys,2024-07-15,197,4.17,0.0,282.0,1.45,22.3,12.7,16.2,96.0,59.0,79.0,12.5,1.33
52,San Luis Obispo,Central Coast Valleys,2024-07-16,198,4.79,0.0,323.0,1.4,21.9,11.6,16.4,93.0,59.0,75.0,12.0,1.27
52,San Luis Obispo,Central Coast Valleys,2024-07-17,199,4.7,0.0,308.0,1.41,24.0,9.4,16.1,97.0,55.0,77.0,12.1,1.22
52,San Luis Obispo,Central Coast Valleys,2024-07-18,200,5.12,0.0,318.0,1.49,26.3,12.5,17.4,98.0,49.0,75.0,12.9,1.17
52,San Luis Obispo,Central Coast Valleys,2024-07-19,201,5.17,0.0,317.0,1.48,26.4,12.1,18.1,97.0,48.0,71.0,12.8,1.08
52,San Luis Obispo,Central Coast Valleys,2024-07-20,202,4.91,0.0,321.0,1.46,24.3,12.0,16.8,94.0,56.0,76.0,12.7,1.32
52,San Luis Obispo,Central Coast Valleys,2024-07-21,203,4.66,0.0,308.0,1.45,24.5,12.3,16.5,96.0,52.0,77.0,12.5,1.32
52,San Luis Obispo,Central Coast Valleys,2024-07-22,204,5.14,0.0,308.0,1.47,28.5,12.6,18.6,94.0,42.0,68.0,12.7,1.04
52,San Luis Obispo,Central Coast Valleys,2024-07-23,205,5.44,0.0,305.0,1.5,30.4,13.2,20.9,87.0,38.0,60.0,13.0,1.02
52,San Luis Obispo,Central Coast Valleys,2024-07-24,206,5.42,0.0,300.0,1.59,29.9,15.5,21.3,85.0,41.0,63.0,13.9,1.12
52,San Luis Obispo,Central Coast Valleys,2024-07-25,207,5.33,0.0,308.0,1.56,28.7,13.4,19.6,94.0,45.0,68.0,13.6,1.26
52,San Luis Obispo,Central Coast Valleys,2024-07-26,208,4.89,0.0,315.0,1.47,25.9,12.4,16.7,97.0,51.0,77.0,12.7,1.4
52,San Luis Obispo,Central Coast Valleys,2024-07-27,209,3.91,0.0,276.0,1.36,20.4,11.9,15.0,95.0,61.0,80.0,11.6,1.45
52,San Luis Obispo,Central Coast Valleys,2024-07-28,210,3.85,0.0,268.0,1.36,21.2,13.3,15.7,87.0,58.0,76.0,11.5,1.38
52,San Luis Obispo,Central Coast Valleys,2024-07-29,211,4.54,0.0,306.0,1.4,22.6,12.0,16.0,95.0,57.0,77.0,12.0,1.5
52,San Luis Obispo,Central Coast Valleys,2024-07-30,212,4.97,0.0,309.0,1.46,27.1,11.8,17.4,97.0,44.0,73.0,12.6,1.16
52,San Luis Obispo,Central Coast Valleys,2024-07-31,213,4.55,0.0,300.0,1.46,24.7,12.0,16.4,97.0,55.0,79.0,12.7,1.34
52,San Luis Obispo,Central Coast Valleys,2024-08-01,214,4.99,0.0,308.0,1.4,26.8,9.9,16.9,95.0,46.0,73.0,12.0,1.19
52,San Luis Obispo,Central Coast Valleys,2024-08-02,215,3.21,0.0,188.0,1.44,25.7,11.7,17.8,95.0,52.0,71.0,12.4,1.04
52,San Luis Obispo,Central Coast Valleys,2024-08-03,216,5.19,0.0,297.0,1.51,28.7,12.3,19.7,93.0,44.0,66.0,13.1,1.29
52,San Luis Obispo,Central Coast Valleys,2024-08-04,217,4.7,0.0,295.0,1.43,25.9,11.5,16.6,97.0,50.0,75.0,12.2,1.26
52,San Luis Obispo,Central Coast Valleys,2024-08-05,218,4.77,0.0,293.0,1.43,26.9,11.6,17.6,96.0,46.0,71.0,12.3,1.09
52,San Luis Obispo,Central Coast Valleys,2024-08-06,219,5.05,0.0,292.0,1.44,29.0,13.6,19.6,85.0,42.0,63.0,12.4,0.91
52,San Luis Obispo,Central Coast Valleys,2024-08-07,220,5.12,0.0,287.0,1.53,29.3,13.6,20.4,85.0,42.0,64.0,13.3,1.12
52,San Luis Obispo,Central Coast Valleys,2024-08-08,221,4.71,0.0,288.0,1.48,25.9,12.5,17.6,94.0,51.0,73.0,12.8,1.37
52,San Luis Obispo,Central Coast Valleys,2024-08-09,222,4.58,0.0,289.0,1.43,25.5,11.8,16.5,97.0,49.0,76.0,12.3,1.28
52,San Luis Obispo,Central Coast Valleys,2024-08-10,223,4.98,0.0,294.0,1.4,29.5,11.8,17.5,97.0,39.0,70.0,11.9,1.2
52,San Luis Obispo,Central Coast Valleys,2024-08-11,224,4.87,0.0,292.0,1.41,28.7,12.3,18.0,89.0,43.0,68.0,12.1,1.09
52,San Luis Obispo,Central Coast Valleys,2024-08-12,225,4.69,0.0,290.0,1.38,25.9,11.6,17.1,95.0,48.0,71.0,11.8,1.23
52,San Luis Obispo,Central Coast Valleys,2024-08-13,226,4.99,0.0,298.0,1.32,27.1,9.9,17.4,93.0,39.0,67.0,11.1,1.11
52,San Luis Obispo,Central Coast Valleys,2024-08-14,227,4.82,0.0,298.0,1.38,25.0,12.2,17.4,89.0,48.0,69.0,11.7,1.3
52,San Luis Obispo,Central Coast Valleys,2024-08-15,228,5.36,0.0,299.0,1.33,29.6,12.6,20.2,87.0,34.0,56.0,11.2,1.55
52,San Luis Obispo,Central Coast Valleys,2024-08-16,229,5.34,0.0,297.0,1.32,27.9,13.7,20.5,80.0,35.0,54.0,11.0,1.5
52,San Luis Obispo,Central Coast Valleys,2024-08-17,230,4.63,0.0,290.0,1.55,26.8,12.1,18.0,94.0,46.0,75.0,13.5,1.37
52,San Luis Obispo,Central Coast Valleys,2024-08-18,231,4.68,0.0,291.0,1.58,26.3,11.4,17.9,96.0,48.0,77.0,13.8,1.44
52,San Luis Obispo,Central Coast Valleys,2024-08-19,232,4.9,0.0,294.0,1.37,26.5,12.3,17.7,97.0,39.0,68.0,11.7,1.22
52,San Luis Obispo,Central Coast Valleys,2024-08-20,233,6.53,0.0,293.0,1.15,33.8,13.3,23.1,84.0,24.0,41.0,9.1,2.06
52,San Luis Obispo,Central Coast Valleys,2024-08-21,234,5.51,0.0,290.0,1.31,29.2,11.5,20.3,91.0,31.0,55.0,10.9,1.91
52,San Luis Obispo,Central Coast Valleys,2024-08-22,235,4.25,0.0,280.0,1.43,22.9,12.8,16.7,93.0,52.0,75.0,12.3,1.53
52,San Luis Obispo,Central Coast Valleys,2024-08-23,236,4.47,0.0,281.0,1.41,23.5,12.5,17.6,93.0,48.0,70.0,12.1,1.46
52,San Luis Obispo,Central Coast Valleys,2024-08-24,237,4.19,0.0,256.0,1.39,23.6,10.9,17.1,92.0,47.0,71.0,11.9,1.38
52,San Luis Obispo,Central Coast Valleys,2024-08-25,238,5.42,0.0,282.0,1.29,29.4,14.1,20.5,78.0,29.0,53.0,10.7,1.99
52,San Luis Obispo,Central Coast Valleys,2024-08-26,239,6.17,0.0,282.0,1.21,31.7,11.9,22.2,92.0,27.0,45.0,9.7,2.15
52,San Luis Obispo,Central Coast Valleys,2024-08-27,240,4.37,0.0,271.0,1.39,27.2,11.1,16.8,96.0,44.0,73.0,11.8,1.14
52,San Luis Obispo,Central Coast Valleys,2024-08-28,241,4.24,0.0,272.0,1.46,25.4,11.0,16.7,96.0,49.0,77.0,12.6,1.22
52,San Luis Obispo,Central Coast Valleys,2024-08-29,242,3.68,0.0,251.0,1.5,22.1,13.5,16.3,94.0,60.0,81.0,13.0,1.47
52,San Luis Obispo,Central Coast Valleys,2024-08-30,243,3.82,0.0,254.0,1.48,23.3,12.9,16.4,95.0,56.0,79.0,12.8,1.45
52,San Luis Obispo,Central Coast Valleys,2024-08-31,244,3.68,0.0,238.0,1.5,23.9,12.8,16.6,97.0,57.0,80.0,13.0,1.19
52,San Luis Obispo,Central Coast Valleys,2024-09-01,245,4.33,0.0,261.0,1.45,27.4,11.0,17.6,94.0,47.0,72.0,12.5,1.02
52,San Luis Obispo,Central Coast Valleys,2024-09-02,246,4.53,0.0,263.0,1.44,28.7,11.7,18.6,93.0,42.0,67.0,12.4,0.99
52,San Luis Obispo,Central Coast Valleys,2024-09-03,247,4.53,0.0,265.0,1.46,28.8,11.8,18.4,95.0,44.0,69.0,12.6,1.03
52,San Luis Obispo,Central Coast Valleys,2024-09-04,248,4.43,0.0,266.0,1.41,28.3,9.6,17.6,96.0,42.0,70.0,12.1,1.03
52,San Luis Obispo,Central Coast Valleys,2024-09-05,249,5.51,0.0,253.0,1.34,37.8,12.4,23.7,88.0,18.0,46.0,11.3,1.24
52,San Luis Obispo,Central Coast Valleys,2024-09-07,251,5.19,0.0,251.0,1.37,36.8,15.3,24.2,79.0,20.0,45.0,11.6,1.2
52,San Luis Obispo,Central Coast Valleys,2024-09-08,252,4.56,0.0,253.0,1.42,30.1,12.1,19.9,91.0,37.0,61.0,12.2,1.1
52,San Luis Obispo,Central Coast Valleys,2024-09-09,253,3.96,0.0,252.0,1.43,25.0,11.1,16.6,97.0,51.0,76.0,12.3,1.12
52,San Luis Obispo,Central Coast Valleys,2024-09-10,254,3.56,0.0,241.0,1.39,21.0,12.3,16.2,91.0,57.0,75.0,11.8,1.45
52,San Luis Obispo,Central Coast Valleys,2024-09-12,256,3.9,0.0,256.0,1.37,24.9,11.2,15.8,96.0,50.0,76.0,11.7,1.55
52,San Luis Obispo,Central Coast Valleys,2024-09-13,257,4.01,0.0,254.0,1.35,25.5,9.7,16.0,94.0,48.0,74.0,11.4,1.11
52,San Luis Obispo,Central Coast Valleys,2024-09-14,258,3.17,0.0,219.0,1.39,22.4,12.2,15.2,95.0,57.0,81.0,11.9,1.16
52,San Luis Obispo,Central Coast Valleys,2024-09-15,259,1.98,0.0,142.0,1.39,21.0,12.4,14.8,93.0,61.0,82.0,11.9,1.19
52,San Luis Obispo,Central Coast Valleys,2024-09-16,260,3.36,0.0,233.0,1.3,20.2,11.3,15.4,90.0,54.0,75.0,10.9,1.32
52,San Luis Obispo,Central Coast Valleys,2024-09-17,261,3.61,0.0,245.0,1.28,22.8,8.7,15.0,95.0,50.0,75.0,10.7,1.46
52,San Luis Obispo,Central Coast Valleys,2024-09-18,262,2.89,0.0,196.0,1.4,22.5,11.0,15.4,97.0,55.0,80.0,11.9,1.1
52,San Luis Obispo,Central Coast Valleys,2024-09-19,263,3.31,2.0,227.0,1.48,21.9,13.2,16.5,92.0,64.0,79.0,12.8,1.31
52,San Luis Obispo,Central Coast Valleys,2024-09-20,264,2.69,0.0,192.0,1.45,19.9,12.6,15.2,95.0,66.0,84.0,12.5,1.3
52,San Luis Obispo,Central Coast Valleys,2024-09-21,265,2.64,0.0,182.0,1.45,23.4,12.2,15.5,96.0,56.0,83.0,12.5,1.13
52,San Luis Obispo,Central Coast Valleys,2024-09-22,266,3.35,0.0,221.0,1.46,23.4,12.2,16.1,97.0,56.0,80.0,12.6,1.24
52,San Luis Obispo,Central Coast Valleys,2024-09-23,267,3.85,0.0,233.0,1.46,28.6,11.0,17.8,98.0,44.0,72.0,12.6,0.88
52,San Luis Obispo,Central Coast Valleys,2024-09-24,268,3.57,0.0,235.0,1.47,25.4,11.2,16.3,96.0,53.0,80.0,12.8,1.09
52,San Luis Obispo,Central Coast Valleys,2024-09-25,269,2.24,0.3,155.0,1.41,22.9,11.2,15.1,97.0,59.0,82.0,12.1,0.9
52,San Luis Obispo,Central Coast Valleys,2024-09-26,270,3.44,0.0,225.0,1.41,25.2,10.0,15.8,98.0,50.0,79.0,12.1,1.01
52,San Luis Obispo,Central Coast Valleys,2024-09-27,271,3.68,0.0,230.0,1.48,26.4,11.2,16.8,99.0,49.0,77.0,12.8,0.99
52,San Luis Obispo,Central Coast Valleys,2024-09-28,272,2.87,0.0,197.0,1.49,23.8,11.5,15.5,99.0,58.0,84.0,12.9,1.16
52,San Luis Obispo,Central Coast Valleys,2024-09-29,273,3.29,0.0,221.0,1.45,22.7,11.0,16.0,96.0,60.0,80.0,12.5,1.33
52,San Luis Obispo,Central Coast Valleys,2024-09-30,274,4.1,0.0,226.0,1.39,30.4,10.3,19.5,97.0,36.0,61.0,11.9,1.01
52,San Luis Obispo,Central Coast Valleys,2024-10-01,275,3.97,0.0,218.0,1.42,31.9,13.4,20.4,87.0,36.0,59.0,12.2,1.0
52,San Luis Obispo,Central Coast Valleys,2024-10-02,276,4.38,0.0,214.0,1.36,37.7,13.1,23.3,87.0,22.0,47.0,11.5,0.97
52,San Luis Obispo,Central Coast Valleys,2024-10-03,277,4.62,0.0,212.0,1.47,38.1,16.2,25.7,85.0,18.0,45.0,12.8,1.15
52,San Luis Obispo,Central Coast Valleys,2024-10-04,278,3.51,0.0,205.0,1.71,29.5,14.3,19.4,95.0,46.0,76.0,15.0,1.12
52,San Luis Obispo,Central Coast Valleys,2024-10-05,279,3.31,0.0,188.0,1.64,31.4,13.3,19.9,98.0,40.0,71.0,14.4,0.93
52,San Luis Obispo,Central Coast Valleys,2024-10-06,280,3.42,0.0,192.0,1.61,30.3,13.4,20.3,92.0,43.0,68.0,14.1,0.85
52,San Luis Obispo,Central Coast Valleys,2024-10-07,281,3.56,0.0,204.0,1.59,29.1,12.4,19.5,95.0,46.0,70.0,13.9,0.91
52,San Luis Obispo,Central Coast Valleys,2024-10-08,282,3.35,0.0,203.0,1.48,27.3,10.8,16.8,98.0,48.0,77.0,12.8,0.97
52,San Luis Obispo,Central Coast Valleys,2024-10-09,283,2.76,0.0,179.0,1.53,25.7,12.2,16.2,99.0,52.0,83.0,13.3,1.01
52,San Luis Obispo,Central Coast Valleys,2024-10-10,284,2.8,0.0,183.0,1.52,24.4,11.8,16.1,99.0,57.0,83.0,13.2,1.04
52,San Luis Obispo,Central Coast Valleys,2024-10-11,285,2.57,0.0,174.0,1.46,24.2,10.6,15.1,99.0,59.0,85.0,12.6,0.96
52,San Luis Obispo,Central Coast Valleys,2024-10-12,286,2.74,0.0,197.0,1.49,21.6,11.4,15.3,98.0,58.0,86.0,12.9,1.3
52,San Luis Obispo,Central Coast Valleys,2024-10-13,287,2.89,0.0,190.0,1.64,27.4,12.8,16.8,99.0,50.0,85.0,14.3,1.24
52,San Luis Obispo,Central Coast Valleys,2024-10-14,288,2.72,0.1,193.0,1.59,23.1,13.0,15.9,99.0,65.0,88.0,14.0,1.13
52,San Luis Obispo,Central Coast Valleys,2024-10-15,289,2.77,0.0,188.0,1.51,24.9,11.8,15.5,99.0,55.0,86.0,13.1,0.99
52,San Luis Obispo,Central Coast Valleys,2024-10-16,290,2.66,0.0,177.0,1.51,26.2,11.4,15.7,99.0,51.0,85.0,13.2,1.06
52,San Luis Obispo,Central Coast Valleys,2024-10-17,291,2.99,0.0,196.0,1.26,22.1,9.9,15.6,96.0,52.0,71.0,10.4,1.54
52,San Luis Obispo,Central Coast Valleys,2024-10-18,292,3.94,0.0,198.0,0.64,25.0,12.0,16.8,54.0,17.0,33.0,0.6,1.97
52,San Luis Obispo,Central Coast Valleys,2024-10-19,293,3.76,0.0,197.0,0.54,27.7,9.2,18.1,50.0,12.0,26.0,-1.7,1.12
52,San Luis Obispo,Central Coast Valleys,2024-10-20,294,3.5,0.0,193.0,0.53,29.4,7.2,16.1,48.0,13.0,29.0,-1.8,0.87
52,San Luis Obispo,Central Coast Valleys,2024-10-21,295,3.31,0.0,189.0,0.7,25.9,7.1,14.9,60.0,21.0,41.0,1.9,1.02
52,San Luis Obispo,Central Coast Valleys,2024-10-22,296,3.37,0.0,185.0,1.07,28.7,7.7,15.3,90.0,22.0,62.0,7.9,1.37
52,San Luis Obispo,Central Coast Valleys,2024-10-23,297,4.94,0.0,183.0,0.95,32.7,11.5,22.7,61.0,21.0,34.0,6.2,3.02
52,San Luis Obispo,Central Coast Valleys,2024-10-24,298,4.27,0.0,166.0,0.93,31.1,10.0,20.9,78.0,20.0,37.0,5.9,2.09
52,San Luis Obispo,Central Coast Valleys,2024-10-25,299,2.96,0.0,179.0,1.03,27.0,6.9,14.9,85.0,27.0,61.0,7.4,0.9
52,San Luis Obispo,Central Coast Valleys,2024-10-26,300,2.42,0.0,145.0,1.11,26.3,8.2,16.0,90.0,32.0,61.0,8.5,0.8
52,San Luis Obispo,Central Coast Valleys,2024-10-27,301,2.19,0.0,79.0,1.16,26.2,12.7,19.6,98.0,28.0,51.0,9.2,1.43
52,San Luis Obispo,Central Coast Valleys,2024-10-28,302,2.45,0.0,170.0,1.26,19.9,7.6,13.8,98.0,49.0,80.0,10.4,1.22
52,San Luis Obispo,Central Coast Valleys,2024-10-29,303,2.36,0.0,167.0,1.03,19.6,5.7,11.6,94.0,44.0,76.0,7.4,1.06
52,San Luis Obispo,Central Coast Valleys,2024-10-30,304,2.61,0.0,168.0,0.89,21.3,6.8,12.9,89.0,33.0,60.0,5.3,1.15
52,San Luis Obispo,Central Coast Valleys,2024-10-31,305,2.11,0.0,145.0,1.04,21.0,4.5,12.0,94.0,57.0,74.0,7.5,1.27
52,San Luis Obispo,Central Coast Valleys,2024-11-01,306,2.7,0.0,160.0,1.0,21.6,9.2,13.8,90.0,37.0,63.0,6.9,2.14
52,San Luis Obispo,Central Coast Valleys,2024-11-02,307,1.17,5.0,88.0,1.26,17.3,8.6,12.3,97.0,70.0,88.0,10.3,0.84
52,San Luis Obispo,Central Coast Valleys,2024-11-03,308,2.59,0.1,163.0,1.0,21.2,10.0,14.3,82.0,39.0,62.0,7.0,1.7
52,San Luis Obispo,Central Coast Valleys,2024-11-04,309,3.06,0.0,164.0,0.77,24.2,6.5,14.3,80.0,24.0,47.0,3.3,1.52
52,San Luis Obispo,Central Coast Valleys,2024-11-05,310,3.08,0.0,140.0,0.78,24.4,10.8,17.4,53.0,29.0,39.0,3.4,1.69
52,San Luis Obispo,Central Coast Valleys,2024-11-06,311,3.13,0.0,161.0,0.57,24.4,6.8,14.6,54.0,21.0,35.0,-0.9,1.45
52,San Luis Obispo,Central Coast Valleys,2024-11-07,312,2.77,0.0,159.0,0.55,25.0,5.2,13.2,64.0,13.0,36.0,-1.6,1.01
52,San Luis Obispo,Central Coast Valleys,2024-11-08,313,3.05,0.0,156.0,0.55,25.7,5.5,14.2,66.0,15.0,34.0,-1.5,1.31
52,San Luis Obispo,Central Coast Valleys,2024-11-09,314,2.95,0.0,152.0,0.59,24.1,6.2,15.2,65.0,22.0,34.0,-0.6,1.38
52,San Luis Obispo,Central Coast Valleys,2024-11-10,315,2.27,0.0,144.0,0.72,23.3,3.3,11.2,78.0,27.0,54.0,2.3,0.84
52,San Luis Obispo,Central Coast Valleys,2024-11-11,316,0.9,3.2,63.0,1.04,18.4,4.5,10.9,90.0,64.0,80.0,7.5,1.25
52,San Luis Obispo,Central Coast Valleys,2024-11-12,317,2.51,0.0,154.0,0.91,18.2,9.7,13.5,80.0,44.0,59.0,5.6,2.15
52,San Luis Obispo,Central Coast Valleys,2024-11-13,318,2.46,0.0,153.0,0.85,20.6,6.7,12.9,84.0,32.0,57.0,4.6,1.62
52,San Luis Obispo,Central Coast Valleys,2024-11-14,319,2.04,0.0,146.0,1.07,19.4,6.2,12.0,91.0,51.0,76.0,8.0,1.41
52,San Luis Obispo,Central Coast Valleys,2024-11-15,320,1.92,0.0,147.0,0.88,15.8,4.6,9.8,93.0,52.0,73.0,5.1,1.22
52,San Luis Obispo,Central Coast Valleys,2024-11-16,321,2.13,0.0,148.0,0.74,16.4,4.6,10.2,80.0,36.0,60.0,2.7,1.58
52,San Luis Obispo,Central Coast Valleys,2024-11-17,322,2.41,0.0,143.0,0.72,19.7,5.8,11.5,88.0,29.0,53.0,2.3,1.57
52,San Luis Obispo,Central Coast Valleys,2024-11-18,323,2.53,0.0,144.0,0.76,17.3,6.7,12.4,90.0,31.0,53.0,3.1,2.38
52,San Luis Obispo,Central Coast Valleys,2024-11-19,324,2.18,0.0,123.0,0.63,18.9,4.3,10.8,70.0,29.0,49.0,0.5,1.64
52,San Luis Obispo,Central Coast Valleys,2024-11-20,325,2.07,0.0,143.0,0.65,18.9,1.4,8.9,78.0,25.0,57.0,0.8,0.9
52,San Luis Obispo,Central Coast Valleys,2024-11-21,326,1.96,0.0,139.0,0.92,21.4,2.6,10.1,94.0,46.0,74.0,5.7,0.8
52,San Luis Obispo,Central Coast Valleys,2024-11-22,327,2.03,0.0,141.0,1.16,21.9,4.6,13.3,96.0,53.0,76.0,9.2,1.04
52,San Luis Obispo,Central Coast Valleys,2024-11-23,328,1.13,14.9,83.0,1.34,17.7,6.8,12.8,98.0,70.0,90.0,11.3,0.91
52,San Luis Obispo,Central Coast Valleys,2024-11-24,329,1.53,0.0,109.0,1.15,18.3,7.8,11.9,98.0,56.0,82.0,9.0,0.83
52,San Luis Obispo,Central Coast Valleys,2024-11-25,330,0.11,23.1,19.0,1.32,13.7,8.9,12.1,98.0,84.0,94.0,11.1,0.76
52,San Luis Obispo,Central Coast Valleys,2024-11-26,331,0.59,18.0,31.0,1.37,15.7,12.8,13.9,98.0,69.0,86.0,11.6,1.81
52,San Luis Obispo,Central Coast Valleys,2024-11-27,332,2.44,0.0,126.0,1.04,18.3,11.1,14.1,76.0,52.0,65.0,7.6,3.81
52,San Luis Obispo,Central Coast Valleys,2024-11-28,333,2.1,0.0,107.0,0.94,20.9,10.0,13.5,78.0,42.0,61.0,6.1,2.91
52,San Luis Obispo,Central Coast Valleys,2024-11-29,334,1.89,0.0,75.0,0.87,17.6,8.5,13.7,77.0,41.0,55.0,5.0,2.31
52,San Luis Obispo,Central Coast Valleys,2024-11-30,335,1.59,0.0,65.0,0.83,21.6,8.0,14.5,80.0,26.0,50.0,4.3,1.38
52,San Luis Obispo,Central Coast Valleys,2024-12-01,336,2.12,0.0,130.0,0.85,24.3,6.7,14.0,77.0,24.0,53.0,4.6,0.87
52,San Luis Obispo,Central Coast Valleys,2024-12-02,337,1.68,0.0,116.0,0.92,21.8,3.8,10.2,96.0,37.0,73.0,5.7,0.72
52,San Luis Obispo,Central Coast Valleys,2024-12-03,338,1.64,0.0,127.0,1.02,20.4,4.5,9.5,99.0,52.0,85.0,7.2,0.71
52,San Luis Obispo,Central Coast Valleys,2024-12-04,339,1.52,0.2,128.0,1.02,17.2,3.5,8.9,100.0,63.0,89.0,7.2,0.74
52,San Luis Obispo,Central Coast Valleys,2024-12-05,340,3.13,0.0,116.0,0.85,24.0,8.2,18.6,86.0,31.0,40.0,4.6,2.25
52,San Luis Obispo,Central Coast Valleys,2024-12-06,341,4.29,0.0,133.0,0.81,24.9,14.3,20.1,40.0,29.0,35.0,4.0,3.64
52,San Luis Obispo,Central Coast Valleys,2024-12-07,342,2.13,0.0,130.0,0.94,24.1,7.0,13.9,91.0,31.0,59.0,6.0,0.91
52,San Luis Obispo,Central Coast Valleys,2024-12-08,343,2.72,0.0,109.0,0.9,21.4,6.9,14.9,95.0,30.0,53.0,5.5,2.31
52,San Luis Obispo,Central Coast Valleys,2024-12-09,344,3.29,0.0,129.0,0.59,21.6,11.0,16.7,46.0,19.0,31.0,-0.5,2.41
52,San Luis Obispo,Central Coast Valleys,2024-12-10,345,1.9,0.0,125.0,0.65,21.6,3.2,10.7,76.0,28.0,50.0,0.8,0.85
52,San Luis Obispo,Central Coast Valleys,2024-12-11,346,1.45,0.0,96.0,0.63,21.0,3.6,9.2,83.0,26.0,55.0,0.5,0.69
52,San Luis Obispo,Central Coast Valleys,2024-12-12,347,1.24,4.4,99.0,0.99,16.0,3.8,9.8,95.0,63.0,82.0,6.9,1.1
52,San Luis Obispo,Central Coast Valleys,2024-12-13,348,1.33,0.0,99.0,1.0,18.4,4.2,10.5,97.0,50.0,79.0,7.0,0.69
52,San Luis Obispo,Central Coast Valleys,2024-12-14,349,0.88,15.3,66.0,1.05,15.7,5.6,10.5,95.0,60.0,83.0,7.7,1.28
52,San Luis Obispo,Central Coast Valleys,2024-12-15,350,2.29,0.0,127.0,0.85,17.0,5.8,12.1,79.0,46.0,60.0,4.6,2.96
52,San Luis Obispo,Central Coast Valleys,2024-12-16,351,1.16,0.0,85.0,0.94,16.8,3.3,10.7,92.0,49.0,73.0,6.1,0.8
52,San Luis Obispo,Central Coast Valleys,2024-12-17,352,2.29,0.0,122.0,1.03,19.3,11.1,15.0,90.0,44.0,61.0,7.4,2.42
52,San Luis Obispo,Central Coast Valleys,2024-12-18,353,4.03,0.0,125.0,0.87,22.6,13.1,17.1,56.0,36.0,44.0,4.9,6.25
52,San Luis Obispo,Central Coast Valleys,2024-12-19,354,2.25,0.0,128.0,0.84,27.5,7.8,16.1,73.0,20.0,46.0,4.4,1.04
52,San Luis Obispo,Central Coast Valleys,2024-12-20,355,1.56,0.0,119.0,1.0,18.9,5.1,10.7,91.0,54.0,78.0,7.0,0.83
52,San Luis Obispo,Central Coast Valleys,2024-12-21,356,1.29,0.0,93.0,1.19,18.7,7.3,12.8,95.0,60.0,81.0,9.5,0.67
52,San Luis Obispo,Central Coast Valleys,2024-12-22,357,0.8,0.1,62.0,1.46,22.0,11.0,14.1,98.0,75.0,91.0,12.6,0.7
52,San Luis Obispo,Central Coast Valleys,2024-12-23,358,1.63,0.0,108.0,1.45,24.1,10.8,14.8,98.0,52.0,86.0,12.5,0.85
52,San Luis Obispo,Central Coast Valleys,2024-12-24,359,0.86,5.2,68.0,1.22,15.6,7.9,12.2,99.0,71.0,86.0,9.9,1.29
52,San Luis Obispo,Central Coast Valleys,2024-12-25,360,1.3,0.0,83.0,0.89,13.6,6.7,10.6,91.0,56.0,70.0,5.3,1.79
52,San Luis Obispo,Central Coast Valleys,2024-12-26,361,1.94,0.0,110.0,1.04,18.6,9.8,13.5,95.0,41.0,67.0,7.5,1.84
52,San Luis Obispo,Central Coast Valleys,2024-12-27,362,0.67,6.1,53.0,1.45,16.9,10.3,13.1,99.0,91.0,96.0,12.5,0.63
52,San Luis Obispo,Central Coast Valleys,2024-12-28,363,1.66,0.0,114.0,1.28,19.9,8.3,13.6,99.0,59.0,82.0,10.6,1.38
52,San Luis Obispo,Central Coast Valleys,2024-12-29,364,0.86,1.4,69.0,1.29,17.4,6.9,11.5,100.0,69.0,95.0,10.7,0.59
52,San Luis Obispo,Central Coast Valleys,2024-12-30,365,2.59,0.0,137.0,0.94,17.0,10.0,12.7,83.0,45.0,64.0,6.1,5.12
52,San Luis Obispo,Central Coast Valleys,2024-12-31,366,2.78,0.0,140.0,0.71,17.0,9.6,13.1,63.0,34.0,47.0,2.2,3.24
52,San Luis Obispo,Central Coast Valleys,2025-01-01,1,3.62,0.0,136.0,0.72,21.7,10.9,16.3,59.0,21.0,39.0,2.3,4.05
52,San Luis Obispo,Central Coast Valleys,2025-01-02,2,3.45,0.0,132.0,0.76,25.0,7.2,15.8,80.0,25.0,42.0,3.0,3.2
52,San Luis Obispo,Central Coast Valleys,2025-01-03,3,1.44,0.0,102.0,1.02,19.3,6.0,11.1,93.0,51.0,78.0,7.3,1.16
52,San Luis Obispo,Central Coast Valleys,2025-01-04,4,1.9,0.0,114.0,0.88,16.4,8.9,12.0,78.0,49.0,63.0,5.2,2.43
52,San Luis Obispo,Central Coast Valleys,2025-01-05,5,2.63,0.0,127.0,0.81,19.6,9.7,14.8,63.0,35.0,48.0,3.9,2.3
52,San Luis Obispo,Central Coast Valleys,2025-01-06,6,2.55,0.0,128.0,0.95,21.2,10.7,15.3,94.0,41.0,55.0,6.2,2.13
52,San Luis Obispo,Central Coast Valleys,2025-01-07,7,2.53,0.0,132.0,0.81,20.2,8.5,13.9,77.0,24.0,51.0,4.0,2.03
52,San Luis Obispo,Central Coast Valleys,2025-01-08,8,2.7,0.0,100.0,0.6,20.0,4.5,12.9,69.0,26.0,40.0,-0.2,2.53
52,San Luis Obispo,Central Coast Valleys,2025-01-09,9,3.69,0.0,137.0,0.51,22.7,6.4,15.1,52.0,20.0,30.0,-2.4,2.82
52,San Luis Obispo,Central Coast Valleys,2025-01-10,10,2.03,0.0,132.0,0.55,23.2,4.4,11.3,60.0,15.0,41.0,-1.5,0.66
52,San Luis Obispo,Central Coast Valleys,2025-01-11,11,2.46,0.0,134.0,0.62,19.2,4.5,12.3,63.0,27.0,44.0,0.2,1.77
52,San Luis Obispo,Central Coast Valleys,2025-01-12,12,2.55,0.0,139.0,0.49,18.7,3.4,11.0,64.0,21.0,37.0,-3.1,1.6
52,San Luis Obispo,Central Coast Valleys,2025-01-13,13,2.76,0.0,138.0,0.46,20.0,0.9,10.4,73.0,16.0,36.0,-3.9,1.74
52,San Luis Obispo,Central Coast Valleys,2025-01-14,14,2.65,0.0,139.0,0.52,19.2,3.3,11.4,69.0,22.0,38.0,-2.2,2.1
52,San Luis Obispo,Central Coast Valleys,2025-01-15,15,1.99,0.0,139.0,0.6,21.6,0.8,9.0,77.0,25.0,52.0,-0.3,0.65
52,San Luis Obispo,Central Coast Valleys,2025-01-16,16,2.09,0.0,141.0,0.52,21.8,1.1,8.9,73.0,14.0,46.0,-2.2,0.66
52,San Luis Obispo,Central Coast Valleys,2025-01-17,17,1.6,0.0,135.0,0.81,15.5,0.5,7.4,91.0,57.0,79.0,4.0,0.82
52,San Luis Obispo,Central Coast Valleys,2025-01-18,18,1.72,0.0,141.0,0.87,16.2,1.0,7.9,96.0,51.0,82.0,5.0,0.75
52,San Luis Obispo,Central Coast Valleys,2025-01-19,19,1.59,0.0,136.0,0.92,14.1,3.2,8.3,95.0,66.0,84.0,5.7,1.31
52,San Luis Obispo,Central Coast Valleys,2025-01-20,20,2.43,0.0,146.0,0.73,20.2,2.5,11.2,97.0,33.0,55.0,2.5,2.16
52,San Luis Obispo,Central Coast Valleys,2025-01-21,21,3.24,0.0,151.0,0.51,20.7,6.1,14.6,50.0,17.0,31.0,-2.4,2.3
52,San Luis Obispo,Central Coast Valleys,2025-01-22,22,4.29,0.0,152.0,0.56,23.2,9.4,15.8,45.0,24.0,31.0,-1.1,3.79
52,San Luis Obispo,Central Coast Valleys,2025-01-23,23,2.39,0.0,154.0,0.5,25.6,4.4,12.7,61.0,15.0,34.0,-2.8,0.67
52,San Luis Obispo,Central Coast Valleys,2025-01-24,24,2.08,0.0,153.0,0.72,22.2,1.9,10.1,91.0,23.0,58.0,2.2,0.69
52,San Luis Obispo,Central Coast Valleys,2025-01-25,25,0.79,2.5,60.0,0.97,14.4,7.4,10.1,89.0,51.0,78.0,6.5,1.14
52,San Luis Obispo,Central Coast Valleys,2025-01-26,26,1.15,2.8,98.0,0.89,14.2,6.1,8.7,94.0,55.0,79.0,5.3,0.97
52,San Luis Obispo,Central Coast Valleys,2025-01-27,27,2.22,0.0,163.0,0.81,16.5,3.2,9.4,93.0,42.0,69.0,4.0,1.74
52,San Luis Obispo,Central Coast Valleys,2025-01-28,28,2.0,0.0,157.0,0.81,15.7,1.0,7.8,95.0,44.0,77.0,4.0,1.02
52,San Luis Obispo,Central Coast Valleys,2025-01-29,29,1.19,0.0,90.0,0.88,13.5,2.9,8.5,93.0,61.0,79.0,5.1,0.87
52,San Luis Obispo,Central Coast Valleys,2025-01-30,30,1.1,0.0,90.0,0.81,13.2,0.7,6.5,97.0,61.0,84.0,4.0,0.71
52,San Luis Obispo,Central Coast Valleys,2025-01-31,31,1.45,0.0,117.0,0.94,14.6,2.2,8.8,97.0,65.0,83.0,6.0,0.83
52,San Luis Obispo,Central Coast Valleys,2025-02-01,32,1.38,0.0,94.0,1.22,19.6,6.4,12.5,96.0,62.0,84.0,9.9,0.73
52,San Luis Obispo,Central Coast Valleys,2025-02-02,33,2.26,0.0,165.0,1.18,20.3,5.7,12.0,99.0,56.0,84.0,9.4,0.96
52,San Luis Obispo,Central Coast Valleys,2025-02-03,34,1.77,0.1,134.0,1.03,17.5,3.6,10.2,98.0,60.0,83.0,7.3,0.92
52,San Luis Obispo,Central Coast Valleys,2025-02-04,35,0.96,48.6,66.0,1.21,17.6,5.5,11.6,96.0,64.0,88.0,9.7,1.45
52,San Luis Obispo,Central Coast Valleys,2025-02-05,36,1.77,10.5,124.0,1.12,17.9,9.0,12.4,98.0,54.0,78.0,8.7,2.12
52,San Luis Obispo,Central Coast Valleys,2025-02-06,37,0.21,36.8,29.0,1.4,14.9,11.3,13.1,97.0,87.0,93.0,12.0,1.73
52,San Luis Obispo,Central Coast Valleys,2025-02-07,38,1.54,0.6,128.0,1.09,14.5,6.7,11.0,96.0,66.0,83.0,8.2,1.11
52,San Luis Obispo,Central Coast Valleys,2025-02-08,39,2.78,0.0,179.0,0.8,17.3,7.6,11.7,80.0,39.0,58.0,3.7,2.66
52,San Luis Obispo,Central Coast Valleys,2025-02-09,40,3.46,0.0,188.0,0.61,16.8,9.2,12.0,52.0,36.0,44.0,0.0,4.17
52,San Luis Obispo,Central Coast Valleys,2025-02-10,41,2.99,0.0,194.0,0.67,16.5,3.6,9.9,91.0,34.0,55.0,1.4,2.59
52,San Luis Obispo,Central Coast Valleys,2025-02-11,42,2.26,2.0,181.0,0.83,14.9,2.8,9.0,96.0,45.0,72.0,4.2,1.53
52,San Luis Obispo,Central Coast Valleys,2025-02-12,43,0.68,11.2,64.0,1.18,13.1,7.2,10.3,97.0,81.0,94.0,9.4,0.92
52,San Luis Obispo,Central Coast Valleys,2025-02-13,44,0.31,73.2,32.0,1.4,14.6,11.3,13.0,97.0,86.0,93.0,11.9,2.03
52,San Luis Obispo,Central Coast Valleys,2025-02-14,45,1.86,0.8,141.0,1.07,14.9,8.6,12.0,90.0,61.0,76.0,8.0,1.72
52,San Luis Obispo,Central Coast Valleys,2025-02-15,46,3.21,0.0,197.0,0.82,20.2,6.9,12.9,79.0,34.0,55.0,4.2,2.24
52,San Luis Obispo,Central Coast Valleys,2025-02-16,47,3.24,0.0,197.0,0.86,21.0,7.7,14.1,92.0,28.0,54.0,4.8,1.58
52,San Luis Obispo,Central Coast Valleys,2025-02-17,48,2.79,0.0,184.0,1.01,19.9,9.3,13.3,85.0,45.0,66.0,7.2,2.73
52,San Luis Obispo,Central Coast Valleys,2025-02-18,49,2.91,0.0,188.0,0.93,21.0,8.7,13.1,78.0,37.0,61.0,5.9,1.79
52,San Luis Obispo,Central Coast Valleys,2025-02-19,50,3.01,0.0,185.0,1.01,20.4,11.0,15.6,94.0,38.0,57.0,7.1,1.54
52,San Luis Obispo,Central Coast Valleys,2025-02-20,51,3.3,0.0,203.0,0.96,21.3,10.0,15.0,84.0,31.0,56.0,6.4,2.14
52,San Luis Obispo,Central Coast Valleys,2025-02-21,52,3.52,0.0,192.0,0.9,24.2,7.0,15.5,87.0,30.0,51.0,5.4,2.16
52,San Luis Obispo,Central Coast Valleys,2025-02-22,53,3.43,0.0,192.0,1.0,25.3,6.4,15.5,89.0,35.0,57.0,6.9,1.63
52,San Luis Obispo,Central Coast Valleys,2025-02-23,54,2.97,0.0,199.0,1.14,22.7,7.4,13.9,95.0,49.0,72.0,8.9,1.22
52,San Luis Obispo,Central Coast Valleys,2025-02-24,55,2.78,0.0,191.0,1.2,22.5,7.7,13.5,97.0,54.0,78.0,9.7,1.33
52,San Luis Obispo,Central Coast Valleys,2025-02-25,56,4.05,0.5,213.0,1.05,23.2,13.3,17.8,71.0,34.0,51.0,7.6,2.59
52,San Luis Obispo,Central Coast Valleys,2025-02-26,57,4.71,0.0,216.0,1.0,27.2,10.0,19.3,77.0,30.0,45.0,7.0,2.52
52,San Luis Obispo,Central Coast Valleys,2025-02-27,58,3.05,0.0,174.0,1.01,30.0,7.8,14.8,87.0,17.0,60.0,7.2,1.01
52,San Luis Obispo,Central Coast Valleys,2025-02-28,59,1.81,0.0,126.0,1.12,20.1,6.9,12.6,93.0,49.0,77.0,8.6,1.08
52,San Luis Obispo,Central Coast Valleys,2025-03-01,60,1.88,0.0,151.0,1.15,17.7,8.5,11.6,96.0,66.0,84.0,9.0,1.52
52,San Luis Obispo,Central Coast Valleys,2025-03-02,61,2.16,0.7,170.0,1.02,14.9,4.4,10.9,93.0,65.0,79.0,7.3,1.77
52,San Luis Obispo,Central Coast Valleys,2025-03-03,62,2.64,0.0,208.0,0.87,15.7,2.8,9.2,91.0,51.0,75.0,5.0,1.49
52,San Luis Obispo,Central Coast Valleys,2025-03-04,63,2.98,0.0,216.0,0.96,19.8,5.2,11.5,92.0,43.0,71.0,6.4,1.49
52,San Luis Obispo,Central Coast Valleys,2025-03-05,64,0.36,12.3,43.0,1.12,12.4,5.6,9.9,95.0,86.0,91.0,8.6,0.98
52,San Luis Obispo,Central Coast Valleys,2025-03-06,65,1.69,8.8,144.0,0.89,13.4,4.2,7.9,96.0,57.0,84.0,5.4,1.19
52,San Luis Obispo,Central Coast Valleys,2025-03-07,66,2.67,0.0,219.0,0.94,15.0,3.4,9.4,97.0,62.0,80.0,6.1,1.55
52,San Luis Obispo,Central Coast Valleys,2025-03-08,67,3.61,0.0,243.0,0.79,20.5,3.9,11.2,93.0,30.0,60.0,3.6,1.33
52,San Luis Obispo,Central Coast Valleys,2025-03-09,68,3.14,0.0,239.0,0.84,18.3,1.9,9.0,92.0,41.0,73.0,4.5,1.16
52,San Luis Obispo,Central Coast Valleys,2025-03-10,69,3.15,0.0,208.0,0.72,19.6,1.8,10.5,90.0,32.0,56.0,2.2,1.34
52,San Luis Obispo,Central Coast Valleys,2025-03-11,70,2.51,0.0,161.0,0.89,18.3,8.6,13.2,85.0,43.0,59.0,5.3,1.31
52,San Luis Obispo,Central Coast Valleys,2025-03-12,71,0.98,23.1,64.0,1.08,15.7,6.8,10.8,95.0,65.0,83.0,8.1,1.68
52,San Luis Obispo,Central Coast Valleys,2025-03-13,72,2.52,5.9,209.0,0.89,13.6,5.1,9.0,96.0,58.0,78.0,5.3,1.56
52,San Luis Obispo,Central Coast Valleys,2025-03-14,73,1.18,10.1,98.0,1.03,15.4,5.5,9.3,93.0,74.0,88.0,7.4,1.5
52,San Luis Obispo,Central Coast Valleys,2025-03-15,74,3.25,0.0,249.0,0.94,17.1,5.2,10.7,93.0,48.0,73.0,6.0,1.87
52,San Luis Obispo,Central Coast Valleys,2025-03-16,75,2.66,0.0,199.0,0.94,17.5,3.4,9.8,97.0,53.0,78.0,6.1,1.19
52,San Luis Obispo,Central Coast Valleys,2025-03-17,76,1.8,4.3,140.0,1.07,15.0,8.0,10.8,97.0,66.0,83.0,8.0,1.57
52,San Luis Obispo,Central Coast Valleys,2025-03-18,77,3.39,0.0,259.0,0.88,17.0,4.4,10.4,92.0,45.0,70.0,5.1,1.7
52,San Luis Obispo,Central Coast Valleys,2025-03-19,78,4.02,0.0,265.0,0.9,21.0,4.1,12.7,91.0,38.0,61.0,5.4,2.22
52,San Luis Obispo,Central Coast Valleys,2025-03-20,79,3.78,0.0,251.0,0.91,20.7,4.1,12.6,91.0,45.0,63.0,5.6,2.16
52,San Luis Obispo,Central Coast Valleys,2025-03-21,80,4.35,0.0,251.0,0.9,22.1,10.7,15.2,83.0,37.0,52.0,5.5,2.86
52,San Luis Obispo,Central Coast Valleys,2025-03-22,81,3.86,0.0,237.0,1.07,22.8,11.0,15.2,85.0,43.0,62.0,7.9,2.35
52,San Luis Obispo,Central Coast Valleys,2025-03-23,82,4.78,0.0,249.0,1.16,25.3,11.6,18.9,77.0,39.0,53.0,9.1,2.77
52,San Luis Obispo,Central Coast Valleys,2025-03-24,83,5.15,0.0,255.0,1.4,27.5,13.8,21.3,89.0,41.0,55.0,12.0,2.69
52,San Luis Obispo,Central Coast Valleys,2025-03-25,84,3.62,0.0,241.0,1.4,24.7,10.3,15.7,95.0,47.0,78.0,12.0,1.33
52,San Luis Obispo,Central Coast Valleys,2025-03-26,85,1.24,0.6,86.0,1.26,16.3,10.4,12.9,96.0,68.0,85.0,10.3,1.36
52,San Luis Obispo,Central Coast Valleys,2025-03-27,86,2.25,0.0,158.0,1.26,18.5,10.1,13.5,93.0,56.0,81.0,10.3,1.16
52,San Luis Obispo,Central Coast Valleys,2025-03-28,87,3.17,0.0,234.0,1.11,18.1,7.9,12.7,94.0,60.0,76.0,8.4,1.67
52,San Luis Obispo,Central Coast Valleys,2025-03-29,88,3.35,0.0,238.0,0.93,18.1,9.3,12.2,84.0,48.0,65.0,5.8,1.9
52,San Luis Obispo,Central Coast Valleys,2025-03-30,89,1.3,6.8,112.0,1.34,16.0,8.9,12.3,96.0,85.0,93.0,11.3,1.28
52,San Luis Obispo,Central Coast Valleys,2025-03-31,90,2.41,5.8,184.0,1.34,17.3,8.9,13.7,97.0,63.0,85.0,11.3,1.48
52,San Luis Obispo,Central Coast Valleys,2025-04-01,91,2.45,0.1,190.0,0.98,15.1,5.4,10.1,96.0,61.0,79.0,6.7,1.42
52,San Luis Obispo,Central Coast Valleys,2025-04-02,92,3.19,0.8,247.0,0.9,15.9,4.7,9.8,94.0,55.0,74.0,5.5,1.66
52,San Luis Obispo,Central Coast Valleys,2025-04-03,93,3.62,0.0,275.0,0.92,16.4,5.4,10.8,92.0,49.0,71.0,5.7,1.88
52,San Luis Obispo,Central Coast Valleys,2025-04-04,94,4.3,0.0,286.0,0.98,20.4,7.9,13.3,96.0,41.0,64.0,6.6,2.17
52,San Luis Obispo,Central Coast Valleys,2025-04-05,95,5.05,0.0,286.0,0.94,25.9,8.2,16.0,84.0,29.0,52.0,6.1,1.96
52,San Luis Obispo,Central Coast Valleys,2025-04-06,96,4.42,0.0,280.0,1.1,25.1,7.4,14.3,92.0,42.0,67.0,8.3,1.38
52,San Luis Obispo,Central Coast Valleys,2025-04-07,97,3.92,0.0,272.0,1.2,21.8,6.9,13.2,97.0,47.0,79.0,9.6,1.56
52,San Luis Obispo,Central Coast Valleys,2025-04-08,98,4.32,0.0,281.0,1.21,23.4,8.6,14.8,98.0,50.0,72.0,9.8,2.02
52,San Luis Obispo,Central Coast Valleys,2025-04-09,99,5.33,0.0,284.0,1.22,28.1,10.6,19.1,92.0,37.0,55.0,9.9,2.02
52,San Luis Obispo,Central Coast Valleys,2025-04-10,100,4.14,0.0,282.0,1.33,24.3,9.1,15.1,93.0,57.0,77.0,11.2,1.31
52,San Luis Obispo,Central Coast Valleys,2025-04-11,101,4.43,0.0,259.0,1.29,28.3,10.0,17.5,93.0,38.0,64.0,10.7,2.12
52,San Luis Obispo,Central Coast Valleys,2025-04-12,102,3.65,0.0,285.0,1.12,17.4,6.7,11.8,98.0,62.0,81.0,8.7,1.55
52,San Luis Obispo,Central Coast Valleys,2025-04-13,103,3.78,0.0,280.0,1.12,20.6,5.2,11.7,98.0,59.0,81.0,8.7,1.36
52,San Luis Obispo,Central Coast Valleys,2025-04-14,104,2.54,0.0,203.0,1.16,17.9,7.9,11.5,99.0,67.0,86.0,9.2,1.33
52,San Luis Obispo,Central Coast Valleys,2025-04-15,105,2.78,0.0,191.0,1.08,17.5,8.1,13.1,87.0,55.0,72.0,8.1,1.36
52,San Luis Obispo,Central Coast Valleys,2025-04-16,106,1.99,0.0,132.0,1.09,18.8,8.0,13.0,89.0,50.0,73.0,8.3,1.12
52,San Luis Obispo,Central Coast Valleys,2025-04-17,107,3.02,0.0,215.0,1.21,18.4,11.7,13.9,88.0,58.0,76.0,9.8,1.38
52,San Luis Obispo,Central Coast Valleys,2025-04-18,108,3.04,0.0,228.0,1.18,17.4,10.4,13.1,94.0,64.0,79.0,9.5,1.48
52,San Luis Obispo,Central Coast Valleys,2025-04-19,109,3.46,0.0,254.0,1.24,19.9,9.7,13.5,94.0,64.0,80.0,10.2,1.49
52,San Luis Obispo,Central Coast Valleys,2025-04-20,110,3.81,0.0,283.0,1.23,20.6,8.6,12.9,99.0,61.0,83.0,10.0,1.63
52,San Luis Obispo,Central Coast Valleys,2025-04-21,111,3.99,0.0,291.0,1.24,19.9,8.4,13.3,98.0,63.0,81.0,10.1,1.6
52,San Luis Obispo,Central Coast Valleys,2025-04-22,112,2.54,0.0,197.0,1.2,16.9,10.0,12.3,94.0,71.0,84.0,9.7,1.44
52,San Luis Obispo,Central Coast Valleys,2025-04-23,113,3.4,0.0,259.0,1.1,17.2,10.4,12.6,85.0,62.0,76.0,8.4,1.49
52,San Luis Obispo,Central Coast Valleys,2025-04-24,114,2.94,0.0,216.0,1.02,16.2,9.9,12.1,81.0,59.0,72.0,7.2,1.55
52,San Luis Obispo,Central Coast Valleys,2025-04-25,115,2.11,0.0,140.0,0.95,16.0,6.0,11.4,88.0,46.0,70.0,6.2,1.31
52,San Luis Obispo,Central Coast Valleys,2025-04-26,116,1.79,7.2,141.0,1.0,15.1,5.7,10.2,92.0,62.0,80.0,6.9,1.16
52,San Luis Obispo,Central Coast Valleys,2025-04-27,117,2.19,0.4,165.0,1.13,15.2,9.6,11.7,95.0,68.0,82.0,8.8,1.41
52,San Luis Obispo,Central Coast Valleys,2025-04-28,118,4.0,0.0,285.0,1.15,20.6,9.2,13.4,94.0,52.0,75.0,9.0,1.94
52,San Luis Obispo,Central Coast Valleys,2025-04-29,119,4.41,0.0,304.0,1.26,20.3,9.4,14.8,96.0,57.0,75.0,10.4,1.81
52,San Luis Obispo,Central Coast Valleys,2025-04-30,120,2.48,0.0,185.0,1.24,18.5,9.8,12.7,97.0,65.0,85.0,10.2,1.47
52,San Luis Obispo,Central Coast Valleys,2025-05-01,121,3.01,0.0,231.0,1.28,19.1,11.2,13.5,93.0,68.0,83.0,10.6,1.48
52,San Luis Obispo,Central Coast Valleys,2025-05-02,122,3.31,0.1,252.0,1.29,19.2,10.8,13.3,95.0,65.0,84.0,10.7,1.42
52,San Luis Obispo,Central Coast Valleys,2025-05-03,123,2.42,0.0,180.0,1.2,17.3,7.5,12.4,92.0,70.0,83.0,9.6,1.45
52,San Luis Obispo,Central Coast Valleys,2025-05-04,124,3.83,0.0,296.0,1.05,17.1,7.1,11.6,92.0,64.0,77.0,7.7,1.63
52,San Luis Obispo,Central Coast Valleys,2025-05-05,125,4.33,0.0,307.0,1.16,20.4,6.5,13.4,94.0,56.0,76.0,9.2,1.55
52,San Luis Obispo,Central Coast Valleys,2025-05-06,126,2.8,0.0,194.0,1.23,19.2,7.6,13.3,95.0,64.0,80.0,10.0,1.31
52,San Luis Obispo,Central Coast Valleys,2025-05-07,127,4.21,0.0,296.0,1.27,20.3,9.0,14.7,92.0,61.0,76.0,10.5,1.44
52,San Luis Obispo,Central Coast Valleys,2025-05-08,128,4.66,0.0,308.0,1.31,24.2,7.9,15.0,98.0,52.0,77.0,10.9,1.28
52,San Luis Obispo,Central Coast Valleys,2025-05-09,129,6.02,0.0,314.0,1.33,32.1,9.6,20.8,94.0,32.0,54.0,11.2,1.45
52,San Luis Obispo,Central Coast Valleys,2025-05-10,130,5.99,0.0,314.0,1.35,31.5,10.9,20.7,88.0,31.0,55.0,11.5,1.54
52,San Luis Obispo,Central Coast Valleys,2025-05-11,131,5.08,0.0,319.0,1.14,26.3,8.9,15.3,93.0,30.0,66.0,8.9,1.93
52,San Luis Obispo,Central Coast Valleys,2025-05-12,132,4.38,0.0,317.0,1.13,19.3,6.5,13.3,92.0,53.0,74.0,8.8,1.71
52,San Luis Obispo,Central Coast Valleys,2025-05-13,133,3.88,0.0,282.0,1.09,18.4,7.5,12.7,91.0,54.0,74.0,8.2,1.62
52,San Luis Obispo,Central Coast Valleys,2025-05-14,134,4.28,0.0,319.0,1.16,19.2,7.0,12.9,94.0,59.0,78.0,9.2,1.57
52,San Luis Obispo,Central Coast Valleys,2025-05-15,135,4.22,0.0,307.0,1.2,20.8,7.3,13.0,96.0,59.0,80.0,9.6,1.59
52,San Luis Obispo,Central Coast Valleys,2025-05-16,136,3.55,0.0,263.0,1.22,20.4,9.2,12.9,98.0,62.0,82.0,9.9,1.55
52,San Luis Obispo,Central Coast Valleys,2025-05-17,137,2.88,0.2,213.0,1.26,17.7,10.9,13.2,93.0,69.0,83.0,10.4,1.46
52,San Luis Obispo,Central Coast Valleys,2025-05-18,138,4.54,0.0,323.0,1.17,21.0,6.9,13.6,95.0,56.0,75.0,9.2,1.57
52,San Luis Obispo,Central Coast Valleys,2025-05-19,139,6.12,0.0,329.0,1.15,27.9,10.0,19.6,88.0,30.0,50.0,9.0,2.32
52,San Luis Obispo,Central Coast Valleys,2025-05-20,140,5.29,0.0,328.0,1.2,27.1,9.4,16.2,95.0,40.0,65.0,9.6,2.01
52,San Luis Obispo,Central Coast Valleys,2025-05-21,141,5.55,0.0,331.0,1.17,28.2,9.2,16.6,91.0,34.0,62.0,9.3,1.51
52,San Luis Obispo,Central Coast Valleys,2025-05-22,142,5.67,0.0,328.0,1.09,28.0,8.6,16.2,89.0,29.0,59.0,8.3,1.93
52,San Luis Obispo,Central Coast Valleys,2025-05-23,143,4.37,0.0,317.0,1.1,19.6,7.3,12.9,94.0,48.0,74.0,8.4,1.67
52,San Luis Obispo,Central Coast Valleys,2025-05-24,144,3.92,0.0,295.0,1.16,19.0,10.2,13.0,88.0,60.0,77.0,9.2,1.57
52,San Luis Obispo,Central Coast Valleys,2025-05-25,145,4.45,0.0,326.0,1.2,19.3,8.9,13.9,92.0,60.0,76.0,9.7,1.58
52,San Luis Obispo,Central Coast Valleys,2025-05-26,146,4.57,0.0,324.0,1.23,21.5,7.9,13.9,97.0,50.0,77.0,10.0,1.88
52,San Luis Obispo,Central Coast Valleys,2025-05-27,147,4.12,0.0,297.0,1.29,22.2,10.2,14.0,96.0,56.0,81.0,10.7,1.63
52,San Luis Obispo,Central Coast Valleys,2025-05-28,148,3.1,0.0,230.0,1.24,19.3,9.6,13.3,91.0,65.0,81.0,10.1,1.46
52,San Luis Obispo,Central Coast Valleys,2025-05-29,149,5.48,0.0,328.0,1.2,27.1,9.1,16.5,93.0,30.0,64.0,9.7,1.76
52,San Luis Obispo,Central Coast Valleys,2025-05-30,150,5.7,0.0,324.0,1.41,31.0,11.3,20.2,90.0,40.0,59.0,12.1,1.42
52,San Luis Obispo,Central Coast Valleys,2025-05-31,151,5.32,0.0,318.0,1.43,28.2,11.8,18.5,89.0,45.0,67.0,12.3,1.26
52,San Luis Obispo,Central Coast Valleys,2025-06-01,152,4.74,0.0,323.0,1.4,22.8,10.6,15.7,95.0,59.0,79.0,12.0,1.4
52,San Luis Obispo,Central Coast Valleys,2025-06-02,153,2.32,0.4,159.0,1.37,19.3,11.8,14.7,96.0,69.0,81.0,11.6,1.32
52,San Luis Obispo,Central Coast Valleys,2025-06-03,154,4.17,0.0,286.0,1.38,21.6,13.0,15.9,88.0,61.0,76.0,11.7,1.56
52,San Luis Obispo,Central Coast Valleys,2025-06-04,155,4.2,0.0,297.0,1.37,21.6,12.0,15.3,93.0,62.0,79.0,11.7,1.6
52,San Luis Obispo,Central Coast Valleys,2025-06-05,156,3.26,0.0,226.0,1.36,20.9,12.3,15.1,93.0,61.0,80.0,11.6,1.36
52,San Luis Obispo,Central Coast Valleys,2025-06-06,157,3.83,0.0,264.0,1.37,21.5,11.8,15.5,89.0,61.0,78.0,11.6,1.44
52,San Luis Obispo,Central Coast Valleys,2025-06-07,158,3.62,0.0,259.0,1.38,20.8,10.0,14.8,93.0,65.0,82.0,11.7,1.49
52,San Luis Obispo,Central Coast Valleys,2025-06-08,159,3.36,0.0,246.0,1.43,21.0,13.0,15.1,93.0,66.0,83.0,12.3,1.65
52,San Luis Obispo,Central Coast Valleys,2025-06-09,160,3.91,0.0,278.0,1.46,21.0,12.5,15.5,96.0,66.0,83.0,12.6,1.64
52,San Luis Obispo,Central Coast Valleys,2025-06-10,161,4.0,0.0,280.0,1.45,23.0,12.4,15.5,97.0,60.0,83.0,12.5,1.64
52,San Luis Obispo,Central Coast Valleys,2025-06-11,162,4.53,0.0,317.0,1.36,22.4,11.6,15.2,96.0,58.0,79.0,11.5,1.7
52,San Luis Obispo,Central Coast Valleys,2025-06-12,163,4.88,0.0,333.0,1.29,21.9,9.8,15.0,95.0,54.0,76.0,10.7,1.64
52,San Luis Obispo,Central Coast Valleys,2025-06-13,164,4.89,0.0,337.0,1.26,22.2,9.0,14.6,96.0,55.0,76.0,10.4,1.54
52,San Luis Obispo,Central Coast Valleys,2025-06-14,165,5.33,0.0,340.0,1.24,25.2,9.0,15.7,94.0,44.0,70.0,10.1,1.54
52,San Luis Obispo,Central Coast Valleys,2025-06-15,166,5.36,0.0,339.0,1.23,24.5,8.4,15.6,96.0,44.0,70.0,10.1,1.49
52,San Luis Obispo,Central Coast Valleys,2025-06-16,167,5.0,0.0,339.0,1.25,22.3,9.4,14.9,97.0,53.0,74.0,10.3,1.8
52,San Luis Obispo,Central Coast Valleys,2025-06-17,168,6.08,0.0,341.0,1.11,30.4,9.4,17.6,91.0,24.0,55.0,8.5,1.89
52,San Luis Obispo,Central Coast Valleys,2025-06-18,169,5.2,0.0,335.0,1.31,23.2,10.9,16.8,89.0,52.0,68.0,10.9,1.7
52,San Luis Obispo,Central Coast Valleys,2025-06-19,170,4.98,0.0,332.0,1.29,24.1,9.2,15.5,92.0,52.0,73.0,10.7,1.44
52,San Luis Obispo,Central Coast Valleys,2025-06-20,171,4.7,0.0,335.0,1.14,20.3,7.8,13.7,94.0,56.0,73.0,8.9,1.46
52,San Luis Obispo,Central Coast Valleys,2025-06-21,172,5.27,0.0,341.0,1.05,21.0,9.7,15.5,83.0,43.0,59.0,7.6,2.21
52,San Luis Obispo,Central Coast Valleys,2025-06-22,173,5.64,0.0,335.0,1.09,24.7,9.4,16.8,92.0,35.0,57.0,8.2,2.25
52,San Luis Obispo,Central Coast Valleys,2025-06-23,174,4.53,0.0,307.0,1.2,22.7,7.8,13.9,93.0,51.0,75.0,9.6,1.34
52,San Luis Obispo,Central Coast Valleys,2025-06-24,175,4.04,0.0,287.0,1.25,21.0,9.7,13.8,95.0,58.0,79.0,10.3,1.45
52,San Luis Obispo,Central Coast Valleys,2025-06-25,176,4.79,0.0,324.0,1.3,23.6,10.7,15.1,94.0,53.0,76.0,10.8,1.52
52,San Luis Obispo,Central Coast Valleys,2025-06-26,177,4.95,0.0,323.0,1.32,26.4,9.8,15.4,98.0,46.0,75.0,11.1,1.38
52,San Luis Obispo,Central Coast Valleys,2025-06-27,178,5.01,0.0,326.0,1.36,24.5,10.7,16.0,95.0,52.0,75.0,11.5,1.44
52,San Luis Obispo,Central Coast Valleys,2025-06-28,179,4.91,0.0,325.0,1.39,23.7,10.2,15.8,98.0,56.0,77.0,11.8,1.42
52,San Luis Obispo,Central Coast Valleys,2025-06-29,180,5.21,0.0,333.0,1.35,26.2,10.2,16.3,98.0,46.0,73.0,11.5,1.34
52,San Luis Obispo,Central Coast Valleys,2025-06-30,181,5.11,0.0,335.0,1.32,24.5,8.9,15.7,97.0,50.0,74.0,11.1,1.41
52,San Luis Obispo,Central Coast Valleys,2025-07-01,182,4.77,0.0,314.0,1.35,24.7,10.3,15.4,96.0,50.0,77.0,11.4,1.51
52,San Luis Obispo,Central Coast Valleys,2025-07-02,183,4.69,0.0,321.0,1.38,23.4,10.8,15.3,96.0,57.0,79.0,11.8,1.62
52,San Luis Obispo,Central Coast Valleys,2025-07-03,184,4.71,0.0,320.0,1.41,22.8,12.2,15.8,93.0,56.0,78.0,12.0,1.54
52,San Luis Obispo,Central Coast Valleys,2025-07-04,185,5.04,0.0,321.0,1.33,24.6,11.6,16.6,95.0,47.0,71.0,11.2,1.48
52,San Luis Obispo,Central Coast Valleys,2025-07-05,186,4.88,0.0,319.0,1.3,23.4,10.5,15.8,91.0,51.0,72.0,10.8,1.55
52,San Luis Obispo,Central Coast Valleys,2025-07-06,187,4.58,0.0,316.0,1.33,21.9,10.7,14.9,96.0,57.0,78.0,11.2,1.59
52,San Luis Obispo,Central Coast Valleys,2025-07-07,188,4.14,0.0,282.0,1.34,22.5,11.4,15.2,94.0,58.0,78.0,11.3,1.45
52,San Luis Obispo,Central Coast Valleys,2025-07-08,189,4.68,0.0,312.0,1.39,22.4,11.6,16.0,94.0,56.0,76.0,11.9,1.64
52,San Luis Obispo,Central Coast Valleys,2025-07-09,190,4.67,0.0,318.0,1.4,22.8,11.6,15.6,96.0,58.0,79.0,12.0,1.8
52,San Luis Obispo,Central Coast Valleys,2025-07-10,191,5.08,0.0,329.0,1.39,25.6,10.8,16.0,98.0,49.0,76.0,11.9,1.68
52,San Luis Obispo,Central Coast Valleys,2025-07-11,192,4.75,0.0,304.0,1.4,26.2,11.0,16.2,97.0,50.0,76.0,12.0,1.34
52,San Luis Obispo,Central Coast Valleys,2025-07-12,193,4.79,0.0,316.0,1.44,23.5,11.4,16.3,96.0,56.0,78.0,12.4,1.42
52,San Luis Obispo,Central Coast Valleys,2025-07-13,194,4.56,0.0,295.0,1.48,24.7,11.5,16.5,97.0,55.0,79.0,12.8,1.49
52,San Luis Obispo,Central Coast Valleys,2025-07-14,195,4.44,0.0,290.0,1.48,24.5,11.9,16.4,97.0,56.0,79.0,12.8,1.42
52,San Luis Obispo,Central Coast Valleys,2025-07-15,196,4.28,0.0,287.0,1.48,23.4,12.7,16.3,94.0,58.0,80.0,12.8,1.46
52,San Luis Obispo,Central Coast Valleys,2025-07-16,197,3.84,0.0,255.0,1.48,23.4,12.1,16.5,95.0,61.0,79.0,12.8,1.41
52,San Luis Obispo,Central Coast Valleys,2025-07-17,198,4.26,0.0,286.0,1.5,23.6,12.0,16.3,96.0,60.0,81.0,13.0,1.6
52,San Luis Obispo,Central Coast Valleys,2025-07-18,199,4.14,0.0,276.0,1.49,23.8,13.0,16.6,95.0,57.0,79.0,12.9,1.61
52,San Luis Obispo,Central Coast Valleys,2025-07-19,200,4.43,0.0,309.0,1.48,21.7,13.0,16.3,93.0,63.0,80.0,12.8,1.67
52,San Luis Obispo,Central Coast Valleys,2025-07-20,201,4.24,0.0,296.0,1.45,22.3,12.8,15.8,93.0,60.0,81.0,12.5,1.53
52,San Luis Obispo,Central Coast Valleys,2025-07-21,202,3.66,0.0,258.0,1.49,21.6,13.1,15.7,94.0,64.0,83.0,12.9,1.45
52,San Luis Obispo,Central Coast Valleys,2025-07-22,203,3.67,0.1,252.0,1.46,22.2,12.7,15.9,94.0,61.0,81.0,12.6,1.44
52,San Luis Obispo,Central Coast Valleys,2025-07-23,204,4.41,0.0,306.0,1.44,21.6,14.3,16.7,86.0,63.0,76.0,12.4,1.66
52,San Luis Obispo,Central Coast Valleys,2025-07-24,205,4.11,0.0,279.0,1.45,21.5,14.7,16.8,85.0,62.0,76.0,12.5,1.65
52,San Luis Obispo,Central Coast Valleys,2025-07-25,206,3.97,0.0,272.0,1.47,22.0,13.9,16.5,89.0,63.0,78.0,12.7,1.66
52,San Luis Obispo,Central Coast Valleys,2025-07-26,207,4.43,0.2,310.0,1.5,22.1,13.4,16.5,94.0,65.0,80.0,13.0,1.62
52,San Luis Obispo,Central Coast Valleys,2025-07-27,208,4.08,0.0,282.0,1.51,21.9,13.9,16.3,92.0,63.0,81.0,13.1,1.62
52,San Luis Obispo,Central Coast Valleys,2025-07-28,209,4.46,0.0,287.0,1.53,25.6,12.8,17.2,93.0,51.0,78.0,13.3,1.53
52,San Luis Obispo,Central Coast Valleys,2025-07-29,210,4.6,0.0,303.0,1.51,25.7,11.6,16.5,96.0,55.0,80.0,13.1,1.4
52,San Luis Obispo,Central Coast Valleys,2025-07-30,211,4.39,0.0,301.0,1.48,24.7,11.5,16.2,95.0,58.0,80.0,12.8,1.5
52,San Luis Obispo,Central Coast Valleys,2025-07-31,212,4.48,0.0,305.0,1.5,23.8,12.7,16.3,94.0,60.0,81.0,13.0,1.67
52,San Luis Obispo,Central Coast Valleys,2025-08-01,213,4.45,0.0,303.0,1.46,22.9,11.8,15.9,96.0,60.0,81.0,12.7,1.66
52,San Luis Obispo,Central Coast Valleys,2025-08-02,214,4.49,0.0,302.0,1.46,24.5,11.4,15.9,95.0,56.0,81.0,12.6,1.61
52,San Luis Obispo,Central Coast Valleys,2025-08-03,215,4.78,0.0,306.0,1.39,25.2,11.0,16.2,98.0,50.0,75.0,11.9,1.41
52,San Luis Obispo,Central Coast Valleys,2025-08-04,216,5.0,0.0,306.0,1.29,26.9,9.8,16.8,93.0,41.0,68.0,10.8,1.53
52,San Luis Obispo,Central Coast Valleys,2025-08-05,217,5.69,0.0,309.0,1.29,27.1,12.4,20.1,86.0,37.0,55.0,10.7,1.99
52,San Luis Obispo,Central Coast Valleys,2025-08-06,218,5.17,0.0,299.0,1.39,28.8,11.2,18.6,91.0,41.0,65.0,11.9,1.19
52,San Luis Obispo,Central Coast Valleys,2025-08-07,219,5.2,0.0,306.0,1.41,27.2,11.5,18.5,95.0,44.0,66.0,12.1,1.6
52,San Luis Obispo,Central Coast Valleys,2025-08-08,220,4.68,0.0,293.0,1.47,26.3,11.3,16.8,98.0,51.0,77.0,12.7,1.37
52,San Luis Obispo,Central Coast Valleys,2025-08-09,221,4.68,0.0,292.0,1.5,26.4,12.4,17.2,97.0,50.0,77.0,13.0,1.41
52,San Luis Obispo,Central Coast Valleys,2025-08-10,222,4.47,0.0,281.0,1.52,25.6,12.0,17.0,98.0,51.0,78.0,13.2,1.62
52,San Luis Obispo,Central Coast Valleys,2025-08-11,223,4.11,0.0,266.0,1.53,23.4,13.0,16.8,97.0,58.0,80.0,13.3,1.79
52,San Luis Obispo,Central Coast Valleys,2025-08-12,224,4.09,0.0,272.0,1.5,23.8,12.5,16.3,97.0,57.0,81.0,13.0,1.63
52,San Luis Obispo,Central Coast Valleys,2025-08-13,225,4.23,0.0,285.0,1.53,23.2,12.6,16.5,96.0,60.0,82.0,13.3,1.64
52,San Luis Obispo,Central Coast Valleys,2025-08-14,226,3.95,0.0,281.0,1.53,22.2,13.1,15.9,96.0,64.0,85.0,13.3,1.61
52,San Luis Obispo,Central Coast Valleys,2025-08-15,227,3.35,0.0,227.0,1.5,23.2,12.2,16.0,93.0,60.0,82.0,13.0,1.48
52,San Luis Obispo,Central Coast Valleys,2025-08-16,228,4.24,0.0,281.0,1.63,25.3,12.4,17.3,97.0,55.0,83.0,14.3,1.44
52,San Luis Obispo,Central Coast Valleys,2025-08-17,229,4.53,0.0,288.0,1.67,25.6,13.6,18.1,98.0,57.0,80.0,14.7,1.44
52,San Luis Obispo,Central Coast Valleys,2025-08-18,230,5.47,0.0,291.0,1.39,29.9,12.9,19.9,94.0,36.0,60.0,11.9,1.75
52,San Luis Obispo,Central Coast Valleys,2025-08-19,231,4.88,0.0,290.0,1.45,29.7,12.3,18.4,88.0,38.0,68.0,12.5,1.37
52,San Luis Obispo,Central Coast Valleys,2025-08-20,232,5.81,0.0,295.0,1.38,32.5,13.9,22.2,87.0,28.0,51.0,11.7,1.81
52,San Luis Obispo,Central Coast Valleys,2025-08-22,234,4.95,0.0,264.0,1.54,31.0,13.8,21.3,89.0,39.0,61.0,13.4,1.26
52,San Luis Obispo,Central Coast Valleys,2025-08-23,235,4.45,0.0,259.0,1.5,30.0,12.2,18.4,95.0,42.0,71.0,13.1,1.27
52,San Luis Obispo,Central Coast Valleys,2025-08-24,236,4.29,0.0,271.0,1.56,24.6,13.1,17.5,96.0,57.0,78.0,13.6,1.56
52,San Luis Obispo,Central Coast Valleys,2025-08-25,237,3.91,0.0,373.0,1.59,24.8,13.7,18.9,96.0,57.0,72.0,13.9,1.67
52,San Luis Obispo,Central Coast Valleys,2025-08-26,238,4.31,0.0,268.0,1.52,26.0,11.2,17.4,94.0,54.0,76.0,13.2,1.37
52,San Luis Obispo,Central Coast Valleys,2025-08-27,239,4.67,0.0,281.0,1.51,26.7,10.3,17.9,95.0,51.0,74.0,13.1,1.39
52,San Luis Obispo,Central Coast Valleys,2025-08-28,240,4.67,0.0,277.0,1.49,26.7,11.4,18.1,93.0,47.0,72.0,12.9,1.49
52,San Luis Obispo,Central Coast Valleys,2025-08-29,241,4.19,0.0,266.0,1.56,24.6,13.2,17.8,96.0,58.0,76.0,13.6,1.61
52,San Luis Obispo,Central Coast Valleys,2025-08-30,242,5.03,0.0,270.0,1.54,32.8,12.7,21.3,93.0,26.0,61.0,13.4,1.21
52,San Luis Obispo,Central Coast Valleys,2025-08-31,243,5.59,0.0,270.0,1.5,32.8,16.2,24.3,78.0,31.0,50.0,13.1,1.42
52,San Luis Obispo,Central Coast Valleys,2025-09-01,244,5.12,0.0,266.0,1.63,32.6,15.7,22.9,92.0,31.0,59.0,14.3,1.2
52,San Luis Obispo,Central Coast Valleys,2025-09-02,245,3.63,0.0,220.0,1.72,27.9,14.6,18.9,96.0,53.0,78.0,15.1,1.41
52,San Luis Obispo,Central Coast Valleys,2025-09-03,246,4.12,0.0,258.0,1.63,26.5,13.2,18.3,96.0,55.0,78.0,14.3,1.61
52,San Luis Obispo,Central Coast Valleys,2025-09-04,247,3.78,0.0,246.0,1.61,24.5,13.8,17.7,94.0,58.0,80.0,14.1,1.66
52,San Luis Obispo,Central Coast Valleys,2025-09-05,248,3.82,0.0,245.0,1.62,27.0,13.7,17.4,97.0,52.0,82.0,14.2,1.6
52,San Luis Obispo,Central Coast Valleys,2025-09-06,249,3.7,0.0,238.0,1.57,25.0,12.4,17.3,95.0,55.0,80.0,13.7,1.46
52,San Luis Obispo,Central Coast Valleys,2025-09-07,250,4.44,0.0,263.0,1.51,28.7,10.5,18.1,96.0,40.0,72.0,13.1,1.36
52,San Luis Obispo,Central Coast Valleys,2025-09-08,251,3.49,0.0,222.0,1.73,24.5,13.7,18.3,98.0,63.0,82.0,15.2,1.66
52,San Luis Obispo,Central Coast Valleys,2025-09-09,252,3.95,0.0,250.0,1.77,24.3,15.3,19.6,90.0,60.0,78.0,15.6,1.75
52,San Luis Obispo,Central Coast Valleys,2025-09-10,253,3.67,0.0,229.0,1.71,24.2,15.3,19.1,93.0,55.0,77.0,15.0,1.45
52,San Luis Obispo,Central Coast Valleys,2025-09-11,254,4.04,0.0,251.0,1.64,25.4,14.6,19.0,92.0,55.0,75.0,14.4,1.59
52,San Luis Obispo,Central Coast Valleys,2025-09-12,255,3.49,0.0,228.0,1.63,25.2,13.5,17.4,97.0,56.0,82.0,14.3,1.49
52,San Luis Obispo,Central Coast Valleys,2025-09-13,256,3.71,0.0,242.0,1.56,24.8,13.8,17.3,96.0,57.0,79.0,13.7,1.42
52,San Luis Obispo,Central Coast Valleys,2025-09-14,257,4.86,0.0,248.0,1.49,30.9,13.2,20.2,91.0,37.0,63.0,12.9,1.84
52,San Luis Obispo,Central Coast Valleys,2025-09-15,258,4.39,0.0,126.0,1.55,27.3,12.8,18.8,90.0,50.0,71.0,13.5,1.15
52,San Luis Obispo,Central Coast Valleys,2025-09-16,259,4.46,0.0,262.0,1.55,29.8,11.4,18.5,94.0,46.0,73.0,13.5,1.12
52,San Luis Obispo,Central Coast Valleys,2025-09-17,260,3.76,0.0,213.0,1.61,30.2,13.2,19.2,94.0,40.0,72.0,14.1,1.23
52,San Luis Obispo,Central Coast Valleys,2025-09-18,261,1.12,0.0,67.0,1.76,23.1,15.8,18.8,92.0,60.0,81.0,15.5,1.05
52,San Luis Obispo,Central Coast Valleys,2025-09-19,262,3.28,0.0,198.0,1.84,25.9,16.4,19.7,93.0,63.0,80.0,16.2,1.34
52,San Luis Obispo,Central Coast Valleys,2025-09-20,263,3.82,0.0,243.0,1.76,25.1,14.5,18.6,97.0,62.0,82.0,15.5,1.46
52,San Luis Obispo,Central Coast Valleys,2025-09-21,264,3.55,0.0,226.0,1.75,25.5,15.5,18.5,95.0,59.0,82.0,15.4,1.5
52,San Luis Obispo,Central Coast Valleys,2025-09-22,265,4.1,0.0,242.0,1.7,28.9,14.2,19.2,98.0,47.0,76.0,15.0,1.28
52,San Luis Obispo,Central Coast Valleys,2025-09-23,266,3.55,2.0,193.0,1.73,31.8,13.6,20.4,94.0,42.0,72.0,15.2,1.17
52,San Luis Obispo,Central Coast Valleys,2025-09-24,267,3.74,11.1,213.0,2.04,27.5,17.8,21.5,94.0,65.0,80.0,17.8,1.89
52,San Luis Obispo,Central Coast Valleys,2025-09-25,268,3.06,0.0,202.0,1.89,25.0,16.0,18.6,97.0,69.0,88.0,16.6,1.47
52,San Luis Obispo,Central Coast Valleys,2025-09-26,269,2.6,0.2,170.0,1.7,23.7,14.4,17.6,95.0,64.0,84.0,14.9,1.17
52,San Luis Obispo,Central Coast Valleys,2025-09-27,270,0.74,0.0,54.0,1.78,20.7,14.5,17.7,95.0,78.0,88.0,15.7,0.99
52,San Luis Obispo,Central Coast Valleys,2025-09-28,271,0.49,0.1,41.0,1.79,20.0,16.8,18.4,96.0,72.0,84.0,15.8,0.82
52,San Luis Obispo,Central Coast Valleys,2025-09-29,272,1.3,0.0,79.0,1.68,22.1,14.2,18.2,94.0,67.0,80.0,14.8,1.04
52,San Luis Obispo,Central Coast Valleys,2025-09-30,273,2.95,0.0,182.0,1.65,25.6,12.5,17.7,95.0,55.0,81.0,14.5,1.22
52,San Luis Obispo,Central Coast Valleys,2025-10-01,274,3.68,0.0,231.0,1.59,24.8,12.9,17.9,98.0,49.0,78.0,13.9,1.5
52,San Luis Obispo,Central Coast Valleys,2025-10-02,275,2.87,0.0,183.0,1.64,25.6,11.8,17.4,94.0,65.0,83.0,14.4,1.24
52,San Luis Obispo,Central Coast Valleys,2025-10-03,276,3.32,0.0,217.0,1.36,22.1,10.6,15.8,95.0,52.0,76.0,11.6,1.57
52,San Luis Obispo,Central Coast Valleys,2025-10-04,277,3.63,0.0,231.0,1.39,24.6,11.4,16.5,95.0,41.0,74.0,11.8,2.02
52,San Luis Obispo,Central Coast Valleys,2025-10-05,278,3.66,0.0,228.0,1.41,26.0,11.3,17.1,95.0,47.0,72.0,12.0,1.3
52,San Luis Obispo,Central Coast Valleys,2025-10-06,279,3.08,0.0,213.0,1.48,23.1,11.4,15.4,98.0,61.0,84.0,12.8,1.26
52,San Luis Obispo,Central Coast Valleys,2025-10-07,280,1.59,0.0,116.0,1.52,22.2,12.6,15.4,98.0,64.0,87.0,13.3,1.06
52,San Luis Obispo,Central Coast Valleys,2025-10-08,281,3.36,0.0,218.0,1.45,23.5,11.8,16.9,92.0,49.0,76.0,12.5,1.2
52,San Luis Obispo,Central Coast Valleys,2025-10-09,282,3.59,0.0,223.0,1.36,25.2,9.2,16.2,96.0,43.0,74.0,11.5,1.17
52,San Luis Obispo,Central Coast Valleys,2025-10-10,283,3.48,0.1,222.0,1.36,23.4,10.6,16.3,97.0,51.0,73.0,11.5,1.76
52,San Luis Obispo,Central Coast Valleys,2025-10-11,284,3.92,0.0,215.0,1.25,25.1,14.1,18.2,81.0,42.0,60.0,10.3,2.64
52,San Luis Obispo,Central Coast Valleys,2025-10-12,285,4.02,0.0,217.0,1.11,25.5,10.0,16.7,92.0,25.0,58.0,8.5,2.14
52,San Luis Obispo,Central Coast Valleys,2025-10-13,286,2.25,28.8,155.0,1.25,19.3,7.9,13.7,95.0,54.0,80.0,10.3,1.46
52,San Luis Obispo,Central Coast Valleys,2025-10-14,287,1.95,6.3,141.0,1.18,16.9,8.0,12.4,95.0,62.0,82.0,9.3,1.36
52,San Luis Obispo,Central Coast Valleys,2025-10-15,288,2.71,0.0,192.0,1.14,19.1,6.3,12.7,97.0,55.0,77.0,8.9,1.21
52,San Luis Obispo,Central Coast Valleys,2025-10-16,289,4.02,0.0,214.0,1.16,22.5,13.0,17.4,71.0,45.0,58.0,9.1,3.36
52,San Luis Obispo,Central Coast Valleys,2025-10-17,290,4.66,0.0,213.0,1.1,29.4,12.0,19.5,73.0,24.0,49.0,8.4,3.22
52,San Luis Obispo,Central Coast Valleys,2025-10-18,291,3.8,0.0,211.0,0.99,28.5,9.8,17.9,82.0,20.0,48.0,6.8,1.11
52,San Luis Obispo,Central Coast Valleys,2025-10-19,292,2.65,0.0,181.0,1.21,24.4,7.1,13.4,96.0,49.0,79.0,9.8,0.97
52,San Luis Obispo,Central Coast Valleys,2025-10-20,293,3.17,0.1,203.0,1.27,26.6,8.5,14.9,99.0,39.0,75.0,10.5,0.87
52,San Luis Obispo,Central Coast Valleys,2025-10-21,294,2.42,0.0,178.0,1.35,20.3,9.1,13.7,99.0,66.0,86.0,11.4,1.18
52,San Luis Obispo,Central Coast Valleys,2025-10-22,295,2.74,0.0,189.0,1.41,20.6,12.7,16.0,95.0,60.0,78.0,12.1,1.36
52,San Luis Obispo,Central Coast Valleys,2025-10-23,296,2.96,0.0,192.0,1.4,26.4,10.6,15.7,96.0,48.0,78.0,12.0,2.26
52,San Luis Obispo,Central Coast Valleys,2025-10-24,297,3.13,0.0,197.0,1.4,27.4,11.5,15.9,98.0,38.0,77.0,12.0,1.59
52,San Luis Obispo,Central Coast Valleys,2025-10-25,298,2.18,0.0,158.0,1.45,20.5,11.1,14.5,98.0,65.0,88.0,12.5,1.48
52,San Luis Obispo,Central Coast Valleys,2025-10-26,299,3.0,0.0,188.0,1.45,23.9,11.7,16.5,98.0,56.0,77.0,12.5,2.13
52,San Luis Obispo,Central Coast Valleys,2025-10-27,300,3.45,0.0,188.0,1.23,24.0,12.3,17.5,97.0,46.0,62.0,10.1,2.76
52,San Luis Obispo,Central Coast Valleys,2025-10-28,301,4.91,0.0,188.0,1.23,29.9,15.8,21.8,66.0,31.0,47.0,10.0,4.12
52,San Luis Obispo,Central Coast Valleys,2025-10-29,302,5.21,0.0,185.0,1.16,32.8,19.0,23.9,52.0,26.0,39.0,9.2,3.43
52,San Luis Obispo,Central Coast Valleys,2025-10-30,303,3.88,0.0,181.0,1.26,27.6,12.6,19.5,94.0,28.0,56.0,10.4,2.6
52,San Luis Obispo,Central Coast Valleys,2025-10-31,304,2.33,0.0,167.0,1.38,22.3,10.8,14.1,98.0,60.0,86.0,11.7,1.2
52,San Luis Obispo,Central Coast Valleys,2025-11-01,305,2.71,0.1,178.0,1.32,25.0,8.7,14.8,99.0,53.0,79.0,11.1,1.28
52,San Luis Obispo,Central Coast Valleys,2025-11-02,306,2.86,0.0,159.0,1.38,25.7,10.1,17.0,98.0,51.0,71.0,11.8,2.2
52,San Luis Obispo,Central Coast Valleys,2025-11-03,307,1.83,0.1,140.0,1.4,19.2,10.5,13.5,99.0,71.0,90.0,12.0,1.28
52,San Luis Obispo,Central Coast Valleys,2025-11-04,308,2.12,0.0,164.0,1.35,18.7,10.1,14.0,97.0,67.0,84.0,11.4,1.37
52,San Luis Obispo,Central Coast Valleys,2025-11-05,309,1.62,0.8,96.0,1.41,19.8,14.2,15.8,96.0,59.0,79.0,12.1,1.26
52,San Luis Obispo,Central Coast Valleys,2025-11-06,310,2.76,0.0,172.0,1.44,24.4,11.8,16.6,98.0,46.0,77.0,12.4,2.0
52,San Luis Obispo,Central Coast Valleys,2025-11-07,311,3.67,0.0,167.0,1.26,25.8,15.9,20.5,71.0,37.0,53.0,10.4,2.4
52,San Luis Obispo,Central Coast Valleys,2025-11-08,312,3.83,0.0,167.0,1.45,30.5,13.7,21.2,82.0,33.0,58.0,12.5,3.33
52,San Luis Obispo,Central Coast Valleys,2025-11-09,313,2.66,0.0,167.0,1.36,28.3,9.0,15.6,95.0,46.0,77.0,11.6,0.86
52,San Luis Obispo,Central Coast Valleys,2025-11-10,314,2.59,0.0,160.0,1.32,30.8,8.2,14.9,97.0,38.0,78.0,11.1,0.91
52,San Luis Obispo,Central Coast Valleys,2025-11-11,315,1.52,0.1,108.0,1.34,21.2,8.7,13.4,98.0,62.0,88.0,11.3,0.99
52,San Luis Obispo,Central Coast Valleys,2025-11-12,316,1.7,0.0,108.0,1.44,22.2,12.1,15.7,93.0,60.0,81.0,12.4,1.07
52,San Luis Obispo,Central Coast Valleys,2025-11-13,317,0.84,41.8,38.0,1.56,22.5,11.0,16.4,98.0,60.0,84.0,13.6,1.4
52,San Luis Obispo,Central Coast Valleys,2025-11-14,318,1.53,3.9,114.0,1.53,20.3,12.9,15.4,98.0,62.0,87.0,13.3,0.63
52,San Luis Obispo,Central Coast Valleys,2025-11-15,319,0.17,33.3,24.0,1.53,16.5,13.2,14.4,97.0,79.0,93.0,13.3,0.71
52,San Luis Obispo,Central Coast Valleys,2025-11-16,320,0.59,21.8,51.0,1.46,15.5,12.7,13.6,97.0,88.0,94.0,12.6,0.78
52,San Luis Obispo,Central Coast Valleys,2025-11-17,321,1.01,32.8,88.0,1.24,15.5,9.0,12.4,96.0,68.0,86.0,10.1,1.09
52,San Luis Obispo,Central Coast Valleys,2025-11-18,322,1.7,0.0,133.0,1.01,17.9,6.1,10.5,96.0,46.0,79.0,7.1,0.71
52,San Luis Obispo,Central Coast Valleys,2025-11-19,323,2.15,0.0,169.0,1.02,17.7,5.3,10.4,96.0,53.0,81.0,7.3,0.72
52,San Luis Obispo,Central Coast Valleys,2025-11-20,324,0.45,12.9,42.0,1.21,13.4,8.8,11.0,96.0,84.0,92.0,9.8,0.6
52,San Luis Obispo,Central Coast Valleys,2025-11-21,325,2.22,0.0,148.0,1.06,20.1,10.6,14.0,83.0,44.0,66.0,7.8,2.02
52,San Luis Obispo,Central Coast Valleys,2025-11-22,326,2.83,0.0,169.0,1.11,21.5,10.9,15.4,93.0,46.0,63.0,8.5,2.06
52,San Luis Obispo,Central Coast Valleys,2025-11-23,327,2.35,0.0,163.0,1.13,22.0,6.7,13.3,94.0,42.0,74.0,8.8,1.15
52,San Luis Obispo,Central Coast Valleys,2025-11-24,328,3.2,0.0,157.0,0.96,21.8,9.7,16.6,75.0,36.0,51.0,6.3,2.77
52,San Luis Obispo,Central Coast Valleys,2025-11-25,329,3.54,0.0,157.0,0.84,22.4,13.0,16.7,57.0,28.0,44.0,4.5,3.21
52,San Luis Obispo,Central Coast Valleys,2025-11-26,330,4.31,0.0,153.0,0.83,23.3,13.6,17.5,50.0,34.0,41.0,4.2,4.58
52,San Luis Obispo,Central Coast Valleys,2025-11-27,331,3.58,0.0,131.0,0.92,24.6,9.4,17.6,81.0,33.0,46.0,5.8,3.05
52,San Luis Obispo,Central Coast Valleys,2025-11-28,332,2.22,0.0,148.0,1.04,25.4,6.7,13.7,93.0,33.0,66.0,7.6,0.82
52,San Luis Obispo,Central Coast Valleys,2025-11-29,333,1.89,0.0,144.0,1.11,21.7,6.2,12.1,99.0,47.0,79.0,8.5,0.7
52,San Luis Obispo,Central Coast Valleys,2025-11-30,334,1.68,0.2,126.0,1.14,19.8,5.6,11.3,100.0,53.0,85.0,8.9,0.85
52,San Luis Obispo,Central Coast Valleys,2025-12-01,335,2.18,0.0,142.0,0.95,20.2,6.4,12.0,90.0,47.0,68.0,6.3,1.82
52,San Luis Obispo,Central Coast Valleys,2025-12-02,336,2.26,0.0,133.0,0.91,22.3,6.1,13.2,94.0,31.0,60.0,5.6,1.58
52,San Luis Obispo,Central Coast Valleys,2025-12-03,337,2.29,0.0,121.0,0.84,15.9,6.6,12.1,95.0,46.0,59.0,4.5,2.63
52,San Luis Obispo,Central Coast Valleys,2025-12-04,338,2.07,0.0,128.0,0.82,20.1,5.7,12.2,88.0,37.0,58.0,4.1,1.56
52,San Luis Obispo,Central Coast Valleys,2025-12-05,339,2.85,0.0,139.0,0.72,22.1,8.6,14.8,62.0,27.0,43.0,2.2,2.09
52,San Luis Obispo,Central Coast Valleys,2025-12-06,340,3.4,0.0,138.0,0.75,22.6,8.4,16.7,65.0,29.0,40.0,2.9,2.54
52,San Luis Obispo,Central Coast Valleys,2025-12-07,341,3.55,0.0,137.0,0.88,23.4,15.3,18.9,46.0,34.0,40.0,5.1,2.62
52,San Luis Obispo,Central Coast Valleys,2025-12-08,342,3.52,0.0,139.0,0.83,23.5,10.6,17.9,62.0,31.0,40.0,4.3,2.77
52,San Luis Obispo,Central Coast Valleys,2025-12-09,343,3.92,0.0,137.0,0.77,26.1,14.2,19.8,46.0,27.0,33.0,3.2,2.89
52,San Luis Obispo,Central Coast Valleys,2025-12-10,344,4.49,0.0,137.0,0.86,26.9,12.2,20.9,51.0,28.0,35.0,4.8,4.05
52,San Luis Obispo,Central Coast Valleys,2025-12-11,345,3.14,0.0,133.0,0.9,27.2,10.5,18.0,71.0,26.0,44.0,5.5,1.74
52,San Luis Obispo,Central Coast Valleys,2025-12-12,346,2.04,0.0,130.0,1.07,26.6,7.3,14.2,98.0,29.0,66.0,7.9,0.77
52,San Luis Obispo,Central Coast Valleys,2025-12-13,347,1.43,0.0,118.0,1.25,17.3,6.0,11.6,98.0,74.0,91.0,10.3,0.92
52,San Luis Obispo,Central Coast Valleys,2025-12-14,348,1.37,0.0,117.0,1.22,18.2,7.7,11.4,99.0,69.0,91.0,9.9,1.08
52,San Luis Obispo,Central Coast Valleys,2025-12-15,349,2.75,0.0,130.0,1.01,24.4,7.7,16.7,99.0,29.0,53.0,7.1,1.63
52,San Luis Obispo,Central Coast Valleys,2025-12-16,350,3.48,0.0,124.0,0.95,25.0,14.6,20.1,56.0,30.0,41.0,6.3,2.72
52,San Luis Obispo,Central Coast Valleys,2025-12-17,351,2.23,0.0,130.0,1.42,23.6,12.3,17.8,91.0,51.0,69.0,12.2,1.76
52,San Luis Obispo,Central Coast Valleys,2025-12-18,352,2.49,0.0,136.0,1.31,24.8,10.1,16.7,97.0,31.0,69.0,11.0,2.01
52,San Luis Obispo,Central Coast Valleys,2025-12-19,353,1.76,0.0,130.0,1.23,20.1,6.9,13.0,98.0,56.0,82.0,10.0,0.9
52,San Luis Obispo,Central Coast Valleys,2025-12-20,354,1.69,0.0,120.0,1.41,22.1,9.1,14.3,98.0,59.0,87.0,12.1,0.86
52,San Luis Obispo,Central Coast Valleys,2025-12-21,355,0.73,4.7,59.0,1.6,18.3,13.2,14.7,99.0,84.0,96.0,14.0,0.54
52,San Luis Obispo,Central Coast Valleys,2025-12-22,356,1.67,0.4,122.0,1.37,20.3,7.7,13.6,100.0,61.0,88.0,11.7,0.88
52,San Luis Obispo,Central Coast Valleys,2025-12-23,357,0.65,7.7,37.0,1.44,18.5,12.8,15.4,95.0,64.0,82.0,12.3,1.29
52,San Luis Obispo,Central Coast Valleys,2025-12-24,358,0.15,52.7,18.0,1.57,16.6,13.9,15.4,97.0,78.0,90.0,13.7,1.88
52,San Luis Obispo,Central Coast Valleys,2025-12-25,359,0.57,22.3,41.0,1.48,16.3,12.8,14.9,95.0,75.0,87.0,12.8,2.27
52,San Luis Obispo,Central Coast Valleys,2025-12-26,360,1.11,12.0,89.0,1.28,16.2,8.0,12.2,98.0,69.0,91.0,10.7,0.79
52,San Luis Obispo,Central Coast Valleys,2025-12-27,361,1.87,0.1,152.0,1.0,15.1,8.6,11.3,98.0,57.0,74.0,6.9,1.61
52,San Luis Obispo,Central Coast Valleys,2025-12-28,362,2.57,0.0,153.0,0.91,16.9,9.1,11.7,75.0,52.0,66.0,5.6,4.52
52,San Luis Obispo,Central Coast Valleys,2025-12-29,363,3.38,0.0,163.0,0.7,22.6,7.9,13.8,69.0,21.0,44.0,1.8,3.74
52,San Luis Obispo,Central Coast Valleys,2025-12-30,364,3.36,0.0,92.0,0.72,21.6,11.7,18.1,47.0,20.0,35.0,2.2,3.02
52,San Luis Obispo,Central Coast Valleys,2025-12-31,365,0.36,9.2,28.0,1.39,19.4,13.6,15.4,98.0,39.0,79.0,11.9,0.8
52,San Luis Obispo,Central Coast Valleys,2026-01-01,1,1.07,16.8,90.0,1.49,17.5,8.8,14.1,98.0,76.0,93.0,12.9,1.0
52,San Luis Obispo,Central Coast Valleys,2026-01-02,2,1.18,3.2,72.0,1.25,18.7,6.9,13.1,100.0,56.0,83.0,10.3,1.08
52,San Luis Obispo,Central Coast Valleys,2026-01-03,3,0.82,41.4,65.0,1.51,17.1,13.0,14.1,98.0,84.0,94.0,13.1,0.63
52,San Luis Obispo,Central Coast Valleys,2026-01-04,4,0.53,9.5,51.0,1.36,15.1,9.0,12.8,98.0,77.0,92.0,11.5,0.76
52,San Luis Obispo,Central Coast Valleys,2026-01-05,5,0.95,1.1,72.0,1.22,15.6,8.3,11.8,99.0,75.0,88.0,9.9,0.89
52,San Luis Obispo,Central Coast Valleys,2026-01-06,6,2.34,0.0,172.0,1.2,20.3,9.3,13.8,94.0,52.0,76.0,9.6,1.04
52,San Luis Obispo,Central Coast Valleys,2026-01-07,7,2.31,0.0,159.0,1.07,17.6,7.4,13.1,90.0,59.0,71.0,7.9,2.12
52,San Luis Obispo,Central Coast Valleys,2026-01-08,8,2.75,0.0,187.0,0.74,14.8,6.0,10.7,93.0,40.0,58.0,2.7,2.12
52,San Luis Obispo,Central Coast Valleys,2026-01-09,9,3.0,0.0,188.0,0.66,18.1,5.1,10.7,81.0,36.0,51.0,1.0,2.36
52,San Luis Obispo,Central Coast Valleys,2026-01-10,10,3.1,0.0,178.0,0.72,20.9,1.8,11.6,92.0,28.0,52.0,2.2,1.79
52,San Luis Obispo,Central Coast Valleys,2026-01-11,11,4.35,0.0,180.0,0.7,21.9,10.5,15.4,47.0,34.0,40.0,1.8,4.79
52,San Luis Obispo,Central Coast Valleys,2026-01-12,12,3.56,0.0,164.0,0.76,23.0,7.2,16.1,74.0,30.0,42.0,3.1,2.41
52,San Luis Obispo,Central Coast Valleys,2026-01-13,13,4.44,0.0,160.0,0.69,23.7,12.3,18.1,48.0,25.0,33.0,1.6,3.92
52,San Luis Obispo,Central Coast Valleys,2026-01-14,14,4.58,0.0,157.0,0.74,27.0,9.9,19.8,74.0,18.0,32.0,2.6,2.98
52,San Luis Obispo,Central Coast Valleys,2026-01-15,15,2.54,0.0,155.0,0.98,27.9,7.5,14.6,89.0,25.0,59.0,6.7,0.79
52,San Luis Obispo,Central Coast Valleys,2026-01-16,16,2.97,0.0,159.0,1.06,27.6,6.6,14.7,93.0,27.0,64.0,7.9,1.36
52,San Luis Obispo,Central Coast Valleys,2026-01-17,17,2.57,0.0,151.0,1.0,28.3,7.9,15.4,93.0,19.0,57.0,7.0,1.03
52,San Luis Obispo,Central Coast Valleys,2026-01-18,18,2.17,0.0,139.0,1.08,25.9,8.1,14.0,90.0,39.0,67.0,8.1,0.74
52,San Luis Obispo,Central Coast Valleys,2026-01-19,19,3.3,0.0,160.0,0.92,25.8,7.0,15.5,91.0,29.0,52.0,5.8,1.69
52,San Luis Obispo,Central Coast Valleys,2026-01-20,20,1.98,0.0,130.0,0.94,24.7,6.1,13.1,84.0,28.0,63.0,6.1,0.75
52,San Luis Obispo,Central Coast Valleys,2026-01-21,21,1.22,0.0,81.0,1.14,17.8,7.9,12.6,91.0,51.0,78.0,8.9,0.98
52,San Luis Obispo,Central Coast Valleys,2026-01-22,22,1.61,0.0,124.0,1.34,18.8,8.7,13.5,95.0,69.0,87.0,11.3,0.95
52,San Luis Obispo,Central Coast Valleys,2026-01-23,23,1.04,0.0,76.0,1.12,15.3,6.7,11.1,97.0,74.0,84.0,8.6,0.86
52,San Luis Obispo,Central Coast Valleys,2026-01-24,24,2.58,0.0,167.0,0.96,18.3,9.1,13.1,84.0,47.0,64.0,6.4,2.17
52,San Luis Obispo,Central Coast Valleys,2026-01-25,25,1.85,0.0,119.0,0.87,20.4,4.9,11.5,86.0,41.0,64.0,5.0,0.95
52,San Luis Obispo,Central Coast Valleys,2026-01-26,26,2.55,0.0,174.0,0.75,21.6,4.2,10.9,90.0,22.0,57.0,2.8,0.78
52,San Luis Obispo,Central Coast Valleys,2026-01-27,27,2.52,0.0,170.0,0.77,21.4,2.6,10.6,85.0,29.0,61.0,3.3,0.95
52,San Luis Obispo,Central Coast Valleys,2026-01-28,28,3.15,0.0,169.0,0.93,21.2,7.8,15.6,88.0,36.0,52.0,5.9,2.29
52,San Luis Obispo,Central Coast Valleys,2026-01-29,29,3.56,0.0,167.0,0.98,23.6,12.9,17.3,68.0,36.0,50.0,6.7,3.3
52,San Luis Obispo,Central Coast Valleys,2026-01-30,30,4.15,0.0,166.0,0.98,25.8,12.9,19.5,55.0,31.0,44.0,6.7,3.08
52,San Luis Obispo,Central Coast Valleys,2026-01-31,31,3.03,0.0,172.0,0.89,29.2,9.2,16.8,73.0,20.0,46.0,5.2,0.98
52,San Luis Obispo,Central Coast Valleys,2026-02-01,32,3.38,0.0,152.0,0.97,25.2,7.5,17.0,79.0,35.0,50.0,6.6,2.19
52,San Luis Obispo,Central Coast Valleys,2026-02-02,33,4.6,0.0,179.0,0.81,24.4,15.1,19.9,42.0,26.0,35.0,3.9,3.06
52,San Luis Obispo,Central Coast Valleys,2026-02-03,34,4.97,0.0,180.0,0.96,28.7,16.1,21.3,47.0,32.0,38.0,6.3,3.6
52,San Luis Obispo,Central Coast Valleys,2026-02-04,35,4.45,0.0,184.0,1.0,28.1,11.4,20.1,76.0,27.0,42.0,6.9,2.43
52,San Luis Obispo,Central Coast Valleys,2026-02-05,36,2.53,0.0,142.0,0.93,28.6,8.0,16.2,76.0,22.0,51.0,5.9,0.79
52,San Luis Obispo,Central Coast Valleys,2026-02-06,37,2.41,0.0,165.0,1.15,22.9,8.7,14.1,93.0,41.0,71.0,9.0,1.26
52,San Luis Obispo,Central Coast Valleys,2026-02-07,38,3.16,0.0,172.0,1.18,23.9,9.4,17.4,90.0,42.0,59.0,9.4,1.97
52,San Luis Obispo,Central Coast Valleys,2026-02-08,39,3.79,0.0,184.0,1.07,25.8,12.4,18.1,89.0,33.0,51.0,7.9,2.28
52,San Luis Obispo,Central Coast Valleys,2026-02-09,40,2.7,0.0,106.0,1.17,19.6,13.5,16.2,73.0,56.0,63.0,9.2,4.18
52,San Luis Obispo,Central Coast Valleys,2026-02-10,41,0.71,13.5,46.0,1.32,18.6,11.2,14.0,93.0,68.0,83.0,11.1,1.81
52,San Luis Obispo,Central Coast Valleys,2026-02-11,42,1.87,17.3,141.0,1.2,17.2,7.4,12.4,95.0,62.0,83.0,9.7,1.71
52,San Luis Obispo,Central Coast Valleys,2026-02-12,43,2.7,0.0,192.0,1.05,18.9,5.5,12.2,98.0,53.0,74.0,7.7,1.55
52,San Luis Obispo,Central Coast Valleys,2026-02-13,44,3.01,0.0,197.0,1.09,21.3,9.2,14.0,93.0,46.0,68.0,8.3,1.96
52,San Luis Obispo,Central Coast Valleys,2026-02-14,45,0.93,0.0,70.0,1.11,16.2,6.3,11.3,94.0,71.0,83.0,8.5,1.08
52,San Luis Obispo,Central Coast Valleys,2026-02-15,46,1.41,0.5,89.0,1.11,17.0,9.9,13.4,88.0,59.0,72.0,8.5,1.43
52,San Luis Obispo,Central Coast Valleys,2026-02-16,47,0.78,44.8,58.0,1.13,14.5,6.8,11.2,97.0,60.0,85.0,8.7,1.68
52,San Luis Obispo,Central Coast Valleys,2026-02-17,48,0.53,23.1,46.0,1.11,13.1,7.8,10.1,98.0,78.0,90.0,8.5,1.67
52,San Luis Obispo,Central Coast Valleys,2026-02-18,49,2.58,5.1,224.0,0.82,13.2,3.4,8.2,95.0,52.0,75.0,4.0,1.31
52,San Luis Obispo,Central Coast Valleys,2026-02-19,50,1.7,16.8,144.0,0.9,12.8,2.3,8.3,96.0,60.0,82.0,5.4,1.81
52,San Luis Obispo,Central Coast Valleys,2026-02-20,51,2.73,0.0,221.0,0.72,15.0,1.4,7.3,95.0,38.0,71.0,2.3,1.27
52,San Luis Obispo,Central Coast Valleys,2026-02-21,52,3.16,0.0,247.0,0.79,16.2,1.5,8.2,96.0,48.0,73.0,3.6,1.09
52,San Luis Obispo,Central Coast Valleys,2026-02-22,53,3.42,0.0,246.0,0.93,22.2,3.2,10.7,97.0,32.0,73.0,6.0,0.94
52,San Luis Obispo,Central Coast Valleys,2026-02-23,54,3.47,0.0,228.0,1.15,22.6,6.5,14.5,94.0,47.0,70.0,9.0,1.56
52,San Luis Obispo,Central Coast Valleys,2026-02-24,55,2.91,0.0,196.0,1.32,22.5,9.8,15.1,92.0,55.0,77.0,11.0,1.15
52,San Luis Obispo,Central Coast Valleys,2026-02-25,56,3.31,0.6,231.0,1.44,22.9,9.3,15.2,97.0,56.0,84.0,12.4,1.31
52,San Luis Obispo,Central Coast Valleys,2026-02-26,57,4.59,0.0,233.0,1.56,26.4,17.5,21.7,74.0,48.0,60.0,13.6,2.95
52,San Luis Obispo,Central Coast Valleys,2026-02-28,59,4.49,0.0,231.0,1.5,28.1,12.2,21.1,93.0,42.0,60.0,13.1,2.31
52,San Luis Obispo,Central Coast Valleys,2026-03-01,60,2.76,0.0,202.0,1.42,22.5,8.9,14.2,97.0,66.0,87.0,12.1,1.18
52,San Luis Obispo,Central Coast Valleys,2026-03-02,61,3.33,0.0,243.0,1.25,19.8,8.4,14.0,96.0,54.0,78.0,10.3,1.82
52,San Luis Obispo,Central Coast Valleys,2026-03-03,62,3.42,0.0,225.0,1.28,23.7,10.4,15.0,97.0,49.0,75.0,10.6,2.29
52,San Luis Obispo,Central Coast Valleys,2026-03-04,63,3.33,0.0,233.0,1.25,22.0,10.7,14.5,97.0,56.0,76.0,10.3,2.1
52,San Luis Obispo,Central Coast Valleys,2026-03-05,64,3.82,0.0,252.0,0.94,19.9,9.3,13.6,79.0,37.0,60.0,6.1,2.24
52,San Luis Obispo,Central Coast Valleys,2026-03-06,65,4.3,0.0,251.0,0.85,21.7,9.3,15.5,70.0,31.0,48.0,4.7,2.3
52,San Luis Obispo,Central Coast Valleys,2026-03-07,66,4.72,0.0,251.0,0.87,24.8,10.0,16.7,70.0,25.0,46.0,5.0,2.36
52,San Luis Obispo,Central Coast Valleys,2026-03-08,67,5.4,0.0,256.0,0.93,27.7,8.1,17.7,83.0,29.0,46.0,6.0,2.75
52,San Luis Obispo,Central Coast Valleys,2026-03-09,68,3.09,0.0,239.0,1.21,19.5,7.1,12.8,94.0,68.0,82.0,9.8,1.37
52,San Luis Obispo,Central Coast Valleys,2026-03-10,69,2.92,0.0,218.0,1.25,19.5,8.8,13.3,94.0,66.0,81.0,10.2,1.4
52,San Luis Obispo,Central Coast Valleys,2026-03-11,70,5.62,0.0,262.0,0.98,26.8,9.5,20.7,88.0,27.0,40.0,6.7,2.6
52,San Luis Obispo,Central Coast Valleys,2026-03-12,71,5.76,0.0,262.0,1.09,29.8,17.1,23.2,58.0,26.0,38.0,8.2,2.28
52,San Luis Obispo,Central Coast Valleys,2026-03-13,72,5.36,0.0,231.0,1.12,28.3,13.6,22.2,72.0,33.0,42.0,8.6,2.48
52,San Luis Obispo,Central Coast Valleys,2026-03-14,73,4.99,0.0,258.0,1.15,27.1,13.1,19.8,82.0,39.0,50.0,9.0,2.35
52,San Luis Obispo,Central Coast Valleys,2026-03-15,74,5.11,0.0,250.0,1.16,29.6,15.8,21.2,63.0,25.0,46.0,9.2,2.11
52,San Luis Obispo,Central Coast Valleys,2026-03-16,75,5.88,0.0,256.0,1.35,32.6,15.8,24.4,63.0,34.0,44.0,11.4,2.57
52,San Luis Obispo,Central Coast Valleys,2026-03-18,77,4.91,0.0,264.0,1.45,34.2,13.8,21.6,83.0,31.0,56.0,12.5,1.06
52,San Luis Obispo,Central Coast Valleys,2026-03-21,80,4.27,0.0,255.0,1.5,28.0,11.7,18.5,91.0,47.0,70.0,13.0,1.17
52,San Luis Obispo,Central Coast Valleys,2026-03-22,81,4.17,0.0,269.0,1.47,24.0,11.7,17.6,93.0,47.0,73.0,12.7,1.52
52,San Luis Obispo,Central Coast Valleys,2026-03-24,83,5.59,0.0,264.0,1.09,31.8,13.5,22.5,83.0,26.0,40.0,8.2,1.73
52,San Luis Obispo,Central Coast Valleys,2026-03-25,84,4.86,0.0,283.0,1.3,28.2,11.3,18.8,91.0,38.0,60.0,10.9,1.6
52,San Luis Obispo,Central Coast Valleys,2026-03-26,85,5.27,0.0,277.0,1.23,27.3,12.3,19.9,76.0,35.0,53.0,10.1,2.49
52,San Luis Obispo,Central Coast Valleys,2026-03-27,86,4.95,0.0,271.0,1.4,27.1,11.4,19.5,97.0,44.0,62.0,12.0,2.15
52,San Luis Obispo,Central Coast Valleys,2026-03-28,87,3.73,0.0,266.0,1.43,22.7,10.8,14.7,99.0,63.0,85.0,12.3,1.26
52,San Luis Obispo,Central Coast Valleys,2026-03-29,88,4.42,0.0,277.0,1.37,30.8,9.7,16.9,99.0,34.0,71.0,11.6,1.08
52,San Luis Obispo,Central Coast Valleys,2026-03-30,89,2.63,0.0,170.0,1.4,21.6,10.5,15.3,95.0,59.0,80.0,12.0,1.02
52,San Luis Obispo,Central Coast Valleys,2026-03-31,90,0.94,0.0,65.0,1.5,18.9,13.4,15.5,94.0,75.0,86.0,13.0,0.97
52,San Luis Obispo,Central Coast Valleys,2026-04-01,91,2.29,0.2,152.0,1.35,20.1,10.6,14.7,96.0,62.0,80.0,11.4,1.12
52,San Luis Obispo,Central Coast Valleys,2026-04-02,92,4.07,0.2,278.0,1.2,19.8,10.0,14.9,95.0,50.0,71.0,9.6,1.71
52,San Luis Obispo,Central Coast Valleys,2026-04-03,93,5.76,0.0,293.0,0.84,27.0,11.6,17.5,67.0,29.0,42.0,4.5,2.82
52,San Luis Obispo,Central Coast Valleys,2026-04-04,94,6.56,0.0,304.0,0.77,30.3,11.6,20.9,64.0,16.0,31.0,3.3,2.26
52,San Luis Obispo,Central Coast Valleys,2026-04-05,95,6.21,0.0,297.0,0.92,29.2,11.7,21.3,92.0,22.0,36.0,5.7,2.03
52,San Luis Obispo,Central Coast Valleys,2026-04-06,96,4.15,0.1,296.0,1.37,21.1,12.1,15.3,92.0,64.0,79.0,11.7,1.6
52,San Luis Obispo,Central Coast Valleys,2026-04-07,97,4.66,0.0,304.0,1.29,23.5,10.4,15.5,94.0,47.0,73.0,10.7,1.56
52,San Luis Obispo,Central Coast Valleys,2026-04-08,98,5.18,0.0,302.0,1.33,26.9,10.4,17.4,96.0,46.0,67.0,11.2,2.03
52,San Luis Obispo,Central Coast Valleys,2026-04-09,99,3.83,0.0,251.0,1.43,24.0,11.6,15.5,98.0,52.0,81.0,12.3,1.23
52,San Luis Obispo,Central Coast Valleys,2026-04-10,100,2.22,2.9,162.0,1.46,19.2,12.2,14.6,94.0,74.0,88.0,12.6,1.55
52,San Luis Obispo,Central Coast Valleys,2026-04-11,101,2.71,21.7,197.0,1.43,19.0,11.7,14.8,97.0,67.0,85.0,12.3,1.83
52,San Luis Obispo,Central Coast Valleys,2026-04-12,102,3.14,2.1,234.0,1.17,17.7,8.3,12.7,98.0,56.0,80.0,9.2,1.13
52,San Luis Obispo,Central Coast Valleys,2026-04-13,103,4.03,0.0,301.0,1.07,18.3,5.9,12.2,96.0,55.0,76.0,8.0,1.27
52,San Luis Obispo,Central Coast Valleys,2026-04-14,104,4.6,0.0,322.0,1.12,20.9,8.5,13.9,93.0,48.0,70.0,8.6,1.97
52,San Luis Obispo,Central Coast Valleys,2026-04-15,105,4.64,0.0,314.0,1.18,21.0,10.1,14.8,93.0,57.0,70.0,9.4,2.26
52,San Luis Obispo,Central Coast Valleys,2026-04-16,106,4.86,0.0,318.0,1.15,22.4,10.6,16.0,86.0,35.0,63.0,9.0,2.19
52,San Luis Obispo,Central Coast Valleys,2026-04-17,107,5.83,0.0,332.0,0.65,24.9,8.1,16.2,68.0,21.0,35.0,0.8,1.74
52,San Luis Obispo,Central Coast Valleys,2026-04-18,108,5.82,0.0,323.0,0.84,26.8,7.6,17.6,73.0,26.0,42.0,4.4,1.62
52,San Luis Obispo,Central Coast Valleys,2026-04-19,109,4.79,0.0,313.0,1.05,23.2,8.2,14.6,90.0,40.0,63.0,7.7,1.25
52,San Luis Obispo,Central Coast Valleys,2026-04-20,110,4.3,0.0,305.0,1.16,20.0,5.9,13.8,90.0,56.0,73.0,9.1,1.43
52,San Luis Obispo,Central Coast Valleys,2026-04-21,111,2.03,19.8,140.0,1.33,17.4,9.7,14.3,96.0,67.0,82.0,11.3,1.38
52,San Luis Obispo,Central Coast Valleys,2026-04-22,112,3.91,0.0,284.0,1.13,18.6,6.6,12.9,97.0,54.0,76.0,8.7,1.48
52,San Luis Obispo,Central Coast Valleys,2026-04-23,113,5.24,0.0,336.0,1.11,23.7,10.1,15.6,92.0,32.0,63.0,8.5,2.08
52,San Luis Obispo,Central Coast Valleys,2026-04-24,114,4.51,0.0,335.0,1.2,19.3,11.2,14.4,93.0,61.0,73.0,9.6,1.66
52,San Luis Obispo,Central Coast Valleys,2026-04-25,115,1.01,3.6,80.0,1.19,14.7,10.0,12.2,95.0,73.0,84.0,9.6,1.0
52,San Luis Obispo,Central Coast Valleys,2026-04-26,116,2.76,0.2,194.0,1.12,17.8,9.5,12.7,96.0,49.0,76.0,8.7,1.14
52,San Luis Obispo,Central Coast Valleys,2026-04-27,117,4.38,0.0,313.0,1.05,18.0,8.1,13.1,93.0,47.0,70.0,7.7,1.45
52,San Luis Obispo,Central Coast Valleys,2026-04-28,118,5.09,0.0,340.0,1.1,20.8,7.8,14.5,93.0,45.0,67.0,8.4,1.93
52,San Luis Obispo,Central Coast Valleys,2026-04-29,119,5.49,0.0,340.0,1.21,24.6,9.2,16.7,91.0,40.0,63.0,9.7,2.2
52,San Luis Obispo,Central Coast Valleys,2026-04-30,120,4.58,0.0,338.0,1.34,20.4,10.1,14.3,98.0,63.0,82.0,11.3,1.57
52,San Luis Obispo,Central Coast Valleys,2026-05-01,121,4.2,0.0,306.0,1.35,21.2,10.0,14.1,97.0,65.0,84.0,11.4,1.55
52,San Luis Obispo,Central Coast Valleys,2026-05-02,122,2.37,0.0,177.0,1.31,19.6,11.7,13.9,93.0,65.0,82.0,10.9,1.38
52,San Luis Obispo,Central Coast Valleys,2026-05-03,123,3.66,0.0,254.0,1.14,18.7,9.1,14.0,91.0,50.0,72.0,9.0,1.5
52,San Luis Obispo,Central Coast Valleys,2026-05-04,124,4.43,0.0,321.0,1.16,18.9,9.0,13.6,92.0,53.0,74.0,9.1,1.41
52,San Luis Obispo,Central Coast Valleys,2026-05-05,125,3.72,0.0,265.0,1.22,18.3,9.7,14.0,92.0,57.0,77.0,9.9,1.45
52,San Luis Obispo,Central Coast Valleys,2026-05-06,126,5.07,0.0,340.0,1.32,23.2,9.6,15.5,95.0,54.0,75.0,11.1,2.06
52,San Luis Obispo,Central Coast Valleys,2026-05-07,127,4.55,0.0,338.0,1.42,21.4,11.4,14.8,98.0,67.0,84.0,12.2,1.87
52,San Luis Obispo,Central Coast Valleys,2026-05-08,128,4.71,0.0,332.0,1.37,21.7,11.2,14.8,98.0,61.0,81.0,11.6,1.75
52,San Luis Obispo,Central Coast Valleys,2026-05-09,129,4.9,0.0,342.0,1.33,22.6,9.7,14.5,98.0,59.0,81.0,11.2,1.54
52,San Luis Obispo,Central Coast Valleys,2026-05-10,130,5.14,0.0,336.0,1.39,24.6,9.9,15.7,99.0,52.0,78.0,11.9,1.36
52,San Luis Obispo,Central Coast Valleys,2026-05-11,131,5.38,0.0,347.0,1.44,25.8,11.2,16.2,98.0,52.0,78.0,12.5,1.38
52,San Luis Obispo,Central Coast Valleys,2026-05-12,132,3.86,0.0,286.0,1.33,19.8,9.6,13.9,98.0,69.0,84.0,11.2,1.46
52,San Luis Obispo,Central Coast Valleys,2026-05-13,133,4.84,0.0,336.0,1.33,21.0,10.6,15.4,92.0,59.0,76.0,11.2,1.48
52,San Luis Obispo,Central Coast Valleys,2026-05-14,134,5.05,0.0,93.0,1.28,19.3,10.4,13.6,98.0,56.0,82.0,10.6,1.47
52,San Luis Obispo,Central Coast Valleys,2026-05-15,135,4.61,0.0,324.0,1.3,21.8,9.7,14.3,97.0,61.0,80.0,10.9,1.5
52,San Luis Obispo,Central Coast Valleys,2026-05-16,136,4.61,0.0,338.0,1.16,19.7,7.9,13.1,97.0,58.0,77.0,9.1,1.52
52,San Luis Obispo,Central Coast Valleys,2026-05-17,137,4.54,0.0,340.0,1.11,19.8,7.9,12.5,94.0,55.0,76.0,8.5,1.55
52,San Luis Obispo,Central Coast Valleys,2026-05-18,138,5.64,0.0,345.0,0.93,24.5,6.6,15.5,93.0,24.0,53.0,5.9,1.39
52,San Luis Obispo,Central Coast Valleys,2026-05-19,139,6.71,0.0,346.0,0.81,30.3,9.5,20.4,67.0,20.0,34.0,4.0,1.48
52,San Luis Obispo,Central Coast Valleys,2026-05-20,140,5.7,0.0,341.0,1.15,27.5,9.9,16.7,96.0,33.0,60.0,9.1,1.3
52,San Luis Obispo,Central Coast Valleys,2026-05-21,141,4.91,0.0,334.0,1.29,24.4,8.7,14.4,99.0,52.0,78.0,10.7,1.55
52,San Luis Obispo,Central Coast Valleys,2026-05-22,142,3.9,0.0,287.0,1.3,19.6,9.9,13.9,97.0,63.0,82.0,10.8,1.49
52,San Luis Obispo,Central Coast Valleys,2026-05-23,143,3.26,0.0,228.0,1.29,20.1,10.7,14.5,91.0,61.0,78.0,10.7,1.37
52,San Luis Obispo,Central Coast Valleys,2026-05-24,144,3.29,0.0,226.0,1.26,20.8,9.5,14.5,91.0,57.0,76.0,10.4,1.08
52,San Luis Obispo,Central Coast Valleys,2026-05-25,145,4.71,0.0,334.0,1.26,19.5,9.4,14.9,93.0,58.0,74.0,10.3,1.56
52,San Luis Obispo,Central Coast Valleys,2026-05-26,146,3.28,0.0,236.0,1.19,18.0,9.3,14.0,91.0,61.0,74.0,9.5,1.48
52,San Luis Obispo,Central Coast Valleys,2026-05-27,147,3.4,0.0,232.0,1.12,18.7,8.6,13.4,92.0,53.0,73.0,8.7,1.47
52,San Luis Obispo,Central Coast Valleys,2026-05-28,148,0.29,18.1,44.0,1.29,13.6,8.7,11.8,97.0,85.0,94.0,10.8,1.03
52,San Luis Obispo,Central Coast Valleys,2026-05-29,149,4.5,0.1,333.0,1.37,19.7,9.8,14.8,98.0,65.0,81.0,11.6,1.71
52,San Luis Obispo,Central Coast Valleys,2026-05-30,150,4.83,0.0,343.0,1.39,23.2,11.4,15.2,98.0,58.0,81.0,11.9,2.08
52,San Luis Obispo,Central Coast Valleys,2026-05-31,151,5.45,0.0,353.0,1.32,26.3,10.4,16.1,95.0,41.0,72.0,11.1,1.61
52,San Luis Obispo,Central Coast Valleys,2026-06-01,152,5.02,0.0,345.0,1.38,23.6,9.6,15.1,98.0,58.0,80.0,11.8,1.43
52,San Luis Obispo,Central Coast Valleys,2026-06-02,153,3.87,0.0,276.0,1.38,22.6,12.0,14.7,95.0,60.0,83.0,11.8,1.52
52,San Luis Obispo,Central Coast Valleys,2026-06-03,154,5.17,0.0,340.0,1.4,23.6,11.4,16.5,97.0,56.0,74.0,11.9,1.66
52,San Luis Obispo,Central Coast Valleys,2026-06-04,155,4.86,0.0,341.0,1.37,23.0,10.6,15.2,98.0,58.0,79.0,11.6,1.74
52,San Luis Obispo,Central Coast Valleys,2026-06-05,156,5.08,0.0,336.0,1.4,25.5,9.8,16.0,97.0,53.0,77.0,12.0,1.41
52,San Luis Obispo,Central Coast Valleys,2026-06-06,157,4.87,0.0,332.0,1.33,23.3,9.8,15.1,94.0,56.0,77.0,11.1,1.5
52,San Luis Obispo,Central Coast Valleys,2026-06-07,158,4.77,0.0,342.0,1.18,21.4,7.4,13.4,95.0,53.0,76.0,9.4,1.41
52,San Luis Obispo,Central Coast Valleys,2026-06-08,159,4.61,0.0,332.0,1.27,21.3,8.6,14.3,94.0,58.0,78.0,10.5,1.44
52,San Luis Obispo,Central Coast Valleys,2026-06-09,160,5.08,0.0,342.0,1.48,22.5,11.8,17.0,95.0,59.0,76.0,12.8,1.88
52,San Luis Obispo,Central Coast Valleys,2026-06-10,161,6.95,0.0,350.0,1.39,33.4,14.3,22.4,79.0,31.0,51.0,11.9,2.09
52,San Luis Obispo,Central Coast Valleys,2026-06-11,162,5.65,0.0,342.0,1.56,27.7,12.8,19.4,96.0,44.0,69.0,13.6,1.43
52,San Luis Obispo,Central Coast Valleys,2026-06-12,163,5.65,0.0,345.0,1.61,26.9,12.6,18.7,98.0,51.0,75.0,14.1,1.32
52,San Luis Obispo,Central Coast Valleys,2026-06-13,164,5.34,0.0,337.0,1.55,26.0,12.0,17.6,98.0,53.0,77.0,13.6,1.36
52,San Luis Obispo,Central Coast Valleys,2026-06-14,165,4.86,0.0,323.0,1.52,23.5,12.3,17.0,95.0,59.0,78.0,13.2,1.46
52,San Luis Obispo,Central Coast Valleys,2026-06-15,166,4.73,0.0,311.0,1.5,24.7,12.6,16.6,95.0,58.0,79.0,13.0,1.76
52,San Luis Obispo,Central Coast Valleys,2026-06-16,167,4.4,0.0,305.0,1.53,22.2,12.8,16.1,97.0,65.0,83.0,13.3,1.7
52,San Luis Obispo,Central Coast Valleys,2026-06-17,168,4.1,0.0,277.0,1.49,22.7,13.1,16.4,95.0,62.0,80.0,12.9,1.51
52,San Luis Obispo,Central Coast Valleys,2026-06-18,169,3.13,0.0,209.0,1.47,20.9,14.5,16.8,86.0,64.0,77.0,12.7,1.58
52,San Luis Obispo,Central Coast Valleys,2026-06-19,170,2.8,0.8,187.0,1.44,20.7,11.6,15.8,96.0,62.0,80.0,12.4,1.32
52,San Luis Obispo,Central Coast Valleys,2026-06-20,171,5.33,0.0,359.0,1.33,22.0,9.8,16.0,94.0,56.0,73.0,11.2,1.47
52,San Luis Obispo,Central Coast Valleys,2026-06-21,172,4.91,0.0,341.0,1.46,21.5,11.5,16.3,92.0,64.0,79.0,12.6,1.77
52,San Luis Obispo,Central Coast Valleys,2026-06-22,173,4.64,0.0,316.0,1.52,23.1,13.8,16.7,92.0,62.0,80.0,13.2,1.73
52,San Luis Obispo,Central Coast Valleys,2026-06-23,174,4.79,0.0,321.0,1.51,23.3,13.5,16.9,93.0,61.0,79.0,13.1,1.61
52,San Luis Obispo,Central Coast Valleys,2026-06-24,175,4.57,0.0,310.0,1.47,22.4,13.4,16.5,93.0,61.0,79.0,12.7,1.7
52,San Luis Obispo,Central Coast Valleys,2026-06-25,176,4.37,0.0,299.0,1.45,21.9,12.8,16.2,92.0,62.0,79.0,12.5,1.59
52,San Luis Obispo,Central Coast Valleys,2026-06-26,177,4.07,0.5,285.0,1.5,21.6,13.7,16.2,97.0,63.0,81.0,13.0,1.53
52,San Luis Obispo,Central Coast Valleys,2026-06-27,178,4.79,0.2,330.0,1.52,21.4,13.5,16.6,97.0,65.0,80.0,13.2,1.66
52,San Luis Obispo,Central Coast Valleys,2026-06-28,179,5.05,0.0,356.0,1.32,21.5,9.8,15.4,91.0,57.0,75.0,11.0,1.49
52,San Luis Obispo,Central Coast Valleys,2026-06-29,180,2.79,0.0,206.0,1.34,19.4,9.9,14.4,94.0,65.0,82.0,11.3,1.53
52,San Luis Obispo,Central Coast Valleys,2026-06-30,181,4.22,0.0,293.0,1.39,21.3,13.2,15.8,88.0,60.0,77.0,11.8,1.59
52,San Luis Obispo,Central Coast Valleys,2026-07-01,182,3.38,0.0,235.0,1.35,20.7,12.6,15.3,92.0,59.0,78.0,11.4,1.64
52,San Luis Obispo,Central Coast Valleys,2026-07-02,183,4.99,0.0,340.0,1.31,21.7,11.0,16.2,89.0,57.0,71.0,11.0,1.53
52,San Luis Obispo,Central Coast Valleys,2026-07-03,184,5.24,0.0,341.0,1.42,24.7,9.7,16.6,93.0,54.0,75.0,12.2,1.57
52,San Luis Obispo,Central Coast Valleys,2026-07-04,185,4.95,0.1,311.0,1.5,25.7,11.4,17.2,98.0,51.0,77.0,13.1,1.69
52,San Luis Obispo,Central Coast Valleys,2026-07-05,186,4.93,0.0,328.0,1.55,23.2,14.2,17.4,93.0,59.0,78.0,13.5,2.09
52,San Luis Obispo,Central Coast Valleys,2026-07-06,187,4.88,0.0,347.0,1.45,21.0,13.4,16.4,90.0,63.0,78.0,12.5,2.12
52,San Luis Obispo,Central Coast Valleys,2026-07-07,188,4.83,0.0,343.0,1.42,21.0,13.2,16.1,89.0,62.0,78.0,12.2,2.02
52,San Luis Obispo,Central Coast Valleys,2026-07-08,189,5.13,0.0,352.0,1.41,22.1,12.2,16.1,96.0,58.0,77.0,12.1,2.31
52,San Luis Obispo,Central Coast Valleys,2026-07-09,190,5.19,0.0,350.0,1.42,23.6,11.1,15.9,98.0,56.0,78.0,12.2,2.24
52,San Luis Obispo,Central Coast Valleys,2026-07-10,191,5.25,0.0,335.0,1.43,27.2,11.3,16.7,98.0,46.0,75.0,12.3,1.48
52,San Luis Obispo,Central Coast Valleys,2026-07-11,192,5.2,0.0,332.0,1.52,25.1,10.9,17.8,96.0,56.0,75.0,13.2,1.39
52,San Luis Obispo,Central Coast Valleys,2026-07-12,193,3.3,0.0,184.0,1.65,30.1,15.4,20.3,86.0,43.0,69.0,14.5,0.94
52,San Luis Obispo,Central Coast Valleys,2026-07-13,194,5.24,0.0,276.0,1.61,30.7,16.0,22.1,83.0,43.0,61.0,14.2,1.21
52,San Luis Obispo,Central Coast Valleys,2026-07-14,195,6.04,0.0,332.0,1.54,31.1,15.8,22.1,87.0,35.0,58.0,13.5,1.33
52,San Luis Obispo,Central Coast Valleys,2026-07-15,196,6.13,0.0,335.0,1.62,30.6,15.4,21.4,90.0,40.0,63.0,14.2,1.58
52,San Luis Obispo,Central Coast Valleys,2026-07-16,197,6.18,0.0,340.0,1.37,30.9,13.6,20.2,84.0,24.0,58.0,11.7,1.78
52,San Luis Obispo,Central Coast Valleys,2026-07-17,198,5.07,0.0,332.0,1.49,24.2,11.8,17.3,91.0,59.0,76.0,12.9,1.46
52,San Luis Obispo,Central Coast Valleys,2026-07-18,199,4.92,0.0,321.0,1.47,23.9,11.9,16.8,94.0,57.0,77.0,12.7,1.6
52,San Luis Obispo,Central Coast Valleys,2026-07-19,200,5.15,0.0,325.0,1.51,26.1,13.0,17.7,95.0,53.0,75.0,13.1,1.54
52,San Luis Obispo,Central Coast Valleys,2026-07-20,201,5.87,0.0,328.0,1.44,30.6,12.9,20.6,95.0,36.0,60.0,12.4,1.4
52,San Luis Obispo,Central Coast Valleys,2026-07-21,202,6.33,0.0,329.0,1.46,32.3,15.5,23.3,97.0,20.0,51.0,12.6,1.39
52,San Luis Obispo,Central Coast Valleys,2026-07-22,203,4.83,0.1,333.0,1.82,24.2,15.2,18.6,98.0,67.0,85.0,16.0,1.95
52,San Luis Obispo,Central Coast Valleys,2026-07-23,204,5.11,0.0,343.0,1.6,22.9,13.6,17.7,97.0,59.0,79.0,14.0,2.07
52,San Luis Obispo,Central Coast Valleys,2026-07-24,205,5.5,0.0,333.0,1.59,27.2,13.2,19.1,97.0,50.0,72.0,14.0,1.49
52,San Luis Obispo,Central Coast Valleys,2026-07-25,206,5.87,0.0,327.0,1.55,30.4,14.5,20.4,88.0,40.0,65.0,13.5,1.52
52,San Luis Obispo,Central Coast Valleys,2026-07-26,207,5.35,0.0,338.0,1.51,25.6,12.3,18.0,95.0,51.0,73.0,13.1,1.51
52,San Luis Obispo,Central Coast Valleys,2026-07-27,208,5.27,0.0,337.0,1.47,24.6,11.8,17.1,98.0,54.0,75.0,12.7,1.53
52,San Luis Obispo,Central Coast Valleys,2026-07-28,209,5.55,0.0,344.0,1.45,25.7,11.4,17.5,94.0,49.0,72.0,12.5,1.65
52,San Luis Obispo,Central Coast Valleys,2026-07-29,210,5.34,0.0,328.0,1.5,27.1,11.8,17.7,97.0,49.0,74.0,13.0,1.28
52,San Luis Obispo,Central Coast Valleys,2026-07-30,211,5.77,0.0,332.0,1.51,29.3,12.6,18.8,98.0,36.0,70.0,13.1,1.39
52,San Luis Obispo,Central Coast Valleys,2026-07-31,212,6.0,0.0,334.0,1.47,32.1,12.2,19.7,94.0,29.0,64.0,12.7,1.33
52,San Luis Obispo,Central Coast Valleys,2026-08-01,213,5.35,0.0,321.0,1.51,28.4,11.7,18.9,95.0,45.0,69.0,13.1,1.09
52,San Luis Obispo,Central Coast Valleys,2026-08-02,214,5.41,0.0,328.0,1.54,27.3,12.0,18.2,96.0,50.0,73.0,13.4,1.29
52,San Luis Obispo,Central Coast Valleys,2026-08-03,215,5.21,0.0,324.0,1.55,27.3,12.4,17.6,98.0,49.0,77.0,13.5,1.42
52,San Luis Obispo,Central Coast Valleys,2026-08-04,216,4.93,0.0,316.0,1.54,25.3,13.8,17.5,93.0,55.0,77.0,13.5,1.34
52,San Luis Obispo,Central Coast Valleys,2026-08-05,217,4.78,0.0,307.0,1.55,25.4,12.3,17.4,95.0,56.0,78.0,13.5,1.58
52,San Luis Obispo,Central Coast Valleys,2026-08-06,218,4.74,0.0,293.0,1.61,26.5,14.1,18.4,94.0,52.0,76.0,14.1,1.62
52,San Luis Obispo,Central Coast Valleys,2026-08-07,219,5.12,0.0,306.0,1.66,28.3,13.4,19.2,93.0,50.0,75.0,14.5,1.71
52,San Luis Obispo,Central Coast Valleys,2026-08-08,220,4.93,0.0,303.0,1.68,26.0,14.8,18.8,96.0,56.0,78.0,14.8,1.92
52,San Luis Obispo,Central Coast Valleys,2026-08-09,221,5.28,0.0,302.0,1.73,30.0,14.3,20.0,96.0,47.0,74.0,15.2,1.67
52,San Luis Obispo,Central Coast Valleys,2026-08-10,222,4.91,0.0,283.0,1.77,29.3,15.0,20.0,96.0,48.0,76.0,15.6,1.59
52,San Luis Obispo,Central Coast Valleys,2026-08-11,223,4.3,0.0,262.0,1.74,25.9,14.1,19.1,97.0,58.0,79.0,15.3,1.63
52,San Luis Obispo,Central Coast Valleys,2026-08-12,224,4.61,0.0,287.0,1.72,25.6,16.1,19.3,92.0,57.0,77.0,15.1,1.77
52,San Luis Obispo,Central Coast Valleys,2026-08-13,225,1.59,0.3,95.0,1.72,21.4,15.9,18.2,96.0,70.0,82.0,15.1,1.59
52,San Luis Obispo,Central Coast Valleys,2026-08-14,226,3.85,0.0,238.0,1.68,24.4,16.6,19.2,86.0,62.0,76.0,14.8,1.81
52,San Luis Obispo,Central Coast Valleys,2026-08-15,227,4.13,0.0,268.0,1.67,24.3,16.2,18.4,88.0,63.0,79.0,14.7,1.84
52,San Luis Obispo,Central Coast Valleys,2026-08-16,228,4.28,0.0,283.0,1.65,25.7,15.4,18.0,91.0,57.0,80.0,14.5,1.91
52,San Luis Obispo,Central Coast Valleys,2026-08-17,229,4.28,0.0,282.0,1.66,23.7,14.9,18.1,92.0,63.0,80.0,14.6,2.03
52,San Luis Obispo,Central Coast Valleys,2026-08-18,230,4.52,0.0,290.0,1.64,25.4,15.0,18.2,92.0,56.0,79.0,14.4,2.24
52,San Luis Obispo,Central Coast Valleys,2026-08-19,231,4.37,0.0,283.0,1.63,25.5,14.4,17.7,94.0,55.0,80.0,14.3,1.98
52,San Luis Obispo,Central Coast Valleys,2026-08-20,232,4.44,0.0,282.0,1.62,25.2,14.2,17.8,96.0,55.0,79.0,14.2,1.92
52,San Luis Obispo,Central Coast Valleys,2026-08-21,233,4.8,0.0,293.0,1.64,28.5,13.7,18.4,97.0,49.0,77.0,14.4,1.82
52,San Luis Obispo,Central Coast Valleys,2026-08-22,234,5.13,0.0,293.0,1.6,28.0,13.3,19.2,95.0,47.0,72.0,14.0,1.62
52,San Luis Obispo,Central Coast Valleys,2026-08-23,235,4.82,0.0,284.0,1.61,28.6,13.8,18.7,96.0,47.0,75.0,14.1,1.65
52,San Luis Obispo,Central Coast Valleys,2026-08-24,236,4.87,0.0,294.0,1.6,27.1,13.1,18.2,97.0,50.0,76.0,14.0,1.75
52,San Luis Obispo,Central Coast Valleys,2026-08-25,237,5.32,0.0,288.0,1.55,32.0,12.8,20.0,96.0,27.0,66.0,13.5,1.73
52,San Luis Obispo,Central Coast Valleys,2026-08-26,238,6.27,0.0,286.0,1.45,36.5,16.7,25.4,80.0,27.0,45.0,12.5,2.29
52,San Luis Obispo,Central Coast Valleys,2026-08-27,239,2.2,0.0,73.0,1.43,34.3,17.7,26.1,74.0,31.0,42.0,12.3,1.97
52,San Luis Obispo,Central Coast Valleys,2026-08-28,240,3.3,0.0,131.0,1.54,31.8,16.1,22.9,85.0,33.0,55.0,13.5,1.88
52,San Luis Obispo,Central Coast Valleys,2026-08-29,241,3.62,0.0,225.0,1.53,23.3,11.4,17.2,93.0,59.0,78.0,13.3,2.0
52,San Luis Obispo,Central Coast Valleys,2026-08-30,242,4.11,0.0,279.0,1.41,22.5,9.9,15.6,97.0,59.0,80.0,12.1,1.74
52,San Luis Obispo,Central Coast Valleys,2026-08-31,243,3.75,0.0,256.0,1.38,22.1,13.6,16.2,87.0,56.0,75.0,11.8,1.78
52,San Luis Obispo,Central Coast Valleys,2026-09-01,244,4.33,0.0,287.0,1.37,21.8,11.8,16.6,92.0,53.0,73.0,11.7,1.83
52,San Luis Obispo,Central Coast Valleys,2026-09-02,245,4.53,0.0,282.0,1.45,24.0,9.8,17.1,95.0,47.0,74.0,12.5,1.83
